"state","t","begin","end","pollster","polltype","method","n_respondents","pct_clinton","n_clinton","pct_trump","n_trump","poll_day","index_s","index_p","index_m","index_pop","index_t"
"--",2016-03-04,2016-03-03,2016-03-06,"NBC","Registered Voters","Live phone component",1200,0.573033707865168,612,0.426966292134831,456,4,52,90,1,3,4
"--",2016-03-04,2016-03-03,2016-03-06,"ABC","Registered Voters","Live phone component",864,0.549450549450549,432,0.450549450549451,354,4,52,1,1,3,4
"--",2016-03-05,2016-03-04,2016-03-06,"Morning Consult","Registered Voters","Online poll",1516,0.547619047619048,697,0.452380952380952,576,5,52,85,2,3,5
"--",2016-03-07,2016-03-05,2016-03-09,"Ipsos","Registered Voters","Online poll",1594,0.592105263157895,717,0.407894736842105,494,7,52,65,2,3,7
"--",2016-03-11,2016-03-10,2016-03-12,"YouGov","Registered Voters","Online poll",1647,0.505882352941176,708,0.494117647058824,692,11,52,154,2,3,11
"--",2016-03-12,2016-03-11,2016-03-13,"Morning Consult","Registered Voters","Online poll",2978,0.55952380952381,1400,0.44047619047619,1102,12,52,85,2,3,12
"--",2016-03-14,2016-03-12,2016-03-16,"Ipsos","Registered Voters","Online poll",1437,0.531645569620253,604,0.468354430379747,532,14,52,65,2,3,14
"--",2016-03-18,2016-03-16,2016-03-21,"Quinnipiac","Registered Voters","Live phone component",1451,0.534883720930233,667,0.465116279069767,580,18,52,106,1,3,18
"--",2016-03-18,2016-03-17,2016-03-20,"Monmouth University","Registered Voters","Live phone component",848,0.558139534883721,407,0.441860465116279,322,18,52,83,1,3,18
"--",2016-03-18,2016-03-17,2016-03-20,"CBS","Registered Voters","Live phone component",1058,0.555555555555556,529,0.444444444444444,423,18,52,17,1,3,18
"--",2016-03-18,2016-03-17,2016-03-20,"CNN","Registered Voters","Live phone component",925,0.563829787234043,490,0.436170212765957,379,18,52,25,1,3,18
"--",2016-03-19,2016-03-18,2016-03-21,"Morning Consult","Registered Voters","Online poll",2001,0.542168674698795,900,0.457831325301205,760,19,52,85,2,3,19
"--",2016-03-20,2016-03-17,2016-03-23,"McLaughlin","Likely Voters","Online poll",1002,0.539325842696629,481,0.460674157303371,411,20,52,79,2,2,20
"--",2016-03-20,2016-03-19,2016-03-22,"Bloomberg","Likely Voters","Live phone component",815,0.6,440,0.4,293,20,52,15,1,2,20
"--",2016-03-20,2016-03-17,2016-03-24,"GQR","Likely Voters","Live phone component",900,0.56989247311828,477,0.43010752688172,360,20,52,51,1,2,20
"--",2016-03-21,2016-03-19,2016-03-23,"Ipsos","Registered Voters","Online poll",1311,0.551282051282051,564,0.448717948717949,459,21,52,65,2,3,21
"--",2016-03-21,2016-03-20,2016-03-22,"FOX","Registered Voters","Live phone component",1016,0.563218390804598,498,0.436781609195402,386,21,52,44,1,3,21
"--",2016-03-25,2016-03-24,2016-03-26,"PPP","Likely Voters","Other",1083,0.539325842696629,520,0.460674157303371,444,25,52,102,3,2,25
"--",2016-03-25,2016-03-24,2016-03-26,"Morning Consult","Registered Voters","Online poll",2071,0.536585365853659,911,0.463414634146341,787,25,52,85,2,3,25
"--",2016-03-27,2016-03-26,2016-03-29,"YouGov","Registered Voters","Online poll",1613,0.523255813953488,726,0.476744186046512,661,27,52,154,2,3,27
"--",2016-03-29,2016-03-27,2016-03-31,"Ipsos","Registered Voters","Online poll",1580,0.584415584415584,711,0.415584415584416,506,29,52,65,2,3,29
"--",2016-03-30,2016-03-28,2016-04-02,"IBD","Registered Voters","Live phone component",819,0.573170731707317,385,0.426829268292683,287,30,52,61,1,3,30
"--",2016-03-30,2016-03-29,2016-03-31,"McClatchy","Registered Voters","Live phone component",1066,0.549450549450549,533,0.450549450549451,437,30,52,78,1,3,30
"--",2016-03-31,2016-03-28,2016-04-03,"NBC","Registered Voters","Online poll",12116,0.576923076923077,5452,0.423076923076923,3998,31,52,90,2,3,31
"--",2016-04-02,2016-04-01,2016-04-03,"Morning Consult","Registered Voters","Online poll",2004,0.542168674698795,902,0.457831325301205,762,33,52,85,2,3,33
"--",2016-04-04,2016-04-02,2016-04-06,"Ipsos","Registered Voters","Online poll",1325,0.534246575342466,517,0.465753424657534,450,35,52,65,2,3,35
"--",2016-04-07,2016-04-04,2016-04-10,"NBC","Registered Voters","Online poll",11204,0.544303797468354,4818,0.455696202531646,4033,38,52,90,2,3,38
"--",2016-04-09,2016-04-08,2016-04-11,"Morning Consult","Registered Voters","Online poll",4015,0.55421686746988,1847,0.44578313253012,1486,40,52,85,2,3,40
"--",2016-04-10,2016-04-08,2016-04-12,"CBS","Registered Voters","Live phone component",1098,0.555555555555556,549,0.444444444444444,439,41,52,17,1,3,41
"--",2016-04-11,2016-04-09,2016-04-13,"Ipsos","Registered Voters","Online poll",1424,0.558441558441558,612,0.441558441558442,484,42,52,65,2,3,42
"--",2016-04-12,2016-04-10,2016-04-14,"NBC","Registered Voters","Live phone component",1000,0.561797752808989,500,0.438202247191011,390,43,52,90,1,3,43
"--",2016-04-12,2016-04-11,2016-04-13,"FOX","Registered Voters","Live phone component",1021,0.539325842696629,490,0.460674157303371,419,43,52,44,1,3,43
"--",2016-04-14,2016-04-11,2016-04-17,"NBC","Registered Voters","Online poll",11498,0.551724137931034,5519,0.448275862068966,4484,45,52,90,2,3,45
"--",2016-04-16,2016-04-15,2016-04-17,"Morning Consult","Registered Voters","Online poll",2032,0.55421686746988,935,0.44578313253012,752,47,52,85,2,3,47
"--",2016-04-18,2016-04-17,2016-04-20,"GWU","Likely Voters","Live phone component",1000,0.51685393258427,460,0.48314606741573,430,49,52,53,1,2,49
"--",2016-04-18,2016-04-16,2016-04-20,"Ipsos","Registered Voters","Online poll",1334,0.571428571428571,587,0.428571428571429,440,49,52,65,2,3,49
"--",2016-04-19,2016-04-19,2016-04-20,"Zogby","Likely Voters","Online poll",834,0.540229885057471,392,0.459770114942529,334,50,52,155,2,2,50
"--",2016-04-21,2016-04-18,2016-04-24,"NBC","Registered Voters","Online poll",9405,0.55,4138,0.45,3386,52,52,90,2,3,52
"--",2016-04-21,2016-04-20,2016-04-22,"Morning Consult","Registered Voters","Online poll",2003,0.534883720930233,921,0.465116279069767,801,52,52,85,2,3,52
"--",2016-04-22,2016-04-20,2016-04-24,"Suffolk","Likely Voters","Live phone component",1000,0.561797752808989,500,0.438202247191011,390,53,52,126,1,2,53
"--",2016-04-24,2016-04-22,2016-04-26,"YouGov","Registered Voters","Online poll",1561,0.518072289156627,671,0.481927710843373,624,55,52,154,2,3,55
"--",2016-04-25,2016-04-25,2016-04-26,"Rasmussen","Likely Voters","Other",1000,0.5,380,0.5,380,56,52,109,3,2,56
"--",2016-04-25,2016-04-23,2016-04-27,"Ipsos","Registered Voters","Online poll",1756,0.544303797468354,755,0.455696202531646,632,56,52,65,2,3,56
"--",2016-04-25,2016-04-22,2016-04-28,"IBD","Registered Voters","Live phone component",814,0.540229885057471,383,0.459770114942529,326,56,52,61,1,3,56
"--",2016-04-27,2016-04-27,2016-04-28,"Rasmussen","Likely Voters","Other",1000,0.4875,390,0.5125,410,58,52,109,3,2,58
"--",2016-04-28,2016-04-25,2016-05-01,"NBC","Registered Voters","Online poll",12462,0.5375,5359,0.4625,4611,59,52,90,2,3,59
"--",2016-04-29,2016-04-28,2016-05-01,"CNN","Registered Voters","Live phone component",890,0.568421052631579,481,0.431578947368421,365,60,52,25,1,3,60
"--",2016-04-30,2016-04-29,2016-05-02,"Morning Consult","Registered Voters","Online poll",1976,0.529411764705882,889,0.470588235294118,790,61,52,85,2,3,61
"--",2016-05-02,2016-04-30,2016-05-04,"Ipsos","Registered Voters","Online poll",1102,0.555555555555556,496,0.444444444444444,397,63,52,65,2,3,63
"--",2016-05-05,2016-05-02,2016-05-08,"NBC","Registered Voters","Online poll",11089,0.526881720430108,5434,0.473118279569892,4879,66,52,90,2,3,66
"--",2016-05-07,2016-05-06,2016-05-09,"PPP","Likely Voters","Other",1222,0.525,513,0.475,464,68,52,102,3,2,68
"--",2016-05-07,2016-05-06,2016-05-09,"YouGov","Registered Voters","Online poll",1612,0.51219512195122,677,0.48780487804878,645,68,52,154,2,3,68
"--",2016-05-07,2016-05-05,2016-05-09,"Morning Consult","Registered Voters","Online poll",6005,0.536585365853659,2642,0.463414634146341,2282,68,52,85,2,3,68
"--",2016-05-09,2016-05-07,2016-05-11,"Ipsos","Registered Voters","Online poll",1397,0.525641025641026,573,0.474358974358974,517,70,52,65,2,3,70
"--",2016-05-10,2016-05-10,2016-05-10,"Gravis Marketing","Registered Voters","Other",1574,0.51,803,0.49,771,71,52,52,3,3,71
"--",2016-05-12,2016-05-09,2016-05-15,"NBC","Registered Voters","Online poll",12507,0.516129032258065,6003,0.483870967741935,5628,73,52,90,2,3,73
"--",2016-05-13,2016-05-11,2016-05-16,"McLaughlin","Likely Voters","Online poll",1000,0.522727272727273,460,0.477272727272727,420,74,52,79,2,2,74
"--",2016-05-13,2016-05-11,2016-05-15,"Morning Consult","Registered Voters","Online poll",3971,0.51219512195122,1668,0.48780487804878,1588,74,52,85,2,3,74
"--",2016-05-15,2016-05-14,2016-05-17,"FOX","Registered Voters","Live phone component",1021,0.481481481481481,398,0.518518518518518,429,76,52,44,1,3,76
"--",2016-05-15,2016-05-13,2016-05-17,"CBS","Registered Voters","Live phone component",1109,0.534090909090909,521,0.465909090909091,455,76,52,17,1,3,76
"--",2016-05-16,2016-05-14,2016-05-18,"Ipsos","Registered Voters","Online poll",1397,0.532467532467532,573,0.467532467532468,503,77,52,65,2,3,77
"--",2016-05-17,2016-05-17,2016-05-18,"Rasmussen","Likely Voters","Other",1000,0.468354430379747,370,0.531645569620253,420,78,52,109,3,2,78
"--",2016-05-17,2016-05-16,2016-05-19,"Schoen","Likely Voters","Live phone component",1000,0.511627906976744,440,0.488372093023256,420,78,52,117,1,2,78
"--",2016-05-17,2016-05-15,2016-05-19,"NBC","Registered Voters","Live phone component",1000,0.51685393258427,460,0.48314606741573,430,78,52,90,1,3,78
"--",2016-05-17,2016-05-16,2016-05-19,"ABC","Registered Voters","Live phone component",829,0.488888888888889,365,0.511111111111111,381,78,52,1,1,3,78
"--",2016-05-18,2016-05-17,2016-05-20,"ARG","Registered Voters","Live phone component",980,0.5,451,0.5,451,79,52,7,1,3,79
"--",2016-05-19,2016-05-16,2016-05-22,"NBC","Registered Voters","Online poll",14513,0.522222222222222,6821,0.477777777777778,6241,80,52,90,2,3,80
"--",2016-05-21,2016-05-19,2016-05-23,"Morning Consult","Registered Voters","Online poll",2001,0.51219512195122,840,0.48780487804878,800,82,52,85,2,3,82
"--",2016-05-21,2016-05-20,2016-05-23,"YouGov","Registered Voters","Online poll",1622,0.506024096385542,681,0.493975903614458,665,82,52,154,2,3,82
"--",2016-05-23,2016-05-23,2016-05-24,"Rasmussen","Likely Voters","Other",1000,0.506329113924051,400,0.493670886075949,390,84,52,109,3,2,84
"--",2016-05-23,2016-05-21,2016-05-25,"Ipsos","Registered Voters","Online poll",1271,0.532467532467532,521,0.467532467532468,458,84,52,65,2,3,84
"--",2016-05-26,2016-05-23,2016-05-29,"NBC","Registered Voters","Online poll",12969,0.510869565217391,6095,0.489130434782609,5836,87,52,90,2,3,87
"--",2016-05-27,2016-05-24,2016-05-30,"Quinnipiac","Registered Voters","Live phone component",1561,0.512820512820513,624,0.487179487179487,593,88,52,106,1,3,88
"--",2016-05-27,2016-05-24,2016-05-30,"Morning Consult","Registered Voters","Online poll",4002,0.518518518518518,1681,0.481481481481481,1561,88,52,85,2,3,88
"--",2016-05-30,2016-05-28,2016-06-01,"Ipsos","Registered Voters","Online poll",1332,0.558441558441558,573,0.441558441558442,453,91,52,65,2,3,91
"--",2016-05-31,2016-05-31,2016-06-01,"Rasmussen","Likely Voters","Other",1000,0.506493506493506,390,0.493506493506494,380,92,52,109,3,2,92
"--",2016-06-02,2016-05-31,2016-06-05,"IBD","Registered Voters","Live phone component",828,0.506849315068493,306,0.493150684931507,298,94,52,61,1,3,94
"--",2016-06-02,2016-05-30,2016-06-05,"NBC","Registered Voters","Online poll",9240,0.521739130434783,4435,0.478260869565217,4066,94,52,90,2,3,94
"--",2016-06-03,2016-06-01,2016-06-05,"Morning Consult","Registered Voters","Online poll",4002,0.523809523809524,1761,0.476190476190476,1601,95,52,85,2,3,95
"--",2016-06-03,2016-06-02,2016-06-05,"YouGov","Registered Voters","Online poll",1636,0.517647058823529,720,0.482352941176471,671,95,52,154,2,3,95
"--",2016-06-06,2016-06-06,2016-06-07,"Rasmussen","Likely Voters","Other",1000,0.525,420,0.475,380,98,52,109,3,2,98
"--",2016-06-06,2016-06-05,2016-06-08,"FOX","Registered Voters","Live phone component",1004,0.52,392,0.48,361,98,52,44,1,3,98
"--",2016-06-06,2016-06-04,2016-06-08,"Ipsos","Registered Voters","Online poll",1440,0.552631578947368,605,0.447368421052632,490,98,52,65,2,3,98
"--",2016-06-08,2016-06-08,2016-06-09,"Morning Consult","Registered Voters","Online poll",1362,0.541666666666667,531,0.458333333333333,449,100,52,85,2,3,100
"--",2016-06-09,2016-06-06,2016-06-12,"NBC","Registered Voters","Online poll",9355,0.525,3929,0.475,3555,101,52,90,2,3,101
"--",2016-06-11,2016-06-10,2016-06-13,"Bloomberg","Likely Voters","Live phone component",750,0.569767441860465,368,0.430232558139535,278,103,52,15,1,2,103
"--",2016-06-11,2016-06-09,2016-06-13,"CBS","Registered Voters","Live phone component",1048,0.549295774647887,409,0.450704225352113,335,103,52,17,1,3,103
"--",2016-06-12,2016-06-11,2016-06-13,"CNBC","Registered Voters","Live phone component",801,0.533333333333333,320,0.466666666666667,280,104,52,24,1,3,104
"--",2016-06-13,2016-06-11,2016-06-15,"Ipsos","Registered Voters","Online poll",1323,0.573529411764706,516,0.426470588235294,384,105,52,65,2,3,105
"--",2016-06-14,2016-06-14,2016-06-15,"Rasmussen","Likely Voters","Other",1000,0.530120481927711,440,0.469879518072289,390,106,52,109,3,2,106
"--",2016-06-16,2016-06-13,2016-06-19,"NBC","Registered Voters","Online poll",16135,0.525,6777,0.475,6131,108,52,90,2,3,108
"--",2016-06-16,2016-06-16,2016-06-16,"Gravis Marketing","Registered Voters","Other",2197,0.526315789473684,1098,0.473684210526316,989,108,52,52,3,3,108
"--",2016-06-17,2016-06-15,2016-06-20,"Morning Consult","Registered Voters","Online poll",3891,0.5,1479,0.5,1479,109,52,85,2,3,109
"--",2016-06-17,2016-06-15,2016-06-19,"Monmouth University","Registered Voters","Live phone component",803,0.538461538461538,337,0.461538461538462,289,109,52,83,1,3,109
"--",2016-06-17,2016-06-16,2016-06-19,"CNN","Registered Voters","Live phone component",891,0.525,374,0.475,339,109,52,25,1,3,109
"--",2016-06-18,2016-06-17,2016-06-20,"ARG","Registered Voters","Live phone component",987,0.549450549450549,494,0.450549450549451,405,110,52,7,1,3,110
"--",2016-06-19,2016-06-18,2016-06-20,"YouGov","Registered Voters","Online poll",1011,0.524390243902439,435,0.475609756097561,394,111,52,154,2,3,111
"--",2016-06-20,2016-06-20,2016-06-21,"Rasmussen","Likely Voters","Other",1000,0.530120481927711,440,0.469879518072289,390,112,52,109,3,2,112
"--",2016-06-20,2016-06-18,2016-06-22,"Ipsos","Registered Voters","Online poll",1339,0.564102564102564,589,0.435897435897436,455,112,52,65,2,3,112
"--",2016-06-20,2016-06-15,2016-06-26,"Pew","Registered Voters","Live phone component",1655,0.555555555555556,745,0.444444444444444,596,112,52,98,1,3,112
"--",2016-06-21,2016-06-19,2016-06-23,"NBC","Registered Voters","Live phone component",1000,0.506493506493506,390,0.493506493506494,380,113,52,90,1,3,113
"--",2016-06-21,2016-06-20,2016-06-23,"ABC","Registered Voters","Live phone component",836,0.580246913580247,393,0.419753086419753,284,113,52,1,1,3,113
"--",2016-06-23,2016-06-20,2016-06-26,"NBC","Registered Voters","Online poll",5818,0.538461538461538,2444,0.461538461538462,2094,115,52,90,2,3,115
"--",2016-06-24,2016-06-21,2016-06-27,"Quinnipiac","Registered Voters","Live phone component",1610,0.513157894736842,628,0.486842105263158,596,116,52,106,1,3,116
"--",2016-06-25,2016-06-23,2016-06-28,"GQR","Likely Voters","Live phone component",900,0.564705882352941,432,0.435294117647059,333,117,52,51,1,2,117
"--",2016-06-25,2016-06-24,2016-06-27,"YouGov","Registered Voters","Online poll",1069,0.533333333333333,428,0.466666666666667,374,117,52,154,2,3,117
"--",2016-06-25,2016-06-24,2016-06-27,"Morning Consult","Registered Voters","Online poll",4001,0.52,1560,0.48,1440,117,52,85,2,3,117
"--",2016-06-26,2016-06-24,2016-06-29,"IBD","Registered Voters","Live phone component",837,0.506849315068493,310,0.493150684931507,301,118,52,61,1,3,118
"--",2016-06-27,2016-06-26,2016-06-29,"Suffolk","Likely Voters","Live phone component",1000,0.527027027027027,390,0.472972972972973,350,119,52,126,1,2,119
"--",2016-06-27,2016-06-27,2016-06-28,"PPP","Likely Voters","Other",853,0.523255813953488,384,0.476744186046512,350,119,52,102,3,2,119
"--",2016-06-27,2016-06-25,2016-06-29,"Ipsos","Registered Voters","Online poll",1247,0.575342465753425,524,0.424657534246575,387,119,52,65,2,3,119
"--",2016-06-27,2016-06-26,2016-06-28,"FOX","Registered Voters","Live phone component",1017,0.532467532467532,417,0.467532467532468,366,119,52,44,1,3,119
"--",2016-06-27,2016-06-27,2016-06-28,"Gravis Marketing","Registered Voters","Other",2162,0.520833333333333,1081,0.479166666666667,995,119,52,52,3,3,119
"--",2016-06-28,2016-06-28,2016-06-29,"Rasmussen","Likely Voters","Other",1000,0.475609756097561,390,0.524390243902439,430,120,52,109,3,2,120
"--",2016-06-30,2016-06-27,2016-07-03,"NBC","Registered Voters","Online poll",10072,0.518987341772152,4130,0.481012658227848,3827,122,52,90,2,3,122
"--",2016-07-02,2016-06-30,2016-07-04,"Morning Consult","Registered Voters","Online poll",2001,0.506666666666667,760,0.493333333333333,740,124,52,85,2,3,124
"--",2016-07-03,2016-07-01,2016-07-05,"Penn Schoen Berland","Likely Voters","Online poll",1000,0.526315789473684,400,0.473684210526316,360,125,52,97,2,2,125
"--",2016-07-03,2016-07-02,2016-07-04,"YouGov","Registered Voters","Online poll",1004,0.531645569620253,422,0.468354430379747,371,125,52,154,2,3,125
"--",2016-07-04,2016-07-02,2016-07-06,"Ipsos","Registered Voters","Online poll",1345,0.56,565,0.44,444,126,52,65,2,3,126
"--",2016-07-05,2016-07-05,2016-07-05,"Rasmussen","Likely Voters","Other",1000,0.487179487179487,380,0.512820512820513,400,127,52,109,3,2,127
"--",2016-07-07,2016-07-05,2016-07-09,"McClatchy","Registered Voters","Live phone component",1053,0.533333333333333,421,0.466666666666667,369,129,52,78,1,3,129
"--",2016-07-07,2016-07-04,2016-07-10,"NBC","Registered Voters","Online poll",7869,0.512820512820513,3148,0.487179487179487,2990,129,52,90,2,3,129
"--",2016-07-08,2016-07-07,2016-07-09,"RABA Research","Likely Voters","Online poll",781,0.585714285714286,320,0.414285714285714,226,130,52,108,2,2,130
"--",2016-07-09,2016-07-07,2016-07-11,"AP","Registered Voters","Online poll",837,0.526315789473684,335,0.473684210526316,301,131,52,6,2,3,131
"--",2016-07-09,2016-07-08,2016-07-10,"Morning Consult","Registered Voters","Online poll",2001,0.513157894736842,780,0.486842105263158,740,131,52,85,2,3,131
"--",2016-07-10,2016-07-08,2016-07-12,"CBS","Registered Voters","Live phone component",1358,0.5,489,0.5,489,132,52,17,1,3,132
"--",2016-07-10,2016-07-09,2016-07-11,"YouGov","Registered Voters","Online poll",1049,0.519480519480519,420,0.480519480519481,388,132,52,154,2,3,132
"--",2016-07-11,2016-07-09,2016-07-13,"NBC","Registered Voters","Live phone component",1000,0.539473684210526,410,0.460526315789474,350,133,52,90,1,3,133
"--",2016-07-12,2016-07-12,2016-07-13,"Rasmussen","Likely Voters","Other",1000,0.45679012345679,370,0.54320987654321,440,134,52,109,3,2,134
"--",2016-07-12,2016-07-11,2016-07-14,"ABC","Registered Voters","Live phone component",816,0.525,343,0.475,310,134,52,1,1,3,134
"--",2016-07-13,2016-07-12,2016-07-15,"ICITIZEN","Registered Voters","Online poll",1000,0.549295774647887,390,0.450704225352113,320,135,52,62,2,3,135
"--",2016-07-14,2016-07-12,2016-07-16,"Franklin Pierce","Likely Voters","Live phone component",1007,0.517647058823529,443,0.482352941176471,413,136,52,46,1,2,136
"--",2016-07-14,2016-07-11,2016-07-17,"NBC","Registered Voters","Online poll",9436,0.493670886075949,3680,0.506329113924051,3774,136,52,90,2,3,136
"--",2016-07-14,2016-07-13,2016-07-16,"CNN","Registered Voters","Live phone component",872,0.531645569620253,366,0.468354430379747,323,136,52,25,1,3,136
"--",2016-07-15,2016-07-13,2016-07-18,"GQR","Likely Voters","Live phone component",900,0.518072289156627,387,0.481927710843373,360,137,52,51,1,2,137
"--",2016-07-15,2016-07-14,2016-07-16,"Morning Consult","Registered Voters","Online poll",2002,0.520547945205479,761,0.479452054794521,701,137,52,85,2,3,137
"--",2016-07-15,2016-07-14,2016-07-16,"Monmouth University","Registered Voters","Live phone component",805,0.518072289156627,346,0.481927710843373,322,137,52,83,1,3,137
"--",2016-07-16,2016-07-15,2016-07-17,"YouGov","Registered Voters","Online poll",1056,0.519480519480519,422,0.480519480519481,391,138,52,154,2,3,138
"--",2016-07-18,2016-07-18,2016-07-19,"Rasmussen","Likely Voters","Other",1000,0.494117647058824,420,0.505882352941176,430,140,52,109,3,2,140
"--",2016-07-18,2016-07-16,2016-07-20,"Ipsos","Registered Voters","Online poll",1232,0.527027027027027,480,0.472972972972973,431,140,52,65,2,3,140
"--",2016-07-18,2016-07-17,2016-07-20,"ARG","Registered Voters","Live phone component",990,0.505882352941176,426,0.494117647058824,416,140,52,7,1,3,140
"--",2016-07-21,2016-07-18,2016-07-24,"NBC","Registered Voters","Online poll",12931,0.4875,5043,0.5125,5302,143,52,90,2,3,143
"--",2016-07-21,2016-07-21,2016-07-22,"Gravis Marketing","Registered Voters","Other",3462,0.49,1696,0.51,1766,143,52,52,3,3,143
"--",2016-07-22,2016-07-22,2016-07-22,"RABA Research","Likely Voters","Online poll",909,0.534246575342466,355,0.465753424657534,309,144,52,108,2,2,144
"--",2016-07-22,2016-07-21,2016-07-24,"University of Delaware","Registered Voters","Live phone component",818,0.522727272727273,376,0.477272727272727,344,144,52,140,1,3,144
"--",2016-07-23,2016-07-22,2016-07-24,"Penn Schoen Berland","Likely Voters","Online poll",1000,0.482352941176471,410,0.517647058823529,440,145,52,97,2,2,145
"--",2016-07-23,2016-07-22,2016-07-24,"Morning Consult","Registered Voters","Online poll",2502,0.473684210526316,901,0.526315789473684,1001,145,52,85,2,3,145
"--",2016-07-23,2016-07-23,2016-07-24,"YouGov","Registered Voters","Online poll",1057,0.512820512820513,423,0.487179487179487,402,145,52,154,2,3,145
"--",2016-07-23,2016-07-22,2016-07-24,"CBS","Registered Voters","Live phone component",1118,0.493670886075949,436,0.506329113924051,447,145,52,17,1,3,145
"--",2016-07-23,2016-07-22,2016-07-24,"CNN","Registered Voters","Live phone component",882,0.469879518072289,344,0.530120481927711,388,145,52,25,1,3,145
"--",2016-07-26,2016-07-26,2016-07-27,"Rasmussen","Likely Voters","Other",1000,0.505882352941176,430,0.494117647058824,420,148,52,109,3,2,148
"--",2016-07-27,2016-07-25,2016-07-29,"Ipsos","Likely Voters","Online poll",1433,0.5,530,0.5,530,149,52,65,2,2,149
"--",2016-07-28,2016-07-25,2016-07-31,"UPI","Likely Voters","Online poll",989,0.515789473684211,485,0.484210526315789,455,150,52,144,2,2,150
"--",2016-07-28,2016-07-25,2016-07-31,"NBC","Registered Voters","Online poll",12742,0.530864197530864,5479,0.469135802469136,4842,150,52,90,2,3,150
"--",2016-07-29,2016-07-29,2016-07-29,"RABA Research","Likely Voters","Online poll",956,0.597402597402597,440,0.402597402597403,296,151,52,108,2,2,151
"--",2016-07-29,2016-07-29,2016-07-30,"PPP","Likely Voters","Other",1276,0.528735632183908,587,0.471264367816092,523,151,52,102,3,2,151
"--",2016-07-29,2016-07-29,2016-07-30,"Morning Consult","Registered Voters","Online poll",1931,0.532467532467532,792,0.467532467532468,695,151,52,85,2,3,151
"--",2016-07-30,2016-07-29,2016-08-01,"Penn Schoen Berland","Likely Voters","Online poll",1000,0.529411764705882,450,0.470588235294118,400,152,52,97,2,2,152
"--",2016-07-30,2016-07-29,2016-07-31,"CBS","Registered Voters","Live phone component",1131,0.530864197530864,486,0.469135802469136,430,152,52,17,1,3,152
"--",2016-07-30,2016-07-29,2016-07-31,"CNN","Registered Voters","Live phone component",894,0.548780487804878,402,0.451219512195122,331,152,52,25,1,3,152
"--",2016-07-31,2016-07-30,2016-08-01,"YouGov","Registered Voters","Online poll",1069,0.532467532467532,438,0.467532467532468,385,153,52,154,2,3,153
"--",2016-08-01,2016-07-30,2016-08-03,"Ipsos","Likely Voters","Online poll",1072,0.525,450,0.475,407,154,52,65,2,2,154
"--",2016-08-01,2016-08-01,2016-08-02,"Rasmussen","Likely Voters","Other",1000,0.523809523809524,440,0.476190476190476,400,154,52,109,3,2,154
"--",2016-08-01,2016-07-29,2016-08-04,"IBD","Registered Voters","Live phone component",851,0.527027027027027,332,0.472972972972973,298,154,52,61,1,3,154
"--",2016-08-01,2016-07-31,2016-08-03,"NBC","Registered Voters","Live phone component",800,0.558441558441558,344,0.441558441558442,272,154,52,90,1,3,154
"--",2016-08-01,2016-07-31,2016-08-02,"FOX","Registered Voters","Live phone component",1022,0.556962025316456,450,0.443037974683544,358,154,52,44,1,3,154
"--",2016-08-02,2016-08-01,2016-08-04,"ABC","Likely Voters","Live phone component",682,0.546511627906977,321,0.453488372093023,266,155,52,1,1,2,155
"--",2016-08-02,2016-08-01,2016-08-03,"McClatchy","Registered Voters","Live phone component",983,0.592105263157895,442,0.407894736842105,305,155,52,78,1,3,155
"--",2016-08-02,2016-07-27,2016-08-09,"Public Religion Research Institute","Registered Voters","Live phone component",1803,0.571428571428571,865,0.428571428571429,649,155,52,104,1,3,155
"--",2016-08-04,2016-08-01,2016-08-07,"UPI","Likely Voters","Online poll",960,0.526881720430108,470,0.473118279569892,422,157,52,144,2,2,157
"--",2016-08-04,2016-08-04,2016-08-05,"Morning Consult","Registered Voters","Online poll",2001,0.554054054054054,820,0.445945945945946,660,157,52,85,2,3,157
"--",2016-08-04,2016-08-01,2016-08-07,"NBC","Registered Voters","Online poll",11480,0.536585365853659,5051,0.463414634146341,4362,157,52,90,2,3,157
"--",2016-08-05,2016-08-04,2016-08-07,"Monmouth University","Likely Voters","Live phone component",683,0.574712643678161,342,0.425287356321839,253,158,52,83,1,2,158
"--",2016-08-05,2016-08-04,2016-08-07,"PSRAI","Registered Voters","Live phone component",798,0.535714285714286,359,0.464285714285714,311,158,52,103,1,3,158
"--",2016-08-06,2016-08-05,2016-08-08,"Bloomberg","Likely Voters","Live phone component",749,0.523809523809524,330,0.476190476190476,300,159,52,15,1,2,159
"--",2016-08-07,2016-08-06,2016-08-09,"YouGov","Registered Voters","Online poll",1026,0.538461538461538,431,0.461538461538462,369,160,52,154,2,3,160
"--",2016-08-08,2016-08-06,2016-08-10,"Ipsos","Likely Voters","Online poll",974,0.533333333333333,390,0.466666666666667,341,161,52,65,2,2,161
"--",2016-08-09,2016-08-09,2016-08-10,"Rasmussen","Likely Voters","Other",1000,0.518072289156627,430,0.481927710843373,400,162,52,109,3,2,162
"--",2016-08-11,2016-08-08,2016-08-14,"UPI","Likely Voters","Online poll",975,0.53125,497,0.46875,439,164,52,144,2,2,164
"--",2016-08-11,2016-08-08,2016-08-14,"NBC","Registered Voters","Online poll",15179,0.5375,6527,0.4625,5616,164,52,90,2,3,164
"--",2016-08-12,2016-08-12,2016-08-13,"Zogby","Likely Voters","Online poll",1277,0.513513513513513,485,0.486486486486487,460,165,52,155,2,2,165
"--",2016-08-12,2016-08-09,2016-08-15,"Normington","Likely Voters","Live phone component",1000,0.548780487804878,450,0.451219512195122,370,165,52,92,1,2,165
"--",2016-08-12,2016-08-11,2016-08-14,"Morning Consult","Registered Voters","Online poll",2001,0.541666666666667,780,0.458333333333333,660,165,52,85,2,3,165
"--",2016-08-13,2016-08-10,2016-08-16,"Public Religion Research Institute","Registered Voters","Live phone component",1630,0.578313253012048,782,0.421686746987952,570,166,52,104,1,3,166
"--",2016-08-15,2016-08-13,2016-08-17,"Ipsos","Likely Voters","Online poll",1049,0.527027027027027,409,0.472972972972973,367,168,52,65,2,2,168
"--",2016-08-15,2016-08-15,2016-08-16,"Rasmussen","Likely Voters","Other",1000,0.5125,410,0.4875,390,168,52,109,3,2,168
"--",2016-08-15,2016-08-14,2016-08-16,"YouGov","Registered Voters","Online poll",1076,0.539473684210526,441,0.460526315789474,377,168,52,154,2,3,168
"--",2016-08-18,2016-08-15,2016-08-21,"UPI","Likely Voters","Online poll",1259,0.505263157894737,604,0.494736842105263,592,171,52,144,2,2,171
"--",2016-08-18,2016-08-15,2016-08-21,"NBC","Registered Voters","Online poll",17459,0.530864197530864,7507,0.469135802469136,6634,171,52,90,2,3,171
"--",2016-08-18,2016-08-17,2016-08-20,"ARG","Registered Voters","Live phone component",994,0.528089887640449,467,0.471910112359551,417,171,52,7,1,3,171
"--",2016-08-19,2016-08-18,2016-08-20,"Morning Consult","Registered Voters","Online poll",2001,0.52,780,0.48,720,172,52,85,2,3,172
"--",2016-08-21,2016-08-18,2016-08-24,"Quinnipiac","Likely Voters","Live phone component",1498,0.542168674698795,674,0.457831325301205,569,174,52,106,1,2,174
"--",2016-08-21,2016-08-19,2016-08-23,"YouGov","Registered Voters","Online poll",1080,0.525,454,0.475,410,174,52,154,2,3,174
"--",2016-08-22,2016-08-20,2016-08-24,"Ipsos","Likely Voters","Online poll",1049,0.52,409,0.48,378,175,52,65,2,2,175
"--",2016-08-23,2016-08-23,2016-08-24,"Rasmussen","Likely Voters","Other",1000,0.525,420,0.475,380,176,52,109,3,2,176
"--",2016-08-25,2016-08-22,2016-08-28,"UPI","Likely Voters","Online poll",1145,0.515463917525773,572,0.484536082474227,538,178,52,144,2,2,178
"--",2016-08-25,2016-08-24,2016-08-26,"Morning Consult","Registered Voters","Online poll",2007,0.513157894736842,783,0.486842105263158,743,178,52,85,2,3,178
"--",2016-08-25,2016-08-22,2016-08-28,"NBC","Registered Voters","Online poll",24104,0.525641025641026,9883,0.474358974358974,8918,178,52,90,2,3,178
"--",2016-08-26,2016-08-24,2016-08-29,"Suffolk","Likely Voters","Live phone component",1000,0.545454545454545,420,0.454545454545455,350,179,52,126,1,2,179
"--",2016-08-26,2016-08-25,2016-08-28,"Monmouth University","Likely Voters","Live phone component",689,0.541176470588235,317,0.458823529411765,269,179,52,83,1,2,179
"--",2016-08-27,2016-08-25,2016-08-29,"Ipsos","Likely Voters","Online poll",1404,0.512820512820513,562,0.487179487179487,534,180,52,65,2,2,180
"--",2016-08-27,2016-08-26,2016-08-28,"PPP","Likely Voters","Other",881,0.531645569620253,370,0.468354430379747,326,180,52,102,3,2,180
"--",2016-08-28,2016-08-27,2016-08-29,"YouGov","Registered Voters","Online poll",1119,0.531645569620253,470,0.468354430379747,414,181,52,154,2,3,181
"--",2016-08-29,2016-08-26,2016-09-01,"IBD","Likely Voters","Live phone component",861,0.5,336,0.5,336,182,52,61,1,2,182
"--",2016-08-29,2016-08-29,2016-08-30,"Rasmussen","Likely Voters","Other",1000,0.493670886075949,390,0.506329113924051,400,182,52,109,3,2,182
"--",2016-08-29,2016-08-28,2016-08-30,"FOX","Registered Voters","Live phone component",1011,0.5125,415,0.4875,394,182,52,44,1,3,182
"--",2016-08-29,2016-08-16,2016-09-12,"Pew","Registered Voters","Live phone component",3941,0.542168674698795,1773,0.457831325301205,1498,182,52,98,1,3,182
"--",2016-08-30,2016-08-28,2016-09-01,"GWU","Likely Voters","Live phone component",1000,0.51219512195122,420,0.48780487804878,400,183,52,53,1,2,183
"--",2016-09-01,2016-08-29,2016-09-04,"UPI","Likely Voters","Online poll",1237,0.510416666666667,606,0.489583333333333,581,185,52,144,2,2,185
"--",2016-09-01,2016-09-01,2016-09-02,"Morning Consult","Registered Voters","Online poll",2001,0.513513513513513,760,0.486486486486487,720,185,52,85,2,3,185
"--",2016-09-01,2016-08-29,2016-09-04,"NBC","Registered Voters","Online poll",32226,0.525641025641026,13213,0.474358974358974,11924,185,52,90,2,3,185
"--",2016-09-02,2016-08-31,2016-09-04,"Franklin Pierce","Likely Voters","Live phone component",1025,0.517647058823529,451,0.482352941176471,420,186,52,46,1,2,186
"--",2016-09-02,2016-09-01,2016-09-04,"CNN","Likely Voters","Live phone component",786,0.488636363636364,338,0.511363636363636,354,186,52,25,1,2,186
"--",2016-09-03,2016-09-01,2016-09-05,"Ipsos","Likely Voters","Online poll",1084,0.512820512820513,434,0.487179487179487,412,187,52,65,2,2,187
"--",2016-09-05,2016-09-04,2016-09-06,"YouGov","Registered Voters","Online poll",1077,0.512820512820513,431,0.487179487179487,409,189,52,154,2,3,189
"--",2016-09-06,2016-09-06,2016-09-07,"Rasmussen","Likely Voters","Other",1000,0.524390243902439,430,0.475609756097561,390,190,52,109,3,2,190
"--",2016-09-06,2016-09-05,2016-09-08,"ABC","Likely Voters","Live phone component",642,0.528735632183908,295,0.471264367816092,263,190,52,1,1,2,190
"--",2016-09-07,2016-09-06,2016-09-08,"Morning Consult","Likely Voters","Online poll",1710,0.5125,701,0.4875,667,191,52,85,2,2,191
"--",2016-09-08,2016-09-05,2016-09-11,"UPI","Likely Voters","Online poll",1260,0.484210526315789,580,0.515789473684211,617,192,52,144,2,2,192
"--",2016-09-08,2016-09-05,2016-09-11,"NBC","Registered Voters","Online poll",16220,0.51219512195122,6812,0.48780487804878,6488,192,52,90,2,3,192
"--",2016-09-10,2016-09-08,2016-09-12,"Ipsos","Likely Voters","Online poll",1127,0.5,440,0.5,440,194,52,65,2,2,194
"--",2016-09-10,2016-09-08,2016-09-13,"Quinnipiac","Likely Voters","Live phone component",960,0.5125,394,0.4875,374,194,52,106,1,2,194
"--",2016-09-11,2016-09-09,2016-09-13,"CBS","Likely Voters","Live phone component",1433,0.5,602,0.5,602,195,52,17,1,2,195
"--",2016-09-11,2016-09-10,2016-09-13,"YouGov","Registered Voters","Online poll",1087,0.51219512195122,457,0.48780487804878,435,195,52,154,2,3,195
"--",2016-09-12,2016-09-11,2016-09-14,"FOX","Likely Voters","Live phone component",867,0.506172839506173,355,0.493827160493827,347,196,52,44,1,2,196
"--",2016-09-12,2016-09-12,2016-09-13,"Rasmussen","Likely Voters","Other",1000,0.48780487804878,400,0.51219512195122,420,196,52,109,3,2,196
"--",2016-09-13,2016-09-10,2016-09-16,"Saint Leo University","Likely Voters","Online poll",1005,0.528735632183908,462,0.471264367816092,412,197,52,116,2,2,197
"--",2016-09-14,2016-09-01,2016-09-27,"Public Religion Research Institute","Likely Voters","Live phone component",1296,0.544444444444444,635,0.455555555555556,531,198,52,104,1,2,198
"--",2016-09-15,2016-09-15,2016-09-16,"Morning Consult","Likely Voters","Online poll",1639,0.51219512195122,688,0.48780487804878,656,199,52,85,2,2,199
"--",2016-09-15,2016-09-12,2016-09-18,"NBC","Likely Voters","Online poll",13230,0.529411764705882,5954,0.470588235294118,5292,199,52,90,2,2,199
"--",2016-09-15,2016-09-12,2016-09-18,"UPI","Likely Voters","Online poll",1203,0.505263157894737,577,0.494736842105263,565,199,52,144,2,2,199
"--",2016-09-17,2016-09-15,2016-09-19,"Ipsos","Likely Voters","Online poll",1111,0.486842105263158,411,0.513157894736842,433,201,52,65,2,2,201
"--",2016-09-17,2016-09-16,2016-09-19,"NBC","Likely Voters","Live phone component",922,0.5375,396,0.4625,341,201,52,90,1,2,201
"--",2016-09-17,2016-09-15,2016-09-20,"McClatchy","Likely Voters","Live phone component",758,0.535714285714286,341,0.464285714285714,296,201,52,78,1,2,201
"--",2016-09-17,2016-09-15,2016-09-19,"AP","Likely Voters","Online poll",1251,0.535714285714286,563,0.464285714285714,488,201,52,6,2,2,201
"--",2016-09-17,2016-09-15,2016-09-19,"ICITIZEN","Registered Voters","Online poll",1000,0.531645569620253,420,0.468354430379747,370,201,52,62,2,3,201
"--",2016-09-18,2016-09-18,2016-09-19,"YouGov","Registered Voters","Online poll",1065,0.512820512820513,426,0.487179487179487,405,202,52,154,2,3,202
"--",2016-09-18,2016-09-17,2016-09-20,"ARG","Registered Voters","Live phone component",990,0.516483516483517,465,0.483516483516484,436,202,52,7,1,3,202
"--",2016-09-20,2016-09-20,2016-09-21,"Rasmussen","Likely Voters","Other",1000,0.469879518072289,390,0.530120481927711,440,204,52,109,3,2,204
"--",2016-09-20,2016-09-18,2016-09-22,"Franklin Pierce","Likely Voters","Live phone component",1017,0.511363636363636,458,0.488636363636364,437,204,52,46,1,2,204
"--",2016-09-20,2016-09-19,2016-09-22,"ABC","Likely Voters","Live phone component",651,0.511111111111111,299,0.488888888888889,286,204,52,1,1,2,204
"--",2016-09-22,2016-09-21,2016-09-24,"Bloomberg","Likely Voters","Live phone component",1002,0.488095238095238,411,0.511904761904762,431,206,52,15,1,2,206
"--",2016-09-22,2016-09-19,2016-09-25,"NBC","Likely Voters","Online poll",13598,0.529411764705882,6119,0.470588235294118,5439,206,52,90,2,2,206
"--",2016-09-22,2016-09-19,2016-09-25,"UPI","Likely Voters","Online poll",1052,0.505263157894737,505,0.494736842105263,494,206,52,144,2,2,206
"--",2016-09-23,2016-09-22,2016-09-24,"Morning Consult","Likely Voters","Online poll",1712,0.493506493506494,651,0.506493506493506,668,207,52,85,2,2,207
"--",2016-09-23,2016-09-22,2016-09-25,"Public Religion Research Institute","Likely Voters","Live phone component",461,0.5,198,0.5,198,207,52,104,1,2,207
"--",2016-09-23,2016-09-22,2016-09-25,"Quinnipiac","Likely Voters","Live phone component",1115,0.505747126436782,491,0.494252873563218,479,207,52,106,1,2,207
"--",2016-09-23,2016-09-22,2016-09-25,"Monmouth University","Likely Voters","Live phone component",729,0.522727272727273,335,0.477272727272727,306,207,52,83,1,2,207
"--",2016-09-23,2016-09-22,2016-09-24,"YouGov","Registered Voters","Online poll",948,0.517647058823529,417,0.482352941176471,389,207,52,154,2,3,207
"--",2016-09-24,2016-09-22,2016-09-26,"Ipsos","Likely Voters","Online poll",1041,0.525,437,0.475,396,208,52,65,2,2,208
"--",2016-09-24,2016-09-23,2016-09-25,"Lucid","Likely Voters","Online poll",506,0.518518518518518,213,0.481481481481481,197,208,52,72,2,2,208
"--",2016-09-26,2016-09-26,2016-09-27,"Morning Consult","Likely Voters","Online poll",1253,0.518987341772152,514,0.481012658227848,476,210,52,85,2,2,210
"--",2016-09-26,2016-09-26,2016-09-27,"Echelon Insights","Likely Voters","Online poll",1529,0.530120481927711,673,0.469879518072289,596,210,52,34,2,2,210
"--",2016-09-27,2016-09-26,2016-09-28,"Lucid","Likely Voters","Online poll",360,0.531645569620253,151,0.468354430379747,133,211,52,72,2,2,211
"--",2016-09-27,2016-09-27,2016-09-28,"Ipsos","Likely Voters","Online poll",1336,0.525,561,0.475,508,211,52,65,2,2,211
"--",2016-09-27,2016-09-26,2016-09-28,"Rasmussen","Likely Voters","Other",1500,0.506024096385542,630,0.493975903614458,615,211,52,109,3,2,211
"--",2016-09-27,2016-09-27,2016-09-28,"PPP","Likely Voters","Other",933,0.523809523809524,411,0.476190476190476,373,211,52,102,3,2,211
"--",2016-09-28,2016-09-27,2016-09-29,"FOX","Likely Voters","Live phone component",911,0.518072289156627,392,0.481927710843373,364,212,52,44,1,2,212
"--",2016-09-29,2016-09-26,2016-10-02,"NBC","Likely Voters","Online poll",26925,0.534883720930233,12386,0.465116279069767,10770,213,52,90,2,2,213
"--",2016-09-29,2016-09-26,2016-10-02,"UPI","Likely Voters","Online poll",1285,0.489583333333333,604,0.510416666666667,630,213,52,144,2,2,213
"--",2016-09-30,2016-09-28,2016-10-02,"Fairleigh Dickinson","Likely Voters","Live phone component",385,0.555555555555556,173,0.444444444444444,139,214,52,39,1,2,214
"--",2016-09-30,2016-09-29,2016-10-01,"Lucid","Likely Voters","Online poll",597,0.548780487804878,269,0.451219512195122,221,214,52,72,2,2,214
"--",2016-09-30,2016-09-28,2016-10-02,"CBS","Likely Voters","Live phone component",1217,0.523255813953488,548,0.476744186046512,499,214,52,17,1,2,214
"--",2016-09-30,2016-09-28,2016-10-02,"Public Religion Research Institute","Likely Voters","Live phone component",609,0.534090909090909,286,0.465909090909091,250,214,52,104,1,2,214
"--",2016-09-30,2016-09-28,2016-10-02,"CNN","Likely Voters","Live phone component",1213,0.528089887640449,570,0.471910112359551,509,214,52,25,1,2,214
"--",2016-10-01,2016-09-29,2016-10-03,"Ipsos","Likely Voters","Online poll",1239,0.538461538461538,520,0.461538461538462,446,215,52,65,2,2,215
"--",2016-10-01,2016-09-30,2016-10-02,"Morning Consult","Likely Voters","Online poll",1778,0.538461538461538,747,0.461538461538462,640,215,52,85,2,2,215
"--",2016-10-01,2016-09-29,2016-10-03,"Rasmussen","Likely Voters","Other",1500,0.506024096385542,630,0.493975903614458,615,215,52,109,3,2,215
"--",2016-10-02,2016-10-01,2016-10-03,"YouGov","Registered Voters","Online poll",1055,0.518072289156627,454,0.481927710843373,422,216,52,154,2,3,216
"--",2016-10-03,2016-10-02,2016-10-04,"Lucid","Likely Voters","Online poll",451,0.548780487804878,203,0.451219512195122,167,217,52,72,2,2,217
"--",2016-10-03,2016-09-27,2016-10-10,"Pew","Registered Voters","Live phone component",3616,0.541176470588235,1663,0.458823529411765,1410,217,52,98,1,3,217
"--",2016-10-04,2016-10-03,2016-10-06,"FOX","Likely Voters","Live phone component",896,0.511627906976744,394,0.488372093023256,376,218,52,44,1,2,218
"--",2016-10-05,2016-10-05,2016-10-06,"Quinnipiac","Likely Voters","Live phone component",1064,0.529411764705882,479,0.470588235294118,426,219,52,106,1,2,219
"--",2016-10-05,2016-10-04,2016-10-06,"Rasmussen","Likely Voters","Other",1500,0.505882352941176,645,0.494117647058824,630,219,52,109,3,2,219
"--",2016-10-06,2016-10-05,2016-10-07,"Lucid","Likely Voters","Online poll",533,0.560975609756098,245,0.439024390243902,192,220,52,72,2,2,220
"--",2016-10-06,2016-10-03,2016-10-09,"NBC","Likely Voters","Online poll",23329,0.528735632183908,10731,0.471264367816092,9565,220,52,90,2,2,220
"--",2016-10-06,2016-10-03,2016-10-09,"UPI","Likely Voters","Online poll",1350,0.531914893617021,675,0.468085106382979,594,220,52,144,2,2,220
"--",2016-10-07,2016-10-05,2016-10-09,"Public Religion Research Institute","Likely Voters","Live phone component",886,0.563218390804598,434,0.436781609195402,337,221,52,104,1,2,221
"--",2016-10-07,2016-10-07,2016-10-08,"YouGov","Registered Voters","Online poll",1135,0.536585365853659,499,0.463414634146341,431,221,52,154,2,3,221
"--",2016-10-08,2016-10-08,2016-10-08,"Politico","Likely Voters","Online poll",1390,0.525,584,0.475,528,222,52,99,2,2,222
"--",2016-10-08,2016-10-06,2016-10-10,"Ipsos","Likely Voters","Online poll",2363,0.54320987654321,1040,0.45679012345679,874,222,52,65,2,2,222
"--",2016-10-09,2016-10-08,2016-10-10,"Lucid","Likely Voters","Online poll",543,0.54320987654321,239,0.45679012345679,201,223,52,72,2,2,223
"--",2016-10-10,2016-10-10,2016-10-11,"Insights West","Likely Voters","Online poll",953,0.531645569620253,400,0.468354430379747,353,224,52,64,2,2,224
"--",2016-10-10,2016-10-10,2016-10-10,"Politico","Likely Voters","Online poll",1757,0.531645569620253,738,0.468354430379747,650,224,52,99,2,2,224
"--",2016-10-10,2016-10-09,2016-10-11,"Rasmussen","Likely Voters","Other",1500,0.524390243902439,645,0.475609756097561,585,224,52,109,3,2,224
"--",2016-10-10,2016-10-08,2016-10-13,"GWU","Likely Voters","Live phone component",1000,0.546511627906977,470,0.453488372093023,390,224,52,53,1,2,224
"--",2016-10-11,2016-10-10,2016-10-12,"FOX","Likely Voters","Live phone component",917,0.542168674698795,413,0.457831325301205,348,225,52,44,1,2,225
"--",2016-10-11,2016-10-10,2016-10-13,"NBC","Likely Voters","Live phone component",905,0.564705882352941,434,0.435294117647059,335,225,52,90,1,2,225
"--",2016-10-11,2016-10-10,2016-10-13,"ABC","Likely Voters","Live phone component",740,0.522222222222222,348,0.477777777777778,318,225,52,1,1,2,225
"--",2016-10-12,2016-10-11,2016-10-13,"Lucid","Likely Voters","Online poll",553,0.555555555555556,249,0.444444444444444,199,226,52,72,2,2,226
"--",2016-10-12,2016-10-11,2016-10-14,"SurveyUSA","Likely Voters","Other",845,0.560975609756098,389,0.439024390243902,304,226,52,128,3,2,226
"--",2016-10-13,2016-10-10,2016-10-16,"NBC","Likely Voters","Online poll",24804,0.534883720930233,11410,0.465116279069767,9922,227,52,90,2,2,227
"--",2016-10-13,2016-10-10,2016-10-16,"UPI","Likely Voters","Online poll",1325,0.520833333333333,662,0.479166666666667,610,227,52,144,2,2,227
"--",2016-10-14,2016-10-13,2016-10-15,"Politico","Likely Voters","Online poll",1737,0.538461538461538,730,0.461538461538462,625,228,52,99,2,2,228
"--",2016-10-14,2016-10-12,2016-10-16,"Rasmussen","Likely Voters","Other",1500,0.511904761904762,645,0.488095238095238,615,228,52,109,3,2,228
"--",2016-10-14,2016-10-12,2016-10-16,"CBS","Likely Voters","Live phone component",1189,0.552941176470588,559,0.447058823529412,452,228,52,17,1,2,228
"--",2016-10-14,2016-10-12,2016-10-17,"Public Religion Research Institute","Likely Voters","Live phone component",692,0.586206896551724,353,0.413793103448276,249,228,52,104,1,2,228
"--",2016-10-15,2016-10-13,2016-10-17,"Ipsos","Likely Voters","Online poll",1190,0.525,500,0.475,452,229,52,65,2,2,229
"--",2016-10-15,2016-10-14,2016-10-16,"Lucid","Likely Voters","Online poll",546,0.530864197530864,235,0.469135802469136,207,229,52,72,2,2,229
"--",2016-10-15,2016-10-14,2016-10-17,"Bloomberg","Likely Voters","Live phone component",1006,0.552941176470588,473,0.447058823529412,382,229,52,15,1,2,229
"--",2016-10-15,2016-10-14,2016-10-16,"Monmouth University","Likely Voters","Live phone component",726,0.568181818181818,363,0.431818181818182,276,229,52,83,1,2,229
"--",2016-10-16,2016-10-15,2016-10-18,"YouGov","Likely Voters","Online poll",1032,0.525,433,0.475,392,230,52,154,2,2,230
"--",2016-10-16,2016-10-15,2016-10-17,"FOX","Likely Voters","Live phone component",912,0.535714285714286,410,0.464285714285714,356,230,52,44,1,2,230
"--",2016-10-17,2016-10-17,2016-10-18,"Quinnipiac","Likely Voters","Live phone component",1007,0.540229885057471,473,0.459770114942529,403,231,52,106,1,2,231
"--",2016-10-18,2016-10-17,2016-10-19,"Lucid","Likely Voters","Online poll",729,0.573170731707317,343,0.426829268292683,255,232,52,72,2,2,232
"--",2016-10-18,2016-10-17,2016-10-19,"Rasmussen","Likely Voters","Other",1500,0.481927710843373,600,0.518072289156627,645,232,52,109,3,2,232
"--",2016-10-18,2016-10-17,2016-10-20,"ARG","Likely Voters","Live phone component",1006,0.538461538461538,493,0.461538461538462,423,232,52,7,1,2,232
"--",2016-10-19,2016-10-19,2016-10-20,"Politico","Likely Voters","Online poll",1395,0.538461538461538,586,0.461538461538462,502,233,52,99,2,2,233
"--",2016-10-20,2016-10-18,2016-10-23,"IBD","Likely Voters","Live phone component",815,0.5,334,0.5,334,234,52,61,1,2,234
"--",2016-10-20,2016-10-18,2016-10-23,"Centre College","Likely Voters","Live phone component",569,0.529411764705882,256,0.470588235294118,228,234,52,18,1,2,234
"--",2016-10-20,2016-10-20,2016-10-21,"PPP","Likely Voters","Other",990,0.534883720930233,455,0.465116279069767,396,234,52,102,3,2,234
"--",2016-10-20,2016-10-17,2016-10-23,"NBC","Likely Voters","Online poll",32225,0.528735632183908,14824,0.471264367816092,13212,234,52,90,2,2,234
"--",2016-10-20,2016-10-17,2016-10-23,"UPI","Likely Voters","Online poll",1414,0.520833333333333,707,0.479166666666667,650,234,52,144,2,2,234
"--",2016-10-21,2016-10-20,2016-10-22,"Lucid","Likely Voters","Online poll",884,0.5375,380,0.4625,327,235,52,72,2,2,235
"--",2016-10-21,2016-10-20,2016-10-23,"CNN","Likely Voters","Live phone component",779,0.526881720430108,382,0.473118279569892,343,235,52,25,1,2,235
"--",2016-10-22,2016-10-20,2016-10-24,"Ipsos","Likely Voters","Online poll",1170,0.5375,503,0.4625,433,236,52,65,2,2,236
"--",2016-10-22,2016-10-20,2016-10-24,"Suffolk","Likely Voters","Live phone component",1000,0.552941176470588,470,0.447058823529412,380,236,52,126,1,2,236
"--",2016-10-22,2016-10-20,2016-10-24,"Rasmussen","Likely Voters","Other",1500,0.505882352941176,645,0.494117647058824,630,236,52,109,3,2,236
"--",2016-10-22,2016-10-21,2016-10-24,"GQR","Likely Voters","Live phone component",900,0.568181818181818,450,0.431818181818182,342,236,52,51,1,2,236
"--",2016-10-22,2016-10-20,2016-10-24,"AP","Likely Voters","Online poll",1212,0.579545454545455,618,0.420454545454545,448,236,52,6,2,2,236
"--",2016-10-22,2016-10-21,2016-10-24,"ABC","Likely Voters","Live phone component",1119,0.550561797752809,548,0.449438202247191,448,236,52,1,1,2,236
"--",2016-10-22,2016-10-20,2016-10-25,"Pew","Registered Voters","Live phone component",2120,0.534883720930233,975,0.465116279069767,848,236,52,98,1,3,236
"--",2016-10-23,2016-10-22,2016-10-25,"FOX","Likely Voters","Live phone component",1221,0.517647058823529,537,0.482352941176471,501,237,52,44,1,2,237
"--",2016-10-23,2016-10-22,2016-10-25,"ABC","Likely Voters","Live phone component",1135,0.533333333333333,545,0.466666666666667,477,237,52,1,1,2,237
"--",2016-10-24,2016-10-22,2016-10-26,"Saint Leo University","Likely Voters","Online poll",1050,0.569620253164557,472,0.430379746835443,357,238,52,116,2,2,238
"--",2016-10-24,2016-10-23,2016-10-25,"Lucid","Likely Voters","Online poll",875,0.524390243902439,376,0.475609756097561,341,238,52,72,2,2,238
"--",2016-10-24,2016-10-22,2016-10-26,"YouGov","Likely Voters","Online poll",1209,0.528735632183908,556,0.471264367816092,496,238,52,154,2,2,238
"AK",2016-08-20,2016-08-09,2016-09-01,"Washington Post","Registered Voters","Online poll",989,0.449275362318841,307,0.550724637681159,376,173,1,149,2,3,173
"AK",2016-08-28,2016-08-27,2016-08-29,"Moore","Likely Voters","Live phone component",500,0.426470588235294,145,0.573529411764706,195,181,1,84,1,2,181
"AK",2016-09-14,2016-09-13,2016-09-15,"Moore","Likely Voters","Live phone component",500,0.442857142857143,155,0.557142857142857,195,198,1,84,1,2,198
"AK",2016-09-25,2016-09-19,2016-10-02,"UPI","Likely Voters","Online poll",457,0.421052631578947,183,0.578947368421053,251,209,1,144,2,2,209
"AK",2016-09-30,2016-09-28,2016-10-02,"Alaska Survey Research","Registered Voters","Live phone component",660,0.462686567164179,205,0.537313432835821,238,214,1,3,1,3,214
"AK",2016-10-05,2016-10-05,2016-10-06,"Moore","Likely Voters","Live phone component",500,0.47887323943662,170,0.52112676056338,185,219,1,84,1,2,219
"AK",2016-10-12,2016-10-09,2016-10-16,"UPI","Likely Voters","Online poll",304,0.431578947368421,125,0.568421052631579,164,226,1,144,2,2,226
"AK",2016-10-21,2016-10-18,2016-10-24,"SurveyMonkey","Likely Voters","Online poll",443,0.402597402597403,137,0.597402597402597,204,235,1,127,2,2,235
"AK",2016-10-23,2016-10-21,2016-10-26,"Craciun Research","Likely Voters","Live phone component",400,0.522222222222222,188,0.477777777777778,172,237,1,26,1,2,237
"AL",2016-08-20,2016-08-09,2016-09-01,"Washington Post","Registered Voters","Online poll",958,0.369047619047619,297,0.630952380952381,508,173,2,149,2,3,173
"AL",2016-09-12,2016-09-02,2016-09-22,"Ipsos","Likely Voters","Online poll",648,0.423913043478261,253,0.576086956521739,343,196,2,65,2,2,196
"AL",2016-09-25,2016-09-19,2016-10-02,"UPI","Likely Voters","Online poll",545,0.378947368421053,196,0.621052631578947,322,209,2,144,2,2,209
"AL",2016-10-03,2016-09-23,2016-10-13,"Ipsos","Likely Voters","Online poll",550,0.41304347826087,209,0.58695652173913,297,217,2,65,2,2,217
"AL",2016-10-12,2016-10-09,2016-10-16,"UPI","Likely Voters","Online poll",327,0.4,124,0.6,186,226,2,144,2,2,226
"AL",2016-10-21,2016-10-18,2016-10-24,"SurveyMonkey","Likely Voters","Online poll",415,0.409090909090909,149,0.590909090909091,216,235,2,127,2,2,235
"AR",2016-06-21,2016-06-21,2016-06-21,"Hendrix College","Registered Voters","Other",751,0.433734939759036,270,0.566265060240964,353,113,3,57,3,3,113
"AR",2016-08-20,2016-08-09,2016-09-01,"Washington Post","Registered Voters","Online poll",765,0.44578313253012,283,0.55421686746988,352,173,3,149,2,3,173
"AR",2016-09-12,2016-09-02,2016-09-22,"Ipsos","Likely Voters","Online poll",433,0.455555555555556,178,0.544444444444444,212,196,3,65,2,2,196
"AR",2016-09-25,2016-09-19,2016-10-02,"UPI","Likely Voters","Online poll",483,0.378947368421053,174,0.621052631578947,285,209,3,144,2,2,209
"AR",2016-10-03,2016-09-23,2016-10-13,"Ipsos","Likely Voters","Online poll",495,0.409090909090909,178,0.590909090909091,257,217,3,65,2,2,217
"AR",2016-10-12,2016-10-09,2016-10-16,"UPI","Likely Voters","Online poll",323,0.389473684210526,120,0.610526315789474,187,226,3,144,2,2,226
"AR",2016-10-21,2016-10-18,2016-10-25,"U of Arkansas","Likely Voters","Live phone component",585,0.378048780487805,181,0.621951219512195,298,235,3,135,1,2,235
"AR",2016-10-21,2016-10-18,2016-10-24,"SurveyMonkey","Likely Voters","Online poll",498,0.379310344827586,164,0.620689655172414,269,235,3,127,2,2,235
"AZ",2016-03-09,2016-03-07,2016-03-11,"Merrill","Likely Voters","Live phone component",701,0.5,266,0.5,266,9,4,81,1,2,9
"AZ",2016-04-07,2016-04-04,2016-04-11,"Behavior Research Center","Registered Voters","Live phone component",564,0.545454545454545,237,0.454545454545455,197,38,4,13,1,3,38
"AZ",2016-05-14,2016-05-13,2016-05-15,"PPP","Likely Voters","Other",896,0.487179487179487,340,0.512820512820513,358,75,4,102,3,2,75
"AZ",2016-06-15,2016-06-11,2016-06-20,"GQR","Likely Voters","Live phone component",300,0.464285714285714,117,0.535714285714286,135,107,4,51,1,2,107
"AZ",2016-06-20,2016-06-20,2016-06-20,"OH Predictive Insights","Likely Voters","Other",1060,0.528089887640449,498,0.471910112359551,445,112,4,94,3,2,112
"AZ",2016-06-22,2016-06-22,2016-06-23,"PPP","Likely Voters","Other",691,0.476190476190476,276,0.523809523809524,304,114,4,102,3,2,114
"AZ",2016-08-03,2016-08-02,2016-08-05,"CBS","Likely Voters","Online poll",1095,0.488372093023256,460,0.511627906976744,482,156,4,17,2,2,156
"AZ",2016-08-20,2016-08-18,2016-08-23,"CNN","Likely Voters","Live phone component",809,0.457831325301205,307,0.542168674698795,364,173,4,25,1,2,173
"AZ",2016-08-20,2016-08-09,2016-09-01,"Washington Post","Registered Voters","Online poll",2026,0.486842105263158,750,0.513157894736842,790,173,4,149,2,3,173
"AZ",2016-08-24,2016-08-17,2016-08-31,"Arizona Republic","Likely Voters","Live phone component",704,0.507246376811594,246,0.492753623188406,239,177,4,8,1,2,177
"AZ",2016-08-26,2016-08-25,2016-08-27,"OH Predictive Insights","Likely Voters","Live phone component",728,0.506329113924051,291,0.493670886075949,284,179,4,94,1,2,179
"AZ",2016-08-27,2016-08-26,2016-08-28,"PPP","Likely Voters","Other",837,0.48314606741573,360,0.51685393258427,385,180,4,102,3,2,180
"AZ",2016-09-07,2016-09-06,2016-09-08,"NBC","Likely Voters","Live phone component",649,0.487179487179487,247,0.512820512820513,260,191,4,90,1,2,191
"AZ",2016-09-12,2016-09-02,2016-09-22,"Ipsos","Likely Voters","Online poll",665,0.466666666666667,279,0.533333333333333,319,196,4,65,2,2,196
"AZ",2016-09-13,2016-09-12,2016-09-14,"Insights West","Likely Voters","Online poll",484,0.471428571428571,160,0.528571428571429,179,197,4,64,2,2,197
"AZ",2016-09-21,2016-09-20,2016-09-22,"Data Orbital","Likely Voters","Live phone component",550,0.487179487179487,209,0.512820512820513,220,205,4,29,1,2,205
"AZ",2016-09-25,2016-09-19,2016-10-02,"UPI","Likely Voters","Online poll",556,0.446808510638298,234,0.553191489361702,289,209,4,144,2,2,209
"AZ",2016-09-29,2016-09-28,2016-09-30,"OH Predictive Insights","Likely Voters","Live phone component",718,0.5,302,0.5,302,213,4,94,1,2,213
"AZ",2016-10-03,2016-09-23,2016-10-13,"Ipsos","Likely Voters","Online poll",1665,0.464285714285714,649,0.535714285714286,749,217,4,65,2,2,217
"AZ",2016-10-11,2016-10-11,2016-10-12,"Data Orbital","Likely Voters","Live phone component",550,0.505882352941176,236,0.494117647058824,231,225,4,29,1,2,225
"AZ",2016-10-12,2016-10-10,2016-10-15,"Arizona Republic","Likely Voters","Live phone component",713,0.530864197530864,307,0.469135802469136,271,226,4,8,1,2,226
"AZ",2016-10-12,2016-10-08,2016-10-16,"Washington Post","Likely Voters","Online poll",1028,0.482352941176471,421,0.517647058823529,452,226,4,149,2,2,226
"AZ",2016-10-12,2016-10-09,2016-10-16,"UPI","Likely Voters","Online poll",355,0.463157894736842,156,0.536842105263158,181,226,4,144,2,2,226
"AZ",2016-10-14,2016-10-14,2016-10-14,"HighGround","Likely Voters","Live phone component",400,0.513157894736842,156,0.486842105263158,148,228,4,59,1,2,228
"AZ",2016-10-17,2016-10-17,2016-10-18,"Data Orbital","Likely Voters","Live phone component",550,0.5,226,0.5,226,231,4,29,1,2,231
"AZ",2016-10-21,2016-10-18,2016-10-24,"SurveyMonkey","Likely Voters","Online poll",1550,0.493975903614458,636,0.506024096385542,651,235,4,127,2,2,235
"AZ",2016-10-22,2016-10-21,2016-10-24,"Monmouth University","Likely Voters","Live phone component",401,0.494505494505495,180,0.505494505494505,184,236,4,83,1,2,236
"AZ",2016-10-23,2016-10-22,2016-10-24,"Saguaro","Likely Voters","Online poll",2385,0.51063829787234,1145,0.48936170212766,1097,237,4,115,2,2,237
"CA",2016-03-19,2016-03-16,2016-03-23,"USC","Likely Voters","Live phone component",1202,0.655172413793103,685,0.344827586206897,361,19,5,145,1,2,19
"CA",2016-03-29,2016-03-24,2016-04-04,"Field","Registered Voters","Live phone component",1400,0.655555555555556,826,0.344444444444444,434,29,5,41,1,3,29
"CA",2016-04-01,2016-03-30,2016-04-03,"SurveyUSA","Likely Voters","Other",1507,0.697674418604651,904,0.302325581395349,392,32,5,128,3,2,32
"CA",2016-04-28,2016-04-27,2016-04-30,"SurveyUSA","Likely Voters","Other",1683,0.622222222222222,942,0.377777777777778,572,59,5,128,3,2,59
"CA",2016-05-10,2016-05-04,2016-05-16,"YouGov","Likely Voters","Online poll",1196,0.576923076923077,538,0.423076923076923,395,71,5,154,2,2,71
"CA",2016-05-17,2016-05-13,2016-05-22,"PPIC","Likely Voters","Live phone component",996,0.556818181818182,488,0.443181818181818,388,78,5,101,1,2,78
"CA",2016-05-20,2016-05-19,2016-05-22,"SurveyUSA","Likely Voters","Other",1383,0.577777777777778,719,0.422222222222222,526,81,5,128,3,2,81
"CA",2016-05-25,2016-05-19,2016-05-31,"USC","Likely Voters","Live phone component",1150,0.620689655172414,621,0.379310344827586,380,86,5,145,1,2,86
"CA",2016-05-28,2016-05-26,2016-05-31,"Field","Likely Voters","Live phone component",1002,0.609195402298851,531,0.390804597701149,341,89,5,41,1,2,89
"CA",2016-05-30,2016-05-29,2016-05-31,"NBC","Registered Voters","Live phone component",1833,0.63953488372093,1008,0.36046511627907,568,91,5,90,1,3,91
"CA",2016-06-01,2016-05-31,2016-06-03,"CBS","Likely Voters","Online poll",1187,0.592592592592593,570,0.407407407407407,392,93,5,17,2,2,93
"CA",2016-06-09,2016-06-09,2016-06-10,"SurveyMonkey","Likely Voters","Live phone component",1264,0.658536585365854,683,0.341463414634146,354,101,5,127,1,2,101
"CA",2016-06-20,2016-06-08,2016-07-02,"Field","Likely Voters","Live phone component",956,0.657894736842105,478,0.342105263157895,249,112,5,41,1,2,112
"CA",2016-07-14,2016-07-10,2016-07-19,"PPIC","Likely Voters","Live phone component",1056,0.605263157894737,486,0.394736842105263,317,136,5,101,1,2,136
"CA",2016-08-20,2016-08-09,2016-09-01,"Washington Post","Registered Voters","Online poll",2574,0.636363636363636,1261,0.363636363636364,721,173,5,149,2,3,173
"CA",2016-09-04,2016-09-01,2016-09-08,"SurveyMonkey","Registered Voters","Online poll",4212,0.628205128205128,2064,0.371794871794872,1221,188,5,127,2,3,188
"CA",2016-09-09,2016-09-08,2016-09-11,"SurveyUSA","Likely Voters","Other",678,0.640449438202247,386,0.359550561797753,217,193,5,128,3,2,193
"CA",2016-09-10,2016-09-07,2016-09-13,"Field","Likely Voters","Online poll",1426,0.602409638554217,713,0.397590361445783,471,194,5,41,2,2,194
"CA",2016-09-12,2016-09-02,2016-09-22,"Ipsos","Likely Voters","Online poll",1468,0.681818181818182,881,0.318181818181818,411,196,5,65,2,2,196
"CA",2016-09-13,2016-09-09,2016-09-18,"PPIC","Likely Voters","Live phone component",1045,0.602564102564103,491,0.397435897435897,324,197,5,101,1,2,197
"CA",2016-09-13,2016-09-12,2016-09-14,"Insights West","Likely Voters","Online poll",515,0.655172413793103,294,0.344827586206897,154,197,5,64,2,2,197
"CA",2016-09-25,2016-09-19,2016-10-02,"UPI","Likely Voters","Online poll",992,0.59375,565,0.40625,387,209,5,144,2,2,209
"CA",2016-09-27,2016-09-27,2016-09-28,"SurveyUSA","Likely Voters","Other",732,0.641304347826087,432,0.358695652173913,242,211,5,128,3,2,211
"CA",2016-10-03,2016-09-23,2016-10-13,"Ipsos","Likely Voters","Online poll",1196,0.75,789,0.25,263,217,5,65,2,2,217
"CA",2016-10-10,2016-10-07,2016-10-13,"Sacramento State","Likely Voters","Online poll",622,0.709302325581395,379,0.290697674418605,156,224,5,114,2,2,224
"CA",2016-10-12,2016-10-09,2016-10-16,"UPI","Likely Voters","Online poll",483,0.610526315789474,280,0.389473684210526,179,226,5,144,2,2,226
"CA",2016-10-14,2016-10-13,2016-10-15,"SurveyUSA","Likely Voters","Other",725,0.651162790697674,406,0.348837209302326,218,228,5,128,3,2,228
"CA",2016-10-18,2016-10-14,2016-10-23,"PPIC","Likely Voters","Live phone component",1012,0.658536585365854,546,0.341463414634146,283,232,5,101,1,2,232
"CA",2016-10-21,2016-10-18,2016-10-24,"SurveyMonkey","Likely Voters","Online poll",1923,0.635294117647059,1038,0.364705882352941,596,235,5,127,2,2,235
"CO",2016-06-22,2016-06-21,2016-06-24,"CBS","Likely Voters","Online poll",996,0.506329113924051,398,0.493670886075949,388,114,6,17,2,2,114
"CO",2016-07-07,2016-07-07,2016-07-08,"Gravis Marketing","Registered Voters","Other",1313,0.506493506493506,512,0.493506493506494,499,129,6,52,3,3,129
"CO",2016-07-08,2016-07-07,2016-07-09,"Harper","Likely Voters","Live phone component",500,0.542168674698795,225,0.457831325301205,190,130,6,55,1,2,130
"CO",2016-07-08,2016-07-05,2016-07-11,"NBC","Registered Voters","Live phone component",794,0.541666666666667,310,0.458333333333333,262,130,6,90,1,3,130
"CO",2016-07-10,2016-07-09,2016-07-12,"Monmouth University","Likely Voters","Live phone component",404,0.578313253012048,194,0.421686746987952,141,132,6,83,1,2,132
"CO",2016-07-10,2016-07-09,2016-07-12,"FOX","Registered Voters","Live phone component",600,0.569230769230769,222,0.430769230769231,168,132,6,44,1,3,132
"CO",2016-08-07,2016-08-04,2016-08-10,"NBC","Registered Voters","Live phone component",899,0.585714285714286,369,0.414285714285714,261,160,6,90,1,3,160
"CO",2016-08-12,2016-08-09,2016-08-16,"Quinnipiac","Likely Voters","Live phone component",830,0.554054054054054,340,0.445945945945946,274,165,6,106,1,2,165
"CO",2016-08-20,2016-08-09,2016-09-01,"Washington Post","Registered Voters","Online poll",2428,0.5,898,0.5,898,173,6,149,2,3,173
"CO",2016-08-30,2016-08-29,2016-08-31,"Magellan","Likely Voters","Live phone component",500,0.532467532467532,205,0.467532467532468,180,183,6,73,1,2,183
"CO",2016-09-12,2016-09-02,2016-09-22,"Ipsos","Likely Voters","Online poll",534,0.488372093023256,224,0.511627906976744,235,196,6,65,2,2,196
"CO",2016-09-16,2016-09-14,2016-09-18,"Franklin and Marshall College","Likely Voters","Live phone component",350,0.546666666666667,144,0.453333333333333,119,200,6,45,1,2,200
"CO",2016-09-17,2016-09-13,2016-09-21,"Quinnipiac","Likely Voters","Live phone component",644,0.511627906976744,283,0.488372093023256,270,201,6,106,1,2,201
"CO",2016-09-22,2016-09-21,2016-09-23,"CBS","Likely Voters","Online poll",991,0.506329113924051,396,0.493670886075949,386,206,6,17,2,2,206
"CO",2016-09-22,2016-09-20,2016-09-25,"CNN","Likely Voters","Live phone component",784,0.493975903614458,321,0.506024096385542,329,206,6,25,1,2,206
"CO",2016-09-25,2016-09-19,2016-10-02,"UPI","Likely Voters","Online poll",553,0.505263157894737,265,0.494736842105263,260,209,6,144,2,2,209
"CO",2016-09-27,2016-09-27,2016-09-28,"PPP","Likely Voters","Other",694,0.534883720930233,319,0.465116279069767,278,211,6,102,3,2,211
"CO",2016-09-28,2016-09-27,2016-09-29,"Keating","Likely Voters","Live phone component",602,0.571428571428571,265,0.428571428571429,199,212,6,68,1,2,212
"CO",2016-09-30,2016-09-29,2016-10-02,"Monmouth University","Likely Voters","Live phone component",400,0.563218390804598,196,0.436781609195402,152,214,6,83,1,2,214
"CO",2016-10-03,2016-09-23,2016-10-13,"Ipsos","Likely Voters","Online poll",695,0.534090909090909,327,0.465909090909091,285,217,6,65,2,2,217
"CO",2016-10-03,2016-10-03,2016-10-04,"Gravis Marketing","Registered Voters","Other",1246,0.5,498,0.5,498,217,6,52,3,3,217
"CO",2016-10-12,2016-10-12,2016-10-13,"Magellan","Likely Voters","Live phone component",500,0.533333333333333,200,0.466666666666667,175,226,6,73,1,2,226
"CO",2016-10-12,2016-10-08,2016-10-16,"Washington Post","Likely Voters","Online poll",956,0.54320987654321,421,0.45679012345679,354,226,6,149,2,2,226
"CO",2016-10-12,2016-10-09,2016-10-16,"UPI","Likely Voters","Online poll",336,0.526315789473684,168,0.473684210526316,151,226,6,144,2,2,226
"CO",2016-10-12,2016-10-12,2016-10-13,"Gravis Marketing","Registered Voters","Other",1226,0.530120481927711,539,0.469879518072289,478,226,6,52,3,3,226
"CO",2016-10-13,2016-10-10,2016-10-16,"Quinnipiac","Likely Voters","Live phone component",685,0.548780487804878,308,0.451219512195122,253,227,6,106,1,2,227
"CO",2016-10-20,2016-10-17,2016-10-24,"U Colorado Boulder","Adults","Online poll",1004,0.564102564102564,442,0.435897435897436,341,234,6,134,2,1,234
"CO",2016-10-21,2016-10-18,2016-10-24,"SurveyMonkey","Likely Voters","Online poll",1595,0.536585365853659,702,0.463414634146341,606,235,6,127,2,2,235
"CO",2016-10-21,2016-10-20,2016-10-22,"Remington Research Group","Likely Voters","Live phone component",1581,0.511363636363636,711,0.488636363636364,680,235,6,110,1,2,235
"CT",2016-04-10,2016-04-10,2016-04-11,"Emerson College Polling Society","Likely Voters","Other",1043,0.545454545454545,501,0.454545454545455,417,41,7,37,3,2,41
"CT",2016-06-03,2016-06-01,2016-06-05,"Quinnipiac","Registered Voters","Live phone component",1030,0.542168674698795,464,0.457831325301205,391,95,7,106,1,3,95
"CT",2016-08-20,2016-08-09,2016-09-01,"Washington Post","Registered Voters","Online poll",1053,0.571428571428571,463,0.428571428571429,347,173,7,149,2,3,173
"CT",2016-09-12,2016-09-02,2016-09-22,"Ipsos","Likely Voters","Online poll",662,0.55952380952381,311,0.44047619047619,245,196,7,65,2,2,196
"CT",2016-09-25,2016-09-19,2016-10-02,"UPI","Likely Voters","Online poll",520,0.556701030927835,281,0.443298969072165,224,209,7,144,2,2,209
"CT",2016-10-03,2016-09-23,2016-10-13,"Ipsos","Likely Voters","Online poll",741,0.595505617977528,393,0.404494382022472,267,217,7,65,2,2,217
"CT",2016-10-12,2016-10-09,2016-10-16,"UPI","Likely Voters","Online poll",326,0.56701030927835,179,0.43298969072165,137,226,7,144,2,2,226
"CT",2016-10-21,2016-10-18,2016-10-24,"SurveyMonkey","Likely Voters","Online poll",515,0.581395348837209,258,0.418604651162791,185,235,7,127,2,2,235
"DE",2016-07-22,2016-07-20,2016-07-24,"Fairleigh Dickinson","Registered Voters","Live phone component",715,0.567567567567568,300,0.432432432432432,229,144,9,39,1,3,144
"DE",2016-08-20,2016-08-09,2016-09-01,"Washington Post","Registered Voters","Online poll",637,0.565789473684211,274,0.434210526315789,210,173,9,149,2,3,173
"DE",2016-09-22,2016-09-16,2016-09-28,"University of Delaware","Likely Voters","Live phone component",762,0.62962962962963,389,0.37037037037037,229,206,9,140,1,2,206
"DE",2016-09-25,2016-09-19,2016-10-02,"UPI","Likely Voters","Online poll",475,0.556701030927835,256,0.443298969072165,204,209,9,144,2,2,209
"DE",2016-10-12,2016-10-09,2016-10-16,"UPI","Likely Voters","Online poll",315,0.571428571428571,176,0.428571428571429,132,226,9,144,2,2,226
"DE",2016-10-21,2016-10-18,2016-10-24,"SurveyMonkey","Likely Voters","Online poll",528,0.604651162790698,275,0.395348837209302,180,235,9,127,2,2,235
"FL",2016-03-04,2016-03-02,2016-03-06,"CNN","Registered Voters","Live phone component",854,0.537634408602151,427,0.462365591397849,367,4,10,25,1,3,4
"FL",2016-03-05,2016-03-04,2016-03-06,"SurveyUSA","Likely Voters","Other",1961,0.49438202247191,863,0.50561797752809,882,5,10,128,3,2,5
"FL",2016-03-07,2016-03-04,2016-03-10,"NBC","Registered Voters","Live phone component",2422,0.544444444444444,1187,0.455555555555556,993,7,10,90,1,3,7
"FL",2016-04-26,2016-04-25,2016-04-27,"Associated Industries of Florida","Likely Voters","Live phone component",604,0.576470588235294,296,0.423529411764706,217,57,10,9,1,2,57
"FL",2016-05-02,2016-04-27,2016-05-08,"Quinnipiac","Registered Voters","Live phone component",1051,0.505882352941176,452,0.494117647058824,441,63,10,106,1,3,63
"FL",2016-05-17,2016-05-16,2016-05-19,"CBS","Likely Voters","Online poll",995,0.505882352941176,428,0.494117647058824,418,78,10,17,2,2,78
"FL",2016-05-17,2016-05-17,2016-05-18,"Gravis Marketing","Registered Voters","Other",2542,0.522727272727273,1169,0.477272727272727,1068,78,10,52,3,3,78
"FL",2016-06-01,2016-05-31,2016-06-02,"Mason","Registered Voters","Live phone component",625,0.517241379310345,281,0.482758620689655,262,93,10,76,1,3,93
"FL",2016-06-03,2016-06-02,2016-06-05,"PPP","Likely Voters","Other",737,0.493827160493827,295,0.506172839506173,302,95,10,102,3,2,95
"FL",2016-06-13,2016-06-08,2016-06-19,"Quinnipiac","Registered Voters","Live phone component",975,0.538461538461538,410,0.461538461538462,351,105,10,106,1,3,105
"FL",2016-06-15,2016-06-11,2016-06-20,"GQR","Likely Voters","Live phone component",300,0.563218390804598,147,0.436781609195402,114,107,10,51,1,2,107
"FL",2016-06-22,2016-06-21,2016-06-24,"CBS","Likely Voters","Online poll",1192,0.517647058823529,524,0.482352941176471,489,114,10,17,2,2,114
"FL",2016-06-26,2016-06-25,2016-06-27,"SurveyUSA","Likely Voters","Other",1678,0.522727272727273,772,0.477272727272727,705,118,10,128,3,2,118
"FL",2016-06-27,2016-06-26,2016-06-28,"Onmessage","Likely Voters","Live phone component",800,0.489130434782609,360,0.510869565217391,376,119,10,95,1,2,119
"FL",2016-06-27,2016-06-27,2016-06-28,"Gravis Marketing","Registered Voters","Other",1619,0.478723404255319,729,0.521276595744681,793,119,10,52,3,3,119
"FL",2016-07-05,2016-06-30,2016-07-11,"Quinnipiac","Registered Voters","Live phone component",1015,0.467532467532468,365,0.532467532467532,416,127,10,106,1,3,127
"FL",2016-07-08,2016-07-06,2016-07-10,"GQR","Likely Voters","Live phone component",1100,0.529411764705882,495,0.470588235294118,440,130,10,51,1,2,130
"FL",2016-07-08,2016-07-05,2016-07-11,"NBC","Registered Voters","Live phone component",871,0.532467532467532,357,0.467532467532468,314,130,10,90,1,3,130
"FL",2016-07-09,2016-07-09,2016-07-10,"JMC Analytics","Likely Voters","Other",700,0.471910112359551,294,0.528089887640449,329,131,10,66,3,2,131
"FL",2016-08-02,2016-08-01,2016-08-03,"Suffolk","Likely Voters","Live phone component",500,0.524390243902439,215,0.475609756097561,195,155,10,126,1,2,155
"FL",2016-08-03,2016-07-30,2016-08-07,"Quinnipiac","Likely Voters","Live phone component",1056,0.5,454,0.5,454,156,10,106,1,2,156
"FL",2016-08-07,2016-08-04,2016-08-10,"NBC","Registered Voters","Live phone component",862,0.532467532467532,353,0.467532467532468,310,160,10,90,1,3,160
"FL",2016-08-10,2016-08-10,2016-08-10,"Opinion Savvy","Likely Voters","Other",622,0.50561797752809,280,0.49438202247191,274,163,10,96,3,2,163
"FL",2016-08-11,2016-08-10,2016-08-12,"CBS","Likely Voters","Online poll",1194,0.529411764705882,537,0.470588235294118,478,164,10,17,2,2,164
"FL",2016-08-13,2016-08-12,2016-08-15,"Monmouth University","Likely Voters","Live phone component",402,0.551724137931034,193,0.448275862068966,157,166,10,83,1,2,166
"FL",2016-08-16,2016-08-14,2016-08-18,"Saint Leo University","Likely Voters","Online poll",1380,0.577777777777778,718,0.422222222222222,524,169,10,116,2,2,169
"FL",2016-08-19,2016-08-17,2016-08-22,"Cherry","Likely Voters","Live phone component",608,0.482352941176471,249,0.517647058823529,268,172,10,19,1,2,172
"FL",2016-08-20,2016-08-09,2016-09-01,"Washington Post","Registered Voters","Online poll",3287,0.51219512195122,1381,0.48780487804878,1315,173,10,149,2,3,173
"FL",2016-08-21,2016-08-18,2016-08-24,"ICITIZEN","Registered Voters","Online poll",600,0.531645569620253,252,0.468354430379747,222,174,10,62,2,3,174
"FL",2016-09-02,2016-08-29,2016-09-07,"Quinnipiac","Likely Voters","Live phone component",761,0.5,327,0.5,327,186,10,106,1,2,186
"FL",2016-09-05,2016-09-04,2016-09-06,"PPP","Likely Voters","Other",744,0.494252873563218,320,0.505747126436782,327,189,10,102,3,2,189
"FL",2016-09-08,2016-09-07,2016-09-09,"CBS","Likely Voters","Online poll",1193,0.511627906976744,525,0.488372093023256,501,192,10,17,2,2,192
"FL",2016-09-09,2016-09-07,2016-09-12,"CNN","Likely Voters","Live phone component",788,0.483516483516484,347,0.516483516483517,370,193,10,25,1,2,193
"FL",2016-09-12,2016-09-10,2016-09-14,"NYT Upshot","Likely Voters","Live phone component",867,0.506172839506173,355,0.493827160493827,347,196,10,93,1,2,196
"FL",2016-09-12,2016-09-02,2016-09-22,"Ipsos","Likely Voters","Online poll",1167,0.521276595744681,572,0.478723404255319,525,196,10,65,2,2,196
"FL",2016-09-13,2016-09-10,2016-09-16,"Saint Leo University","Likely Voters","Online poll",475,0.526881720430108,233,0.473118279569892,209,197,10,116,2,2,197
"FL",2016-09-17,2016-09-15,2016-09-20,"Cherry","Likely Voters","Live phone component",617,0.511904761904762,265,0.488095238095238,253,201,10,19,1,2,201
"FL",2016-09-17,2016-09-16,2016-09-19,"Monmouth University","Likely Voters","Live phone component",400,0.528735632183908,184,0.471264367816092,164,201,10,83,1,2,201
"FL",2016-09-20,2016-09-19,2016-09-21,"Suffolk","Likely Voters","Live phone component",500,0.49438202247191,220,0.50561797752809,225,204,10,126,1,2,204
"FL",2016-09-25,2016-09-19,2016-10-02,"UPI","Likely Voters","Online poll",785,0.494623655913978,361,0.505376344086022,369,209,10,144,2,2,209
"FL",2016-09-27,2016-09-27,2016-09-28,"PPP","Likely Voters","Other",826,0.511363636363636,372,0.488636363636364,355,211,10,102,3,2,211
"FL",2016-09-28,2016-09-27,2016-09-29,"Mason","Likely Voters","Live phone component",820,0.522727272727273,377,0.477272727272727,344,212,10,76,1,2,212
"FL",2016-09-28,2016-09-28,2016-09-29,"Opinion Savvy","Likely Voters","Other",619,0.505376344086022,291,0.494623655913978,285,212,10,96,3,2,212
"FL",2016-09-29,2016-09-27,2016-10-02,"Quinnipiac","Likely Voters","Live phone component",545,0.528735632183908,251,0.471264367816092,223,213,10,106,1,2,213
"FL",2016-09-30,2016-09-27,2016-10-04,"UNF","Likely Voters","Live phone component",686,0.518987341772152,281,0.481012658227848,261,214,10,138,1,2,214
"FL",2016-10-03,2016-09-23,2016-10-13,"Ipsos","Likely Voters","Online poll",1799,0.533333333333333,864,0.466666666666667,756,217,10,65,2,2,217
"FL",2016-10-04,2016-10-03,2016-10-05,"NBC","Likely Voters","Live phone component",700,0.517241379310345,315,0.482758620689655,294,218,10,90,1,2,218
"FL",2016-10-07,2016-10-05,2016-10-09,"Florida Atlantic University","Likely Voters","Other",500,0.532608695652174,245,0.467391304347826,215,221,10,42,3,2,221
"FL",2016-10-10,2016-10-10,2016-10-11,"Opinion Savvy","Likely Voters","Other",533,0.516483516483517,251,0.483516483516484,235,224,10,96,3,2,224
"FL",2016-10-12,2016-10-08,2016-10-16,"Washington Post","Likely Voters","Online poll",1702,0.488636363636364,732,0.511363636363636,766,226,10,149,2,2,226
"FL",2016-10-12,2016-10-12,2016-10-13,"PPP","Likely Voters","Other",985,0.522727272727273,453,0.477272727272727,414,226,10,102,3,2,226
"FL",2016-10-12,2016-10-09,2016-10-16,"UPI","Likely Voters","Online poll",401,0.515789473684211,196,0.484210526315789,184,226,10,144,2,2,226
"FL",2016-10-12,2016-10-11,2016-10-13,"Gravis Marketing","Registered Voters","Other",1799,0.522727272727273,828,0.477272727272727,756,226,10,52,3,3,226
"FL",2016-10-13,2016-10-10,2016-10-16,"Quinnipiac","Likely Voters","Live phone component",660,0.521739130434783,317,0.478260869565217,290,227,10,106,1,2,227
"FL",2016-10-17,2016-10-17,2016-10-18,"Lucid","Likely Voters","Online poll",892,0.535714285714286,401,0.464285714285714,348,231,10,72,2,2,231
"FL",2016-10-20,2016-10-20,2016-10-21,"CBS","Likely Voters","Online poll",1042,0.51685393258427,479,0.48314606741573,448,234,10,17,2,2,234
"FL",2016-10-20,2016-10-20,2016-10-20,"Opinion Savvy","Likely Voters","Other",538,0.521276595744681,264,0.478723404255319,242,234,10,96,3,2,234
"FL",2016-10-21,2016-10-18,2016-10-24,"SurveyMonkey","Likely Voters","Online poll",2765,0.516483516483517,1300,0.483516483516484,1217,235,10,127,2,2,235
"FL",2016-10-21,2016-10-20,2016-10-22,"Remington Research Group","Likely Voters","Live phone component",1646,0.5,757,0.5,757,235,10,110,1,2,235
"FL",2016-10-22,2016-10-20,2016-10-25,"UNF","Likely Voters","Live phone component",819,0.524390243902439,352,0.475609756097561,319,236,10,138,1,2,236
"FL",2016-10-22,2016-10-21,2016-10-24,"Bloomberg","Likely Voters","Live phone component",953,0.488636363636364,410,0.511363636363636,429,236,10,15,1,2,236
"FL",2016-10-22,2016-10-20,2016-10-24,"SurveyUSA","Likely Voters","Other",1251,0.516129032258065,600,0.483870967741935,563,236,10,128,3,2,236
"FL",2016-10-24,2016-10-22,2016-10-26,"Saint Leo University","Likely Voters","Online poll",1028,0.583333333333333,504,0.416666666666667,360,238,10,116,2,2,238
"FL",2016-10-25,2016-10-25,2016-10-26,"Dixie Strategies","Likely Voters","Live phone component",698,0.477272727272727,293,0.522727272727273,321,239,10,33,1,2,239
"FL",2016-10-25,2016-10-25,2016-10-26,"NBC","Likely Voters","Live phone component",779,0.50561797752809,351,0.49438202247191,343,239,10,90,1,2,239
"GA",2016-04-01,2016-03-31,2016-04-03,"Lake Research","Likely Voters","Live phone component",400,0.574712643678161,200,0.425287356321839,148,32,11,69,1,2,32
"GA",2016-05-05,2016-05-05,2016-05-05,"Landmark","Likely Voters","Other",570,0.493975903614458,234,0.506024096385542,239,66,11,70,3,2,66
"GA",2016-05-10,2016-05-09,2016-05-12,"Abt SRBI Inc","Registered Voters","Live phone component",822,0.476744186046512,337,0.523255813953488,370,71,11,2,1,3,71
"GA",2016-05-15,2016-05-15,2016-05-15,"Opinion Savvy","Likely Voters","Other",587,0.482352941176471,241,0.517647058823529,258,76,11,96,3,2,76
"GA",2016-05-28,2016-05-27,2016-05-30,"PPP","Likely Voters","Other",724,0.457831325301205,275,0.542168674698795,326,89,11,102,3,2,89
"GA",2016-07-24,2016-07-24,2016-07-24,"Landmark","Likely Voters","Other",500,0.49438202247191,220,0.50561797752809,225,146,11,70,3,2,146
"GA",2016-07-30,2016-07-29,2016-07-31,"SurveyUSA","Likely Voters","Other",628,0.477272727272727,264,0.522727272727273,289,152,11,128,3,2,152
"GA",2016-08-01,2016-08-01,2016-08-01,"Landmark","Likely Voters","Other",787,0.5,362,0.5,362,154,11,70,3,2,154
"GA",2016-08-02,2016-08-01,2016-08-04,"Abt SRBI Inc","Registered Voters","Live phone component",847,0.518987341772152,347,0.481012658227848,322,155,11,2,1,3,155
"GA",2016-08-06,2016-08-04,2016-08-08,"Gravis Marketing","Registered Voters","Other",1604,0.475609756097561,626,0.524390243902439,690,159,11,52,3,3,159
"GA",2016-08-11,2016-08-10,2016-08-12,"CBS","Likely Voters","Online poll",988,0.476744186046512,405,0.523255813953488,445,164,11,17,2,2,164
"GA",2016-08-17,2016-08-17,2016-08-17,"Opinion Savvy","Likely Voters","Other",730,0.5,314,0.5,314,170,11,96,3,2,170
"GA",2016-08-20,2016-08-09,2016-09-01,"Washington Post","Registered Voters","Online poll",2034,0.493670886075949,793,0.506329113924051,814,173,11,149,2,3,173
"GA",2016-09-07,2016-09-06,2016-09-08,"NBC","Likely Voters","Live phone component",625,0.488372093023256,262,0.511627906976744,275,191,11,90,1,2,191
"GA",2016-09-12,2016-09-02,2016-09-22,"Ipsos","Likely Voters","Online poll",947,0.48314606741573,407,0.51685393258427,436,196,11,65,2,2,196
"GA",2016-09-14,2016-09-14,2016-09-14,"Opinion Savvy","Likely Voters","Other",568,0.477272727272727,239,0.522727272727273,261,198,11,96,3,2,198
"GA",2016-09-16,2016-09-15,2016-09-18,"Monmouth University","Likely Voters","Live phone component",401,0.482758620689655,168,0.517241379310345,180,200,11,83,1,2,200
"GA",2016-09-17,2016-09-13,2016-09-21,"Quinnipiac","Likely Voters","Live phone component",638,0.459770114942529,255,0.540229885057471,300,201,11,106,1,2,201
"GA",2016-09-21,2016-09-21,2016-09-22,"Landmark","Likely Voters","Live phone component",600,0.477777777777778,258,0.522222222222222,282,205,11,70,1,2,205
"GA",2016-09-25,2016-09-19,2016-10-02,"UPI","Likely Voters","Online poll",626,0.452631578947368,269,0.547368421052632,326,209,11,144,2,2,209
"GA",2016-10-03,2016-09-23,2016-10-13,"Ipsos","Likely Voters","Online poll",1020,0.456521739130435,428,0.543478260869565,510,217,11,65,2,2,217
"GA",2016-10-11,2016-10-11,2016-10-12,"Landmark","Likely Voters","Live phone component",1400,0.466666666666667,588,0.533333333333333,672,225,11,70,1,2,225
"GA",2016-10-12,2016-10-08,2016-10-16,"Washington Post","Likely Voters","Online poll",886,0.523255813953488,399,0.476744186046512,363,226,11,149,2,2,226
"GA",2016-10-12,2016-10-09,2016-10-16,"UPI","Likely Voters","Online poll",351,0.478723404255319,158,0.521276595744681,172,226,11,144,2,2,226
"GA",2016-10-17,2016-10-17,2016-10-18,"Lucid","Likely Voters","Online poll",807,0.523809523809524,355,0.476190476190476,323,231,11,72,2,2,231
"GA",2016-10-18,2016-10-17,2016-10-20,"Abt SRBI Inc","Likely Voters","Live phone component",839,0.488372093023256,352,0.511627906976744,369,232,11,2,1,2,232
"GA",2016-10-20,2016-10-20,2016-10-20,"Landmark","Likely Voters","Live phone component",600,0.477777777777778,258,0.522222222222222,282,234,11,70,1,2,234
"GA",2016-10-20,2016-10-20,2016-10-20,"Opinion Savvy","Likely Voters","Other",570,0.479166666666667,262,0.520833333333333,285,234,11,96,3,2,234
"GA",2016-10-21,2016-10-18,2016-10-24,"SurveyMonkey","Likely Voters","Online poll",2235,0.483516483516484,983,0.516483516483517,1050,235,11,127,2,2,235
"GA",2016-10-23,2016-10-20,2016-10-26,"Quinnipiac","Likely Voters","Live phone component",707,0.494252873563218,304,0.505747126436782,311,237,11,106,1,2,237
"HI",2016-08-20,2016-08-09,2016-09-01,"Washington Post","Registered Voters","Online poll",546,0.671052631578947,278,0.328947368421053,136,173,12,149,2,3,173
"HI",2016-09-25,2016-09-19,2016-10-02,"UPI","Likely Voters","Online poll",461,0.653061224489796,295,0.346938775510204,157,209,12,144,2,2,209
"HI",2016-10-12,2016-10-09,2016-10-16,"UPI","Likely Voters","Online poll",312,0.663265306122449,203,0.336734693877551,103,226,12,144,2,2,226
"HI",2016-10-21,2016-10-18,2016-10-24,"SurveyMonkey","Likely Voters","Online poll",459,0.590361445783133,225,0.409638554216867,156,235,12,127,2,2,235
"IA",2016-06-11,2016-06-09,2016-06-13,"PPP","Likely Voters","Other",630,0.517647058823529,277,0.482352941176471,258,103,13,102,3,2,103
"IA",2016-06-22,2016-06-22,2016-06-23,"PPP","Likely Voters","Other",897,0.5125,368,0.4875,350,114,13,102,3,2,114
"IA",2016-06-26,2016-06-24,2016-06-28,"Loras College","Likely Voters","Live phone component",600,0.594594594594595,264,0.405405405405405,180,118,13,71,1,2,118
"IA",2016-07-07,2016-07-07,2016-07-08,"Gravis Marketing","Registered Voters","Other",1318,0.513157894736842,514,0.486842105263158,488,129,13,52,3,3,129
"IA",2016-07-07,2016-07-05,2016-07-10,"NBC","Registered Voters","Live phone component",822,0.518518518518518,345,0.481481481481481,321,129,13,90,1,3,129
"IA",2016-07-09,2016-07-08,2016-07-11,"Monmouth University","Likely Voters","Live phone component",401,0.488372093023256,168,0.511627906976744,176,131,13,83,1,2,131
"IA",2016-07-14,2016-07-13,2016-07-15,"CBS","Likely Voters","Online poll",998,0.493670886075949,389,0.506329113924051,399,136,13,17,2,2,136
"IA",2016-08-05,2016-08-03,2016-08-07,"NBC","Registered Voters","Live phone component",899,0.5,315,0.5,315,158,13,90,1,3,158
"IA",2016-08-09,2016-08-08,2016-08-10,"Suffolk","Likely Voters","Live phone component",500,0.493150684931507,180,0.506849315068493,185,162,13,126,1,2,162
"IA",2016-08-12,2016-08-09,2016-08-16,"Quinnipiac","Likely Voters","Live phone component",846,0.5125,347,0.4875,330,165,13,106,1,2,165
"IA",2016-08-18,2016-08-17,2016-08-19,"CBS","Likely Voters","Online poll",987,0.5,395,0.5,395,171,13,17,2,2,171
"IA",2016-08-20,2016-08-09,2016-09-01,"Washington Post","Registered Voters","Online poll",1875,0.473684210526316,675,0.526315789473684,750,173,13,149,2,3,173
"IA",2016-08-30,2016-08-30,2016-08-31,"PPP","Likely Voters","Other",827,0.511363636363636,372,0.488636363636364,356,183,13,102,3,2,183
"IA",2016-09-07,2016-09-06,2016-09-08,"RABA Research","Likely Voters","Other",1054,0.493670886075949,411,0.506329113924051,422,191,13,108,3,2,191
"IA",2016-09-12,2016-09-02,2016-09-22,"Ipsos","Likely Voters","Online poll",521,0.445652173913043,214,0.554347826086957,266,196,13,65,2,2,196
"IA",2016-09-13,2016-09-12,2016-09-14,"Monmouth University","Likely Voters","Live phone component",404,0.451219512195122,149,0.548780487804878,182,197,13,83,1,2,197
"IA",2016-09-17,2016-09-13,2016-09-21,"Quinnipiac","Likely Voters","Live phone component",612,0.45679012345679,226,0.54320987654321,269,201,13,106,1,2,201
"IA",2016-09-21,2016-09-20,2016-09-22,"Loras College","Likely Voters","Live phone component",491,0.5,187,0.5,187,205,13,71,1,2,205
"IA",2016-09-25,2016-09-19,2016-10-02,"UPI","Likely Voters","Online poll",491,0.494845360824742,236,0.505154639175258,241,209,13,144,2,2,209
"IA",2016-10-03,2016-09-23,2016-10-13,"Ipsos","Likely Voters","Online poll",549,0.50561797752809,247,0.49438202247191,242,217,13,65,2,2,217
"IA",2016-10-04,2016-10-03,2016-10-06,"Des Moines Register","Likely Voters","Live phone component",642,0.475609756097561,250,0.524390243902439,276,218,13,30,1,2,218
"IA",2016-10-08,2016-10-07,2016-10-10,"Lucid","Likely Voters","Online poll",917,0.525641025641026,376,0.474358974358974,339,222,13,72,2,2,222
"IA",2016-10-12,2016-10-08,2016-10-16,"Washington Post","Likely Voters","Online poll",1135,0.470588235294118,454,0.529411764705882,511,226,13,149,2,2,226
"IA",2016-10-12,2016-10-09,2016-10-16,"UPI","Likely Voters","Online poll",328,0.505154639175258,161,0.494845360824742,157,226,13,144,2,2,226
"IA",2016-10-21,2016-10-18,2016-10-24,"SurveyMonkey","Likely Voters","Online poll",1229,0.476190476190476,492,0.523809523809524,541,235,13,127,2,2,235
"IA",2016-10-23,2016-10-20,2016-10-26,"Quinnipiac","Likely Voters","Live phone component",791,0.5,348,0.5,348,237,13,106,1,2,237
"ID",2016-07-10,2016-07-05,2016-07-16,"Dan Jones","Likely Voters","Live phone component",601,0.343283582089552,138,0.656716417910448,264,132,14,27,1,2,132
"ID",2016-08-20,2016-08-09,2016-09-01,"Washington Post","Registered Voters","Online poll",716,0.36231884057971,179,0.63768115942029,315,173,14,149,2,3,173
"ID",2016-09-12,2016-09-02,2016-09-22,"Ipsos","Likely Voters","Online poll",273,0.367816091954023,87,0.632183908045977,150,196,14,65,2,2,196
"ID",2016-09-25,2016-09-19,2016-10-02,"UPI","Likely Voters","Online poll",487,0.340425531914894,156,0.659574468085106,302,209,14,144,2,2,209
"ID",2016-10-03,2016-09-23,2016-10-13,"Ipsos","Likely Voters","Online poll",323,0.364705882352941,100,0.635294117647059,174,217,14,65,2,2,217
"ID",2016-10-12,2016-10-09,2016-10-16,"UPI","Likely Voters","Online poll",316,0.361702127659574,107,0.638297872340426,190,226,14,144,2,2,226
"ID",2016-10-21,2016-10-18,2016-10-24,"SurveyMonkey","Likely Voters","Online poll",438,0.367088607594937,127,0.632911392405063,219,235,14,127,2,2,235
"ID",2016-10-23,2016-10-23,2016-10-24,"Rasmussen","Likely Voters","Other",750,0.376623376623377,218,0.623376623376623,360,237,14,109,3,2,237
"IL",2016-03-07,2016-03-04,2016-03-10,"NBC","Registered Voters","Live phone component",1968,0.640449438202247,1122,0.359550561797753,630,7,15,90,1,3,7
"IL",2016-07-15,2016-07-14,2016-07-16,"Victory Research","Likely Voters","Live phone component",1200,0.6,612,0.4,408,137,15,147,1,2,137
"IL",2016-08-02,2016-08-01,2016-08-04,"Normington","Likely Voters","Live phone component",800,0.614457831325301,408,0.385542168674699,256,155,15,92,1,2,155
"IL",2016-08-20,2016-08-09,2016-09-01,"Washington Post","Registered Voters","Online poll",2599,0.592105263157895,1170,0.407894736842105,806,173,15,149,2,3,173
"IL",2016-09-12,2016-09-02,2016-09-22,"Ipsos","Likely Voters","Online poll",644,0.630952380952381,341,0.369047619047619,200,196,15,65,2,2,196
"IL",2016-09-14,2016-09-13,2016-09-16,"Loras College","Likely Voters","Live phone component",600,0.589041095890411,258,0.410958904109589,180,198,15,71,1,2,198
"IL",2016-09-22,2016-09-21,2016-09-24,"Victory Research","Likely Voters","Live phone component",1200,0.583333333333333,588,0.416666666666667,420,206,15,147,1,2,206
"IL",2016-09-25,2016-09-19,2016-10-02,"UPI","Likely Voters","Online poll",682,0.5625,368,0.4375,286,209,15,144,2,2,209
"IL",2016-09-29,2016-09-27,2016-10-02,"Southern Illinois University","Likely Voters","Live phone component",865,0.654320987654321,458,0.345679012345679,242,213,15,120,1,2,213
"IL",2016-10-03,2016-09-23,2016-10-13,"Ipsos","Likely Voters","Online poll",612,0.689655172413793,367,0.310344827586207,165,217,15,65,2,2,217
"IL",2016-10-12,2016-10-09,2016-10-16,"UPI","Likely Voters","Online poll",398,0.583333333333333,223,0.416666666666667,159,226,15,144,2,2,226
"IL",2016-10-17,2016-10-16,2016-10-18,"Victory Research","Likely Voters","Live phone component",1200,0.586206896551724,612,0.413793103448276,432,231,15,147,1,2,231
"IL",2016-10-21,2016-10-18,2016-10-24,"SurveyMonkey","Likely Voters","Online poll",1091,0.604651162790698,567,0.395348837209302,371,235,15,127,2,2,235
"IN",2016-04-19,2016-04-18,2016-04-21,"POS","Likely Voters","Live phone component",500,0.453488372093023,195,0.546511627906977,235,50,16,100,1,2,50
"IN",2016-04-27,2016-04-26,2016-04-28,"NBC","Registered Voters","Live phone component",2149,0.460674157303371,881,0.539325842696629,1032,58,16,90,1,3,58
"IN",2016-08-14,2016-08-13,2016-08-16,"Monmouth University","Likely Voters","Live phone component",403,0.433734939759036,145,0.566265060240964,189,167,16,83,1,2,167
"IN",2016-08-20,2016-08-09,2016-09-01,"Washington Post","Registered Voters","Online poll",2294,0.394736842105263,688,0.605263157894737,1055,173,16,149,2,3,173
"IN",2016-09-12,2016-09-02,2016-09-22,"Ipsos","Likely Voters","Online poll",674,0.393258426966292,236,0.606741573033708,364,196,16,65,2,2,196
"IN",2016-09-25,2016-09-19,2016-10-02,"UPI","Likely Voters","Online poll",533,0.427083333333333,219,0.572916666666667,293,209,16,144,2,2,209
"IN",2016-10-03,2016-09-23,2016-10-13,"Ipsos","Likely Voters","Online poll",822,0.447058823529412,312,0.552941176470588,386,217,16,65,2,2,217
"IN",2016-10-08,2016-10-07,2016-10-10,"Lucid","Likely Voters","Online poll",1123,0.4625,416,0.5375,483,222,16,72,2,2,222
"IN",2016-10-12,2016-10-11,2016-10-13,"Monmouth University","Likely Voters","Live phone component",402,0.476744186046512,165,0.523255813953488,181,226,16,83,1,2,226
"IN",2016-10-12,2016-10-09,2016-10-16,"UPI","Likely Voters","Online poll",330,0.447916666666667,142,0.552083333333333,175,226,16,144,2,2,226
"IN",2016-10-13,2016-10-10,2016-10-16,"WISH","Likely Voters","Live phone component",544,0.4625,201,0.5375,234,227,16,151,1,2,227
"IN",2016-10-21,2016-10-18,2016-10-24,"SurveyMonkey","Likely Voters","Online poll",688,0.421686746987952,241,0.578313253012048,330,235,16,127,2,2,235
"IN",2016-10-23,2016-10-22,2016-10-24,"Gravis Marketing","Registered Voters","Online poll",596,0.436781609195402,226,0.563218390804598,292,237,16,52,2,3,237
"KS",2016-06-05,2016-06-04,2016-06-06,"Zogby","Registered Voters","Live phone component",433,0.544303797468354,186,0.455696202531646,156,97,17,155,1,3,97
"KS",2016-07-09,2016-07-08,2016-07-11,"SurveyUSA","Likely Voters","Live phone component",559,0.433734939759036,201,0.566265060240964,263,131,17,128,1,2,131
"KS",2016-07-16,2016-07-11,2016-07-21,"Fort Hays State University","Likely Voters","Live phone component",542,0.380281690140845,146,0.619718309859155,238,138,17,43,1,2,138
"KS",2016-08-05,2016-08-03,2016-08-07,"SurveyUSA","Likely Voters","Live phone component",566,0.469879518072289,221,0.530120481927711,249,158,17,128,1,2,158
"KS",2016-08-20,2016-08-09,2016-09-01,"Washington Post","Registered Voters","Online poll",741,0.410958904109589,222,0.589041095890411,319,173,17,149,2,3,173
"KS",2016-09-08,2016-09-06,2016-09-11,"SurveyUSA","Likely Voters","Other",595,0.428571428571429,214,0.571428571428571,286,192,17,128,3,2,192
"KS",2016-09-12,2016-09-02,2016-09-22,"Ipsos","Likely Voters","Online poll",472,0.413793103448276,170,0.586206896551724,241,196,17,65,2,2,196
"KS",2016-09-22,2016-09-01,2016-10-13,"Fort Hays State University","Likely Voters","Live phone component",892,0.453488372093023,348,0.546511627906977,419,206,17,43,1,2,206
"KS",2016-09-25,2016-09-19,2016-10-02,"UPI","Likely Voters","Online poll",535,0.395833333333333,203,0.604166666666667,310,209,17,144,2,2,209
"KS",2016-10-03,2016-09-23,2016-10-13,"Ipsos","Likely Voters","Online poll",565,0.431818181818182,215,0.568181818181818,282,217,17,65,2,2,217
"KS",2016-10-12,2016-10-09,2016-10-16,"UPI","Likely Voters","Online poll",332,0.416666666666667,133,0.583333333333333,186,226,17,144,2,2,226
"KS",2016-10-13,2016-10-11,2016-10-15,"SurveyUSA","Likely Voters","Other",581,0.433734939759036,209,0.566265060240964,273,227,17,128,3,2,227
"KS",2016-10-21,2016-10-18,2016-10-24,"SurveyMonkey","Likely Voters","Online poll",1688,0.428571428571429,608,0.571428571428571,810,235,17,127,2,2,235
"KY",2016-08-20,2016-08-09,2016-09-01,"Washington Post","Registered Voters","Online poll",732,0.358024691358025,212,0.641975308641975,381,173,18,149,2,3,173
"KY",2016-09-12,2016-09-02,2016-09-22,"Ipsos","Likely Voters","Online poll",522,0.406593406593407,193,0.593406593406593,282,196,18,65,2,2,196
"KY",2016-09-25,2016-09-19,2016-10-02,"UPI","Likely Voters","Online poll",537,0.385416666666667,199,0.614583333333333,317,209,18,144,2,2,209
"KY",2016-10-03,2016-09-23,2016-10-13,"Ipsos","Likely Voters","Online poll",576,0.423913043478261,225,0.576086956521739,305,217,18,65,2,2,217
"KY",2016-10-12,2016-10-09,2016-10-16,"UPI","Likely Voters","Online poll",324,0.395833333333333,123,0.604166666666667,188,226,18,144,2,2,226
"KY",2016-10-21,2016-10-18,2016-10-24,"SurveyMonkey","Likely Voters","Online poll",366,0.325842696629214,106,0.674157303370786,220,235,18,127,2,2,235
"LA",2016-05-05,2016-05-05,2016-05-06,"JMC Analytics","Likely Voters","Other",624,0.409090909090909,225,0.590909090909091,324,66,19,66,3,2,66
"LA",2016-08-20,2016-08-09,2016-09-01,"Washington Post","Registered Voters","Online poll",871,0.402439024390244,287,0.597560975609756,427,173,19,149,2,3,173
"LA",2016-08-30,2016-08-29,2016-09-01,"Anzalone","Likely Voters","Live phone component",605,0.465116279069767,242,0.534883720930233,278,183,19,5,1,2,183
"LA",2016-09-12,2016-09-02,2016-09-22,"Ipsos","Likely Voters","Online poll",506,0.409090909090909,182,0.590909090909091,263,196,19,65,2,2,196
"LA",2016-09-16,2016-09-15,2016-09-17,"Southern Media","Likely Voters","Live phone component",500,0.402439024390244,165,0.597560975609756,245,200,19,121,1,2,200
"LA",2016-09-23,2016-09-22,2016-09-24,"JMC Analytics","Likely Voters","Live phone component",905,0.4375,317,0.5625,407,207,19,66,1,2,207
"LA",2016-09-25,2016-09-19,2016-10-02,"UPI","Likely Voters","Online poll",531,0.40625,207,0.59375,303,209,19,144,2,2,209
"LA",2016-10-03,2016-09-23,2016-10-13,"Ipsos","Likely Voters","Online poll",644,0.423529411764706,232,0.576470588235294,316,217,19,65,2,2,217
"LA",2016-10-12,2016-10-09,2016-10-16,"UPI","Likely Voters","Online poll",314,0.427083333333333,129,0.572916666666667,173,226,19,144,2,2,226
"LA",2016-10-13,2016-10-11,2016-10-15,"JMC Analytics","Likely Voters","Live phone component",800,0.457831325301205,304,0.542168674698795,360,227,19,66,1,2,227
"LA",2016-10-18,2016-10-15,2016-10-21,"Lucid","Likely Voters","Online poll",614,0.481927710843373,246,0.518072289156627,264,232,19,72,2,2,232
"LA",2016-10-18,2016-10-15,2016-10-21,"University of New Orleans","Likely Voters","Live phone component",603,0.416666666666667,211,0.583333333333333,295,232,19,143,1,2,232
"LA",2016-10-18,2016-10-17,2016-10-19,"Mason","Likely Voters","Live phone component",625,0.386363636363636,212,0.613636363636364,338,232,19,76,1,2,232
"LA",2016-10-20,2016-10-19,2016-10-21,"Southern Media","Likely Voters","Live phone component",500,0.411764705882353,175,0.588235294117647,250,234,19,121,1,2,234
"LA",2016-10-21,2016-10-18,2016-10-24,"SurveyMonkey","Likely Voters","Online poll",388,0.417582417582418,147,0.582417582417582,206,235,19,127,2,2,235
"MA",2016-04-05,2016-04-01,2016-04-10,"WNEU","Registered Voters","Live phone component",497,0.704545454545455,308,0.295454545454545,129,36,20,152,1,3,36
"MA",2016-05-03,2016-05-02,2016-05-05,"Suffolk","Likely Voters","Live phone component",500,0.63953488372093,275,0.36046511627907,155,64,20,126,1,2,64
"MA",2016-08-20,2016-08-09,2016-09-01,"Washington Post","Registered Voters","Online poll",1167,0.623376623376623,560,0.376623376623377,338,173,20,149,2,3,173
"MA",2016-09-05,2016-08-26,2016-09-15,"Ipsos","Likely Voters","Online poll",691,0.630952380952381,366,0.369047619047619,214,189,20,65,2,2,189
"MA",2016-09-08,2016-09-07,2016-09-10,"MassINC","Likely Voters","Live phone component",506,0.658536585365854,273,0.341463414634146,142,192,20,77,1,2,192
"MA",2016-09-17,2016-09-15,2016-09-20,"UMass Amherst","Likely Voters","Online poll",700,0.580246913580247,329,0.419753086419753,238,201,20,136,2,2,201
"MA",2016-09-25,2016-09-19,2016-10-02,"UPI","Likely Voters","Online poll",507,0.577319587628866,284,0.422680412371134,208,209,20,144,2,2,209
"MA",2016-09-26,2016-09-16,2016-10-06,"Ipsos","Likely Voters","Online poll",904,0.620253164556962,443,0.379746835443038,271,210,20,65,2,2,210
"MA",2016-09-28,2016-09-24,2016-10-03,"WNEU","Likely Voters","Live phone component",403,0.69047619047619,234,0.30952380952381,105,212,20,152,1,2,212
"MA",2016-10-12,2016-10-09,2016-10-16,"UPI","Likely Voters","Online poll",329,0.597938144329897,191,0.402061855670103,128,226,20,144,2,2,226
"MA",2016-10-14,2016-10-13,2016-10-16,"MassINC","Likely Voters","Live phone component",502,0.658536585365854,271,0.341463414634146,141,228,20,77,1,2,228
"MA",2016-10-21,2016-10-18,2016-10-24,"SurveyMonkey","Likely Voters","Online poll",675,0.685393258426966,412,0.314606741573034,189,235,20,127,2,2,235
"MA",2016-10-25,2016-10-24,2016-10-26,"Suffolk","Likely Voters","Live phone component",500,0.695121951219512,285,0.304878048780488,125,239,20,126,1,2,239
"MD",2016-04-07,2016-04-05,2016-04-09,"NBC4","Registered Voters","Live phone component",2563,0.7,1615,0.3,692,38,21,91,1,3,38
"MD",2016-04-16,2016-04-15,2016-04-17,"PPP","Likely Voters","Other",879,0.685393258426966,536,0.314606741573034,246,47,21,102,3,2,47
"MD",2016-08-20,2016-08-09,2016-09-01,"Washington Post","Registered Voters","Online poll",1199,0.666666666666667,647,0.333333333333333,324,173,21,149,2,3,173
"MD",2016-08-24,2016-08-18,2016-08-30,"Baltimore Sun","Likely Voters","Live phone component",756,0.683544303797468,408,0.316455696202532,189,177,21,11,1,2,177
"MD",2016-09-12,2016-09-02,2016-09-22,"Ipsos","Likely Voters","Online poll",628,0.595238095238095,314,0.404761904761905,214,196,21,65,2,2,196
"MD",2016-09-18,2016-09-17,2016-09-20,"Goucher College","Likely Voters","Live phone component",514,0.698795180722892,298,0.301204819277108,128,202,21,50,1,2,202
"MD",2016-09-25,2016-09-19,2016-10-02,"UPI","Likely Voters","Online poll",527,0.597938144329897,306,0.402061855670103,206,209,21,144,2,2,209
"MD",2016-09-28,2016-09-27,2016-09-30,"Washington Post","Likely Voters","Live phone component",706,0.7,445,0.3,191,212,21,149,1,2,212
"MD",2016-10-03,2016-09-23,2016-10-13,"Ipsos","Likely Voters","Online poll",686,0.627906976744186,370,0.372093023255814,220,217,21,65,2,2,217
"MD",2016-10-12,2016-10-09,2016-10-16,"UPI","Likely Voters","Online poll",325,0.614583333333333,192,0.385416666666667,120,226,21,144,2,2,226
"MD",2016-10-21,2016-10-18,2016-10-24,"SurveyMonkey","Likely Voters","Online poll",915,0.693181818181818,558,0.306818181818182,247,235,21,127,2,2,235
"ME",2016-06-18,2016-06-15,2016-06-21,"UNH","Likely Voters","Live phone component",469,0.545454545454545,197,0.454545454545455,164,110,22,139,1,2,110
"ME",2016-08-06,2016-08-04,2016-08-08,"Gravis Marketing","Registered Voters","Other",2046,0.565789473684211,880,0.434210526315789,675,159,22,52,3,3,159
"ME",2016-08-18,2016-08-17,2016-08-20,"MPRC","Likely Voters","Other",841,0.567567567567568,353,0.432432432432432,269,171,22,86,3,2,171
"ME",2016-08-20,2016-08-09,2016-09-01,"Washington Post","Registered Voters","Online poll",715,0.52112676056338,265,0.47887323943662,243,173,22,149,2,3,173
"ME",2016-09-07,2016-09-04,2016-09-10,"SurveyUSA","Likely Voters","Other",779,0.518518518518518,327,0.481481481481481,304,191,22,128,3,2,191
"ME",2016-09-12,2016-09-02,2016-09-22,"Ipsos","Likely Voters","Online poll",306,0.512820512820513,122,0.487179487179487,116,196,22,65,2,2,196
"ME",2016-09-16,2016-09-15,2016-09-17,"MPRC","Likely Voters","Other",835,0.5,309,0.5,309,200,22,86,3,2,200
"ME",2016-09-18,2016-09-15,2016-09-21,"UNH","Likely Voters","Live phone component",513,0.526315789473684,205,0.473684210526316,185,202,22,139,1,2,202
"ME",2016-09-25,2016-09-19,2016-10-02,"UPI","Likely Voters","Online poll",462,0.556701030927835,249,0.443298969072165,199,209,22,144,2,2,209
"ME",2016-10-03,2016-09-23,2016-10-13,"Ipsos","Likely Voters","Online poll",281,0.578313253012048,135,0.421686746987952,98,217,22,65,2,2,217
"ME",2016-10-08,2016-10-07,2016-10-09,"MPRC","Likely Voters","Other",892,0.55,392,0.45,321,222,22,86,3,2,222
"ME",2016-10-12,2016-10-09,2016-10-16,"UPI","Likely Voters","Online poll",313,0.56701030927835,172,0.43298969072165,131,226,22,144,2,2,226
"ME",2016-10-14,2016-10-14,2016-10-15,"MPRC","Likely Voters","Other",890,0.538461538461538,374,0.461538461538462,320,228,22,86,3,2,228
"ME",2016-10-21,2016-10-18,2016-10-24,"SurveyMonkey","Likely Voters","Online poll",370,0.593023255813954,189,0.406976744186047,130,235,22,127,2,2,235
"ME",2016-10-22,2016-10-20,2016-10-25,"UNH","Likely Voters","Live phone component",646,0.564705882352941,310,0.435294117647059,239,236,22,139,1,2,236
"ME",2016-10-25,2016-10-24,2016-10-26,"MPRC","Likely Voters","Other",812,0.531645569620253,341,0.468354430379747,300,239,22,86,3,2,239
"MI",2016-03-02,2016-03-01,2016-03-03,"NBC","Registered Voters","Live phone component",2229,0.590909090909091,1159,0.409090909090909,802,2,23,90,1,3,2
"MI",2016-03-20,2016-03-19,2016-03-22,"EPIC","Likely Voters","Live phone component",600,0.55952380952381,282,0.44047619047619,222,20,23,38,1,2,20
"MI",2016-03-23,2016-03-23,2016-03-24,"SurveyUSA","Likely Voters","Other",904,0.563218390804598,443,0.436781609195402,344,23,23,128,3,2,23
"MI",2016-05-25,2016-05-24,2016-05-26,"Glengariff","Likely Voters","Live phone component",600,0.528571428571429,222,0.471428571428571,198,86,23,49,1,2,86
"MI",2016-06-15,2016-06-11,2016-06-20,"GQR","Likely Voters","Live phone component",300,0.592592592592593,144,0.407407407407407,99,107,23,51,1,2,107
"MI",2016-07-07,2016-07-07,2016-07-08,"Gravis Marketing","Registered Voters","Other",1562,0.52112676056338,578,0.47887323943662,531,129,23,52,3,3,129
"MI",2016-07-08,2016-07-05,2016-07-11,"Mitchell Research","Likely Voters","Live phone component",600,0.540540540540541,240,0.459459459459459,204,130,23,82,1,2,130
"MI",2016-07-13,2016-07-11,2016-07-15,"Marketing Resource Group","Likely Voters","Live phone component",800,0.53968253968254,272,0.46031746031746,232,135,23,74,1,2,135
"MI",2016-07-14,2016-07-13,2016-07-15,"CBS","Likely Voters","Online poll",1201,0.518518518518518,504,0.481481481481481,468,136,23,17,2,2,136
"MI",2016-07-31,2016-07-30,2016-08-01,"Glengariff","Likely Voters","Live phone component",600,0.561643835616438,246,0.438356164383562,192,153,23,49,1,2,153
"MI",2016-08-01,2016-07-30,2016-08-04,"EPIC","Likely Voters","Live phone component",600,0.573333333333333,258,0.426666666666667,192,154,23,38,1,2,154
"MI",2016-08-20,2016-08-09,2016-09-01,"Washington Post","Registered Voters","Online poll",2428,0.506493506493506,947,0.493506493506494,923,173,23,149,2,3,173
"MI",2016-08-23,2016-08-22,2016-08-24,"Suffolk","Likely Voters","Live phone component",500,0.54320987654321,220,0.45679012345679,185,176,23,126,1,2,176
"MI",2016-09-11,2016-09-10,2016-09-13,"EPIC","Likely Voters","Live phone component",600,0.520547945205479,228,0.479452054794521,210,195,23,38,1,2,195
"MI",2016-09-12,2016-09-02,2016-09-22,"Ipsos","Likely Voters","Online poll",957,0.505882352941176,412,0.494117647058824,402,196,23,65,2,2,196
"MI",2016-09-25,2016-09-19,2016-10-02,"UPI","Likely Voters","Online poll",554,0.520833333333333,277,0.479166666666667,255,209,23,144,2,2,209
"MI",2016-09-27,2016-09-27,2016-09-28,"Glengariff","Likely Voters","Live phone component",600,0.545454545454545,252,0.454545454545455,210,211,23,49,1,2,211
"MI",2016-10-02,2016-10-01,2016-10-03,"EPIC","Likely Voters","Live phone component",600,0.573333333333333,258,0.426666666666667,192,216,23,38,1,2,216
"MI",2016-10-03,2016-09-23,2016-10-13,"Ipsos","Likely Voters","Online poll",2192,0.54320987654321,964,0.45679012345679,811,217,23,65,2,2,217
"MI",2016-10-10,2016-10-10,2016-10-11,"Glengariff","Likely Voters","Live phone component",600,0.575342465753425,252,0.424657534246575,186,224,23,49,1,2,224
"MI",2016-10-12,2016-10-08,2016-10-16,"Washington Post","Likely Voters","Online poll",1331,0.548780487804878,599,0.451219512195122,492,226,23,149,2,2,226
"MI",2016-10-12,2016-10-09,2016-10-16,"UPI","Likely Voters","Online poll",327,0.541666666666667,170,0.458333333333333,144,226,23,144,2,2,226
"MI",2016-10-17,2016-10-16,2016-10-19,"Marketing Resource Group","Likely Voters","Live phone component",600,0.532467532467532,246,0.467532467532468,216,231,23,74,1,2,231
"MI",2016-10-21,2016-10-18,2016-10-24,"SurveyMonkey","Likely Voters","Online poll",1663,0.523809523809524,732,0.476190476190476,665,235,23,127,2,2,235
"MI",2016-10-23,2016-10-22,2016-10-24,"EPIC","Likely Voters","Live phone component",600,0.546666666666667,246,0.453333333333333,204,237,23,38,1,2,237
"MN",2016-08-20,2016-08-09,2016-09-01,"Washington Post","Registered Voters","Online poll",2054,0.546666666666667,842,0.453333333333333,698,173,24,149,2,3,173
"MN",2016-09-12,2016-09-02,2016-09-22,"Ipsos","Likely Voters","Online poll",578,0.544303797468354,249,0.455696202531646,208,196,24,65,2,2,196
"MN",2016-09-13,2016-09-12,2016-09-14,"Mason","Registered Voters","Live phone component",625,0.536585365853659,275,0.463414634146341,238,197,24,76,1,3,197
"MN",2016-09-18,2016-09-16,2016-09-20,"SurveyUSA","Likely Voters","Other",625,0.541176470588235,288,0.458823529411765,244,202,24,128,3,2,202
"MN",2016-09-25,2016-09-19,2016-10-02,"UPI","Likely Voters","Online poll",497,0.515463917525773,248,0.484536082474227,234,209,24,144,2,2,209
"MN",2016-10-03,2016-09-23,2016-10-13,"Ipsos","Likely Voters","Online poll",689,0.544303797468354,296,0.455696202531646,248,217,24,65,2,2,217
"MN",2016-10-12,2016-10-09,2016-10-16,"UPI","Likely Voters","Online poll",329,0.525773195876289,168,0.474226804123711,151,226,24,144,2,2,226
"MN",2016-10-21,2016-10-18,2016-10-24,"SurveyMonkey","Likely Voters","Online poll",566,0.566265060240964,266,0.433734939759036,204,235,24,127,2,2,235
"MN",2016-10-21,2016-10-20,2016-10-22,"Mason","Likely Voters","Live phone component",625,0.546511627906977,294,0.453488372093023,244,235,24,76,1,2,235
"MN",2016-10-23,2016-10-22,2016-10-25,"SurveyUSA","Likely Voters","Other",656,0.556818181818182,321,0.443181818181818,256,237,24,128,3,2,237
"MO",2016-03-06,2016-03-03,2016-03-10,"Fort Hays State University","Adults","Live phone component",475,0.469135802469136,180,0.530864197530864,204,6,25,43,1,1,6
"MO",2016-03-20,2016-03-17,2016-03-24,"DFM Research","Likely Voters","Live phone component",674,0.51219512195122,283,0.48780487804878,270,20,25,31,1,2,20
"MO",2016-07-11,2016-07-11,2016-07-12,"PPP","Likely Voters","Other",959,0.439024390243902,345,0.560975609756098,441,133,25,102,3,2,133
"MO",2016-07-22,2016-07-20,2016-07-24,"SurveyUSA","Likely Voters","Other",1943,0.44047619047619,719,0.55952380952381,913,144,25,128,3,2,144
"MO",2016-07-23,2016-07-23,2016-07-24,"Mason","Likely Voters","Live phone component",625,0.506172839506173,256,0.493827160493827,250,145,25,76,1,2,145
"MO",2016-08-08,2016-08-08,2016-08-09,"PPP","Likely Voters","Other",947,0.482758620689655,398,0.517241379310345,426,161,25,102,3,2,161
"MO",2016-08-20,2016-08-19,2016-08-22,"Monmouth University","Likely Voters","Live phone component",401,0.494252873563218,172,0.505747126436782,176,173,25,83,1,2,173
"MO",2016-08-20,2016-08-09,2016-09-01,"Washington Post","Registered Voters","Online poll",1801,0.441558441558442,612,0.558441558441558,774,173,25,149,2,3,173
"MO",2016-08-26,2016-08-26,2016-08-27,"PPP","Likely Voters","Other",1055,0.465909090909091,433,0.534090909090909,496,179,25,102,3,2,179
"MO",2016-09-12,2016-09-02,2016-09-22,"Ipsos","Likely Voters","Online poll",660,0.406976744186047,231,0.593023255813954,337,196,25,65,2,2,196
"MO",2016-09-22,2016-09-21,2016-09-23,"CBS","Likely Voters","Online poll",1087,0.44578313253012,402,0.55421686746988,500,206,25,17,2,2,206
"MO",2016-09-25,2016-09-19,2016-10-02,"UPI","Likely Voters","Online poll",570,0.45360824742268,251,0.54639175257732,302,209,25,144,2,2,209
"MO",2016-10-03,2016-09-23,2016-10-13,"Ipsos","Likely Voters","Online poll",812,0.428571428571429,292,0.571428571428571,390,217,25,65,2,2,217
"MO",2016-10-10,2016-10-09,2016-10-11,"Monmouth University","Likely Voters","Live phone component",406,0.471264367816092,166,0.528735632183908,187,224,25,83,1,2,224
"MO",2016-10-12,2016-10-09,2016-10-16,"UPI","Likely Voters","Online poll",359,0.46875,162,0.53125,183,226,25,144,2,2,226
"MO",2016-10-21,2016-10-18,2016-10-24,"SurveyMonkey","Likely Voters","Online poll",716,0.418604651162791,258,0.581395348837209,358,235,25,127,2,2,235
"MO",2016-10-25,2016-10-24,2016-10-26,"Mason","Likely Voters","Live phone component",625,0.471910112359551,262,0.528089887640449,294,239,25,76,1,2,239
"MS",2016-03-29,2016-03-28,2016-03-30,"Mason","Registered Voters","Live phone component",625,0.48314606741573,269,0.51685393258427,288,29,26,76,1,3,29
"MS",2016-08-20,2016-08-09,2016-09-01,"Washington Post","Registered Voters","Online poll",823,0.48314606741573,354,0.51685393258427,379,173,26,149,2,3,173
"MS",2016-09-12,2016-09-02,2016-09-22,"Ipsos","Likely Voters","Online poll",365,0.431818181818182,139,0.568181818181818,182,196,26,65,2,2,196
"MS",2016-09-25,2016-09-19,2016-10-02,"UPI","Likely Voters","Online poll",528,0.412371134020619,211,0.587628865979381,301,209,26,144,2,2,209
"MS",2016-10-03,2016-09-23,2016-10-13,"Ipsos","Likely Voters","Online poll",404,0.455555555555556,166,0.544444444444444,198,217,26,65,2,2,217
"MS",2016-10-12,2016-10-09,2016-10-16,"UPI","Likely Voters","Online poll",322,0.4375,135,0.5625,174,226,26,144,2,2,226
"MS",2016-10-21,2016-10-18,2016-10-24,"SurveyMonkey","Likely Voters","Online poll",704,0.456521739130435,296,0.543478260869565,352,235,26,127,2,2,235
"MT",2016-08-20,2016-08-09,2016-09-01,"Washington Post","Registered Voters","Online poll",999,0.413333333333333,310,0.586666666666667,440,173,27,149,2,3,173
"MT",2016-09-25,2016-09-19,2016-10-02,"UPI","Likely Voters","Online poll",647,0.40625,252,0.59375,369,209,27,144,2,2,209
"MT",2016-10-06,2016-10-03,2016-10-10,"MSU","Adults","Live phone component",590,0.385714285714286,159,0.614285714285714,254,220,27,87,1,1,220
"MT",2016-10-12,2016-10-09,2016-10-16,"UPI","Likely Voters","Online poll",329,0.427083333333333,135,0.572916666666667,181,226,27,144,2,2,226
"MT",2016-10-21,2016-10-18,2016-10-24,"SurveyMonkey","Likely Voters","Online poll",475,0.402298850574713,166,0.597701149425287,247,235,27,127,2,2,235
"NC",2016-03-09,2016-03-09,2016-03-10,"SurveyUSA","Likely Voters","Other",1576,0.461538461538462,662,0.538461538461538,772,9,28,128,3,2,9
"NC",2016-03-19,2016-03-18,2016-03-20,"PPP","Likely Voters","Other",843,0.511627906976744,371,0.488372093023256,354,19,28,102,3,2,19
"NC",2016-04-12,2016-04-10,2016-04-15,"Elon","Registered Voters","Live phone component",621,0.535714285714286,279,0.464285714285714,242,43,28,35,1,3,43
"NC",2016-04-23,2016-04-22,2016-04-24,"PPP","Likely Voters","Other",960,0.5,422,0.5,422,54,28,102,3,2,54
"NC",2016-04-24,2016-04-23,2016-04-25,"Civitas","Likely Voters","Live phone component",600,0.569767441860465,294,0.430232558139535,222,55,28,21,1,2,55
"NC",2016-05-21,2016-05-20,2016-05-22,"PPP","Likely Voters","Other",928,0.488095238095238,380,0.511904761904762,399,82,28,102,3,2,82
"NC",2016-05-22,2016-05-21,2016-05-23,"Civitas","Likely Voters","Live phone component",600,0.48,216,0.52,234,83,28,21,1,2,83
"NC",2016-06-15,2016-06-11,2016-06-20,"GQR","Likely Voters","Live phone component",300,0.558139534883721,144,0.441860465116279,114,107,28,51,1,2,107
"NC",2016-06-20,2016-06-20,2016-06-21,"PPP","Likely Voters","Other",947,0.5,407,0.5,407,112,28,102,3,2,112
"NC",2016-06-22,2016-06-21,2016-06-24,"CBS","Likely Voters","Online poll",988,0.511627906976744,435,0.488372093023256,415,114,28,17,2,2,114
"NC",2016-07-08,2016-07-05,2016-07-11,"NBC","Registered Voters","Live phone component",907,0.538461538461538,381,0.461538461538462,327,130,28,90,1,3,130
"NC",2016-08-01,2016-07-31,2016-08-02,"SurveyUSA","Likely Voters","Other",400,0.477272727272727,168,0.522727272727273,184,154,28,128,3,2,154
"NC",2016-08-06,2016-08-05,2016-08-07,"PPP","Likely Voters","Other",830,0.511904761904762,357,0.488095238095238,340,159,28,102,3,2,159
"NC",2016-08-07,2016-08-04,2016-08-10,"NBC","Registered Voters","Live phone component",921,0.555555555555556,414,0.444444444444444,332,160,28,90,1,3,160
"NC",2016-08-16,2016-08-15,2016-08-17,"Gravis Marketing","Registered Voters","Other",723,0.493506493506494,275,0.506493506493506,282,169,28,52,3,3,169
"NC",2016-08-20,2016-08-18,2016-08-23,"CNN","Likely Voters","Live phone component",803,0.5,361,0.5,361,173,28,25,1,2,173
"NC",2016-08-20,2016-08-09,2016-09-01,"Washington Post","Registered Voters","Online poll",2552,0.493827160493827,1021,0.506172839506173,1046,173,28,149,2,3,173
"NC",2016-08-21,2016-08-20,2016-08-23,"Monmouth University","Likely Voters","Live phone component",401,0.511627906976744,176,0.488372093023256,168,174,28,83,1,2,174
"NC",2016-08-26,2016-08-26,2016-08-27,"PPP","Likely Voters","Other",1177,0.50561797752809,530,0.49438202247191,518,179,28,102,3,2,179
"NC",2016-08-31,2016-08-30,2016-09-02,"CBS","Likely Voters","Online poll",1088,0.522727272727273,500,0.477272727272727,457,184,28,17,2,2,184
"NC",2016-09-02,2016-08-29,2016-09-07,"Quinnipiac","Likely Voters","Live phone component",751,0.525,315,0.475,285,186,28,106,1,2,186
"NC",2016-09-06,2016-09-05,2016-09-07,"Suffolk","Likely Voters","Live phone component",500,0.482352941176471,205,0.517647058823529,220,190,28,126,1,2,190
"NC",2016-09-11,2016-09-11,2016-09-12,"Civitas","Likely Voters","Live phone component",600,0.5,252,0.5,252,195,28,21,1,2,195
"NC",2016-09-12,2016-09-02,2016-09-22,"Ipsos","Likely Voters","Online poll",520,0.532608695652174,255,0.467391304347826,224,196,28,65,2,2,196
"NC",2016-09-14,2016-09-10,2016-09-19,"GQR","Likely Voters","Live phone component",400,0.523809523809524,176,0.476190476190476,160,198,28,51,1,2,198
"NC",2016-09-14,2016-09-12,2016-09-16,"Elon","Likely Voters","Live phone component",644,0.494252873563218,277,0.505747126436782,283,198,28,35,1,2,198
"NC",2016-09-17,2016-09-16,2016-09-19,"NYT Upshot","Likely Voters","Live phone component",782,0.5,321,0.5,321,201,28,93,1,2,201
"NC",2016-09-19,2016-09-17,2016-09-22,"High Point University","Likely Voters","Live phone component",404,0.505882352941176,174,0.494117647058824,170,203,28,58,1,2,203
"NC",2016-09-19,2016-09-18,2016-09-20,"FOX","Likely Voters","Live phone component",734,0.470588235294118,294,0.529411764705882,330,203,28,44,1,2,203
"NC",2016-09-19,2016-09-18,2016-09-20,"PPP","Likely Voters","Other",1024,0.488636363636364,440,0.511363636363636,461,203,28,102,3,2,203
"NC",2016-09-20,2016-09-18,2016-09-22,"The Meredith College Poll","Registered Voters","Live phone component",487,0.520547945205479,185,0.479452054794521,170,204,28,133,1,3,204
"NC",2016-09-25,2016-09-19,2016-10-02,"UPI","Likely Voters","Online poll",773,0.479166666666667,356,0.520833333333333,386,209,28,144,2,2,209
"NC",2016-09-27,2016-09-27,2016-09-28,"PPP","Likely Voters","Other",861,0.511627906976744,379,0.488372093023256,362,211,28,102,3,2,211
"NC",2016-09-28,2016-09-27,2016-09-30,"Elon","Likely Voters","Live phone component",660,0.535714285714286,297,0.464285714285714,257,212,28,35,1,2,212
"NC",2016-09-29,2016-09-27,2016-10-02,"Quinnipiac","Likely Voters","Live phone component",507,0.51685393258427,233,0.48314606741573,218,213,28,106,1,2,213
"NC",2016-09-30,2016-09-29,2016-10-02,"Bloomberg","Likely Voters","Live phone component",805,0.505747126436782,354,0.494252873563218,346,214,28,15,1,2,214
"NC",2016-10-01,2016-09-29,2016-10-03,"SurveyUSA","Likely Voters","Other",656,0.511111111111111,302,0.488888888888889,289,215,28,128,3,2,215
"NC",2016-10-03,2016-10-01,2016-10-06,"High Point University","Likely Voters","Live phone component",479,0.505882352941176,206,0.494117647058824,201,217,28,58,1,2,217
"NC",2016-10-03,2016-09-23,2016-10-13,"Ipsos","Likely Voters","Online poll",2059,0.522727272727273,947,0.477272727272727,865,217,28,65,2,2,217
"NC",2016-10-11,2016-10-10,2016-10-12,"NBC","Likely Voters","Live phone component",743,0.523255813953488,334,0.476744186046512,305,225,28,90,1,2,225
"NC",2016-10-11,2016-10-10,2016-10-12,"Suffolk","Likely Voters","Live phone component",500,0.511363636363636,225,0.488636363636364,215,225,28,126,1,2,225
"NC",2016-10-12,2016-10-08,2016-10-16,"Washington Post","Likely Voters","Online poll",1191,0.534883720930233,548,0.465116279069767,476,226,28,149,2,2,226
"NC",2016-10-12,2016-10-10,2016-10-15,"CNN","Likely Voters","Live phone component",788,0.505263157894737,378,0.494736842105263,370,226,28,25,1,2,226
"NC",2016-10-12,2016-10-09,2016-10-16,"UPI","Likely Voters","Online poll",350,0.5,168,0.5,168,226,28,144,2,2,226
"NC",2016-10-15,2016-10-14,2016-10-17,"Civitas","Likely Voters","Live phone component",600,0.511363636363636,270,0.488636363636364,258,229,28,21,1,2,229
"NC",2016-10-15,2016-10-14,2016-10-17,"SurveyUSA","Likely Voters","Other",651,0.511111111111111,299,0.488888888888889,286,229,28,128,3,2,229
"NC",2016-10-17,2016-10-17,2016-10-18,"Lucid","Likely Voters","Online poll",924,0.506024096385542,388,0.493975903614458,379,231,28,72,2,2,231
"NC",2016-10-21,2016-10-20,2016-10-23,"NYT Upshot","Likely Voters","Live phone component",792,0.541176470588235,364,0.458823529411765,309,235,28,93,1,2,235
"NC",2016-10-21,2016-10-18,2016-10-24,"SurveyMonkey","Likely Voters","Online poll",1825,0.522222222222222,858,0.477777777777778,785,235,28,127,2,2,235
"NC",2016-10-21,2016-10-21,2016-10-22,"PPP","Likely Voters","Other",875,0.516483516483517,411,0.483516483516484,385,235,28,102,3,2,235
"NC",2016-10-21,2016-10-20,2016-10-22,"Remington Research Group","Likely Voters","Live phone component",1764,0.483516483516484,776,0.516483516483517,829,235,28,110,1,2,235
"NC",2016-10-21,2016-10-20,2016-10-23,"Monmouth University","Likely Voters","Live phone component",402,0.505376344086022,189,0.494623655913978,185,235,28,83,1,2,235
"NC",2016-10-23,2016-10-20,2016-10-26,"Quinnipiac","Likely Voters","Live phone component",702,0.522222222222222,330,0.477777777777778,302,237,28,106,1,2,237
"NC",2016-10-25,2016-10-25,2016-10-26,"NBC","Likely Voters","Live phone component",780,0.534090909090909,367,0.465909090909091,320,239,28,90,1,2,239
"ND",2016-08-20,2016-08-09,2016-09-01,"Washington Post","Registered Voters","Online poll",549,0.337662337662338,143,0.662337662337662,280,173,29,149,2,3,173
"ND",2016-09-14,2016-09-12,2016-09-17,"DFM Research","Likely Voters","Live phone component",400,0.426666666666667,128,0.573333333333333,172,198,29,31,1,2,198
"ND",2016-09-25,2016-09-19,2016-10-02,"UPI","Likely Voters","Online poll",480,0.387096774193548,173,0.612903225806452,274,209,29,144,2,2,209
"ND",2016-10-12,2016-10-09,2016-10-16,"UPI","Likely Voters","Online poll",314,0.397849462365591,116,0.602150537634409,176,226,29,144,2,2,226
"ND",2016-10-21,2016-10-18,2016-10-24,"SurveyMonkey","Likely Voters","Online poll",339,0.3875,105,0.6125,166,235,29,127,2,2,235
"NE",2016-08-20,2016-08-09,2016-09-01,"Washington Post","Registered Voters","Online poll",983,0.432432432432432,315,0.567567567567568,413,173,30,149,2,3,173
"NE",2016-09-12,2016-09-02,2016-09-22,"Ipsos","Likely Voters","Online poll",277,0.364705882352941,86,0.635294117647059,150,196,30,65,2,2,196
"NE",2016-09-25,2016-09-19,2016-10-02,"UPI","Likely Voters","Online poll",541,0.385416666666667,200,0.614583333333333,319,209,30,144,2,2,209
"NE",2016-10-03,2016-09-23,2016-10-13,"Ipsos","Likely Voters","Online poll",386,0.402439024390244,127,0.597560975609756,189,217,30,65,2,2,217
"NE",2016-10-12,2016-10-09,2016-10-16,"UPI","Likely Voters","Online poll",333,0.40625,130,0.59375,190,226,30,144,2,2,226
"NE",2016-10-21,2016-10-18,2016-10-24,"SurveyMonkey","Likely Voters","Online poll",461,0.388235294117647,152,0.611764705882353,240,235,30,127,2,2,235
"NH",2016-04-12,2016-04-07,2016-04-17,"UNH","Likely Voters","Live phone component",533,0.617283950617284,266,0.382716049382716,165,43,31,139,1,2,43
"NH",2016-04-13,2016-04-11,2016-04-16,"Dartmouth","Registered Voters","Live phone component",362,0.53968253968254,123,0.46031746031746,105,44,31,28,1,3,44
"NH",2016-05-13,2016-05-12,2016-05-15,"MassINC","Likely Voters","Live phone component",501,0.511627906976744,220,0.488372093023256,210,74,31,77,1,2,74
"NH",2016-05-26,2016-05-25,2016-05-28,"Franklin Pierce","Likely Voters","Live phone component",405,0.5,178,0.5,178,87,31,46,1,2,87
"NH",2016-06-15,2016-06-11,2016-06-20,"GQR","Likely Voters","Live phone component",300,0.5,123,0.5,123,107,31,51,1,2,107
"NH",2016-06-22,2016-06-22,2016-06-23,"PPP","Likely Voters","Other",578,0.524390243902439,249,0.475609756097561,225,114,31,102,3,2,114
"NH",2016-06-26,2016-06-24,2016-06-28,"ARG","Registered Voters","Live phone component",533,0.528089887640449,251,0.471910112359551,224,118,31,7,1,3,118
"NH",2016-07-13,2016-07-09,2016-07-18,"UNH","Adults","Live phone component",532,0.5,197,0.5,197,135,31,139,1,1,135
"NH",2016-07-20,2016-07-19,2016-07-21,"InsideSources","Registered Voters","Live phone component",1166,0.448275862068966,455,0.551724137931034,560,142,31,63,1,3,142
"NH",2016-07-30,2016-07-29,2016-08-01,"MassINC","Likely Voters","Live phone component",609,0.594936708860759,286,0.40506329113924,195,152,31,77,1,2,152
"NH",2016-08-07,2016-08-07,2016-08-08,"Vox Populi","Registered Voters","Other",820,0.569444444444444,336,0.430555555555556,254,160,31,148,3,3,160
"NH",2016-08-11,2016-08-10,2016-08-12,"CBS","Likely Voters","Online poll",990,0.555555555555556,446,0.444444444444444,356,164,31,17,2,2,164
"NH",2016-08-20,2016-08-09,2016-09-01,"Washington Post","Registered Voters","Online poll",1218,0.540540540540541,487,0.459459459459459,414,173,31,149,2,3,173
"NH",2016-08-24,2016-08-20,2016-08-28,"UNH","Likely Voters","Live phone component",433,0.573333333333333,186,0.426666666666667,139,177,31,139,1,2,177
"NH",2016-08-27,2016-08-26,2016-08-28,"PPP","Likely Voters","Other",977,0.534883720930233,449,0.465116279069767,391,180,31,102,3,2,180
"NH",2016-08-30,2016-08-30,2016-08-31,"PPP","Likely Voters","Other",585,0.528735632183908,269,0.471264367816092,240,183,31,102,3,2,183
"NH",2016-09-07,2016-09-06,2016-09-08,"NBC","Likely Voters","Live phone component",737,0.513157894736842,287,0.486842105263158,273,191,31,90,1,2,191
"NH",2016-09-12,2016-09-02,2016-09-22,"Ipsos","Likely Voters","Online poll",283,0.586206896551724,144,0.413793103448276,102,196,31,65,2,2,196
"NH",2016-09-18,2016-09-17,2016-09-20,"Monmouth University","Likely Voters","Live phone component",400,0.552941176470588,188,0.447058823529412,152,202,31,83,1,2,202
"NH",2016-09-22,2016-09-20,2016-09-25,"ARG","Registered Voters","Live phone component",522,0.522727272727273,240,0.477272727272727,219,206,31,7,1,3,206
"NH",2016-09-25,2016-09-19,2016-10-02,"UPI","Likely Voters","Online poll",491,0.5,236,0.5,236,209,31,144,2,2,209
"NH",2016-09-26,2016-09-25,2016-09-27,"GBA Strategies","Likely Voters","Live phone component",600,0.5375,258,0.4625,222,210,31,48,1,2,210
"NH",2016-09-28,2016-09-27,2016-09-29,"MassINC","Likely Voters","Live phone component",502,0.545454545454545,211,0.454545454545455,176,212,31,77,1,2,212
"NH",2016-09-30,2016-09-29,2016-10-02,"GQR","Likely Voters","Live phone component",500,0.547619047619048,230,0.452380952380952,190,214,31,51,1,2,214
"NH",2016-10-03,2016-09-23,2016-10-13,"Ipsos","Likely Voters","Online poll",282,0.522727272727273,130,0.477272727272727,118,217,31,65,2,2,217
"NH",2016-10-04,2016-10-03,2016-10-05,"Suffolk","Likely Voters","Live phone component",500,0.511627906976744,220,0.488372093023256,210,218,31,126,1,2,218
"NH",2016-10-09,2016-10-07,2016-10-11,"UMass Lowell","Likely Voters","Live phone component",517,0.535714285714286,233,0.464285714285714,202,223,31,137,1,2,223
"NH",2016-10-11,2016-10-10,2016-10-12,"MassINC","Likely Voters","Live phone component",501,0.518987341772152,205,0.481012658227848,190,225,31,77,1,2,225
"NH",2016-10-12,2016-10-08,2016-10-16,"Washington Post","Likely Voters","Online poll",569,0.566265060240964,267,0.433734939759036,205,226,31,149,2,2,226
"NH",2016-10-12,2016-10-09,2016-10-16,"UPI","Likely Voters","Online poll",308,0.520833333333333,154,0.479166666666667,142,226,31,144,2,2,226
"NH",2016-10-14,2016-10-11,2016-10-17,"UNH","Likely Voters","Live phone component",755,0.590361445783133,370,0.409638554216867,257,228,31,139,1,2,228
"NH",2016-10-19,2016-10-17,2016-10-21,"UMass Amherst","Likely Voters","Online poll",772,0.530864197530864,332,0.469135802469136,293,233,31,136,2,2,233
"NH",2016-10-21,2016-10-18,2016-10-24,"SurveyMonkey","Likely Voters","Online poll",779,0.569767441860465,382,0.430232558139535,288,235,31,127,2,2,235
"NH",2016-10-22,2016-10-20,2016-10-24,"NBC","Likely Voters","Live phone component",768,0.555555555555556,346,0.444444444444444,276,236,31,90,1,2,236
"NH",2016-10-23,2016-10-22,2016-10-25,"Monmouth University","Likely Voters","Live phone component",401,0.522727272727273,184,0.477272727272727,168,237,31,83,1,2,237
"NJ",2016-04-04,2016-04-01,2016-04-08,"Rutgers","Registered Voters","Live phone component",738,0.581395348837209,369,0.418604651162791,266,35,32,113,1,3,35
"NJ",2016-05-13,2016-05-10,2016-05-16,"Quinnipiac","Registered Voters","Live phone component",1989,0.542168674698795,895,0.457831325301205,756,74,32,106,1,3,74
"NJ",2016-05-20,2016-05-18,2016-05-22,"Fairleigh Dickinson","Registered Voters","Live phone component",702,0.564705882352941,337,0.435294117647059,260,81,32,39,1,3,81
"NJ",2016-05-25,2016-05-23,2016-05-27,"Monmouth University","Registered Voters","Live phone component",703,0.544117647058823,260,0.455882352941176,218,86,32,83,1,3,86
"NJ",2016-06-01,2016-05-31,2016-06-03,"CBS","Likely Voters","Online poll",1194,0.590361445783133,585,0.409638554216867,406,93,32,17,2,2,93
"NJ",2016-06-24,2016-06-22,2016-06-26,"Fairleigh Dickinson","Registered Voters","Live phone component",349,0.578947368421053,154,0.421052631578947,112,116,32,39,1,3,116
"NJ",2016-08-20,2016-08-09,2016-09-01,"Washington Post","Registered Voters","Online poll",912,0.590361445783133,447,0.409638554216867,310,173,32,149,2,3,173
"NJ",2016-09-08,2016-09-06,2016-09-10,"Rutgers","Registered Voters","Live phone component",726,0.632911392405063,363,0.367088607594937,211,192,32,113,1,3,192
"NJ",2016-09-12,2016-09-02,2016-09-22,"Ipsos","Likely Voters","Online poll",953,0.609756097560976,476,0.390243902439024,305,196,32,65,2,2,196
"NJ",2016-09-25,2016-09-22,2016-09-29,"Stockton","Likely Voters","Live phone component",638,0.534883720930233,293,0.465116279069767,255,209,32,124,1,2,209
"NJ",2016-09-25,2016-09-19,2016-10-02,"UPI","Likely Voters","Online poll",568,0.572916666666667,312,0.427083333333333,233,209,32,144,2,2,209
"NJ",2016-10-03,2016-09-23,2016-10-13,"Ipsos","Likely Voters","Online poll",1084,0.609756097560976,542,0.390243902439024,347,217,32,65,2,2,217
"NJ",2016-10-12,2016-10-09,2016-10-16,"UPI","Likely Voters","Online poll",338,0.59375,193,0.40625,132,226,32,144,2,2,226
"NJ",2016-10-14,2016-10-12,2016-10-16,"Fairleigh Dickinson","Likely Voters","Live phone component",293,0.583333333333333,144,0.416666666666667,103,228,32,39,1,2,228
"NJ",2016-10-21,2016-10-18,2016-10-24,"SurveyMonkey","Likely Voters","Online poll",590,0.590909090909091,307,0.409090909090909,212,235,32,127,2,2,235
"NM",2016-05-14,2016-05-13,2016-05-15,"PPP","Likely Voters","Other",802,0.554054054054054,329,0.445945945945946,265,75,33,102,3,2,75
"NM",2016-08-20,2016-08-19,2016-08-21,"PPP","Likely Voters","Other",1103,0.563380281690141,441,0.436619718309859,342,173,33,102,3,2,173
"NM",2016-08-20,2016-08-09,2016-09-01,"Washington Post","Registered Voters","Online poll",1788,0.560606060606061,662,0.439393939393939,519,173,33,149,2,3,173
"NM",2016-09-25,2016-09-19,2016-10-02,"UPI","Likely Voters","Online poll",507,0.526315789473684,254,0.473684210526316,228,209,33,144,2,2,209
"NM",2016-09-28,2016-09-27,2016-09-29,"Albuquerque Journal","Likely Voters","Live phone component",501,0.53030303030303,175,0.46969696969697,155,212,33,4,1,2,212
"NM",2016-09-30,2016-09-28,2016-10-02,"SurveyUSA","Likely Voters","Other",594,0.582278481012658,273,0.417721518987342,196,214,33,128,3,2,214
"NM",2016-10-03,2016-09-23,2016-10-13,"Ipsos","Likely Voters","Online poll",263,0.55,116,0.45,95,217,33,65,2,2,217
"NM",2016-10-12,2016-10-08,2016-10-16,"Washington Post","Likely Voters","Online poll",889,0.554054054054054,364,0.445945945945946,293,226,33,149,2,2,226
"NM",2016-10-12,2016-10-09,2016-10-16,"UPI","Likely Voters","Online poll",324,0.536842105263158,165,0.463157894736842,143,226,33,144,2,2,226
"NM",2016-10-21,2016-10-18,2016-10-24,"SurveyMonkey","Likely Voters","Online poll",1095,0.546666666666667,449,0.453333333333333,372,235,33,127,2,2,235
"NV",2016-05-24,2016-05-24,2016-05-25,"Gravis Marketing","Registered Voters","Other",1637,0.482352941176471,671,0.517647058823529,720,85,34,52,3,3,85
"NV",2016-06-15,2016-06-11,2016-06-20,"GQR","Likely Voters","Live phone component",300,0.5,132,0.5,132,107,34,51,1,2,107
"NV",2016-07-08,2016-07-07,2016-07-10,"Monmouth University","Likely Voters","Live phone component",408,0.523255813953488,184,0.476744186046512,167,130,34,83,1,2,130
"NV",2016-07-23,2016-07-22,2016-07-24,"Rasmussen","Likely Voters","Other",750,0.469135802469136,285,0.530864197530864,322,145,34,109,3,2,145
"NV",2016-07-30,2016-07-29,2016-07-31,"Rasmussen","Likely Voters","Other",750,0.506172839506173,308,0.493827160493827,300,152,34,109,3,2,152
"NV",2016-08-03,2016-08-02,2016-08-05,"CBS","Likely Voters","Online poll",993,0.511904761904762,427,0.488095238095238,407,156,34,17,2,2,156
"NV",2016-08-16,2016-08-15,2016-08-17,"Suffolk","Likely Voters","Live phone component",500,0.511627906976744,220,0.488372093023256,210,169,34,126,1,2,169
"NV",2016-08-20,2016-08-09,2016-09-01,"Washington Post","Registered Voters","Online poll",2776,0.519480519480519,1110,0.480519480519481,1027,173,34,149,2,3,173
"NV",2016-09-06,2016-09-06,2016-09-07,"PPP","Likely Voters","Other",815,0.517241379310345,367,0.482758620689655,342,190,34,102,3,2,190
"NV",2016-09-07,2016-09-06,2016-09-08,"NBC","Likely Voters","Live phone component",627,0.493975903614458,257,0.506024096385542,263,191,34,90,1,2,191
"NV",2016-09-12,2016-09-11,2016-09-13,"Monmouth University","Likely Voters","Live phone component",406,0.488372093023256,171,0.511627906976744,179,196,34,83,1,2,196
"NV",2016-09-12,2016-09-02,2016-09-22,"Ipsos","Likely Voters","Online poll",542,0.5,244,0.5,244,196,34,65,2,2,196
"NV",2016-09-13,2016-09-12,2016-09-14,"Insights West","Likely Voters","Online poll",398,0.48780487804878,159,0.51219512195122,167,197,34,64,2,2,197
"NV",2016-09-14,2016-09-10,2016-09-19,"GQR","Likely Voters","Live phone component",400,0.5,168,0.5,168,198,34,51,1,2,198
"NV",2016-09-17,2016-09-16,2016-09-18,"Rasmussen","Likely Voters","Other",800,0.481481481481481,312,0.518518518518518,336,201,34,109,3,2,201
"NV",2016-09-19,2016-09-18,2016-09-20,"FOX","Likely Voters","Live phone component",704,0.481927710843373,282,0.518072289156627,303,203,34,44,1,2,203
"NV",2016-09-25,2016-09-19,2016-10-02,"UPI","Likely Voters","Online poll",536,0.5,252,0.5,252,209,34,144,2,2,209
"NV",2016-09-28,2016-09-27,2016-09-29,"Suffolk","Likely Voters","Live phone component",500,0.536585365853659,220,0.463414634146341,190,212,34,126,1,2,212
"NV",2016-09-29,2016-09-27,2016-10-02,"Hart","Registered Voters","Live phone component",700,0.517647058823529,308,0.482352941176471,287,213,34,56,1,3,213
"NV",2016-10-03,2016-09-23,2016-10-13,"Ipsos","Likely Voters","Online poll",641,0.5125,263,0.4875,250,217,34,65,2,2,217
"NV",2016-10-10,2016-10-10,2016-10-11,"Clarity","Likely Voters","Live phone component",1010,0.5,434,0.5,434,224,34,22,1,2,224
"NV",2016-10-10,2016-10-10,2016-10-11,"PPP","Likely Voters","Other",986,0.522222222222222,463,0.477777777777778,424,224,34,102,3,2,224
"NV",2016-10-11,2016-10-10,2016-10-13,"JMC Analytics","Likely Voters","Live phone component",600,0.511904761904762,258,0.488095238095238,246,225,34,66,1,2,225
"NV",2016-10-12,2016-10-08,2016-10-16,"Washington Post","Likely Voters","Online poll",884,0.476190476190476,354,0.523809523809524,389,226,34,149,2,2,226
"NV",2016-10-12,2016-10-10,2016-10-15,"CNN","Likely Voters","Live phone component",698,0.511111111111111,321,0.488888888888889,307,226,34,25,1,2,226
"NV",2016-10-12,2016-10-09,2016-10-16,"UPI","Likely Voters","Online poll",319,0.521276595744681,156,0.478723404255319,144,226,34,144,2,2,226
"NV",2016-10-13,2016-10-12,2016-10-14,"CBS","Likely Voters","Online poll",996,0.534883720930233,458,0.465116279069767,398,227,34,17,2,2,227
"NV",2016-10-15,2016-10-14,2016-10-17,"Monmouth University","Likely Voters","Live phone component",413,0.540229885057471,194,0.459770114942529,165,229,34,83,1,2,229
"NV",2016-10-21,2016-10-18,2016-10-24,"SurveyMonkey","Likely Voters","Online poll",967,0.5,425,0.5,425,235,34,127,2,2,235
"NV",2016-10-21,2016-10-20,2016-10-22,"Rasmussen","Likely Voters","Other",826,0.522727272727273,380,0.477272727272727,347,235,34,109,3,2,235
"NV",2016-10-21,2016-10-20,2016-10-23,"Bendixen","Likely Voters","Live phone component",800,0.539325842696629,384,0.460674157303371,328,235,34,14,1,2,235
"NV",2016-10-21,2016-10-20,2016-10-22,"Remington Research Group","Likely Voters","Live phone component",1332,0.483516483516484,586,0.516483516483517,626,235,34,110,1,2,235
"NV",2016-10-22,2016-10-20,2016-10-24,"NBC","Likely Voters","Live phone component",707,0.5,304,0.5,304,236,34,90,1,2,236
"NY",2016-03-01,2016-02-28,2016-03-03,"Siena","Registered Voters","Live phone component",800,0.626373626373626,456,0.373626373626374,272,1,35,118,1,3,1
"NY",2016-03-15,2016-03-14,2016-03-16,"Emerson College Polling Society","Likely Voters","Other",768,0.604395604395604,422,0.395604395604396,276,15,35,37,3,2,15
"NY",2016-03-25,2016-03-22,2016-03-29,"Quinnipiac","Registered Voters","Live phone component",1667,0.616279069767442,884,0.383720930232558,550,25,35,106,1,3,25
"NY",2016-04-05,2016-04-04,2016-04-07,"FOX","Likely Voters","Live phone component",1403,0.588888888888889,744,0.411111111111111,519,36,35,44,1,2,36
"NY",2016-04-06,2016-04-06,2016-04-07,"Emerson College Polling Society","Likely Voters","Other",864,0.6,467,0.4,311,37,35,37,3,2,37
"NY",2016-04-07,2016-04-05,2016-04-10,"Baruch College","Registered Voters","Live phone component",1306,0.593023255813954,666,0.406976744186047,457,38,35,12,1,3,38
"NY",2016-04-08,2016-04-07,2016-04-10,"PPP","Likely Voters","Other",1403,0.611111111111111,772,0.388888888888889,491,39,35,102,3,2,39
"NY",2016-04-08,2016-04-06,2016-04-10,"NBC","Registered Voters","Live phone component",1987,0.655913978494624,1212,0.344086021505376,636,39,35,90,1,3,39
"NY",2016-04-16,2016-04-15,2016-04-17,"Emerson College Polling Society","Likely Voters","Other",1047,0.604395604395604,576,0.395604395604396,377,47,35,37,3,2,47
"NY",2016-04-25,2016-04-24,2016-04-27,"Siena","Registered Voters","Live phone component",802,0.651162790697674,449,0.348837209302326,241,56,35,118,1,3,56
"NY",2016-05-24,2016-05-22,2016-05-26,"Siena","Registered Voters","Live phone component",825,0.626506024096386,429,0.373493975903614,256,85,35,118,1,3,85
"NY",2016-06-25,2016-06-22,2016-06-28,"Siena","Registered Voters","Live phone component",803,0.635294117647059,434,0.364705882352941,249,117,35,118,1,3,117
"NY",2016-07-15,2016-07-13,2016-07-17,"Quinnipiac","Registered Voters","Live phone component",1104,0.576923076923077,497,0.423076923076923,364,137,35,106,1,3,137
"NY",2016-08-06,2016-08-04,2016-08-08,"Gravis Marketing","Registered Voters","Other",1717,0.585365853658537,824,0.414634146341463,584,159,35,52,3,3,159
"NY",2016-08-08,2016-08-07,2016-08-10,"Siena","Registered Voters","Live phone component",717,0.666666666666667,358,0.333333333333333,179,161,35,118,1,3,161
"NY",2016-08-20,2016-08-09,2016-09-01,"Washington Post","Registered Voters","Online poll",1405,0.621951219512195,717,0.378048780487805,436,173,35,149,2,3,173
"NY",2016-09-12,2016-09-02,2016-09-22,"Ipsos","Likely Voters","Online poll",1113,0.609195402298851,590,0.390804597701149,378,196,35,65,2,2,196
"NY",2016-09-13,2016-09-11,2016-09-15,"Siena","Likely Voters","Live phone component",600,0.62962962962963,306,0.37037037037037,180,197,35,118,1,2,197
"NY",2016-09-22,2016-09-21,2016-09-23,"NBC","Likely Voters","Live phone component",676,0.626506024096386,352,0.373493975903614,210,206,35,90,1,2,206
"NY",2016-09-25,2016-09-19,2016-10-02,"UPI","Likely Voters","Online poll",701,0.587628865979381,400,0.412371134020619,280,209,35,144,2,2,209
"NY",2016-10-03,2016-09-23,2016-10-13,"Ipsos","Likely Voters","Online poll",986,0.6625,523,0.3375,266,217,35,65,2,2,217
"NY",2016-10-12,2016-10-09,2016-10-16,"UPI","Likely Voters","Online poll",404,0.608247422680412,238,0.391752577319588,154,226,35,144,2,2,226
"NY",2016-10-15,2016-10-13,2016-10-17,"Siena","Likely Voters","Live phone component",611,0.642857142857143,330,0.357142857142857,183,229,35,118,1,2,229
"NY",2016-10-21,2016-10-18,2016-10-24,"SurveyMonkey","Likely Voters","Online poll",1169,0.651685393258427,678,0.348314606741573,362,235,35,127,2,2,235
"OH",2016-03-04,2016-03-02,2016-03-06,"CNN","Registered Voters","Live phone component",884,0.537634408602151,442,0.462365591397849,380,4,36,25,1,3,4
"OH",2016-03-05,2016-03-04,2016-03-06,"PPP","Likely Voters","Other",1248,0.529411764705882,562,0.470588235294118,499,5,36,102,3,2,5
"OH",2016-03-07,2016-03-04,2016-03-10,"NBC","Registered Voters","Live phone component",2052,0.533333333333333,985,0.466666666666667,862,7,36,90,1,3,7
"OH",2016-04-26,2016-04-26,2016-04-27,"PPP","Registered Voters","Other",799,0.517241379310345,360,0.482758620689655,336,57,36,102,3,3,57
"OH",2016-05-02,2016-04-27,2016-05-08,"Quinnipiac","Registered Voters","Live phone component",1042,0.475609756097561,406,0.524390243902439,448,63,36,106,1,3,63
"OH",2016-05-17,2016-05-16,2016-05-19,"CBS","Likely Voters","Online poll",992,0.530120481927711,436,0.469879518072289,387,78,36,17,2,2,78
"OH",2016-05-20,2016-05-18,2016-05-22,"Zogby","Likely Voters","Online poll",679,0.535211267605634,258,0.464788732394366,224,81,36,155,2,2,81
"OH",2016-06-13,2016-06-08,2016-06-19,"Quinnipiac","Registered Voters","Live phone component",971,0.513513513513513,369,0.486486486486487,350,105,36,106,1,3,105
"OH",2016-06-15,2016-06-11,2016-06-20,"GQR","Likely Voters","Live phone component",300,0.5,123,0.5,123,107,36,51,1,2,107
"OH",2016-06-22,2016-06-22,2016-06-23,"PPP","Likely Voters","Other",708,0.523809523809524,312,0.476190476190476,283,114,36,102,3,2,114
"OH",2016-06-25,2016-06-22,2016-06-28,"RABA Research","Likely Voters","Live phone component",599,0.518987341772152,246,0.481012658227848,228,117,36,108,1,2,117
"OH",2016-06-27,2016-06-27,2016-06-28,"Gravis Marketing","Registered Voters","Other",1270,0.494623655913978,584,0.505376344086022,597,119,36,52,3,3,119
"OH",2016-07-05,2016-06-30,2016-07-11,"Quinnipiac","Registered Voters","Live phone component",955,0.493150684931507,344,0.506849315068493,353,127,36,106,1,3,127
"OH",2016-07-07,2016-07-05,2016-07-10,"NBC","Registered Voters","Live phone component",848,0.520547945205479,322,0.479452054794521,297,129,36,90,1,3,129
"OH",2016-07-14,2016-07-13,2016-07-15,"CBS","Likely Voters","Online poll",1104,0.523809523809524,486,0.476190476190476,442,136,36,17,2,2,136
"OH",2016-07-19,2016-07-18,2016-07-20,"Suffolk","Likely Voters","Live phone component",500,0.524390243902439,215,0.475609756097561,195,141,36,126,1,2,141
"OH",2016-07-23,2016-07-22,2016-07-24,"PPP","Likely Voters","Other",1334,0.481481481481481,520,0.518518518518518,560,145,36,102,3,2,145
"OH",2016-08-03,2016-07-30,2016-08-07,"Quinnipiac","Likely Voters","Live phone component",812,0.511627906976744,357,0.488372093023256,341,156,36,106,1,2,156
"OH",2016-08-05,2016-08-03,2016-08-07,"NBC","Registered Voters","Live phone component",889,0.527027027027027,347,0.472972972972973,311,158,36,90,1,3,158
"OH",2016-08-18,2016-08-17,2016-08-19,"CBS","Likely Voters","Online poll",997,0.534883720930233,459,0.465116279069767,399,171,36,17,2,2,171
"OH",2016-08-19,2016-08-18,2016-08-21,"Monmouth University","Likely Voters","Live phone component",402,0.524390243902439,173,0.475609756097561,157,172,36,83,1,2,172
"OH",2016-08-20,2016-08-09,2016-09-01,"Washington Post","Registered Voters","Online poll",2543,0.480519480519481,941,0.519480519480519,1017,173,36,149,2,3,173
"OH",2016-08-26,2016-08-26,2016-08-27,"PPP","Likely Voters","Other",1134,0.522727272727273,522,0.477272727272727,476,179,36,102,3,2,179
"OH",2016-09-02,2016-08-29,2016-09-07,"Quinnipiac","Likely Voters","Live phone component",775,0.474358974358974,287,0.525641025641026,318,186,36,106,1,2,186
"OH",2016-09-08,2016-09-07,2016-09-09,"CBS","Likely Voters","Online poll",994,0.541176470588235,457,0.458823529411765,388,192,36,17,2,2,192
"OH",2016-09-09,2016-09-07,2016-09-12,"CNN","Likely Voters","Live phone component",769,0.471264367816092,315,0.528735632183908,354,193,36,25,1,2,193
"OH",2016-09-10,2016-09-09,2016-09-12,"Bloomberg","Likely Voters","Live phone component",802,0.469879518072289,313,0.530120481927711,353,194,36,15,1,2,194
"OH",2016-09-12,2016-09-02,2016-09-22,"Ipsos","Likely Voters","Online poll",550,0.51685393258427,253,0.48314606741573,236,196,36,65,2,2,196
"OH",2016-09-13,2016-09-12,2016-09-14,"Suffolk","Likely Voters","Live phone component",500,0.481481481481481,195,0.518518518518518,210,197,36,126,1,2,197
"OH",2016-09-14,2016-09-10,2016-09-19,"GQR","Likely Voters","Live phone component",400,0.4875,156,0.5125,164,198,36,51,1,2,198
"OH",2016-09-18,2016-09-15,2016-09-22,"TargetSmart","Likely Voters","Live phone component",652,0.519480519480519,261,0.480519480519481,241,202,36,130,1,2,202
"OH",2016-09-19,2016-09-18,2016-09-20,"FOX","Likely Voters","Live phone component",737,0.468354430379747,273,0.531645569620253,310,203,36,44,1,2,203
"OH",2016-09-25,2016-09-19,2016-10-02,"UPI","Likely Voters","Online poll",548,0.494845360824742,263,0.505154639175258,269,209,36,144,2,2,209
"OH",2016-09-29,2016-09-27,2016-10-02,"Anzalone","Likely Voters","Live phone component",800,0.511627906976744,352,0.488372093023256,336,213,36,5,1,2,213
"OH",2016-09-29,2016-09-27,2016-10-02,"Quinnipiac","Likely Voters","Live phone component",497,0.471910112359551,209,0.528089887640449,234,213,36,106,1,2,213
"OH",2016-10-02,2016-10-01,2016-10-04,"Monmouth University","Likely Voters","Live phone component",405,0.511627906976744,178,0.488372093023256,170,216,36,83,1,2,216
"OH",2016-10-03,2016-09-23,2016-10-13,"Ipsos","Likely Voters","Online poll",2192,0.494117647058824,921,0.505882352941176,943,217,36,65,2,2,217
"OH",2016-10-04,2016-10-03,2016-10-06,"TargetSmart","Likely Voters","Live phone component",812,0.518072289156627,349,0.481927710843373,325,218,36,130,1,2,218
"OH",2016-10-05,2016-10-05,2016-10-06,"PPP","Likely Voters","Other",782,0.505747126436782,344,0.494252873563218,336,219,36,102,3,2,219
"OH",2016-10-06,2016-10-05,2016-10-07,"CBS","Likely Voters","Online poll",997,0.522727272727273,459,0.477272727272727,419,220,36,17,2,2,220
"OH",2016-10-08,2016-10-07,2016-10-10,"Lucid","Likely Voters","Online poll",1304,0.530120481927711,574,0.469879518072289,509,222,36,72,2,2,222
"OH",2016-10-10,2016-10-09,2016-10-11,"Baldwin Wallace University","Likely Voters","Online poll",1152,0.558441558441558,495,0.441558441558442,392,224,36,10,2,2,224
"OH",2016-10-11,2016-10-10,2016-10-12,"NBC","Likely Voters","Live phone component",724,0.493975903614458,297,0.506024096385542,304,225,36,90,1,2,225
"OH",2016-10-12,2016-10-08,2016-10-16,"Washington Post","Likely Voters","Online poll",1307,0.482352941176471,536,0.517647058823529,575,226,36,149,2,2,226
"OH",2016-10-12,2016-10-10,2016-10-15,"CNN","Likely Voters","Live phone component",774,0.478260869565217,341,0.521739130434783,372,226,36,25,1,2,226
"OH",2016-10-12,2016-10-09,2016-10-16,"UPI","Likely Voters","Online poll",344,0.520833333333333,172,0.479166666666667,158,226,36,144,2,2,226
"OH",2016-10-13,2016-10-10,2016-10-16,"Quinnipiac","Likely Voters","Live phone component",624,0.5,281,0.5,281,227,36,106,1,2,227
"OH",2016-10-18,2016-10-17,2016-10-19,"Suffolk","Likely Voters","Live phone component",500,0.5,225,0.5,225,232,36,126,1,2,232
"OH",2016-10-21,2016-10-18,2016-10-24,"SurveyMonkey","Likely Voters","Online poll",1951,0.470588235294118,780,0.529411764705882,878,235,36,127,2,2,235
"OH",2016-10-21,2016-10-20,2016-10-22,"Remington Research Group","Likely Voters","Live phone component",1971,0.477272727272727,828,0.522727272727273,907,235,36,110,1,2,235
"OK",2016-07-22,2016-07-20,2016-07-25,"SoonerPoll","Likely Voters","Live phone component",398,0.353658536585366,115,0.646341463414634,211,144,37,119,1,2,144
"OK",2016-08-20,2016-08-09,2016-09-01,"Washington Post","Registered Voters","Online poll",1041,0.346666666666667,271,0.653333333333333,510,173,37,149,2,3,173
"OK",2016-09-12,2016-09-02,2016-09-22,"Ipsos","Likely Voters","Online poll",547,0.352941176470588,164,0.647058823529412,301,196,37,65,2,2,196
"OK",2016-09-14,2016-09-13,2016-09-15,"SoonerPoll","Likely Voters","Live phone component",515,0.413793103448276,185,0.586206896551724,263,198,37,119,1,2,198
"OK",2016-09-25,2016-09-19,2016-10-02,"UPI","Likely Voters","Online poll",508,0.329896907216495,163,0.670103092783505,330,209,37,144,2,2,209
"OK",2016-10-03,2016-09-23,2016-10-13,"Ipsos","Likely Voters","Online poll",647,0.413793103448276,233,0.586206896551724,330,217,37,65,2,2,217
"OK",2016-10-12,2016-10-09,2016-10-16,"UPI","Likely Voters","Online poll",317,0.350515463917526,108,0.649484536082474,200,226,37,144,2,2,226
"OK",2016-10-19,2016-10-18,2016-10-20,"SoonerPoll","Likely Voters","Live phone component",530,0.333333333333333,159,0.666666666666667,318,233,37,119,1,2,233
"OK",2016-10-21,2016-10-18,2016-10-24,"SurveyMonkey","Likely Voters","Online poll",493,0.363636363636364,158,0.636363636363636,276,235,37,127,2,2,235
"OR",2016-05-07,2016-05-06,2016-05-09,"DHM","Likely Voters","Live phone component",901,0.573333333333333,387,0.426666666666667,288,68,38,32,1,2,68
"OR",2016-05-11,2016-05-10,2016-05-13,"Clout Research","Likely Voters","Live phone component",657,0.488372093023256,276,0.511627906976744,289,72,38,23,1,2,72
"OR",2016-06-25,2016-06-23,2016-06-27,"ICITIZEN","Registered Voters","Online poll",555,0.58974358974359,255,0.41025641025641,178,117,38,62,2,3,117
"OR",2016-07-11,2016-07-09,2016-07-13,"Clout Research","Likely Voters","Live phone component",701,0.518072289156627,301,0.481927710843373,280,133,38,23,1,2,133
"OR",2016-08-20,2016-08-09,2016-09-01,"Washington Post","Registered Voters","Online poll",877,0.594936708860759,412,0.40506329113924,281,173,38,149,2,3,173
"OR",2016-09-03,2016-09-01,2016-09-06,"DHM","Registered Voters","Live phone component",517,0.603174603174603,196,0.396825396825397,129,187,38,32,1,3,187
"OR",2016-09-04,2016-09-02,2016-09-07,"ICITIZEN","Registered Voters","Online poll",610,0.605633802816901,262,0.394366197183099,171,188,38,62,2,3,188
"OR",2016-09-12,2016-09-02,2016-09-22,"Ipsos","Likely Voters","Online poll",505,0.517647058823529,222,0.482352941176471,207,196,38,65,2,2,196
"OR",2016-09-25,2016-09-19,2016-10-02,"UPI","Likely Voters","Online poll",502,0.526315789473684,251,0.473684210526316,226,209,38,144,2,2,209
"OR",2016-09-30,2016-09-29,2016-10-01,"Hoffman Research","Likely Voters","Live phone component",605,0.576923076923077,272,0.423076923076923,200,214,38,60,1,2,214
"OR",2016-10-03,2016-09-23,2016-10-13,"Ipsos","Likely Voters","Online poll",616,0.55952380952381,290,0.44047619047619,228,217,38,65,2,2,217
"OR",2016-10-04,2016-10-04,2016-10-04,"Gravis Marketing","Registered Voters","Other",1248,0.546511627906977,587,0.453488372093023,487,218,38,52,3,3,218
"OR",2016-10-09,2016-10-06,2016-10-13,"DHM","Likely Voters","Live phone component",600,0.544303797468354,258,0.455696202531646,216,223,38,32,1,2,223
"OR",2016-10-09,2016-10-04,2016-10-14,"Riley Research","Likely Voters","Live phone component",608,0.560975609756098,280,0.439024390243902,219,223,38,111,1,2,223
"OR",2016-10-11,2016-10-10,2016-10-12,"SurveyUSA","Likely Voters","Other",654,0.558139534883721,314,0.441860465116279,249,225,38,128,3,2,225
"OR",2016-10-12,2016-10-09,2016-10-16,"UPI","Likely Voters","Online poll",324,0.542553191489362,165,0.457446808510638,139,226,38,144,2,2,226
"OR",2016-10-21,2016-10-18,2016-10-24,"SurveyMonkey","Likely Voters","Online poll",576,0.614457831325301,294,0.385542168674699,184,235,38,127,2,2,235
"PA",2016-03-01,2016-03-01,2016-03-02,"Harper","Likely Voters","Other",662,0.529411764705882,298,0.470588235294118,265,1,39,55,3,2,1
"PA",2016-03-06,2016-03-01,2016-03-11,"Mercyhurst University","Registered Voters","Live phone component",421,0.551282051282051,181,0.448717948717949,147,6,39,80,1,3,6
"PA",2016-03-17,2016-03-14,2016-03-20,"Franklin and Marshall College","Registered Voters","Live phone component",828,0.582278481012658,381,0.417721518987342,273,17,39,45,1,3,17
"PA",2016-04-01,2016-03-30,2016-04-04,"Quinnipiac","Likely Voters","Live phone component",1737,0.517241379310345,782,0.482758620689655,730,32,39,106,1,2,32
"PA",2016-04-05,2016-04-04,2016-04-07,"FOX","Likely Voters","Live phone component",1607,0.5,707,0.5,707,36,39,44,1,2,36
"PA",2016-04-19,2016-04-18,2016-04-20,"NBC","Registered Voters","Live phone component",2606,0.580645161290323,1407,0.419354838709677,1016,50,39,90,1,3,50
"PA",2016-05-02,2016-04-27,2016-05-08,"Quinnipiac","Registered Voters","Live phone component",1077,0.505882352941176,463,0.494117647058824,452,63,39,106,1,3,63
"PA",2016-06-04,2016-06-03,2016-06-05,"PPP","Likely Voters","Other",1106,0.506172839506173,453,0.493827160493827,442,96,39,102,3,2,96
"PA",2016-06-13,2016-06-08,2016-06-19,"Quinnipiac","Registered Voters","Live phone component",950,0.52,370,0.48,342,105,39,106,1,3,105
"PA",2016-06-15,2016-06-11,2016-06-20,"GQR","Likely Voters","Live phone component",300,0.584415584415584,135,0.415584415584416,96,107,39,51,1,2,107
"PA",2016-06-22,2016-06-22,2016-06-23,"PPP","Likely Voters","Other",980,0.522727272727273,451,0.477272727272727,412,114,39,102,3,2,114
"PA",2016-06-27,2016-06-27,2016-06-28,"Gravis Marketing","Registered Voters","Other",1958,0.505263157894737,940,0.494736842105263,920,119,39,52,3,3,119
"PA",2016-07-05,2016-06-30,2016-07-11,"Quinnipiac","Registered Voters","Live phone component",982,0.459459459459459,334,0.540540540540541,393,127,39,106,1,3,127
"PA",2016-07-07,2016-07-05,2016-07-10,"NBC","Registered Voters","Live phone component",829,0.551282051282051,356,0.448717948717949,290,129,39,90,1,3,129
"PA",2016-07-26,2016-07-25,2016-07-27,"Suffolk","Likely Voters","Live phone component",500,0.55421686746988,230,0.44578313253012,185,148,39,126,1,2,148
"PA",2016-07-30,2016-07-29,2016-08-01,"Franklin and Marshall College","Likely Voters","Live phone component",389,0.563218390804598,191,0.436781609195402,148,152,39,45,1,2,152
"PA",2016-07-30,2016-07-29,2016-07-31,"PPP","Likely Voters","Other",1505,0.517241379310345,677,0.482758620689655,632,152,39,102,3,2,152
"PA",2016-08-02,2016-07-31,2016-08-04,"Susquehanna","Likely Voters","Live phone component",772,0.55421686746988,355,0.44578313253012,286,155,39,129,1,2,155
"PA",2016-08-03,2016-07-30,2016-08-07,"Quinnipiac","Likely Voters","Live phone component",815,0.551724137931034,391,0.448275862068966,318,156,39,106,1,2,156
"PA",2016-08-05,2016-08-03,2016-08-07,"NBC","Registered Voters","Live phone component",834,0.555555555555556,375,0.444444444444444,300,158,39,90,1,3,158
"PA",2016-08-20,2016-08-09,2016-09-01,"Washington Post","Registered Voters","Online poll",2861,0.518987341772152,1173,0.481012658227848,1087,173,39,149,2,3,173
"PA",2016-08-26,2016-08-26,2016-08-27,"PPP","Likely Voters","Other",1194,0.527472527472527,573,0.472527472527473,513,179,39,102,3,2,179
"PA",2016-08-27,2016-08-25,2016-08-29,"Franklin and Marshall College","Likely Voters","Live phone component",496,0.540229885057471,233,0.459770114942529,198,180,39,45,1,2,180
"PA",2016-08-27,2016-08-26,2016-08-29,"Monmouth University","Likely Voters","Live phone component",402,0.545454545454545,193,0.454545454545455,161,180,39,83,1,2,180
"PA",2016-08-30,2016-08-30,2016-08-31,"PPP","Likely Voters","Other",814,0.528089887640449,383,0.471910112359551,342,183,39,102,3,2,183
"PA",2016-08-31,2016-08-30,2016-09-02,"CBS","Likely Voters","Online poll",1091,0.548780487804878,491,0.451219512195122,404,184,39,17,2,2,184
"PA",2016-09-02,2016-08-29,2016-09-07,"Quinnipiac","Likely Voters","Live phone component",778,0.530120481927711,342,0.469879518072289,303,186,39,106,1,2,186
"PA",2016-09-12,2016-09-02,2016-09-22,"Ipsos","Likely Voters","Online poll",709,0.5,326,0.5,326,196,39,65,2,2,196
"PA",2016-09-14,2016-09-12,2016-09-16,"Muhlenberg","Likely Voters","Live phone component",405,0.555555555555556,162,0.444444444444444,130,198,39,89,1,2,198
"PA",2016-09-14,2016-09-10,2016-09-19,"GQR","Likely Voters","Live phone component",400,0.547619047619048,184,0.452380952380952,152,198,39,51,1,2,198
"PA",2016-09-17,2016-09-12,2016-09-23,"Mercyhurst University","Registered Voters","Live phone component",420,0.506024096385542,176,0.493975903614458,172,201,39,80,1,3,201
"PA",2016-09-21,2016-09-19,2016-09-23,"Muhlenberg","Likely Voters","Live phone component",486,0.512820512820513,194,0.487179487179487,185,205,39,89,1,2,205
"PA",2016-09-22,2016-09-20,2016-09-25,"CNN","Likely Voters","Live phone component",771,0.50561797752809,347,0.49438202247191,339,206,39,25,1,2,206
"PA",2016-09-25,2016-09-19,2016-10-02,"UPI","Likely Voters","Online poll",649,0.479166666666667,299,0.520833333333333,324,209,39,144,2,2,209
"PA",2016-09-27,2016-09-27,2016-09-28,"PPP","Likely Voters","Other",886,0.535714285714286,399,0.464285714285714,346,211,39,102,3,2,211
"PA",2016-09-29,2016-09-27,2016-10-02,"Quinnipiac","Likely Voters","Live phone component",535,0.523255813953488,241,0.476744186046512,219,213,39,106,1,2,213
"PA",2016-09-30,2016-09-28,2016-10-02,"Franklin and Marshall College","Likely Voters","Live phone component",496,0.552941176470588,233,0.447058823529412,188,214,39,45,1,2,214
"PA",2016-10-01,2016-09-30,2016-10-03,"Monmouth University","Likely Voters","Live phone component",402,0.555555555555556,201,0.444444444444444,161,215,39,83,1,2,215
"PA",2016-10-03,2016-09-23,2016-10-13,"Ipsos","Likely Voters","Online poll",2271,0.522727272727273,1045,0.477272727272727,954,217,39,65,2,2,217
"PA",2016-10-04,2016-10-03,2016-10-06,"NBC","Likely Voters","Live phone component",709,0.569767441860465,347,0.430232558139535,262,218,39,90,1,2,218
"PA",2016-10-06,2016-10-04,2016-10-09,"Susquehanna","Likely Voters","Live phone component",764,0.523809523809524,336,0.476190476190476,306,220,39,129,1,2,220
"PA",2016-10-06,2016-10-05,2016-10-07,"CBS","Likely Voters","Online poll",997,0.545454545454545,479,0.454545454545455,399,220,39,17,2,2,220
"PA",2016-10-08,2016-10-07,2016-10-10,"Lucid","Likely Voters","Online poll",1457,0.552941176470588,685,0.447058823529412,554,222,39,72,2,2,222
"PA",2016-10-09,2016-10-07,2016-10-11,"Bloomberg","Likely Voters","Live phone component",806,0.551724137931034,387,0.448275862068966,314,223,39,15,1,2,223
"PA",2016-10-12,2016-10-08,2016-10-16,"Washington Post","Likely Voters","Online poll",1449,0.534883720930233,667,0.465116279069767,580,226,39,149,2,2,226
"PA",2016-10-12,2016-10-09,2016-10-16,"UPI","Likely Voters","Online poll",380,0.520833333333333,190,0.479166666666667,175,226,39,144,2,2,226
"PA",2016-10-13,2016-10-10,2016-10-16,"Quinnipiac","Likely Voters","Live phone component",660,0.534090909090909,310,0.465909090909091,271,227,39,106,1,2,227
"PA",2016-10-21,2016-10-20,2016-10-22,"Remington Research Group","Likely Voters","Live phone component",1997,0.517241379310345,899,0.482758620689655,839,235,39,110,1,2,235
"PA",2016-10-21,2016-10-18,2016-10-24,"SurveyMonkey","Likely Voters","Online poll",2131,0.533333333333333,1023,0.466666666666667,895,235,39,127,2,2,235
"PA",2016-10-23,2016-10-20,2016-10-26,"Muhlenberg","Likely Voters","Live phone component",420,0.535714285714286,189,0.464285714285714,164,237,39,89,1,2,237
"PA",2016-10-24,2016-10-23,2016-10-25,"NYT Upshot","Likely Voters","Live phone component",824,0.541176470588235,379,0.458823529411765,321,238,39,93,1,2,238
"RI",2016-08-20,2016-08-09,2016-09-01,"Washington Post","Registered Voters","Online poll",625,0.554054054054054,256,0.445945945945946,206,173,40,149,2,3,173
"RI",2016-09-25,2016-09-19,2016-10-02,"UPI","Likely Voters","Online poll",457,0.587628865979381,260,0.412371134020619,183,209,40,144,2,2,209
"RI",2016-10-21,2016-10-18,2016-10-24,"SurveyMonkey","Likely Voters","Online poll",488,0.569767441860465,239,0.430232558139535,181,235,40,127,2,2,235
"SC",2016-08-09,2016-08-09,2016-08-10,"PPP","Likely Voters","Other",1290,0.4875,503,0.5125,529,162,41,102,3,2,162
"SC",2016-08-16,2016-08-15,2016-08-17,"Gravis Marketing","Registered Voters","Other",768,0.474358974358974,284,0.525641025641026,315,169,41,52,3,3,169
"SC",2016-08-19,2016-08-18,2016-08-21,"Feldman","Likely Voters","Live phone component",600,0.5,234,0.5,234,172,41,40,1,2,172
"SC",2016-08-20,2016-08-09,2016-09-01,"Washington Post","Registered Voters","Online poll",894,0.457831325301205,340,0.542168674698795,402,173,41,149,2,3,173
"SC",2016-09-08,2016-09-07,2016-09-09,"Starboard Communications","Likely Voters","Live phone component",600,0.421686746987952,210,0.578313253012048,288,192,41,123,1,2,192
"SC",2016-09-12,2016-09-02,2016-09-22,"Ipsos","Likely Voters","Online poll",716,0.462365591397849,308,0.537634408602151,358,196,41,65,2,2,196
"SC",2016-09-22,2016-09-18,2016-09-26,"Winthrop University","Likely Voters","Live phone component",475,0.475,180,0.525,200,206,41,150,1,2,206
"SC",2016-09-25,2016-09-19,2016-10-02,"UPI","Likely Voters","Online poll",574,0.427083333333333,235,0.572916666666667,316,209,41,144,2,2,209
"SC",2016-10-03,2016-09-23,2016-10-13,"Ipsos","Likely Voters","Online poll",751,0.484210526315789,345,0.515789473684211,368,217,41,65,2,2,217
"SC",2016-10-12,2016-10-09,2016-10-16,"UPI","Likely Voters","Online poll",323,0.442105263157895,136,0.557894736842105,171,226,41,144,2,2,226
"SC",2016-10-21,2016-10-18,2016-10-24,"SurveyMonkey","Likely Voters","Online poll",1900,0.488636363636364,817,0.511363636363636,855,235,41,127,2,2,235
"SD",2016-08-20,2016-08-09,2016-09-01,"Washington Post","Registered Voters","Online poll",809,0.402777777777778,235,0.597222222222222,348,173,42,149,2,3,173
"SD",2016-09-25,2016-09-19,2016-10-02,"UPI","Likely Voters","Online poll",463,0.416666666666667,185,0.583333333333333,259,209,42,144,2,2,209
"SD",2016-10-12,2016-10-09,2016-10-16,"UPI","Likely Voters","Online poll",311,0.4375,131,0.5625,168,226,42,144,2,2,226
"SD",2016-10-19,2016-10-18,2016-10-20,"Mason","Likely Voters","Live phone component",400,0.45679012345679,148,0.54320987654321,176,233,42,76,1,2,233
"SD",2016-10-21,2016-10-18,2016-10-24,"SurveyMonkey","Likely Voters","Online poll",377,0.380952380952381,121,0.619047619047619,196,235,42,127,2,2,235
"TN",2016-05-03,2016-04-25,2016-05-11,"Vanderbit","Registered Voters","Live phone component",1001,0.443037974683544,350,0.556962025316456,440,64,43,146,1,3,64
"TN",2016-07-26,2016-07-25,2016-07-27,"ICITIZEN","Registered Voters","Online poll",531,0.386666666666667,154,0.613333333333333,244,148,43,62,2,3,148
"TN",2016-08-20,2016-08-09,2016-09-01,"Washington Post","Registered Voters","Online poll",1021,0.378048780487805,317,0.621951219512195,521,173,43,149,2,3,173
"TN",2016-09-12,2016-09-02,2016-09-22,"Ipsos","Likely Voters","Online poll",651,0.4125,215,0.5875,306,196,43,65,2,2,196
"TN",2016-09-25,2016-09-19,2016-10-02,"UPI","Likely Voters","Online poll",555,0.4,211,0.6,316,209,43,144,2,2,209
"TN",2016-09-25,2016-09-19,2016-10-02,"Vanderbit","Registered Voters","Live phone component",1000,0.428571428571429,330,0.571428571428571,440,209,43,146,1,3,209
"TN",2016-09-30,2016-09-28,2016-10-02,"MTSU","Likely Voters","Live phone component",472,0.428571428571429,170,0.571428571428571,227,214,43,88,1,2,214
"TN",2016-10-03,2016-09-23,2016-10-13,"Ipsos","Likely Voters","Online poll",799,0.426829268292683,280,0.573170731707317,376,217,43,65,2,2,217
"TN",2016-10-12,2016-10-09,2016-10-16,"UPI","Likely Voters","Online poll",328,0.410526315789474,128,0.589473684210526,184,226,43,144,2,2,226
"TN",2016-10-15,2016-10-14,2016-10-17,"ICITIZEN","Registered Voters","Online poll",508,0.435897435897436,173,0.564102564102564,224,229,43,62,2,3,229
"TN",2016-10-21,2016-10-18,2016-10-24,"SurveyMonkey","Likely Voters","Online poll",572,0.436781609195402,217,0.563218390804598,280,235,43,127,2,2,235
"TX",2016-06-14,2016-06-10,2016-06-19,"YouGov","Registered Voters","Online poll",1200,0.445945945945946,396,0.554054054054054,492,106,44,154,2,3,106
"TX",2016-08-08,2016-08-08,2016-08-09,"Dixie Strategies","Likely Voters","Live phone component",1018,0.439024390243902,366,0.560975609756098,468,161,44,33,1,2,161
"TX",2016-08-13,2016-08-12,2016-08-14,"PPP","Likely Voters","Other",944,0.463414634146341,359,0.536585365853659,415,166,44,102,3,2,166
"TX",2016-08-20,2016-08-09,2016-09-01,"Washington Post","Registered Voters","Online poll",5147,0.5,2059,0.5,2059,173,44,149,2,3,173
"TX",2016-09-06,2016-09-01,2016-09-11,"Texas Lyceum","Likely Voters","Live phone component",502,0.450704225352113,161,0.549295774647887,196,190,44,132,1,2,190
"TX",2016-09-12,2016-09-02,2016-09-22,"Ipsos","Likely Voters","Online poll",875,0.407407407407407,289,0.592592592592593,420,196,44,65,2,2,196
"TX",2016-09-25,2016-09-19,2016-10-02,"UPI","Likely Voters","Online poll",817,0.410526315789474,319,0.589473684210526,458,209,44,144,2,2,209
"TX",2016-09-30,2016-09-29,2016-10-01,"Dixie Strategies","Likely Voters","Live phone component",780,0.457831325301205,296,0.542168674698795,351,214,44,33,1,2,214
"TX",2016-10-03,2016-09-23,2016-10-13,"Ipsos","Likely Voters","Online poll",831,0.359550561797753,266,0.640449438202247,474,217,44,65,2,2,217
"TX",2016-10-11,2016-10-07,2016-10-15,"University of Houston","Likely Voters","Live phone component",1000,0.481012658227848,380,0.518987341772152,410,225,44,141,1,2,225
"TX",2016-10-11,2016-10-10,2016-10-12,"SurveyUSA","Likely Voters","Other",638,0.477777777777778,274,0.522222222222222,300,225,44,128,3,2,225
"TX",2016-10-12,2016-10-08,2016-10-16,"Washington Post","Likely Voters","Online poll",1332,0.488372093023256,559,0.511627906976744,586,226,44,149,2,2,226
"TX",2016-10-12,2016-10-09,2016-10-16,"UPI","Likely Voters","Online poll",460,0.436170212765957,189,0.563829787234043,244,226,44,144,2,2,226
"TX",2016-10-18,2016-10-14,2016-10-23,"YouGov","Likely Voters","Online poll",959,0.482758620689655,403,0.517241379310345,432,232,44,154,2,2,232
"TX",2016-10-20,2016-10-20,2016-10-21,"CBS","Likely Voters","Online poll",1031,0.48314606741573,443,0.51685393258427,474,234,44,17,2,2,234
"TX",2016-10-21,2016-10-18,2016-10-24,"SurveyMonkey","Likely Voters","Online poll",2148,0.459770114942529,859,0.540229885057471,1010,235,44,127,2,2,235
"TX",2016-10-23,2016-10-22,2016-10-24,"Pulse","Likely Voters","Other",800,0.457831325301205,304,0.542168674698795,360,237,44,105,3,2,237
"UT",2016-03-11,2016-03-08,2016-03-15,"Dan Jones","Likely Voters","Live phone component",500,0.513513513513513,190,0.486486486486487,180,11,45,27,1,2,11
"UT",2016-03-29,2016-03-23,2016-04-05,"Dan Jones","Registered Voters","Live phone component",600,0.5,228,0.5,228,29,45,27,1,3,29
"UT",2016-05-06,2016-05-02,2016-05-10,"Dan Jones","Registered Voters","Live phone component",588,0.410958904109589,176,0.589041095890411,253,67,45,27,1,3,67
"UT",2016-05-31,2016-05-31,2016-06-01,"Gravis Marketing","Registered Voters","Other",1519,0.472727272727273,395,0.527272727272727,441,92,45,52,3,3,92
"UT",2016-06-05,2016-06-02,2016-06-08,"SurveyUSA","Likely Voters","Other",1238,0.5,433,0.5,433,97,45,128,3,2,97
"UT",2016-06-12,2016-06-08,2016-06-17,"Dan Jones","Registered Voters","Live phone component",614,0.428571428571429,166,0.571428571428571,221,104,45,27,1,3,104
"UT",2016-07-26,2016-07-18,2016-08-04,"Dan Jones","Likely Voters","Live phone component",858,0.403225806451613,214,0.596774193548387,317,148,45,27,1,2,148
"UT",2016-08-20,2016-08-19,2016-08-21,"PPP","Likely Voters","Other",1018,0.380952380952381,244,0.619047619047619,397,173,45,102,3,2,173
"UT",2016-08-20,2016-08-09,2016-09-01,"Washington Post","Registered Voters","Online poll",722,0.442622950819672,195,0.557377049180328,245,173,45,149,2,3,173
"UT",2016-09-12,2016-09-02,2016-09-22,"Ipsos","Likely Voters","Online poll",425,0.392405063291139,132,0.607594936708861,204,196,45,65,2,2,196
"UT",2016-09-25,2016-09-19,2016-10-02,"UPI","Likely Voters","Online poll",495,0.294736842105263,139,0.705263157894737,332,209,45,144,2,2,209
"UT",2016-10-03,2016-09-23,2016-10-13,"Ipsos","Likely Voters","Online poll",543,0.460526315789474,190,0.539473684210526,223,217,45,65,2,2,217
"UT",2016-10-10,2016-10-10,2016-10-11,"Y2 Analytics","Likely Voters","Live phone component",500,0.5,130,0.5,130,224,45,153,1,2,224
"UT",2016-10-11,2016-10-10,2016-10-12,"Monmouth University","Likely Voters","Live phone component",403,0.451612903225806,113,0.548387096774194,137,225,45,83,1,2,225
"UT",2016-10-12,2016-10-09,2016-10-16,"UPI","Likely Voters","Online poll",318,0.308510638297872,92,0.691489361702128,207,226,45,144,2,2,226
"UT",2016-10-13,2016-10-12,2016-10-14,"CBS","Likely Voters","Online poll",951,0.350877192982456,190,0.649122807017544,352,227,45,17,2,2,227
"UT",2016-10-15,2016-10-14,2016-10-16,"Rasmussen","Likely Voters","Other",750,0.482758620689655,210,0.517241379310345,225,229,45,109,3,2,229
"UT",2016-10-21,2016-10-18,2016-10-24,"SurveyMonkey","Likely Voters","Online poll",969,0.459016393442623,271,0.540983606557377,320,235,45,127,2,2,235
"UT",2016-10-23,2016-10-23,2016-10-24,"Rasmussen","Likely Voters","Other",750,0.466666666666667,210,0.533333333333333,240,237,45,109,3,2,237
"VA",2016-03-28,2016-03-23,2016-04-03,"Christopher Newport","Likely Voters","Live phone component",1102,0.556962025316456,485,0.443037974683544,386,28,46,20,1,2,28
"VA",2016-05-13,2016-05-09,2016-05-17,"Roanoke College","Likely Voters","Live phone component",610,0.5,232,0.5,232,74,46,112,1,2,74
"VA",2016-05-24,2016-05-24,2016-05-24,"Gravis Marketing","Registered Voters","Other",1728,0.536585365853659,760,0.463414634146341,657,85,46,52,3,3,85
"VA",2016-06-14,2016-06-13,2016-06-15,"PPP","Likely Voters","Other",1032,0.518518518518518,433,0.481481481481481,402,106,46,102,3,2,106
"VA",2016-07-08,2016-07-06,2016-07-10,"Hampton University","Likely Voters","Live phone component",805,0.5,314,0.5,314,130,46,54,1,2,130
"VA",2016-07-08,2016-07-05,2016-07-11,"NBC","Registered Voters","Live phone component",876,0.546666666666667,359,0.453333333333333,298,130,46,90,1,3,130
"VA",2016-07-10,2016-07-09,2016-07-12,"FOX","Registered Voters","Live phone component",601,0.534246575342466,234,0.465753424657534,204,132,46,44,1,3,132
"VA",2016-07-26,2016-07-26,2016-07-27,"RABA Research","Registered Voters","Other",655,0.477272727272727,275,0.522727272727273,301,148,46,108,3,3,148
"VA",2016-08-03,2016-08-02,2016-08-05,"CBS","Likely Voters","Online poll",1181,0.569767441860465,579,0.430232558139535,437,156,46,17,2,2,156
"VA",2016-08-07,2016-08-04,2016-08-10,"NBC","Registered Voters","Live phone component",897,0.581081081081081,386,0.418918918918919,278,160,46,90,1,3,160
"VA",2016-08-12,2016-08-09,2016-08-16,"Quinnipiac","Likely Voters","Live phone component",808,0.569620253164557,364,0.430379746835443,275,165,46,106,1,2,165
"VA",2016-08-12,2016-08-07,2016-08-17,"Roanoke College","Likely Voters","Live phone component",803,0.6,385,0.4,257,165,46,112,1,2,165
"VA",2016-08-12,2016-08-11,2016-08-14,"Washington Post","Likely Voters","Live phone component",707,0.541176470588235,325,0.458823529411765,276,165,46,149,1,2,165
"VA",2016-08-20,2016-08-09,2016-09-01,"Washington Post","Registered Voters","Online poll",2468,0.544303797468354,1061,0.455696202531646,888,173,46,149,2,3,173
"VA",2016-08-26,2016-08-24,2016-08-28,"Hampton University","Likely Voters","Live phone component",801,0.511904761904762,344,0.488095238095238,328,179,46,54,1,2,179
"VA",2016-09-09,2016-09-06,2016-09-12,"University of Mary Washington","Likely Voters","Live phone component",685,0.519480519480519,274,0.480519480519481,253,193,46,142,1,2,193
"VA",2016-09-10,2016-09-09,2016-09-11,"PPP","Likely Voters","Other",878,0.535714285714286,395,0.464285714285714,342,194,46,102,3,2,194
"VA",2016-09-12,2016-09-02,2016-09-22,"Ipsos","Likely Voters","Online poll",532,0.540229885057471,250,0.459770114942529,213,196,46,65,2,2,196
"VA",2016-09-15,2016-09-11,2016-09-20,"Roanoke College","Likely Voters","Live phone component",841,0.54320987654321,370,0.45679012345679,311,199,46,112,1,2,199
"VA",2016-09-17,2016-09-13,2016-09-21,"Quinnipiac","Likely Voters","Live phone component",659,0.535714285714286,297,0.464285714285714,257,201,46,106,1,2,201
"VA",2016-09-19,2016-09-15,2016-09-23,"Christopher Newport","Likely Voters","Live phone component",1003,0.541666666666667,391,0.458333333333333,331,203,46,20,1,2,203
"VA",2016-09-22,2016-09-21,2016-09-23,"CBS","Likely Voters","Online poll",1237,0.548780487804878,557,0.451219512195122,458,206,46,17,2,2,206
"VA",2016-09-25,2016-09-19,2016-10-02,"UPI","Likely Voters","Online poll",510,0.473684210526316,230,0.526315789473684,255,209,46,144,2,2,209
"VA",2016-09-27,2016-09-27,2016-09-28,"PPP","Likely Voters","Other",811,0.534883720930233,373,0.465116279069767,324,211,46,102,3,2,211
"VA",2016-09-28,2016-09-27,2016-09-30,"Christopher Newport","Likely Voters","Live phone component",892,0.545454545454545,375,0.454545454545455,312,212,46,20,1,2,212
"VA",2016-09-30,2016-09-28,2016-10-02,"Hampton University","Likely Voters","Live phone component",800,0.575,368,0.425,272,214,46,54,1,2,214
"VA",2016-10-03,2016-09-23,2016-10-13,"Ipsos","Likely Voters","Online poll",1075,0.556818181818182,527,0.443181818181818,419,217,46,65,2,2,217
"VA",2016-10-04,2016-10-02,2016-10-06,"Roanoke College","Likely Voters","Live phone component",814,0.555555555555556,366,0.444444444444444,293,218,46,112,1,2,218
"VA",2016-10-12,2016-10-11,2016-10-14,"Christopher Newport","Likely Voters","Live phone component",809,0.602739726027397,356,0.397260273972603,235,226,46,20,1,2,226
"VA",2016-10-12,2016-10-08,2016-10-16,"Washington Post","Likely Voters","Online poll",1644,0.563218390804598,806,0.436781609195402,625,226,46,149,2,2,226
"VA",2016-10-12,2016-10-09,2016-10-16,"UPI","Likely Voters","Online poll",334,0.520833333333333,167,0.479166666666667,154,226,46,144,2,2,226
"VA",2016-10-13,2016-10-12,2016-10-15,"Tarrance","Likely Voters","Live phone component",500,0.552941176470588,235,0.447058823529412,190,227,46,131,1,2,227
"VA",2016-10-17,2016-10-16,2016-10-19,"Christopher Newport","Likely Voters","Live phone component",834,0.576923076923077,375,0.423076923076923,275,231,46,20,1,2,231
"VA",2016-10-17,2016-10-17,2016-10-18,"Lucid","Likely Voters","Online poll",802,0.530864197530864,345,0.469135802469136,305,231,46,72,2,2,231
"VA",2016-10-21,2016-10-18,2016-10-24,"SurveyMonkey","Likely Voters","Online poll",2459,0.551724137931034,1180,0.448275862068966,959,235,46,127,2,2,235
"VA",2016-10-21,2016-10-20,2016-10-22,"Remington Research Group","Likely Voters","Live phone component",1787,0.527472527472527,858,0.472527472527473,768,235,46,110,1,2,235
"VA",2016-10-23,2016-10-20,2016-10-26,"Quinnipiac","Likely Voters","Live phone component",749,0.568181818181818,374,0.431818181818182,285,237,46,106,1,2,237
"VA",2016-10-24,2016-10-23,2016-10-26,"Christopher Newport","Likely Voters","Live phone component",814,0.541176470588235,374,0.458823529411765,317,238,46,20,1,2,238
"VT",2016-07-17,2016-07-11,2016-07-23,"Castleton University","Likely Voters","Live phone component",637,0.696428571428571,248,0.303571428571429,108,139,47,16,1,2,139
"VT",2016-08-20,2016-08-09,2016-09-01,"Washington Post","Registered Voters","Online poll",550,0.652173913043478,248,0.347826086956522,132,173,47,149,2,3,173
"VT",2016-09-25,2016-09-19,2016-10-02,"UPI","Likely Voters","Online poll",464,0.635416666666667,283,0.364583333333333,162,209,47,144,2,2,209
"VT",2016-10-06,2016-09-29,2016-10-14,"Castleton University","Likely Voters","Live phone component",579,0.725806451612903,261,0.274193548387097,98,220,47,16,1,2,220
"VT",2016-10-12,2016-10-09,2016-10-16,"UPI","Likely Voters","Online poll",304,0.65625,192,0.34375,100,226,47,144,2,2,226
"VT",2016-10-21,2016-10-18,2016-10-24,"SurveyMonkey","Likely Voters","Online poll",446,0.701298701298701,241,0.298701298701299,103,235,47,127,2,2,235
"WA",2016-06-14,2016-06-14,2016-06-15,"PPP","Likely Voters","Other",679,0.569767441860465,333,0.430232558139535,251,106,48,102,3,2,106
"WA",2016-08-11,2016-08-09,2016-08-13,"Elway","Registered Voters","Live phone component",500,0.641791044776119,215,0.358208955223881,120,164,48,36,1,3,164
"WA",2016-08-20,2016-08-09,2016-09-01,"Washington Post","Registered Voters","Online poll",722,0.569444444444444,296,0.430555555555556,224,173,48,149,2,3,173
"WA",2016-09-12,2016-09-02,2016-09-22,"Ipsos","Likely Voters","Online poll",705,0.583333333333333,345,0.416666666666667,247,196,48,65,2,2,196
"WA",2016-09-13,2016-09-12,2016-09-14,"Insights West","Likely Voters","Online poll",505,0.575757575757576,192,0.424242424242424,141,197,48,64,2,2,197
"WA",2016-09-25,2016-09-19,2016-10-02,"UPI","Likely Voters","Online poll",496,0.541666666666667,258,0.458333333333333,218,209,48,144,2,2,209
"WA",2016-10-01,2016-09-29,2016-10-03,"Strategies 360","Likely Voters","Live phone component",500,0.602564102564103,235,0.397435897435897,155,215,48,125,1,2,215
"WA",2016-10-03,2016-09-23,2016-10-13,"Ipsos","Likely Voters","Online poll",905,0.55952380952381,425,0.44047619047619,335,217,48,65,2,2,217
"WA",2016-10-09,2016-10-06,2016-10-13,"KCTS 9","Likely Voters","Online poll",750,0.576086956521739,398,0.423913043478261,292,223,48,67,2,2,223
"WA",2016-10-12,2016-10-09,2016-10-16,"UPI","Likely Voters","Online poll",320,0.5625,173,0.4375,134,226,48,144,2,2,226
"WA",2016-10-21,2016-10-18,2016-10-24,"SurveyMonkey","Likely Voters","Online poll",687,0.6,350,0.4,234,235,48,127,2,2,235
"WI",2016-03-26,2016-03-24,2016-03-28,"Marquette Law School","Registered Voters","Live phone component",1405,0.55952380952381,660,0.44047619047619,520,26,49,75,1,3,26
"WI",2016-03-29,2016-03-28,2016-03-30,"FOX","Likely Voters","Live phone component",1602,0.583333333333333,785,0.416666666666667,561,29,49,44,1,2,29
"WI",2016-04-01,2016-03-30,2016-04-03,"Emerson College Polling Society","Likely Voters","Other",1198,0.55952380952381,563,0.44047619047619,443,32,49,37,3,2,32
"WI",2016-04-13,2016-04-12,2016-04-15,"St Norbert","Registered Voters","Live phone component",616,0.575,283,0.425,209,44,49,122,1,3,44
"WI",2016-05-11,2016-05-10,2016-05-12,"POS","Likely Voters","Live phone component",600,0.581081081081081,258,0.418918918918919,186,72,49,100,1,2,72
"WI",2016-06-10,2016-06-09,2016-06-12,"Marquette Law School","Likely Voters","Live phone component",666,0.55421686746988,306,0.44578313253012,246,102,49,75,1,2,102
"WI",2016-06-15,2016-06-11,2016-06-20,"GQR","Likely Voters","Live phone component",300,0.578947368421053,132,0.421052631578947,96,107,49,51,1,2,107
"WI",2016-06-22,2016-06-21,2016-06-24,"CBS","Likely Voters","Online poll",993,0.532467532467532,407,0.467532467532468,357,114,49,17,2,2,114
"WI",2016-06-22,2016-06-22,2016-06-23,"PPP","Likely Voters","Other",843,0.546511627906977,396,0.453488372093023,329,114,49,102,3,2,114
"WI",2016-07-08,2016-07-07,2016-07-10,"Marquette Law School","Likely Voters","Live phone component",665,0.5375,286,0.4625,246,130,49,75,1,2,130
"WI",2016-08-05,2016-08-04,2016-08-07,"Marquette Law School","Likely Voters","Live phone component",683,0.580246913580247,321,0.419753086419753,232,158,49,75,1,2,158
"WI",2016-08-20,2016-08-09,2016-09-01,"Washington Post","Registered Voters","Online poll",2687,0.513157894736842,1048,0.486842105263158,994,173,49,149,2,3,173
"WI",2016-08-26,2016-08-25,2016-08-28,"Marquette Law School","Likely Voters","Live phone component",650,0.518987341772152,266,0.481012658227848,247,179,49,75,1,2,179
"WI",2016-08-26,2016-08-26,2016-08-27,"PPP","Likely Voters","Other",1054,0.539325842696629,506,0.460674157303371,432,179,49,102,3,2,179
"WI",2016-08-28,2016-08-27,2016-08-30,"Monmouth University","Likely Voters","Live phone component",404,0.530864197530864,174,0.469135802469136,154,181,49,83,1,2,181
"WI",2016-09-12,2016-09-02,2016-09-22,"Ipsos","Likely Voters","Online poll",685,0.5,281,0.5,281,196,49,65,2,2,196
"WI",2016-09-16,2016-09-15,2016-09-18,"Marquette Law School","Likely Voters","Live phone component",642,0.518987341772152,263,0.481012658227848,244,200,49,75,1,2,200
"WI",2016-09-25,2016-09-19,2016-10-02,"UPI","Likely Voters","Online poll",575,0.515463917525773,288,0.484536082474227,270,209,49,144,2,2,209
"WI",2016-10-03,2016-09-23,2016-10-13,"Ipsos","Likely Voters","Online poll",810,0.531645569620253,340,0.468354430379747,300,217,49,65,2,2,217
"WI",2016-10-04,2016-10-04,2016-10-05,"Loras College","Likely Voters","Live phone component",500,0.551282051282051,215,0.448717948717949,175,218,49,71,1,2,218
"WI",2016-10-06,2016-10-05,2016-10-07,"CBS","Likely Voters","Online poll",993,0.524390243902439,427,0.475609756097561,387,220,49,17,2,2,220
"WI",2016-10-07,2016-10-06,2016-10-09,"Marquette Law School","Likely Voters","Live phone component",878,0.54320987654321,386,0.45679012345679,325,221,49,75,1,2,221
"WI",2016-10-12,2016-10-08,2016-10-16,"Washington Post","Likely Voters","Online poll",1076,0.530864197530864,463,0.469135802469136,409,226,49,149,2,2,226
"WI",2016-10-12,2016-10-09,2016-10-16,"UPI","Likely Voters","Online poll",361,0.525773195876289,184,0.474226804123711,166,226,49,144,2,2,226
"WI",2016-10-14,2016-10-13,2016-10-16,"St Norbert","Likely Voters","Live phone component",664,0.546511627906977,312,0.453488372093023,259,228,49,122,1,2,228
"WI",2016-10-16,2016-10-15,2016-10-18,"Monmouth University","Likely Voters","Live phone component",403,0.540229885057471,189,0.459770114942529,161,230,49,83,1,2,230
"WI",2016-10-18,2016-10-18,2016-10-19,"PPP","Likely Voters","Other",804,0.568181818181818,402,0.431818181818182,306,232,49,102,3,2,232
"WI",2016-10-21,2016-10-18,2016-10-24,"SurveyMonkey","Likely Voters","Online poll",1351,0.511904761904762,581,0.488095238095238,554,235,49,127,2,2,235
"WI",2016-10-21,2016-10-20,2016-10-22,"Remington Research Group","Likely Voters","Live phone component",1795,0.528735632183908,826,0.471264367816092,736,235,49,110,1,2,235
"WV",2016-04-30,2016-04-29,2016-05-01,"PPP","Likely Voters","Other",1201,0.344827586206897,360,0.655172413793103,685,61,50,102,3,2,61
"WV",2016-08-18,2016-08-09,2016-08-28,"R","Likely Voters","Other",435,0.3875,135,0.6125,213,171,50,107,3,2,171
"WV",2016-08-20,2016-08-09,2016-09-01,"Washington Post","Registered Voters","Online poll",698,0.341772151898734,188,0.658227848101266,363,173,50,149,2,3,173
"WV",2016-09-12,2016-09-02,2016-09-22,"Ipsos","Likely Voters","Online poll",301,0.402298850574713,105,0.597701149425287,157,196,50,65,2,2,196
"WV",2016-09-15,2016-09-13,2016-09-17,"Garin","Likely Voters","Live phone component",500,0.318181818181818,140,0.681818181818182,300,199,50,47,1,2,199
"WV",2016-09-25,2016-09-19,2016-10-02,"UPI","Likely Voters","Online poll",480,0.357894736842105,163,0.642105263157895,293,209,50,144,2,2,209
"WV",2016-10-03,2016-09-23,2016-10-13,"Ipsos","Likely Voters","Online poll",360,0.431578947368421,148,0.568421052631579,194,217,50,65,2,2,217
"WV",2016-10-12,2016-10-09,2016-10-16,"UPI","Likely Voters","Online poll",310,0.382978723404255,112,0.617021276595745,180,226,50,144,2,2,226
"WV",2016-10-21,2016-10-18,2016-10-24,"SurveyMonkey","Likely Voters","Online poll",379,0.322222222222222,110,0.677777777777778,231,235,50,127,2,2,235
"WY",2016-08-20,2016-08-09,2016-09-01,"Washington Post","Registered Voters","Online poll",727,0.269230769230769,153,0.730769230769231,414,173,51,149,2,3,173
"WY",2016-09-08,2016-09-06,2016-09-11,"DFM Research","Likely Voters","Live phone component",402,0.26027397260274,76,0.73972602739726,217,192,51,31,1,2,192
"WY",2016-09-25,2016-09-19,2016-10-02,"UPI","Likely Voters","Online poll",462,0.308510638297872,134,0.691489361702128,300,209,51,144,2,2,209
"WY",2016-10-12,2016-10-09,2016-10-16,"UPI","Likely Voters","Online poll",311,0.319148936170213,93,0.680851063829787,199,226,51,144,2,2,226
"WY",2016-10-21,2016-10-18,2016-10-24,"SurveyMonkey","Likely Voters","Online poll",361,0.297619047619048,90,0.702380952380952,213,235,51,127,2,2,235
