n_steps,is_accept,acceptance_rate,log_density,hamiltonian_energy,hamiltonian_energy_error,max_hamiltonian_energy_error,tree_depth,numerical_error,step_size,nom_step_size,is_adapt
255,true,1.0,-898169.0187411716,909449.8847599296,-1689.861874238588,-1689.861874238588,8,false,0.0125,0.0125,true
1,true,0.0,-898169.0187411716,905446.7931477638,0.0,501241.35825113987,0,true,0.17981887619720974,0.17981887619720974,true
4,true,0.2500000000051457,-898080.5274534256,905477.1672314386,-6.849118050886318,4238.602250411175,2,true,0.03038959180427677,0.03038959180427677,true
511,true,0.9458116288985294,-899544.794427894,905483.9780872692,-0.5151903292862698,-0.6585410964908078,9,false,0.005835244427175486,0.005835244427175486,true
511,true,1.0,-899395.1806129772,906905.1845547241,-0.17539043817669153,-0.2692118169507012,9,false,0.007093678998421655,0.007093678998421655,true
255,true,0.9980341053835864,-901581.9690296663,906820.4661377064,-0.06424229999538511,-0.28958800807595253,8,false,0.011366691169808735,0.011366691169808735,true
255,true,0.7965002000827197,-901638.68199154,908907.89284764,-0.28721423260867596,0.8917075847275555,8,false,0.019537836459067235,0.019537836459067235,true
255,true,0.9929982904681599,-901485.4062424204,908916.3745636967,-0.09950686560478061,-0.3402702580206096,8,false,0.018740273341026157,0.018740273341026157,true
2,true,3.636491231156601e-14,-901485.4062424204,908961.4919652815,0.0,2216.935490272008,1,true,0.033746981078857284,0.033746981078857284,true
1023,true,0.9980588434527582,-901482.4941111717,908770.0041614489,0.0023561696289107203,0.00754418910946697,10,false,0.002681142121207911,0.002681142121207911,true
1023,true,0.9994483136804115,-901466.9469901116,908809.6854669141,-0.006066684378311038,-0.02723022026475519,10,false,0.004988959721789234,0.004988959721789234,true
511,true,0.8543989240678446,-901462.4460677557,908857.4922087131,0.24943136633373797,0.3791863248916343,9,false,0.0094015724998497,0.0094015724998497,true
511,true,0.9971983106296795,-901522.1236644385,908924.4794924781,-0.3434066843474284,-0.44378532061818987,9,false,0.011245598219799468,0.011245598219799468,true
19,true,0.08684019119513346,-901522.939893677,908806.2092567433,3.575397234642878,1295.5647222190164,4,true,0.02109195027646248,0.02109195027646248,true
1023,true,0.9997076106740588,-901651.6276173698,908791.593737537,-0.006396987475454807,-0.047969906125217676,10,false,0.002304802509615948,0.002304802509615948,true
1023,true,0.9961666615144101,-901644.3806732867,908926.9783670735,-0.14309801813215017,-0.14947695063892752,10,false,0.004388320775995098,0.004388320775995098,true
511,true,0.9896531261439668,-901484.1090830609,908911.5736804177,0.006206972291693091,0.047109611914493144,9,false,0.008213167006845278,0.008213167006845278,true
255,true,0.9798668023989443,-901482.9131813255,908859.0043743303,0.04997427936177701,0.12075247254688293,8,false,0.01495605962673675,0.01495605962673675,true
5,true,0.17835333680877688,-901488.5892671705,908874.8242916674,0.7303330430295318,2291.903231494711,2,true,0.026223800828053423,0.026223800828053423,true
1023,true,0.9974502605404515,-901636.4775820409,908913.0188468865,-0.013888466288335621,-0.026566377258859575,10,false,0.0040977784991725035,0.0040977784991725035,true
511,true,0.9984107007209552,-901792.5987572437,909002.0238003181,-0.0344657733803615,-0.052966387709602714,9,false,0.007592994031135009,0.007592994031135009,true
255,true,0.48752659433309803,-901720.1571356907,909092.1085194584,0.638414190034382,1.7725152996135876,8,false,0.013974626497096488,0.013974626497096488,true
1023,true,0.9897593521848207,-901733.376490137,909168.309673544,-0.10086030990350991,-0.11545914073940367,10,false,0.005695890930401693,0.005695890930401693,true
511,true,0.8822970739044641,-901616.3231559293,909036.2789774509,0.01492834510281682,0.30392975185532123,9,false,0.010151024080519482,0.010151024080519482,true
255,true,0.9564430492486014,-901507.0931029832,908930.9620353094,-0.042546222801320255,0.14552060700953007,8,false,0.013146655054596182,0.013146655054596182,true
17,true,0.10334232950513532,-901514.7797735046,908973.5819949638,0.037923228344880044,1206.4354839542648,4,true,0.020955068008688394,0.020955068008688394,true
1023,true,0.9822326434570026,-901501.8773485778,908855.5965076307,0.03316168731544167,0.03965640300884843,10,false,0.0029568362785301902,0.0029568362785301902,true
1023,true,0.9957489115534902,-901483.258473792,908752.821181417,-0.012453732779249549,-0.11266751808580011,10,false,0.005092455249975664,0.005092455249975664,true
511,true,0.9961095325572215,-901559.3221711603,908791.8039118114,-0.1948189267423004,-0.30840003315825015,9,false,0.009024662039154406,0.009024662039154406,true
255,true,0.8306936422239247,-901609.2096423777,909016.6264246703,0.24814739811699837,0.6528600222663954,8,false,0.015856905419864696,0.015856905419864696,true
255,true,0.6557206680335224,-901603.8520084518,909055.1215968862,-0.40810180781409144,1.5469999893102795,8,false,0.017546710427541124,0.017546710427541124,true
511,true,0.6240113139548126,-901613.4114669823,909070.1231720378,0.10103469819296151,1.2155874385498464,9,false,0.012052004883277663,0.012052004883277663,true
511,true,0.9084876867513715,-901656.6305284731,909093.8129601978,-0.060873094480484724,0.2704948696773499,9,false,0.007647043661870344,0.007647043661870344,true
511,true,0.9462081389217091,-901486.1503613439,908969.788877369,0.10003360896371305,0.1551479265326634,9,false,0.010452591991756863,0.010452591991756863,true
255,true,0.9904610861449473,-901623.3784457521,909009.7711988492,-0.16149835102260113,-0.35422796360217035,8,false,0.015709922214686096,0.015709922214686096,true
6,true,0.06454116257251157,-901623.3784457521,909018.0891126238,0.0,5975.479593320633,2,true,0.02635262490386915,0.02635262490386915,true
1023,true,0.9913533763481017,-901628.5291714903,909099.6650936395,0.018771948642097414,0.027367689181119204,10,false,0.003916582133051549,0.003916582133051549,true
511,true,0.9920807507915644,-901638.8381895295,908982.7969800972,-0.05010930064599961,-0.086556630092673,9,false,0.006602513628512656,0.006602513628512656,true
511,true,0.984774302386847,-901440.4820148859,908811.8607835779,-0.09342598973307759,-0.10531386686488986,9,false,0.011060994694494461,0.011060994694494461,true
255,true,0.9472029851529363,-901459.0184046767,908909.9600938621,0.07358063699211925,0.1827296962728724,8,false,0.018044589962644117,0.018044589962644117,true
4,true,0.03603304258658185,-901459.0184046767,908757.847337048,0.0,12236.924806828261,2,true,0.026570169471141665,0.026570169471141665,true
1023,true,0.9503636824743414,-901605.0234813797,908838.1514181383,0.09936140826903284,0.10819070029538125,10,false,0.0039469740563487935,0.0039469740563487935,true
1023,true,0.9999796262775551,-901500.4560901569,908812.1846972603,-0.21000632806681097,-0.23233440052717924,10,false,0.00588916769841548,0.00588916769841548,true
511,true,0.9247275965273132,-901501.6779435615,908757.3023879845,0.05879886925686151,0.21100850158836693,9,false,0.009876273919423998,0.009876273919423998,true
255,true,0.9948973864700684,-901484.3823403182,908847.5421906669,-0.22100788075476885,-0.25367017032112926,8,false,0.013663985833556162,0.013663985833556162,true
7,true,0.014192862092492877,-901484.3823403182,908993.1026061388,0.0,2019.9742398277158,2,true,0.022328735014409892,0.022328735014409892,true
1023,true,0.9992203423129196,-901523.1792661666,908783.337696313,0.0016947136027738452,0.0035815266892313957,10,false,0.003368640750207837,0.003368640750207837,true
1023,true,0.9736195031005219,-901471.689904885,908835.6208928791,0.007243448868393898,0.06355233350768685,10,false,0.005577544604835371,0.005577544604835371,true
511,true,0.9943735157275965,-901437.0286717471,908920.1707314848,-0.02476491266861558,-0.044864114839583635,9,false,0.008626216470800566,0.008626216470800566,true
255,true,0.9666770866037063,-901578.7818268604,908834.9572457225,-0.016117741004563868,0.10604571201838553,8,false,0.013930895566687735,0.013930895566687735,true
14,true,0.023234861355873715,-901578.7818268604,908975.5164849011,0.0,1411.185096126399,3,true,0.020939458245654286,0.020939458245654286,true
1023,true,0.9989275472533494,-901532.8542606508,908914.4097335188,-0.00030366110149770975,0.004372873343527317,10,false,0.003437278467672387,0.003437278467672387,true
1023,true,0.9855337872235641,-901558.0922841142,909085.4332706201,0.01915315119549632,0.03281521226745099,10,false,0.005589469585372057,0.005589469585372057,true
511,true,0.9956227120134362,-901549.0689363874,908893.823733432,-0.004603638779371977,-0.054642839008010924,9,false,0.008756002901697512,0.008756002901697512,true
255,true,0.999546552733913,-901551.2255222313,908887.8985561589,-0.03776768618263304,-0.13220468314830214,8,false,0.013956333817996203,0.013956333817996203,true
7,true,0.07219796813772947,-901551.2255222313,908868.5164020832,0.0,3820.929889343912,2,true,0.02231174599089341,0.02231174599089341,true
1023,true,0.9838132224542337,-901514.5564646538,908805.244203037,-0.003730352967977524,0.041887605329975486,10,false,0.004329482812494292,0.004329482812494292,true
511,true,0.9921730027197834,-901485.008424233,908784.9128736076,0.0009757326915860176,0.026472754194401205,9,false,0.006688904347329484,0.006688904347329484,true
511,true,0.9715797796591529,-901616.5282015799,908931.0398722488,0.06974812864791602,0.1028165458701551,9,false,0.010472641740284967,0.010472641740284967,true
255,true,0.9857489181445852,-901614.8440862495,908922.6470047891,-0.015769714023917913,-0.20377304777503014,8,false,0.01557605306443122,0.01557605306443122,true
4,true,0.0013461272423212968,-901614.8440862495,909103.2965709859,0.0,3661.6711796304444,2,true,0.023789615893543788,0.023789615893543788,true
1023,true,0.9999935314281676,-901625.7440457828,908998.7652002248,-0.009930404019542038,-0.014229736872948706,10,false,0.004145183712512335,0.004145183712512335,true
511,true,0.9992393294933348,-901584.5474181523,908934.5826249106,-0.008589236764237285,-0.011507887742482126,9,false,0.006548704018080626,0.006548704018080626,true
511,true,0.9706485498021695,-901643.8451907887,908993.0675686635,0.0021140084136277437,0.07338678045198321,9,false,0.010273481158761547,0.010273481158761547,true
255,true,0.9544262093192143,-901574.5172167452,908955.8193154497,0.020185854868032038,0.11645491351373494,8,false,0.015071662294211226,0.015071662294211226,true
12,true,0.12883593268478194,-901574.5172167452,908843.6196831816,0.0,2162.3065318271983,3,true,0.021259111175643657,0.021259111175643657,true
1023,true,0.9629514222350336,-901565.5384343301,908857.2888983387,0.014788944856263697,0.07791430735960603,10,false,0.0051131401629135355,0.0051131401629135355,true
511,true,0.9682641999529195,-901549.7398206347,908834.0476054952,0.06468894495628774,0.09629729005973786,9,false,0.007359268782032084,0.007359268782032084,true
511,true,0.9831564182631216,-901684.428980672,909045.7233879939,-0.07183723838534206,-0.2122624299954623,9,false,0.0106681656978102,0.0106681656978102,true
255,true,0.9467415632158144,-901619.323166781,909073.5750276139,-0.1048927198862657,-0.27339912636671215,8,false,0.015891469330870836,0.015891469330870836,true
13,true,0.39673162466204714,-901617.4839868837,908772.4667145588,-0.032858714228495955,2487.5501427360578,3,true,0.021841025876384094,0.021841025876384094,true
511,true,0.9672730354382425,-901590.1969433114,909029.9006018995,0.03920167381875217,0.12172825867310166,9,false,0.009526255939688989,0.009526255939688989,true
255,true,0.47568313072990737,-901556.7340028811,908901.2053994939,0.07198153785429895,2.2237489678664133,8,false,0.013650625764293989,0.013650625764293989,true
511,true,0.9998458301234743,-901563.1531823291,908881.446544798,-0.03369142487645149,-0.0802499947603792,9,false,0.0070824729695280805,0.0070824729695280805,true
511,true,0.9762615558337432,-901568.2734693451,908985.6883870793,0.07813227840233594,0.11387406336143613,9,false,0.010823878735765567,0.010823878735765567,true
255,true,0.9778081635848951,-901566.6672780346,908833.5759934677,-0.05423550144769251,-0.369486092007719,8,false,0.01569630929477122,0.01569630929477122,true
9,true,0.11363580028506047,-901565.2121840396,909039.74150352,0.015338272089138627,5436.529279909679,3,true,0.022746541190528817,0.022746541190528817,true
1023,true,0.9996418479111082,-901527.3252123618,908832.9917804477,-0.00792574044317007,-0.046247759368270636,10,false,0.005745383751981224,0.005745383751981224,true
511,true,0.9957347737356076,-901567.136306704,908865.7651972192,-0.008807648904621601,-0.08112985815387219,9,false,0.008709480433708592,0.008709480433708592,true
255,true,0.6494645957100785,-901630.1170527609,909009.5181088077,-0.11398389842361212,1.1491706541273743,8,false,0.01304576082047985,0.01304576082047985,true
511,true,0.9810074217601674,-901658.2793093183,909104.9687896306,0.05010227707680315,0.06534206576179713,9,false,0.009779287826637732,0.009779287826637732,true
255,true,0.8524145914851918,-901575.6445825589,908989.3824457837,-0.07639481395017356,0.4415917086880654,8,false,0.014162568473700283,0.014162568473700283,true
255,true,0.9467811604446511,-901533.9584528096,908941.7848564645,0.1301402400713414,0.21738541370723397,8,false,0.01586632358135557,0.01586632358135557,true
12,true,0.04491026903045924,-901541.2499115298,908938.6634746846,0.6246072829235345,1165.4176283754641,3,true,0.02136083548828128,0.02136083548828128,true
1023,true,0.9993740551341155,-901445.1806419912,908810.6740920001,-0.030283082276582718,-0.05958946200553328,10,false,0.004940204582078495,0.004940204582078495,true
511,true,0.9970752409879723,-901574.3709217727,908810.590373627,-0.05335233348887414,-0.06710795662365854,9,false,0.0073847706033014476,0.0073847706033014476,true
511,true,0.9060032528785611,-901621.6304857754,908988.4412246408,0.04323304840363562,0.24131470499560237,9,false,0.010948676261111553,0.010948676261111553,true
255,true,0.8949145437001442,-901630.5779566085,909033.9060111674,-0.0551342589315027,0.31513238442130387,8,false,0.01357478365867159,0.01357478365867159,true
255,true,0.9647542529577569,-901628.1233048764,908972.5953603213,-0.06825145101174712,0.1540027258452028,8,false,0.016444396077841327,0.016444396077841327,true
10,true,0.20298223172975574,-901627.9981483233,909008.966413676,0.2049694622401148,1668.1313025102718,3,true,0.02271657073855363,0.02271657073855363,true
511,true,0.9873402358859258,-901587.9622558338,908928.7583072899,0.016777144046500325,0.04539346066303551,9,false,0.0073737594294741365,0.0073737594294741365,true
511,true,0.9976131938877423,-901548.4000787974,908888.8380864965,0.026222981279715896,-0.08278747322037816,9,false,0.01063668825790525,0.01063668825790525,true
255,true,0.8699097601511084,-901559.0710508621,908883.7607343334,0.25863486353773624,0.43254725984297693,8,false,0.015591902355581558,0.015591902355581558,true
255,true,0.859754296117639,-901566.2225352223,908931.9430776364,0.08778723853174597,0.5890049366280437,8,false,0.017933995183566115,0.017933995183566115,true
255,true,0.31630276097798254,-901604.9478831774,909024.5826988623,0.3898144253762439,5.403190371580422,8,false,0.020215873439424856,0.020215873439424856,true
511,true,0.999877464411379,-901615.8666629832,908865.1867620595,-0.1293819738784805,-0.21882530010771006,9,false,0.008299925264508798,0.008299925264508798,true
255,true,0.7293531392122881,-901583.6688694726,908940.3594356063,0.16283121216110885,0.8452842728001997,8,false,0.012148885778873096,0.012148885778873096,true
511,true,0.8082583066856482,-901672.500100125,908851.8337422424,0.18747227150015533,0.666210725903511,9,false,0.010772239986297252,0.010772239986297252,true
511,true,0.9988614091132637,-901426.89360967,908853.6912907711,-0.40143971680663526,-0.5025993435410783,9,false,0.011048811130946155,0.011048811130946155,true
255,true,0.9415323609555265,-901415.2744050454,908772.9114878594,0.11493600776884705,0.24275207007303834,8,false,0.016045061793925248,0.016045061793925248,true
255,true,0.96804132015651,-901651.6484137936,908662.2550326812,-0.1522308619460091,-0.4457311440492049,8,false,0.020929242811319217,0.020929242811319217,true
1,true,0.0,-901651.6484137936,908928.1119292,0.0,1.4030163312004753e6,0,true,0.28408177152273684,0.28408177152273684,true
3,true,0.0001832571782097441,-901651.6484137936,909021.7311335341,0.0,19619.918907024898,1,true,0.047190450794442965,0.047190450794442965,true
1023,true,0.9959574786693467,-901863.7820258389,908863.6302756993,-0.004703477374278009,0.017529682139866054,10,false,0.0046112073355192495,0.0046112073355192495,true
1023,true,0.9999404471714968,-901872.8783335403,909263.5238809437,-0.003560122335329652,-0.01762087002862245,10,false,0.006127727970316596,0.006127727970316596,true
511,true,0.9846835453543664,-901906.0977574016,909217.9050063617,0.030420574825257063,0.054761029314249754,9,false,0.009538559255195835,0.009538559255195835,true
255,true,0.9067657170337498,-901821.0659523875,909114.9468824454,0.04890756693203002,0.30757437145803124,8,false,0.015448221524681121,0.015448221524681121,true
255,true,0.7687453734948198,-901584.6439741567,909147.7283269247,-0.21774107462260872,0.8012876928551123,8,false,0.02062675354462131,0.02062675354462131,true
255,true,0.8954783117659757,-901569.2774147904,908942.6795387097,0.016302719013765454,0.3366456483490765,8,false,0.01828345225882494,0.01828345225882494,true
255,true,0.9205247980388961,-901532.422622845,908855.1949917892,0.06456849514506757,0.3732189937727526,8,false,0.02442770858607303,0.02442770858607303,true
6,true,0.3154695023692183,-901529.7772680982,908868.1830776408,0.17937401961535215,1908.4431128124706,2,true,0.035654297184652434,0.035654297184652434,true
511,true,0.9977820064470994,-901612.3244653326,908823.9265430829,0.004064197302795947,-0.036913710995577276,9,false,0.00773221751058638,0.00773221751058638,true
511,true,0.9925045321227409,-901554.1844188772,908969.1710097691,-0.019189359387382865,-0.1468183919787407,9,false,0.014558496537878217,0.014558496537878217,true
255,true,0.9844159346258018,-901549.54097601,908869.3889096179,-0.19701878284104168,-0.37929785740561783,8,false,0.02693725589912491,0.02693725589912491,true
2,true,2.9398534714884113e-9,-901549.54097601,908914.1561081165,0.0,1073.179325537756,1,true,0.04841379309491961,0.04841379309491961,true
1023,true,0.9983876997971867,-901674.7480035828,908946.3528009509,0.0017954278737306595,0.007268368732184172,10,false,0.004097210935422458,0.004097210935422458,true
511,true,0.9877459472175995,-901673.7563488745,909121.6327522246,0.007745466427877545,0.04416461172513664,9,false,0.0077522132352887425,0.0077522132352887425,true
511,true,0.9099132879220676,-901576.6495309384,908972.8216626496,-0.03325473051518202,0.2911339665297419,9,false,0.014094340313505387,0.014094340313505387,true
255,true,0.9951016345397892,-901645.9818196886,908963.2130881262,-0.11211873439606279,-0.17787917330861092,8,false,0.02008136261182018,0.02008136261182018,true
7,true,0.09617874755161408,-901645.9818196886,909281.0353413546,0.0,4183.631323956419,2,true,0.0367855584461204,0.0367855584461204,true
1023,true,0.9988891371599626,-901624.4629280157,908903.5638686548,-3.621040377765894e-5,0.005768921924754977,10,false,0.0045768404747846,0.0045768404747846,true
511,true,0.9729550288357517,-901642.8266727845,909062.2636371414,0.019689574954099953,0.06883801275398582,9,false,0.008507781224555405,0.008507781224555405,true
511,true,0.821324170488621,-901589.0775521372,908925.4734920766,0.3830363309243694,0.48936058301478624,9,false,0.01451340422775927,0.01451340422775927,true
255,true,0.9800498118782943,-901558.2946769443,908886.9157563122,-0.4802672649966553,-0.5464950202731416,8,false,0.015796072499165856,0.015796072499165856,true
255,true,0.6401210176658122,-901559.1138947557,908896.0501506155,0.19469997566193342,1.2300979528808966,8,false,0.027131039787885825,0.027131039787885825,true
255,true,0.9970220491185917,-901573.7057866538,908903.5723855841,-0.1717761360341683,-0.1717761360341683,8,false,0.017484744661189607,0.017484744661189607,true
27,true,0.010840524255494864,-901573.7057866538,908897.77659208,0.0,1234.5026875660988,4,true,0.031206005286918914,0.031206005286918914,true
1023,true,0.9950339514816464,-901577.6900379825,908883.5448102129,0.001570420223288238,0.01088344887830317,10,false,0.003456429720556484,0.003456429720556484,true
1023,true,0.9607320732577702,-901646.4131210884,908921.1787712213,0.043356187641620636,0.0862886372487992,10,false,0.006159986184515365,0.006159986184515365,true
511,true,0.9983526808230034,-901640.1217174698,909009.6000536444,-0.0992917672265321,-0.1283503231825307,9,false,0.009890272390481366,0.009890272390481366,true
255,true,0.9978768159158555,-901617.737509006,908995.7118352274,-0.00859607313759625,-0.0818068296648562,8,false,0.01746491532487746,0.01746491532487746,true
127,true,0.17863581482234855,-901561.9460669502,908952.9342962896,0.02596465137321502,11.914327688980848,7,false,0.030512804637410452,0.030512804637410452,true
1023,true,0.9989338447819263,-901561.0157937871,908860.2549815776,0.0008010991150513291,-0.00969045131932944,10,false,0.005813148545541676,0.005813148545541676,true
511,true,0.9548191822040291,-901690.9718993984,908996.2660108237,0.08122891548555344,0.12150097568519413,9,false,0.010183007404982363,0.010183007404982363,true
255,true,0.9979675500037126,-901541.4980750987,909076.2246892496,-0.01251750229857862,-0.2577003105543554,8,false,0.01572630619571979,0.01572630619571979,true
255,true,0.8382191396246034,-901602.3885272602,908865.4935497846,-0.4777930275304243,0.7766411950578913,8,false,0.02701616620161287,0.02701616620161287,true
255,true,0.7760596165763473,-901519.5286383679,908906.9281619672,0.6467082481831312,0.8311979828868061,8,false,0.030332938447569166,0.030332938447569166,true
255,true,0.7650920202338156,-901390.0449824573,908718.6879190372,-0.3926334916613996,1.1640569084556773,8,false,0.028941791968625716,0.028941791968625716,true
255,true,0.9265522182580467,-901415.953819535,908600.6894772295,-0.17387695016805083,-0.49915617040824145,8,false,0.026865385786934617,0.026865385786934617,true
5,true,0.19240969018755716,-901434.5257638315,908949.3508588419,2.230956945568323,5473.51552875957,2,true,0.0376760540925871,0.0376760540925871,true
511,true,0.9556000632140875,-901506.9124829418,908678.6086229454,-0.10468585346825421,0.15033819677773863,9,false,0.008205593544474836,0.008205593544474836,true
511,true,0.997566780247658,-901565.681895789,908822.3657002115,-0.01216752000618726,-0.05906723614316434,9,false,0.012423538472018275,0.012423538472018275,true
255,true,0.9757939881101533,-901558.229428663,908894.5166599617,-0.05732488282956183,-0.14311600709334016,8,false,0.020754890169248457,0.020754890169248457,true
7,true,0.006023719060346489,-901558.229428663,908864.1370829317,0.0,3317.6174636082724,2,true,0.03260789378887093,0.03260789378887093,true
1023,true,0.9892999812016208,-901415.2993362504,908716.6421314947,0.009936531656421721,0.02573038323316723,10,false,0.0046986681839814816,0.0046986681839814816,true
511,true,0.999230614030338,-901376.7898983145,908709.9642298933,-0.020879542222246528,-0.03741137380711734,9,false,0.00765956115851986,0.00765956115851986,true
511,true,0.9955067843973019,-901623.7954271471,908871.8324972967,0.002721412922255695,-0.04094635718502104,9,false,0.012701399689768189,0.012701399689768189,true
255,true,0.46331942559319195,-901614.8504794724,908986.4988336373,0.40396391903050244,2.024533343501389,8,false,0.020726210032392497,0.020726210032392497,true
511,true,0.9807442121232842,-901750.9580388385,909049.3168754417,0.03581252065487206,0.0997188746696338,9,false,0.009420395755803885,0.009420395755803885,true
511,true,0.9649475258859841,-901722.9524033513,909139.6168422548,-0.1834879433736205,-0.3327189692063257,9,false,0.014771935232383808,0.014771935232383808,true
255,true,0.984843057087303,-902272.4824388248,909146.7440223236,-0.2726485476596281,-0.4659778835484758,8,false,0.022180902985141946,0.022180902985141946,true
1,true,0.0,-902272.4824388248,909693.5384661988,0.0,994415.1848484478,0,true,0.31041033123852146,0.31041033123852146,true
4,true,0.0011686500883371896,-902272.4824388248,909709.3984962701,0.0,101765.54017132334,2,true,0.05203299134499396,0.05203299134499396,true
1023,true,0.9977241292036514,-901508.1977058955,909528.1399008387,-0.007327949511818588,-0.014725742395967245,10,false,0.005124184046738882,0.005124184046738882,true
511,true,0.9330211247256583,-901528.750224035,908815.6456513203,0.03226898307912052,0.15584760112687945,9,false,0.006867336413264516,0.006867336413264516,true
511,true,0.998796884970759,-901557.3291793809,908868.803884674,-0.012901412672363222,-0.07356792106293142,9,false,0.008777661465473012,0.008777661465473012,true
255,true,0.9941971593737868,-901549.6784456376,908897.5080609204,0.05741284566465765,-0.17257741384673864,8,false,0.014787238690395143,0.014787238690395143,true
255,true,0.974426330794925,-901542.0553828754,908905.776150542,-0.01518258941359818,-0.6847093726973981,8,false,0.025875956533166107,0.025875956533166107,true
4,true,0.25,-901541.7431856194,908818.2569586444,-0.45662033185362816,3357.3878206032095,2,true,0.04384858934541576,0.04384858934541576,true
511,true,0.9666766594696834,-901516.6213801978,908790.3103435354,0.08053593314252794,0.0987315746024251,9,false,0.007660375515716283,0.007660375515716283,true
511,true,0.9891861090816434,-901513.4614995733,908833.1922252221,-0.35596500197425485,-0.35596500197425485,9,false,0.012916007882536138,0.012916007882536138,true
255,true,0.9777252347869546,-901524.6513057674,908758.7703302352,-0.011979670845903456,0.08929923607502133,8,false,0.02355347500237412,0.02355347500237412,true
3,true,0.019689075913193375,-901526.3786437121,909001.9718022356,2.829079030547291,5216.052772040712,1,true,0.041500782757900104,0.041500782757900104,true
1023,true,0.9986927663462386,-901630.4853067822,908956.7867080502,-0.007733569829724729,-0.02188161259982735,10,false,0.0036206099981268,0.0036206099981268,true
511,true,0.9925380013829262,-901612.0053820359,909081.0476044265,-0.015576744335703552,-0.05199137912131846,9,false,0.006881044324228246,0.006881044324228246,true
511,true,0.9980318246074185,-901615.2124755228,908984.0385231738,-0.06507556303404272,-0.11840194126125425,9,false,0.01277164184406405,0.01277164184406405,true
255,true,0.8515954661742021,-901671.3604563749,909128.4057950062,0.10616125725209713,0.5143343886593357,8,false,0.02395867942774682,0.02395867942774682,true
7,true,2.1455599176564962e-7,-901671.3604563749,909001.5568479843,0.0,1211.9747174383374,2,true,0.02851358878510175,0.02851358878510175,true
1023,true,0.9997798790315081,-901791.5442526793,909159.3355696464,-0.001689188415184617,-0.0026635495014488697,10,false,0.002564928847495904,0.002564928847495904,true
1023,true,0.9923114668694232,-901681.1671328993,909260.5409706716,0.012391771422699094,0.02048875787295401,10,false,0.004846653831336158,0.004846653831336158,true
511,true,0.9825053398224587,-901625.8132414187,909130.0090707915,-0.04597603855654597,0.07346592715475708,9,false,0.008873625908878977,0.008873625908878977,true
255,true,0.9431595400424237,-901755.7232835668,909035.3678877053,0.06118848279584199,0.15615643956698477,8,false,0.015635874923428047,0.015635874923428047,true
255,true,0.9890040580225671,-901659.1151686455,909108.524579927,-0.1978195927804336,-0.2876956823747605,8,false,0.024328789009052398,0.024328789009052398,true
4,true,8.261410322520702e-8,-901659.1151686455,908982.7567564925,0.0,40094.24461977929,2,true,0.04294069202684224,0.04294069202684224,true
1023,true,0.9927027974841504,-901640.2274979174,908839.6043794651,0.013358942233026028,0.017609401140362024,10,false,0.004342433739734106,0.004342433739734106,true
511,true,0.9999435148697413,-901559.0729087121,908923.7187032079,-0.01361097488552332,-0.05360404553357512,9,false,0.00778816236682274,0.00778816236682274,true
255,true,0.9688770524356878,-901531.9745418208,908905.6662430497,-0.04926007753238082,0.13103549322113395,8,false,0.014119421703257397,0.014119421703257397,true
255,true,0.9930020123062299,-901567.824499451,908875.4584800146,0.016721283784136176,-0.2076375875622034,8,false,0.023225997027705236,0.023225997027705236,true
3,true,4.716750978631158e-9,-901567.824499451,908769.666860138,0.0,1487.7864454494556,1,true,0.04052210293254762,0.04052210293254762,true
1023,true,0.9855200139355474,-901541.3171621377,908872.433811472,0.029813550761900842,0.03724414308089763,10,false,0.004512356039491864,0.004512356039491864,true
511,true,0.8586695886329196,-901631.2540659098,908917.0053462285,-0.05359279178082943,0.4035494605777785,9,false,0.007747269910493874,0.007747269910493874,true
511,true,0.9984345726809915,-901622.1306125635,908948.0278583511,-0.004065906745381653,-0.08372265717480332,9,false,0.009340925843555552,0.009340925843555552,true
255,true,0.5691414649298345,-901521.7507394115,908920.8889177508,1.5005184751935303,1.6205671743955463,8,false,0.01636060007193516,0.01636060007193516,true
511,true,0.9922967985151786,-901651.3572177493,908926.967069612,-0.26132556109223515,-0.5181975835002959,9,false,0.009017741594376013,0.009017741594376013,true
255,true,0.6384748872348416,-901792.7430545482,909211.6153157454,-0.5302496573422104,1.676353864138946,8,false,0.015403314037191985,0.015403314037191985,true
511,true,0.9725393483002237,-901783.9601413825,909229.3336255513,0.06245155492797494,0.1240837958175689,9,false,0.010288955170674687,0.010288955170674687,true
255,true,0.9012792485937586,-901612.6407708585,909171.1295967578,-0.2973102453397587,0.4810441741719842,8,false,0.016532317065404836,0.016532317065404836,true
255,true,0.935959693722554,-901678.8471063344,909015.8040185799,0.22681421705055982,0.36146469262894243,8,false,0.021925722229417768,0.021925722229417768,true
7,true,0.251059431653781,-901680.0390185727,908982.604417957,0.3981785074574873,1431.5355737082427,2,true,0.03164779913668696,0.03164779913668696,true
511,true,0.9928699619803338,-901412.1114950208,908817.8332026738,-0.027736252290196717,-0.09189827437512577,9,false,0.00792667727421233,0.00792667727421233,true
511,true,0.9906988065243506,-901453.9855921022,908638.1705852125,-0.08289517683442682,-0.1660927846096456,9,false,0.01323942186378756,0.01323942186378756,true
255,true,0.7709811419525175,-901509.877622296,908897.1976580775,0.10988042585086077,0.7374017972033471,8,false,0.021823502816485516,0.021823502816485516,true
255,true,0.8975420054475667,-901594.3817466091,908895.0840798754,0.20714868395589292,0.43348358978983015,8,false,0.020649284545951486,0.020649284545951486,true
255,true,0.7973343346450669,-901535.4067522541,908914.9629757279,-0.03574603528250009,1.0192292139399797,8,false,0.02674310697842526,0.02674310697842526,true
255,true,0.3555050687185239,-901499.9301645957,908854.6323104275,0.2555516071151942,4.7391880271025,7,false,0.026974703743803792,0.026974703743803792,true
511,true,0.9985444724608845,-901536.6367508646,908819.6126333409,-0.11397142824716866,-0.1272150743752718,9,false,0.009258619232942484,0.009258619232942484,true
255,true,0.9961901027432358,-901542.4630655795,908856.8243805944,-0.005030586034990847,-0.059768696199171245,8,false,0.015313414809271108,0.015313414809271108,true
255,true,0.4549348065535575,-901610.9424513342,908910.3070745843,0.07455121621023864,2.269432869856246,8,false,0.025007288132972226,0.025007288132972226,true
511,true,0.9971454484163665,-901583.336286093,908925.911522584,0.004950250149704516,-0.04296511842403561,9,false,0.011130921253606051,0.011130921253606051,true
255,true,0.9356058399871017,-901632.8466293906,908853.5481967634,0.11518141510896385,0.22685545380227268,8,false,0.018133511327573765,0.018133511327573765,true
255,true,0.4080472109603371,-901694.7195945766,909085.0086314445,-0.02911936992313713,3.455276434426196,8,false,0.025384103729020776,0.025384103729020776,true
511,true,0.975702257169606,-901602.925363039,909010.4129766974,0.04975470341742039,0.09477851854171604,9,false,0.010285184486768028,0.010285184486768028,true
255,true,0.9943010028014843,-901644.2413111875,908999.4970606511,-0.09961623814888299,-0.2761815971462056,8,false,0.015791486309939474,0.015791486309939474,true
255,true,0.5041440742900539,-901709.2058487731,909005.6665099015,0.26073075039312243,2.3422449423233047,8,false,0.025168321528900757,0.025168321528900757,true
511,true,0.9985189771859655,-901628.5835802746,909118.7173163787,0.010139460559003055,-0.1889637088170275,9,false,0.012936747749610648,0.012936747749610648,true
255,true,0.8711713754023932,-901748.3321969765,909058.9755486932,-0.3106095076072961,-0.5119206878589466,8,false,0.020718026448694412,0.020718026448694412,true
255,true,0.2899032996407711,-901664.1336869244,909216.8581944354,0.0881720621837303,5.295148792909458,8,false,0.02470950960695542,0.02470950960695542,true
511,true,0.999422252534587,-901571.6608082872,909001.9193520606,-0.004873973084613681,-0.040795698878355324,9,false,0.007933791851749694,0.007933791851749694,true
511,true,0.9755011792160879,-901525.9958306511,908774.5025530382,0.017196460510604084,0.09864671842660755,9,false,0.012656141265227941,0.012656141265227941,true
255,true,0.9970723716339555,-901816.8340186587,909109.5571948698,-0.02241268940269947,-0.23032497614622116,8,false,0.019032711823246177,0.019032711823246177,true
5,true,0.00012129514306605704,-901816.8340186587,909036.6078803019,0.0,3453.6483699500095,2,true,0.02987315534031127,0.02987315534031127,true
1023,true,0.980946834893507,-901601.0853463071,909207.8332188338,0.04325194901321083,0.05064580705948174,10,false,0.005201798919144512,0.005201798919144512,true
511,true,0.9945719104632578,-901650.4554406708,908936.442456423,-0.06872439791914076,-0.1370024096686393,9,false,0.00789861971007636,0.00789861971007636,true
511,true,0.9721536728297554,-901666.859524503,909122.2766057618,0.07892565499059856,-0.16222233953885734,9,false,0.012293457709422868,0.012293457709422868,true
255,true,0.9893296169430189,-901672.2257979874,909070.820379674,-0.3490842254832387,-0.5200790496310219,8,false,0.018134635621554644,0.018134635621554644,true
127,true,0.3242423126004302,-901521.5259660918,909019.9983186902,-0.3081036248477176,4.666995865176432,7,false,0.027633530275556293,0.027633530275556293,true
511,true,0.9892383291977879,-901672.5141933515,908836.9304594628,0.030206493800505996,0.04058427829295397,9,false,0.010110353971989023,0.010110353971989023,true
255,true,0.9919189965828408,-901581.4769910059,909024.9222258278,-0.04527399956714362,-0.1114447193685919,8,false,0.015378880296821114,0.015378880296821114,true
255,true,0.8624293361600539,-901531.4653857849,908865.0547155086,0.1331882568774745,0.4674521778943017,8,false,0.023415974281697165,0.023415974281697165,true
255,true,0.29072376565890357,-901553.989517334,908795.8530342897,-0.20940049539785832,4.482290856540203,8,false,0.027028747257384942,0.027028747257384942,true
511,true,0.9339423163642743,-901568.6879660395,908856.0006591094,0.05321906029712409,0.1552050687605515,9,false,0.009421333341777102,0.009421333341777102,true
511,true,0.9803047188954457,-901504.8918276808,908833.169819569,-0.04959456797223538,-0.12954913813155144,9,false,0.012659908666716829,0.012659908666716829,true
255,true,0.946749678192294,-901621.8122869602,908791.1974658843,0.15055847202893347,0.23929379135370255,8,false,0.018665288153883106,0.018665288153883106,true
255,true,0.5851405513489264,-901536.3296479136,908938.6879179117,-0.4180102162063122,1.888579891063273,8,false,0.02557694629760312,0.02557694629760312,true
255,true,0.8841843738046359,-901512.4284207601,908795.9898926835,-0.05597284471150488,0.34331620624288917,8,false,0.016655965116743016,0.016655965116743016,true
255,true,0.8691039221636285,-901617.7326831978,908922.1313407152,0.15650701080448925,0.3247092392994091,8,false,0.02003620994282562,0.02003620994282562,true
255,true,0.6888746051297769,-901641.1162700481,909011.3984268042,0.8287366819567978,1.0561116740573198,8,false,0.02333161004249346,0.02333161004249346,true
255,true,0.9911544397044043,-901621.1167385834,909012.0870329777,-0.09893377812113613,-0.7084923172369599,8,false,0.01885787738191082,0.01885787738191082,true
32,true,0.06729782856187869,-901621.791368158,908864.5710770336,-1.157049301895313,1147.5951175122755,5,true,0.028018266527695113,0.028018266527695113,true
1023,true,0.9913451441529185,-901615.1434047609,909005.5897901682,-0.0004626818699762225,0.028711608960293233,10,false,0.006550694695060246,0.006550694695060246,true
511,true,0.9858730241029668,-901677.6686583265,909060.9982119423,0.02631516952533275,0.04615415295120329,9,false,0.009747902763293957,0.009747902763293957,true
255,true,0.7569488796579027,-901560.280249521,908974.0633524512,0.6054992969147861,0.6834540123818442,8,false,0.014293372665662213,0.014293372665662213,true
511,true,0.9380070762004635,-901544.3840085135,908750.7595018577,0.2777377711609006,-0.6256678508361802,9,false,0.013305281157404713,0.013305281157404713,true
255,true,0.996059245595399,-901520.3853667738,908945.3421118362,-1.5173922842368484,-1.5761780784232542,8,false,0.01767025807614992,0.01767025807614992,true
255,true,0.4717233472639323,-901632.8601206526,908893.4881491993,0.22968526289332658,1.8066278698388487,8,false,0.02620854858653773,0.02620854858653773,true
255,true,0.9769501917043082,-901588.3507063901,908956.0190949574,0.049600240774452686,0.10339240392204374,8,false,0.013997161940051255,0.013997161940051255,true
255,true,0.7152960465967573,-901593.1640018851,908942.6902971006,-0.020559718483127654,0.9831602047197521,8,false,0.019954755925958287,0.019954755925958287,true
255,true,0.7336490915319291,-901599.9151581966,908964.2079644485,0.30377384170424193,0.8601673861267045,8,false,0.01714279622658987,0.01714279622658987,true
255,true,0.8157312323520234,-901721.2288007672,909027.9685209073,0.10481771524064243,0.7052798116346821,8,false,0.015274042336353396,0.015274042336353396,true
255,true,0.9387752685900278,-901639.0111481525,909062.1468693169,-0.1167482128366828,-0.5246899040648714,8,false,0.015929242802770995,0.015929242802770995,true
255,true,0.726836693837191,-901623.5117383053,908997.8891530369,-0.3842211702140048,1.2102765867020935,8,false,0.020972116753256543,0.020972116753256543,true
255,true,0.9142071758754768,-901633.3155578924,909099.0281342177,0.2820191023638472,0.3252657859120518,8,false,0.0184562663972072,0.0184562663972072,true
255,true,0.9987975942676148,-901509.105474215,908966.8690294134,-0.5952324089594185,-0.8929228187771514,8,false,0.02312886397268205,0.02312886397268205,true
5,true,6.211160036967877e-8,-901509.105474215,908980.1009988332,0.0,3318.9890871791868,2,true,0.03389118511840392,0.03389118511840392,true
511,true,0.9857721718239741,-901588.1998411296,908817.6184101618,-0.009462085319682956,0.05233937595039606,9,false,0.00768790916990262,0.00768790916990262,true
511,true,0.9477133526134264,-901667.9957768923,909068.4044600246,0.11255294713191688,0.15082648408133537,9,false,0.011011000796795579,0.011011000796795579,true
255,true,0.9984470222673891,-901634.7883537548,908997.3008044905,-0.18931020342279226,-0.29806377994827926,8,false,0.014653555429902976,0.014653555429902976,true
255,true,0.5221253798814413,-901692.3157713761,908937.5072836998,-0.14138433523476124,1.9104255826678127,8,false,0.021357785273785054,0.021357785273785054,true
511,true,0.8829700055525659,-901723.5945347234,909130.1416058268,0.04562736046500504,0.28929335658904165,9,false,0.012958530715553706,0.012958530715553706,true
255,true,0.9858281015651268,-901696.6968121697,909164.4814779832,-0.03827023564372212,-0.10442040755879134,8,false,0.015255874344106319,0.015255874344106319,true
255,true,0.9992038580259869,-901623.754575989,908940.6105345679,-0.09301159891765565,-0.19251376064494252,8,false,0.021624048149340252,0.021624048149340252,true
1,true,0.0,-901623.754575989,908966.2141115221,0.0,197672.85588867613,0,true,0.31062300099520945,0.31062300099520945,true
2,true,8.167736140549797e-14,-901623.754575989,909025.7036671343,0.0,3522.2777965841815,1,true,0.05247312016503551,0.05247312016503551,true
1023,true,0.9912231903283617,-901688.4368574112,908895.5019954796,0.003699853550642729,0.020216147415339947,10,false,0.005174272161279082,0.005174272161279082,true
511,true,0.9916952407992211,-901436.4401879313,908914.5016108062,0.009892032481729984,0.02964663167949766,9,false,0.0068241542203965775,0.0068241542203965775,true
511,true,0.9785287080522246,-901535.6855472097,908909.6797248909,-0.02207826415542513,0.07991251233033836,9,false,0.01039854739653528,0.01039854739653528,true
255,true,0.9913287613590213,-901546.1150536793,908851.9790321597,0.00021853717043995857,-0.09672937775030732,8,false,0.016550563712618264,0.016550563712618264,true
127,true,0.7566935903889798,-901515.1028384196,908864.1674555431,-0.08524232194758952,0.7259478273335844,7,false,0.028769961246204765,0.028769961246204765,true
255,true,0.7664784493427738,-901503.6107059295,908797.4960535613,0.24121688958257437,0.6766263780882582,8,false,0.02462497251670548,0.02462497251670548,true
255,true,0.6881633340142795,-901517.2087452661,908835.3564383268,-0.2174354458693415,1.0705997020704672,8,false,0.02191994181079541,0.02191994181079541,true
255,true,0.9325934851259599,-901504.8961679325,908819.6507752612,0.05216951307374984,0.172378933057189,8,false,0.015341495216562707,0.015341495216562707,true
255,true,0.9944457768027873,-901458.5648468859,908781.8979944121,-0.16314431419596076,-0.22558462037704885,8,false,0.023391776400928432,0.023391776400928432,true
5,true,0.0002478744104314193,-901458.5648468859,908831.6506915704,0.0,33898.642356565106,2,true,0.0434418692334065,0.0434418692334065,true
1023,true,0.9984218499311516,-901466.2959684455,908745.6459669339,0.0003717393847182393,0.004660409525968134,10,false,0.003564722485216209,0.003564722485216209,true
511,true,0.9726256438518067,-901444.3590832087,908735.0742845655,0.01641021645627916,0.06260388321243227,9,false,0.006768741668771569,0.006768741668771569,true
511,true,0.9765304532496892,-901464.216421629,908776.7032734517,-0.014220685581676662,0.1084208955289796,9,false,0.011810857720742139,0.011810857720742139,true
255,true,0.9825235052585695,-901499.8765543664,908713.3978006195,0.03378722304478288,-0.15801952872425318,8,false,0.02074551863191116,0.02074551863191116,true
5,true,0.15442498631176801,-901491.9520235712,908825.2856159016,0.3527289548655972,16929.60959099338,2,true,0.036860188151258605,0.036860188151258605,true
1023,true,0.9984495694952897,-901568.6064483001,908861.7206215078,-0.00031810125801712275,-0.020946554956026375,10,false,0.0052828755925936775,0.0052828755925936775,true
511,true,0.9977991372905596,-901416.0326978078,908800.3354985643,0.009778033127076924,-0.07528871763497591,9,false,0.009883103688755597,0.009883103688755597,true
255,true,0.970315807785765,-901436.0737997851,908761.4920494223,-0.13819467660505325,-0.2868303454015404,8,false,0.018281980246834157,0.018281980246834157,true
6,true,0.12139280582907867,-901438.7636693718,908667.634973672,0.32404430175665766,2036.747713873512,2,true,0.030879941903609317,0.030879941903609317,true
1023,true,0.9996576768118993,-901637.4121791717,908900.464928539,-0.0002668342785909772,-0.013483930844813585,10,false,0.00429398261269809,0.00429398261269809,true
511,true,0.9976294943046802,-901521.1670256545,908906.0499370636,-0.03407699160743505,-0.045063146273605525,9,false,0.007931818154694383,0.007931818154694383,true
255,true,0.9984627722117831,-901447.9767719979,908676.7725170669,-0.015672284527681768,-0.05017928034067154,8,false,0.01442004301575816,0.01442004301575816,true
127,true,0.5196027381036052,-901468.3832145764,908741.3313615002,0.27684864902403206,1.6545455232262611,7,false,0.026017766124437992,0.026017766124437992,true
511,true,0.9416539081363277,-901552.772174279,908780.249302211,0.11071320902556181,0.17721995909232646,9,false,0.011971441405128111,0.011971441405128111,true
255,true,0.6289817827340944,-901644.4563381972,908906.8857597124,-0.1828193882247433,1.4578642663545907,8,false,0.01826465827714139,0.01826465827714139,true
511,true,0.9478516457381657,-901550.4637868601,908868.577623787,0.1431385432370007,0.17506463266909122,9,false,0.011583270769767274,0.011583270769767274,true
255,true,0.9810219280584748,-901680.0382632678,908969.1247229354,-0.4245393624296412,-0.5241781936492771,8,false,0.017857817107746185,0.017857817107746185,true
10,true,0.1790560672746786,-901679.9256323534,909014.9204964926,0.34918212809134275,1595.675242341822,3,true,0.029933259387562198,0.029933259387562198,true
1023,true,0.9983817489180411,-901603.8159355343,908993.0911987975,-0.013379236566834152,-0.025514707434922457,10,false,0.005634100180319883,0.005634100180319883,true
511,true,0.9989339763134805,-901640.6695244783,909026.0175883631,-0.0019392597023397684,-0.04000509134493768,9,false,0.009905576787896995,0.009905576787896995,true
255,true,0.4015778471952686,-901548.8300411382,909021.1097763258,0.01637800899334252,2.7273764880374074,8,false,0.01728152383344843,0.01728152383344843,true
1023,true,0.9946415520804291,-901515.8928967239,908877.9238756399,-0.0015966040082275867,0.021433570072986186,10,false,0.006134559281133791,0.006134559281133791,true
511,true,0.996806711938225,-901672.7375110611,909005.4813823042,-0.02615272649563849,-0.04004257044289261,9,false,0.01052796112768202,0.01052796112768202,true
255,true,0.9315408080024475,-901626.1837015729,909046.3264725542,0.06485884624999017,0.18459658976644278,8,false,0.018015030931165615,0.018015030931165615,true
511,true,0.40316696745479236,-901566.2839024961,908914.4782578009,0.3341265353374183,2.7092960216104984,8,false,0.025816493045204295,0.025816493045204295,true
511,true,0.9925191401087295,-901431.2140851473,908792.4356691496,-0.04978217254392803,-0.0859989085001871,9,false,0.009469620476400235,0.009469620476400235,true
255,true,0.9987020800554413,-901526.700116575,908905.2495321196,-0.025569693418219686,-0.10654960013926029,8,false,0.015840959244594652,0.015840959244594652,true
127,true,0.13130062916119256,-901483.165964781,908848.7008724799,-0.05252699786797166,17.688559864182025,7,false,0.026706944058699854,0.026706944058699854,true
1023,true,0.9923947327241226,-901436.7305937308,908717.9692858183,0.010257233516313136,0.02213668671902269,10,false,0.00505984919208064,0.00505984919208064,true
511,true,0.9989983867288083,-901555.0535357314,908753.2389802978,0.003453971934504807,-0.04415449872612953,9,false,0.008401991907861187,0.008401991907861187,true
255,true,0.9858245190175121,-901704.096473892,908978.957313278,-0.0018924269825220108,-0.11377119680400938,8,false,0.014075839944834601,0.014075839944834601,true
255,true,0.4942610645156154,-901618.7415572853,909026.042073498,0.2004997325129807,2.225739408400841,8,false,0.02265947457012589,0.02265947457012589,true
511,true,0.9917500047149396,-901596.4319642419,908982.0448868282,0.0022756195394322276,-0.11890367488376796,9,false,0.01092182157531488,0.01092182157531488,true
255,true,0.8631649909947989,-901669.535767289,909010.232871662,0.1010982197476551,0.5459461256396025,8,false,0.0177457104721477,0.0177457104721477,true
255,true,0.8803026502991157,-901709.1314771068,909089.9325629433,0.40235655882861465,0.5682121620047837,8,false,0.021018320824498362,0.021018320824498362,true
255,true,0.4358001109252542,-901680.6100543829,909089.1116023803,-1.292548185447231,4.501410340773873,8,false,0.02587268930881686,0.02587268930881686,true
511,true,0.9807716813525265,-901536.0203569729,908916.1854837593,0.040954897296614945,0.06826392037328333,9,false,0.011060072457124252,0.011060072457124252,true
255,true,0.7970201108559826,-901692.1483825444,908990.2112163668,0.11880681337788701,0.6182856099912897,8,false,0.017275587218254035,0.017275587218254035,true
255,true,0.7743065058584658,-901573.2883285278,909023.7716761292,-0.15575840626843274,0.7919542548479512,8,false,0.017444270846664483,0.017444270846664483,true
255,true,0.9905425387613,-901627.3787664416,908943.6188375927,-0.03535997879225761,-0.13135803048498929,8,false,0.016704576017595178,0.016704576017595178,true
127,true,0.34357647015296205,-901559.5798128647,908888.047540488,1.6861977557418868,3.8892336572753266,7,false,0.02637942916943986,0.02637942916943986,true
511,true,0.9608242578313613,-901523.8663577329,908847.395889998,-0.04950061847921461,-0.2504402910126373,9,false,0.009373449831337984,0.009373449831337984,true
255,true,0.9695488703004743,-901408.689115546,908700.255554571,-0.33267538994550705,-0.4091088112909347,8,false,0.01380002041022158,0.01380002041022158,true
255,true,0.9981092750385153,-901434.7137673848,908697.5246301134,-0.13606437668204308,-0.21419031510595232,8,false,0.020621170701717834,0.020621170701717834,true
9,true,0.07157699858007233,-901435.0549020877,908714.3505160171,1.0717586108949035,4204.440028058481,3,true,0.032697254067345305,0.032697254067345305,true
511,true,0.9810749641129158,-901578.9551246342,908806.0829218744,0.029733408358879387,0.06628125358838588,9,false,0.00647013322632382,0.00647013322632382,true
511,true,0.9982517275944787,-901586.4294936075,908909.1176717132,-0.161654835450463,-0.17749897297471762,9,false,0.009889934316614911,0.009889934316614911,true
255,true,0.7176179482459916,-901596.7697426918,908901.6331672169,0.7121546302223578,0.7666310215136036,8,false,0.015622050150133952,0.015622050150133952,true
255,true,0.8770501281545129,-901512.9770799608,908836.9939464184,-0.2807444870704785,-0.551249461597763,8,false,0.013236088978177539,0.013236088978177539,true
255,true,0.9535393413672595,-901426.0973700099,908700.0185774218,-0.1651005658786744,-0.3912452182266861,8,false,0.015923302244969604,0.015923302244969604,true
255,true,0.963979245535798,-901510.9273673929,908657.7209507755,-0.21467458631377667,-0.4677136871032417,8,false,0.02257260698249366,0.02257260698249366,true
5,true,0.18688583816058468,-901509.269874602,908903.0512450156,0.12507617776282132,1345.3197659912985,2,true,0.03259636941057753,0.03259636941057753,true
511,true,0.9713021818141429,-901540.3411310866,908749.9119564156,-0.03835142927709967,0.1000731976237148,9,false,0.00881755991540334,0.00881755991540334,true
255,true,0.9608219844885224,-901507.9515146485,908875.4541297266,0.08412899589166045,0.09439328103326261,8,false,0.012947172743250723,0.012947172743250723,true
255,true,0.9834208410044509,-901596.825505051,909010.057475407,-0.09008293284568936,-0.20656581281218678,8,false,0.01851140742461178,0.01851140742461178,true
127,true,0.25053935621212164,-901552.6444632079,908968.6231806959,0.000825687195174396,5.898867671494372,7,false,0.027651677444783664,0.027651677444783664,true
511,true,0.9700941770389127,-901433.8474576218,908789.9540531791,0.06979576195590198,0.0835710649844259,9,false,0.008805349611775749,0.008805349611775749,true
511,true,0.9498971507874104,-901571.6811664734,908826.3778995664,0.13439295475836843,0.232039978611283,9,false,0.012785686502020594,0.012785686502020594,true
255,true,0.887312053276715,-901685.356425666,909059.0684641338,-0.2811914064222947,-0.6215920761460438,8,false,0.017729430498850503,0.017729430498850503,true
255,true,0.9696468029663724,-901667.3768773963,909047.1439105661,-0.14919729088433087,-0.46821212489157915,8,false,0.021522290471237163,0.021522290471237163,true
7,true,0.012560159023983344,-901667.3768773963,908993.280092884,0.0,2400.6160796175245,2,true,0.03088840466716344,0.03088840466716344,true
1023,true,0.9772982959051392,-901611.0683505498,909070.0720213449,0.004505256772972643,0.07572052627801895,10,false,0.006219002434377635,0.006219002434377635,true
511,true,0.9535247114836733,-901622.3452608861,908946.6467527184,0.08051812998019159,0.14694510318804532,9,false,0.009088639214457777,0.009088639214457777,true
511,true,0.9801089425022902,-901503.4146613746,908885.4282859513,-0.09844093455467373,-0.3194396897451952,9,false,0.012607844891044776,0.012607844891044776,true
255,true,0.9827512070780378,-901474.8668795284,908790.7267912,-0.09490802488289773,-0.46820124005898833,8,false,0.018391451043011705,0.018391451043011705,true
127,true,0.6954113387155952,-901575.8085597227,908866.0666892881,-0.5130970168393105,1.320333621231839,7,false,0.02686818503453221,0.02686818503453221,true
255,true,0.7915213830913701,-901545.432800023,908815.1823038008,-0.09653849457390606,0.675781644647941,8,false,0.022027662836463693,0.022027662836463693,true
255,true,0.6465740295401247,-901635.1262171849,908887.9323961933,0.6106402765726671,1.0586083591915667,8,false,0.021901933775292735,0.021901933775292735,true
255,true,0.9963648555563341,-901622.5095508205,909025.5244011299,0.024294194881804287,-0.3633664285298437,8,false,0.016348688507399466,0.016348688507399466,true
255,true,0.9658647392404336,-901695.8588385043,908992.0073850708,0.07798903831280768,-0.909342608996667,8,false,0.024362712379409342,0.024362712379409342,true
4,true,0.2500016977042693,-901690.4828653323,909085.0351398258,-1.125380753306672,1363.299574743607,2,true,0.03406833057358394,0.03406833057358394,true
511,true,0.9989259207660844,-901567.10364832,909012.9813501006,-0.07777701888699085,-0.09609604382421821,9,false,0.01175798265726717,0.01175798265726717,true
255,true,0.9562174137110425,-901638.8240217948,908996.8109210064,-0.009669947205111384,0.13801183621399105,8,false,0.017534858761921644,0.017534858761921644,true
255,true,0.6378628071891245,-901661.786467081,908941.595141306,0.022689554374665022,1.085621619480662,8,false,0.02398890116823648,0.02398890116823648,true
255,true,0.9888113548568238,-901538.7401591025,908945.9616052555,-0.015201338683255017,0.05957100272644311,8,false,0.017740078677706876,0.017740078677706876,true
255,true,0.8711746419742008,-901461.6919269533,908895.5301187013,0.1973592413123697,0.35712579952087253,8,false,0.025755019033044523,0.025755019033044523,true
14,true,0.03593497168427547,-901461.6919269533,908783.4568717546,0.0,1323.522899247706,3,true,0.02977999809922334,0.02977999809922334,true
511,true,0.9732354209578613,-901576.4401433913,908813.0252678604,0.012298409710638225,0.07037333399057388,9,false,0.007049490033306053,0.007049490033306053,true
511,true,0.898902231670015,-901603.2861631722,908912.0846584059,-0.008378393133170903,0.2666632664622739,9,false,0.009927529374067691,0.009927529374067691,true
511,true,0.9939809338619874,-901528.9129402702,908880.905781155,0.01811316842213273,-0.07875046809203923,9,false,0.012119409999115188,0.012119409999115188,true
255,true,0.794958199835485,-901517.4597548146,908829.9669580056,0.16713371442165226,0.6465643543051556,8,false,0.01764685716610605,0.01764685716610605,true
255,true,0.9921283900105686,-901551.5767216993,908808.1155187165,0.026189185213297606,-0.3481166708515957,8,false,0.017671352964719157,0.017671352964719157,true
255,true,0.8379186605592441,-901620.3825927783,908919.3356055958,-0.1716222483664751,0.9410687617491931,8,false,0.025516607895008436,0.025516607895008436,true
127,true,0.5607113511754003,-901578.4580800242,908950.107260904,-0.5281861269613728,2.0691343208309263,7,false,0.02761826198988712,0.02761826198988712,true
255,true,0.5162105261849321,-901603.9203484183,908976.8578401983,1.6060154160950333,1.683469911571592,8,false,0.01793243438845045,0.01793243438845045,true
511,true,0.9961005626856186,-901649.6964285726,908998.9663940058,-0.5751534539740533,-0.6074936760123819,9,false,0.010769606221862267,0.010769606221862267,true
255,true,0.776107443131511,-901528.2193169834,908906.9461736336,0.10381784255150706,0.6087325299158692,8,false,0.0155978986435993,0.0155978986435993,true
255,true,0.9988822863008502,-901497.5370868482,908854.4455342337,-0.061569360783323646,-0.1682931404793635,8,false,0.015096640305528411,0.015096640305528411,true
255,true,0.9899661382280159,-901525.842113721,908744.2226225069,-0.07322842662688345,-0.2579059808049351,8,false,0.021876879166018093,0.021876879166018093,true
9,true,0.003197015962620217,-901525.842113721,908785.056415282,0.0,3072.4047651420115,3,true,0.031102045959422932,0.031102045959422932,true
511,true,0.997795411662316,-901569.6570265926,908824.0391233242,0.005374699481762946,-0.019555056001991034,9,false,0.00749148502415325,0.00749148502415325,true
511,true,0.9898147787498405,-901781.5706010665,909082.951072298,0.010239188210107386,0.051439679227769375,9,false,0.010815759000053805,0.010815759000053805,true
255,true,0.985172661323133,-901737.5444187348,909062.2719665947,-0.00856645277235657,-0.11394616682082415,8,false,0.01534936914411934,0.01534936914411934,true
255,true,0.980494451154165,-901734.4644447624,909120.0553811707,-0.045821974985301495,-0.19861198216676712,8,false,0.021544527951329204,0.021544527951329204,true
15,true,0.06700727527264728,-901735.5140903756,908986.3752106049,0.6472191968932748,2135.8206407611724,3,true,0.029911018659399793,0.029911018659399793,true
511,true,0.954234352120651,-901650.0029998271,909063.6567168894,0.0757762958528474,0.14917812775820494,9,false,0.008287496806873958,0.008287496806873958,true
511,true,0.9722446159485426,-901699.373660228,909030.1852303514,-0.20815530302934349,-0.2617815138073638,9,false,0.010999489240905007,0.010999489240905007,true
255,true,0.5909954558628504,-901536.4503683555,909054.0587197167,0.044709343113936484,1.3332566074095666,8,false,0.015032851533655989,0.015032851533655989,true
511,true,0.9928497287174448,-901566.9546325065,908891.2445765947,-0.019458771334029734,-0.0754097782773897,9,false,0.010551983388270104,0.010551983388270104,true
255,true,0.8186795588499919,-901597.303122943,908928.9070928375,-0.023735238937661052,0.5101375194499269,8,false,0.014912279768923613,0.014912279768923613,true
255,true,0.996270852732052,-901591.5346294137,908966.5849096522,0.0007222620770335197,-0.09416897397022694,8,false,0.015555257925455698,0.015555257925455698,true
255,true,0.9806085580896332,-901522.6354057061,908864.5457429518,0.018093212507665157,-0.18691125058103353,8,false,0.022023228050657585,0.022023228050657585,true
6,true,6.776630295474591e-10,-901522.6354057061,908838.1752118567,0.0,1790.8004084108397,2,true,0.03027568291257375,0.03027568291257375,true
511,true,0.9956856958627955,-901518.782148247,908986.0495986162,0.008028923999518156,-0.028851559152826667,9,false,0.007766546933418201,0.007766546933418201,true
511,true,0.9693780132934067,-901607.6132550349,908882.3116415896,0.08020125224720687,0.11375487933401018,9,false,0.010969918573095665,0.010969918573095665,true
255,true,0.9811683192838475,-901646.1294575518,908949.147497092,-0.019475061679258943,-0.24313971702940762,8,false,0.014780677581482746,0.014780677581482746,true
255,true,0.8053830527448926,-901630.3140256258,909058.1001711175,-0.21892697003204376,0.7315778727643192,8,false,0.020272552242062952,0.020272552242062952,true
255,true,0.9858029785141472,-901567.2525280975,908935.1483121004,-0.08392842998728156,-0.23532710573635995,8,false,0.020629040647890406,0.020629040647890406,true
127,true,0.347084880234041,-901526.0218562525,908714.7499109621,-0.057039819192141294,3.9352890960872173,7,false,0.028416684266244333,0.028416684266244333,true
255,true,0.9978686444986224,-901535.1239860643,908953.4604968558,-0.003745457623153925,-0.06990398175548762,8,false,0.013410984091049074,0.013410984091049074,true
255,true,0.9744769354799689,-901545.6820511976,908918.6667057945,-0.019769769511185586,0.14377953263465315,8,false,0.01883445930503279,0.01883445930503279,true
255,true,0.40897155680856273,-901681.4072184978,909006.4055799065,0.013740266324020922,2.784307786030695,8,false,0.025382469869075653,0.025382469869075653,true
255,true,0.5896506311939133,-901676.6649968355,909152.3886400209,0.3087258789455518,1.270161043619737,8,false,0.01337907633534097,0.01337907633534097,true
511,true,0.9990924568154613,-901594.7049732368,908943.9279402616,-0.11000225425232202,-0.17909983219578862,9,false,0.009543839173121753,0.009543839173121753,true
255,true,0.8610033061474321,-901644.9413481011,908950.8430370017,-0.043107107863761485,0.4259138638153672,8,false,0.013382478189190208,0.013382478189190208,true
255,true,0.9980902466535051,-901676.8004292754,909151.6764497933,-0.08175694081000984,-0.12506142945494503,8,false,0.014928621214080458,0.014928621214080458,true
255,true,0.851488273610333,-901574.3499137386,908798.6642654942,0.32497252721805125,0.44136813073419034,8,false,0.020819445158521396,0.020819445158521396,true
255,true,0.4788835600458205,-901641.4154094121,908919.8119070891,-0.24006218928843737,2.40824563219212,8,false,0.022816432449326914,0.022816432449326914,true
255,true,0.7725566482319296,-901659.6586138922,909081.3455744213,0.37873125867918134,0.6238842806778848,8,false,0.013647184480087102,0.013647184480087102,true
255,true,0.9273263457993111,-901644.5228594387,909093.1947633988,-0.3310825440566987,-0.3962452629348263,8,false,0.013172488173554106,0.013172488173554106,true
255,true,0.9907173222382486,-901654.2609931133,909065.4298780332,0.01559004362206906,-0.12817067268770188,8,false,0.01632281280456836,0.01632281280456836,true
255,true,0.7927949953618875,-901620.4755379168,908951.6426930138,0.143897773232311,0.7377042516600341,8,false,0.02236518635392546,0.02236518635392546,true
255,true,0.9810858255522458,-901649.3759186306,908956.8846544534,0.00480365811381489,-0.45914808730594814,8,false,0.0222694155885403,0.0222694155885403,true
12,true,0.19945733467230609,-901649.3988879914,908949.9672533876,-0.5287945087766275,1357.6765177946072,3,true,0.029955899513757833,0.029955899513757833,true
511,true,0.9630121341268353,-901528.522557259,908884.720930355,0.05499107181094587,0.10885604086797684,9,false,0.011583927771988958,0.011583927771988958,true
255,true,0.9936895004939642,-901642.7552698432,908940.9714186996,-0.11911933706142008,-0.1551061678910628,8,false,0.015143662739056334,0.015143662739056334,true
255,true,0.8922464666236515,-901522.9629130334,909004.48145896,0.20495461218524724,0.3236723926384002,8,false,0.02074683950585522,0.02074683950585522,true
255,true,0.9853383394797299,-901581.8428483962,908946.4403196102,-0.15217667585238814,-0.3980549746192992,8,false,0.024171883880556976,0.024171883880556976,true
5,true,0.04356744533460504,-901581.8428483962,908945.1990197888,0.0,6599.007865152671,2,true,0.03257138581814914,0.03257138581814914,true
511,true,0.9442951480669801,-901672.3595749487,909089.0370247577,-0.025672336108982563,0.1569250385509804,9,false,0.010006022763064127,0.010006022763064127,true
511,true,0.9773042064647436,-901596.7454715184,909012.1662272722,0.03398154256865382,0.0707237928872928,9,false,0.012655602142906877,0.012655602142906877,true
255,true,0.9593772584899025,-901623.2836879634,908939.8379382687,0.06767294101882726,0.16750794148538262,8,false,0.0168273612013771,0.0168273612013771,true
255,true,0.9191445481263887,-901716.0022058279,909157.2020854442,-0.230161388986744,0.3717274602968246,8,false,0.021721862685676677,0.021721862685676677,true
127,true,0.3870250655275119,-901668.4881590905,908998.7240800273,0.24392021435778588,3.021145112463273,7,false,0.0263049792861151,0.0263049792861151,true
255,true,0.9921354006401601,-901597.0380143693,909049.0641157365,-0.08228083455469459,-0.10592477582395077,8,false,0.013987702933679697,0.013987702933679697,true
255,true,0.74712909615669,-901496.127552712,908823.7093098161,0.1724573540268466,0.6622544539859518,8,false,0.018956502109698143,0.018956502109698143,true
255,true,0.8430041865548172,-901550.5012714503,908847.1675562412,0.08811803162097931,0.4978670753771439,8,false,0.01760388408414572,0.01760388408414572,true
255,true,0.9734771867645357,-901522.0589549313,908832.9973068087,-0.24618233018554747,-0.336945828050375,8,false,0.01894011733411924,0.01894011733411924,true
255,true,0.9208963938118642,-901557.3231060866,908858.3774671193,-0.013880529557354748,0.3095740079879761,8,false,0.02485761947595523,0.02485761947595523,true
14,true,0.12566040073006884,-901558.9957001093,908947.8327325061,-0.03193403629120439,2278.665399983758,3,true,0.030066879631208177,0.030066879631208177,true
511,true,0.999186931752487,-901628.401023173,908663.8669616114,0.0027798014925792813,-0.03286165394820273,9,false,0.010865996769733195,0.010865996769733195,true
255,true,0.9851414912069021,-901561.6830061531,908919.9058672524,0.006011568242684007,0.0671142420032993,8,false,0.014814713660144281,0.014814713660144281,true
255,true,0.9988445679795815,-901671.2734212811,908997.8037625903,-0.06280189927201718,-0.11433161282911897,8,false,0.019739544979125886,0.019739544979125886,true
127,true,0.20088849511504364,-901709.7758942097,909117.0905921522,0.27308259543497115,18.593948929570615,7,false,0.026805479819456947,0.026805479819456947,true
511,true,0.9345285450647476,-901538.7381557914,909009.3472522412,0.040790182538330555,0.17704023944679648,9,false,0.010973065619323527,0.010973065619323527,true
255,true,0.996024937291412,-901472.0296603014,908892.919669525,-0.040181924821808934,-0.14099146658554673,8,false,0.013532235942239259,0.013532235942239259,true
255,true,0.834398277539636,-901486.4845260875,908856.3141627645,0.16332153731491417,0.523455991409719,8,false,0.018270487553298114,0.018270487553298114,true
255,true,0.7541398885663266,-901524.5249839723,908642.9592470309,-0.3655287567526102,0.8880841030040756,8,false,0.019361743702540842,0.019361743702540842,true
255,true,0.9768411873763139,-901503.7562750679,908781.9663856135,0.03543010214343667,0.100246672751382,8,false,0.01820811233488684,0.01820811233488684,true
255,true,0.9825509353808298,-901475.7882147786,908841.925478071,0.0005098682595416903,-0.14353851357009262,8,false,0.02381579458255571,0.02381579458255571,true
6,true,0.10823388587296755,-901475.7882147786,908756.4512944072,0.0,1991.8681266782805,2,true,0.031367787570595676,0.031367787570595676,true
511,true,0.9844057907800615,-901585.0464778636,908799.3661366445,0.049456044216640294,0.05377880053129047,9,false,0.01138993649172767,0.01138993649172767,true
255,true,0.9797401901824022,-901446.8814164826,908811.0751614312,0.034669969929382205,0.12484205514192581,8,false,0.015049638820114161,0.015049638820114161,true
255,true,0.6815249770881903,-901547.5102694181,908711.351784924,0.5493423871230334,1.0606172161642462,8,false,0.019720059946809452,0.019720059946809452,true
255,true,0.6653788293927325,-901501.3026904783,908721.3084498937,-0.20934702933300287,1.3990601376863196,8,false,0.016693279431430043,0.016693279431430043,true
255,true,0.995131007020978,-901439.5963207072,908768.8977168404,-0.0020533016650006175,-0.26430433546192944,8,false,0.013814608599191541,0.013814608599191541,true
255,true,0.8495998011408373,-901640.0269669202,908847.2967830999,0.10781105409841985,0.570769993471913,8,false,0.018474571843320062,0.018474571843320062,true
255,true,0.9985767712449963,-901693.1201362279,909057.5437124693,-0.5150327355368063,-0.6337266017217189,8,false,0.019979180561027647,0.019979180561027647,true
127,true,0.9507218526511679,-901659.0552402983,909075.1264677983,0.1501846491592005,0.2883399464190006,7,false,0.026784531466943304,0.026784531466943304,true
6,true,0.23737336551032648,-901668.1448507396,908898.7186951066,0.09915835130959749,1001.3185663733166,2,true,0.03346349984736593,0.03346349984736593,true
255,true,0.7864535299647017,-901566.0396956523,908969.8418538944,0.48766582703683525,0.6365245431661606,8,false,0.014976766167274636,0.014976766167274636,true
255,true,0.9999331766058297,-901694.6145523341,908980.233342291,-0.44027691811788827,-0.5893061619717628,8,false,0.014789597379589554,0.014789597379589554,true
255,true,0.9924704319953445,-901664.4029918837,909100.535952092,-0.2347680920502171,-0.29964492085855454,8,false,0.01982016570221024,0.01982016570221024,true
127,true,0.9609121916349935,-901515.314807954,908927.7431336892,0.08949529624078423,0.17441903881262988,7,false,0.026241089211264272,0.026241089211264272,true
8,true,0.15945332629766473,-901517.2943967204,908935.1450588701,0.13407699530944228,2046.8698671204038,3,true,0.03316901016577655,0.03316901016577655,true
255,true,0.9023957278599618,-901635.4001708253,908892.6723326658,0.20054007461294532,0.266698504332453,8,false,0.013425868199448547,0.013425868199448547,true
255,true,0.9999661989151674,-901542.9073829877,908909.9431817626,-0.21510451019275934,-0.3845577462343499,8,false,0.01562860670004694,0.01562860670004694,true
255,true,0.7249690423574594,-901580.8851933264,908945.9140963404,0.26749517291318625,1.0087632527574897,8,false,0.020864388062765582,0.020864388062765582,true
255,true,0.9853876212483618,-901531.4868909352,908854.7250709109,-0.1793919854098931,-0.46487558993976563,8,false,0.018880575528233617,0.018880575528233617,true
255,true,0.539994643737481,-901596.3607069483,908991.403791308,-0.31926073611248285,1.8517544242786244,8,false,0.024647221280213454,0.024647221280213454,true
255,true,0.9977113694398995,-901604.6219701793,908860.991030767,0.0072913727490231395,-0.09530592593364418,8,false,0.017210224806107087,0.017210224806107087,true
255,true,0.7495577995584926,-901633.8130818423,908975.1014337317,0.023448844091035426,0.79108769481536,8,false,0.022831993023457325,0.022831993023457325,true
255,true,0.37493117479086346,-901606.1266534956,908858.5870627713,0.03770200675353408,3.330862892558798,8,false,0.021397077994276276,0.021397077994276276,true
511,true,0.9992258979662366,-901626.4224228379,909050.1626153243,-0.03374020545743406,-0.07487365265842527,9,false,0.011909032057803373,0.011909032057803373,true
255,true,0.9997494438531885,-901524.7512768914,908947.4991421949,-0.06420347653329372,-0.06935600657016039,8,false,0.015813375326605785,0.015813375326605785,true
255,true,0.7507479476175695,-901561.8184043054,908862.7570862937,0.03913677262607962,0.6189423855394125,8,false,0.020984125283669098,0.020984125283669098,true
255,true,0.6990435349543217,-901566.7558174612,909037.294601678,0.059266442782245576,0.8344427475240082,8,false,0.01971289297248659,0.01971289297248659,true
255,true,0.9819102269569082,-901683.3301930906,908977.3901502624,-0.004795352229848504,0.09150206006597728,8,false,0.017249674990055693,0.017249674990055693,true
255,true,0.9802875543757258,-901559.0882952769,908889.7817761122,0.028804266825318336,0.11880985205061734,8,false,0.022285029837413994,0.022285029837413994,true
127,true,0.09862233527561903,-901535.5042324826,908933.7107808426,0.386816730722785,33.20488902425859,7,false,0.028691292336253827,0.028691292336253827,true
511,true,0.8851778127592215,-901617.7095004224,908812.0500515829,0.16328189906198531,0.3248173127649352,9,false,0.011037858216293004,0.011037858216293004,true
511,true,0.9989058284818532,-901602.9825045756,908941.6479813835,-0.018262735567986965,-0.31375159847084433,9,false,0.012485495860354134,0.012485495860354134,true
255,true,0.9960248319151372,-901568.3039162476,908952.857809528,-0.4364756118739024,-0.5438560985494405,8,false,0.016480147651239615,0.016480147651239615,true
255,true,0.7867237584608935,-901473.5695092836,908811.5297777319,0.4328436725772917,0.6263959902571514,8,false,0.02163979817511601,0.02163979817511601,true
255,true,0.8049569462110735,-901513.0030056051,908918.3878284746,-0.4689943608827889,0.7919062188593671,8,false,0.021366279888662035,0.021366279888662035,true
255,true,0.5055371023283781,-901575.8445338402,908941.2976911132,1.3815362306777388,1.7293317833682522,8,false,0.021624125244834244,0.021624125244834244,true
255,true,0.9556263701573423,-901639.9941519859,908939.8683948905,0.2739138490287587,-0.6566160880029202,8,false,0.014607628082580966,0.014607628082580966,true
255,true,0.9999383579522089,-901633.0181708684,908868.7767937358,-1.054778876248747,-1.4283795423107222,8,false,0.018124319992177357,0.018124319992177357,true
255,true,0.7072603141539753,-901610.0321567993,908959.7583940496,-0.6510254623135552,1.33903716027271,8,false,0.02384387323487448,0.02384387323487448,true
255,true,0.7463739572215479,-901509.1823928336,908898.2564118071,0.21114817564375699,0.6957404356217012,8,false,0.021160335656809404,0.021160335656809404,true
255,true,0.9907533839247619,-901438.2547051385,908748.7774015905,-0.021312674158252776,-0.25065664248541,8,false,0.019797968712566824,0.019797968712566824,true
255,true,0.8987125419638743,-901593.6351490188,908864.1094039498,0.37584778759628534,0.46137789683416486,8,false,0.025675156550401566,0.025675156550401566,true
12,true,0.12563000084464782,-901593.5772668569,908947.0500935317,-0.7657070575514808,1083.447060138802,3,true,0.029421246306440323,0.029421246306440323,true
511,true,0.98097657123098,-901521.1042588035,908852.4018468626,0.029543439275585115,0.07032493315637112,9,false,0.012060172816390248,0.012060172816390248,true
255,true,0.978825540934665,-901511.5775219307,908792.6478331736,-0.047151426086202264,0.11142791179008782,8,false,0.015428655109105937,0.015428655109105937,true
255,true,0.8338120270358532,-901597.264360701,908834.0412200567,0.38846694643143564,0.422519619227387,8,false,0.01966042877990539,0.01966042877990539,true
255,true,0.7093332243886299,-901383.4060525221,908794.3719757537,1.0249510223511606,1.152627303963527,8,false,0.02066552027477857,0.02066552027477857,true
255,true,0.9958356669689934,-901428.7982625036,908687.6073478508,-0.5583751804661006,-1.248185757547617,8,false,0.01843239934369067,0.01843239934369067,true
255,true,0.6754384222907942,-901409.4468289836,908732.3002793979,0.6501532150432467,1.6324347984045744,8,false,0.02397134707086344,0.02397134707086344,true
255,true,0.8479279771430323,-901507.0073570557,908783.0948691001,0.5517398847732693,-1.2715220124227926,8,false,0.02045430042833546,0.02045430042833546,true
255,true,0.864412901136078,-901510.4632518999,908957.4628930732,0.3155363603727892,-2.072791135055013,8,false,0.02188872903480862,0.02188872903480862,true
255,true,0.6512695518530168,-901688.5047671064,908994.0104056345,0.2476628697477281,-2.8490813217358664,8,false,0.02392640671721433,0.02392640671721433,true
255,true,0.8266354108485335,-901452.4451779113,908958.3057535843,-1.2689348299754784,-2.1135329224634916,8,false,0.019802372787538727,0.019802372787538727,true
255,true,0.878752346164029,-901377.7193030673,908629.8456138578,0.4634860863443464,-0.9550071465782821,8,false,0.020604170291337463,0.020604170291337463,true
255,true,0.7139579530077749,-901397.600355351,908648.6059128183,-0.00473929347936064,-1.7218971407273784,8,false,0.022934657163452235,0.022934657163452235,true
255,true,0.9984115452082907,-901539.2752285344,908758.1047059689,-1.0271524509880692,-1.3775513514410704,8,false,0.020612766602611434,0.020612766602611434,true
127,true,0.8676829376001005,-901596.9393446934,908938.3690272465,-0.19988170941360295,0.7219348903745413,7,false,0.026769202545123324,0.026769202545123324,true
14,true,0.0092547323558352,-901596.9393446934,908889.5413943682,0.0,1779.4416322312318,3,true,0.029338110592546186,0.029338110592546186,true
511,true,0.9968558412673627,-901545.5877252759,908897.1517420622,-0.0010253203799948096,-0.06897261249832809,9,false,0.010646667944041913,0.010646667944041913,true
255,true,0.8421580467686193,-901620.915532421,908900.0280552639,0.015997963258996606,0.45347379765007645,8,false,0.013794952439589647,0.013794952439589647,true
255,true,0.8362731381031795,-901510.982011097,908906.9087702747,0.08335700177121907,0.5165462569566444,8,false,0.014643380621756174,0.014643380621756174,true
255,true,0.9990368114059135,-901605.0683153274,908898.8887892064,-0.026354474248364568,-0.2737993273185566,8,false,0.01542347506378473,0.01542347506378473,true
255,true,0.9013066131908929,-901510.2054835813,908778.0768899731,0.27612961444538087,0.5184968390967697,8,false,0.019992437242378557,0.019992437242378557,true
255,true,0.8995760630553526,-901457.4408199837,908833.4444065477,-0.6946618368383497,-0.941751835285686,8,false,0.02285673277585756,0.02285673277585756,true
127,true,0.33697486145318134,-901513.6229737335,908753.0309767589,-0.0249082890804857,2.962069251574576,7,false,0.026059616217712325,0.026059616217712325,true
255,true,0.9335581445429891,-901538.4256888474,908810.5848786122,-0.009618371375836432,0.21626281482167542,8,false,0.014543123701138874,0.014543123701138874,true
255,true,0.9915700875959688,-901513.6119365018,908852.5155453741,0.016626504948362708,-0.0779894202714786,8,false,0.017316397792380363,0.017316397792380363,true
255,true,0.7809354397885783,-901496.528202242,908887.1881220409,0.5220430741319433,0.6684693550923839,8,false,0.022171301954983628,0.022171301954983628,true
255,true,0.6704450202293029,-901473.652520832,908892.8031136435,-0.6209478543605655,1.4547837362624705,8,false,0.021742693790855173,0.021742693790855173,true
255,true,0.5297843338541395,-901457.0076007469,908754.674110569,0.7141144835622981,1.60311253904365,8,false,0.018554999289706803,0.018554999289706803,true
255,true,0.9783594892208024,-901507.7859458429,908701.6236951513,-0.29138531640637666,-0.3781407654751092,8,false,0.013277906197548438,0.013277906197548438,true
255,true,0.7436795000645564,-901686.5027797282,908959.4721591502,0.09471520292572677,0.7696897767018527,8,false,0.01669680857083537,0.01669680857083537,true
255,true,0.9092951847296747,-901649.5617730621,909047.9026306627,-0.04302688711322844,0.30600633879657835,8,false,0.015638677513357704,0.015638677513357704,true
255,true,0.9511968783079854,-901593.99994393,909021.9322524669,0.007835064665414393,0.23313683352898806,8,false,0.018017989332882487,0.018017989332882487,true
255,true,0.9869140327241196,-901549.8197849693,909114.9795819932,-0.01903822459280491,-0.3297922437777743,8,false,0.02186018293438423,0.02186018293438423,true
127,true,0.3297107226480738,-901576.2498824985,908910.3528209433,0.3018721785629168,4.519666774547659,7,false,0.02770584177277225,0.02770584177277225,true
255,true,0.9945174659222061,-901727.3690219058,909086.3031765486,-0.11072061664890498,-0.24143347004428506,8,false,0.015512169807861739,0.015512169807861739,true
255,true,0.9997253243863484,-901522.337316064,908938.1739936611,-0.16459940234199166,-0.2644236839842051,8,false,0.019841104593800597,0.019841104593800597,true
255,true,0.9450387737707284,-901439.4148126913,908829.9977571298,0.027174192829988897,0.21620196057483554,8,false,0.02551785343663272,0.02551785343663272,true
5,true,1.3299241806169528e-5,-901439.4148126913,908838.5558764924,0.0,3678.1336710257456,2,true,0.030646437691735456,0.030646437691735456,true
511,true,0.9831606159222409,-901390.1460027072,908705.9522099341,-0.0023037969367578626,0.06580254097934812,9,false,0.011477717239116529,0.011477717239116529,true
255,true,0.9932486957963159,-901350.6239659999,908657.7228270902,-0.028574239695444703,-0.06019963219296187,8,false,0.014457823626518596,0.014457823626518596,true
255,true,0.9790185028910017,-901551.4890228555,908705.3008931751,0.02597024745773524,0.08866695745382458,8,false,0.01842243118340134,0.01842243118340134,true
255,true,0.9610448888880628,-901572.5097297367,908963.3435868389,0.02828374446835369,0.16674593137577176,8,false,0.023047262413793155,0.023047262413793155,true
127,true,0.4491477365543951,-901686.8714137306,909074.7754053676,0.5693873735144734,2.1390662684571,7,false,0.02818237337926876,0.02818237337926876,true
255,true,0.8672761856580609,-901579.6063536551,909040.1943049757,0.445249508949928,0.5013170694001019,8,false,0.0184336509088069,0.0184336509088069,true
255,true,0.9632904493852298,-901502.171948002,908804.2400611383,-0.7492694151587784,-0.9004626654786989,8,false,0.020100030292050854,0.020100030292050854,true
255,true,0.9117740544839797,-901461.3953839781,908917.1710496964,-0.11513614386785775,0.34467773721553385,8,false,0.024623836765831065,0.024623836765831065,true
127,true,0.10758703025536258,-901616.1101016126,908875.0241730779,0.14562335901428014,24.304603801225312,7,false,0.028315549062849332,0.028315549062849332,true
511,true,0.9262486325060577,-901537.7178182252,908799.1614610491,0.17274835903663188,0.20337536139413714,9,false,0.012281303173139777,0.012281303173139777,true
255,true,0.9954939028746752,-901626.5011202251,908861.1663850696,0.02355933713261038,-0.3046987808775157,8,false,0.01438272906977037,0.01438272906977037,true
255,true,0.8706625638236632,-901617.3948805088,908984.4157484403,-0.30795219424180686,0.5540677178651094,8,false,0.018301785147332588,0.018301785147332588,true
255,true,0.907921045895726,-901609.8796004334,908849.5086544114,0.13752072933129966,0.401279000332579,8,false,0.020018177123009157,0.020018177123009157,true
255,true,0.9186726267927999,-901580.3105922708,909130.3369388251,-0.25313322618603706,-0.5064767418662086,8,false,0.022891665446834363,0.022891665446834363,true
127,true,0.8986773193755221,-901572.2708938693,908939.6174377531,0.10774579318240285,0.4265773347578943,7,false,0.026504778678156364,0.026504778678156364,true
7,true,0.004052058421392735,-901572.2708938693,908952.3927237036,0.0,1880.8510735500604,2,true,0.02994540230546778,0.02994540230546778,true
511,true,0.9975265834926872,-901513.6646457546,908836.558598614,0.0033479046542197466,-0.09741694829426706,9,false,0.011594460427570992,0.011594460427570992,true
255,true,0.9008976743440473,-901574.7511863671,908861.1817266487,-0.011100342264398932,0.32652090897317976,8,false,0.014756288988511468,0.014756288988511468,true
255,true,0.8015120943672903,-901676.3126854455,908956.2718877225,0.11793205619323999,0.6151947833131999,8,false,0.01672218322511399,0.01672218322511399,true
255,true,0.9940787866144493,-901680.329873916,908980.7917063115,-0.1426509425509721,-0.31272135803010315,8,false,0.016828358622310694,0.016828358622310694,true
255,true,0.9132969068497517,-901697.6775946005,909028.3378956829,0.2459194976836443,0.37586407910566777,8,false,0.02128811447165301,0.02128811447165301,true
255,true,0.9970636624801413,-901730.2406579863,909198.1559973389,-0.40889428090304136,-0.6654584035277367,8,false,0.024449058509866686,0.024449058509866686,true
10,true,0.24375545601770715,-901724.1470313286,909004.1623390632,0.8309872236568481,1308.5053077678895,3,true,0.030991569545262394,0.030991569545262394,true
255,true,0.9101115087911372,-901716.3471708149,909155.4672411052,-0.16759014525450766,0.375905315275304,8,false,0.016114323375440352,0.016114323375440352,true
255,true,0.712870450659572,-901624.2870531599,909123.2884334025,0.24189981853123754,0.9575286373728886,8,false,0.018432821141008682,0.018432821141008682,true
255,true,0.9916129414792763,-901637.9385506003,909057.0415393199,0.06943452963605523,-0.38777653395663947,8,false,0.01670625302838553,0.01670625302838553,true
255,true,0.9941112815830874,-901590.1599058416,908977.0312912829,-0.5210801451466978,-0.7012401648098603,8,false,0.021020272594375854,0.021020272594375854,true
127,true,0.7031082403230499,-901656.0911152655,909144.1816368041,0.2167376329889521,1.045194081729278,7,false,0.026504794341857613,0.026504794341857613,true
255,true,0.6060977664703497,-901565.3947283847,908994.1644131404,0.04936865752097219,1.6001196183497086,8,false,0.023745663367911327,0.023745663367911327,true
255,true,0.9328396667538853,-901546.2366568246,908868.1200749029,0.28104442136827856,0.3064766952302307,8,false,0.018998748712546126,0.018998748712546126,true
255,true,0.9569179313840716,-901375.1889911973,908757.9330399438,0.15317764575593174,-0.7778270941926166,8,false,0.022278691423832833,0.022278691423832833,true
127,true,0.7545490135093527,-901419.7066944422,908596.4435546211,0.038633415941148996,-1.3649440736044198,7,false,0.026853832093673147,0.026853832093673147,true
255,true,0.903304351545446,-901426.0511676018,908711.5176798662,-0.26266324624884874,-1.349656435311772,8,false,0.025560430142706748,0.025560430142706748,true
127,true,0.5982612971040574,-901552.8135845972,908732.6034638346,0.10534870205447078,2.3213201604085043,7,false,0.0289237130721723,0.0289237130721723,true
255,true,0.3551123180988128,-901533.4047511246,908972.2908612166,-0.17572517308872193,5.561249480699189,8,false,0.02296712070802876,0.02296712070802876,true
255,true,0.9987616701238281,-901598.7270660789,908906.4187493753,-0.14835966448299587,-0.2540740123949945,8,false,0.013772825158103269,0.013772825158103269,true
255,true,0.8593578118681581,-901617.4289299262,909012.2075340503,0.3147834228584543,0.43125815596431494,8,false,0.01741010367081377,0.01741010367081377,true
255,true,0.9905149409441004,-901546.1878954557,908966.776405713,-0.29713284608442336,-0.5557035362580791,8,false,0.018722808214811065,0.018722808214811065,true
255,true,0.5744621589760425,-901544.7720804177,908890.1196035857,-0.009435094660148025,1.763835986610502,8,false,0.023413021359412863,0.023413021359412863,true
255,true,0.8407702592776115,-901550.555247931,908938.0322719589,-0.1788147354964167,0.5614462380763143,8,false,0.018129753234964293,0.018129753234964293,true
255,true,0.9640474320860233,-901470.7994399586,908841.3455993115,-0.06726448214612901,0.1297538053477183,8,false,0.019076455850356878,0.019076455850356878,true
255,true,0.9490790559148393,-901463.3140334922,908817.6372770437,0.058972316910512745,0.14705479063559324,8,false,0.02311561423099045,0.02311561423099045,true
127,true,0.31697996048702853,-901480.6459642209,908754.7877277557,1.6300647063180804,3.284778034198098,7,false,0.02751674399260319,0.02751674399260319,true
255,true,0.8149385841743181,-901466.8761301856,908782.1691104154,-0.15252934594172984,0.7991637662053108,8,false,0.015898503274482813,0.015898503274482813,true
255,true,0.9781320865226648,-901516.3465867724,908719.30017451,-0.18238617130555212,-0.4230369287542999,8,false,0.016240557240957267,0.016240557240957267,true
255,true,0.9601889020211638,-901585.4405163307,908924.9012309412,-0.16058077616617084,-0.36083559098187834,8,false,0.01997724721101018,0.01997724721101018,true
255,true,0.27440468392044404,-901563.099257274,908928.1429928981,-0.0350817107828334,5.650578325847164,8,false,0.024061109033175702,0.024061109033175702,true
255,true,0.9980841415674423,-901503.4198912508,908919.0356238266,-0.031175713520497084,-0.1028011761372909,8,false,0.01329554103479363,0.01329554103479363,true
255,true,0.97370781411982,-901591.726579712,908812.5308144172,0.0403715391876176,0.11638183193281293,8,false,0.016717036209969484,0.016717036209969484,true
255,true,0.7639906900263341,-901451.8926318866,908871.4371202113,-0.11114863445982337,0.7259853343712166,8,false,0.020432000111597765,0.020432000111597765,true
255,true,0.8350012429380589,-901620.9833887842,908836.6509600341,0.05056071362923831,0.4275119429221377,8,false,0.01969137017632474,0.01969137017632474,true
255,true,0.4778305563768892,-901666.9861319204,908822.9523133499,1.8588761126156896,2.5028521687490866,8,false,0.02056259985251447,0.02056259985251447,true
255,true,0.9878030806350739,-901656.0074821664,909015.8711892312,-0.43919820222072303,-0.969945190125145,8,false,0.014358680370768678,0.014358680370768678,true
255,true,0.999982495599142,-901627.5277403095,909021.7601638167,-0.7824929130729288,-0.8233675258234143,8,false,0.017811100192933305,0.017811100192933305,true
255,true,0.5681652075471245,-901535.6626538777,908909.9380308458,0.734905525110662,1.4341477195266634,8,false,0.02238246036511137,0.02238246036511137,true
255,true,0.5979295516916644,-901468.1275939562,908849.8345938694,0.4011240934487432,1.682972403941676,8,false,0.0173217502143365,0.0173217502143365,true
255,true,0.8010976770082089,-901514.7902309082,908900.3349118595,-0.2222914785379544,0.7793758938787505,8,false,0.01387040325626374,0.01387040325626374,true
255,true,0.9499565258702478,-901599.5203884647,908855.101863636,0.05065473564900458,-0.39483778295107186,8,false,0.013947072409902532,0.013947072409902532,true
1,true,0.0,-901599.5203884647,909028.31691006,0.0,577583.1151780525,0,true,0.1831861675963423,0.1831861675963423,true
6,true,0.3338164400866582,-901596.2003055316,909023.1779288893,-1.9729613115778193,1222.1861016630428,2,true,0.030135008050122824,0.030135008050122824,true
511,true,0.9708543915461044,-901532.4643053028,908895.2025915236,0.042342895292676985,0.06561561021953821,9,false,0.007123874423877484,0.007123874423877484,true
511,true,0.9773902012490366,-901529.6848091173,908724.0424455063,-0.06035867449827492,0.0868726207409054,9,false,0.00936322725533642,0.00936322725533642,true
255,true,0.7612271924425056,-901473.2652841386,908779.7257422175,0.5203510696301237,0.6340670981444418,8,false,0.0141282092854137,0.0141282092854137,true
511,true,0.9897185238004065,-901552.1207588674,908868.6743122827,-0.17305919935461134,-0.3876334408996627,9,false,0.011795066284326297,0.011795066284326297,true
255,true,0.9610603596545929,-901472.7777823695,908804.3128850514,-0.6427871732739732,-0.6897108339471743,8,false,0.02043473639271531,0.02043473639271531,true
5,true,0.04899132944912882,-901472.7777823695,908916.7722563262,0.0,3626.7321594358655,2,true,0.033276759801542835,0.033276759801542835,true
1023,true,0.9923760379108507,-901572.3895190918,908875.4060617986,0.002988105872645974,0.01681421883404255,10,false,0.0030842947461864334,0.0030842947461864334,true
1023,true,0.9993855686814601,-901616.0192640431,908906.9664138258,-0.0016151854069903493,-0.014140585204586387,10,false,0.005637154111469759,0.005637154111469759,true
511,true,0.9426688385491965,-901577.5187440139,908879.936005169,0.13070679956581444,0.15595398156438023,9,false,0.010620821817770909,0.010620821817770909,true
255,true,0.9993702145495048,-901600.6501388308,908926.324541553,-0.11854087805841118,-0.4174817242892459,8,false,0.01677445241955518,0.01677445241955518,true
6,true,0.06374071352404194,-901600.6501388308,908989.6298538878,0.0,7652.408849037252,2,true,0.03163606390036517,0.03163606390036517,true
1023,true,0.9999481323898571,-901550.4147985434,908871.7570923695,-0.004437246592715383,-0.01132801128551364,10,false,0.003211543097926939,0.003211543097926939,true
1023,true,0.9863509200754454,-901616.3254867314,909012.5896414005,0.00557192787528038,0.04293662658892572,10,false,0.006110735941498718,0.006110735941498718,true
511,true,0.9799882671268808,-901663.5261709105,909050.0742445585,0.08754844916984439,0.10862135153729469,9,false,0.011079561107674982,0.011079561107674982,true
255,true,0.9994484207214869,-901565.460667219,909043.0035369877,-0.19210834708064795,-0.5319365449249744,8,false,0.019561381321166787,0.019561381321166787,true
4,true,0.0031874791453954396,-901565.460667219,909028.3847991787,0.0,3022.3817427071044,2,true,0.03635081612846291,0.03635081612846291,true
1023,true,0.999982319572262,-901662.8684613119,908992.880074579,-0.0028835119446739554,-0.010601633111946285,10,false,0.0033490611786194265,0.0033490611786194265,true
511,true,0.9927772328559902,-901722.4135337577,909099.6726636485,0.021294405916705728,0.030385206686332822,9,false,0.006268702607527585,0.006268702607527585,true
511,true,0.9962523053027058,-901695.9270455518,909157.1734828243,0.0036017359234392643,-0.16027302260044962,9,false,0.011375356015346429,0.011375356015346429,true
255,true,0.9594082468673676,-901483.141512734,908985.9588107074,-0.44027109793387353,-0.5420931994449347,8,false,0.020654864909079265,0.020654864909079265,true
7,true,0.21529904199259384,-901477.5308788972,908928.3414880974,-0.015122052165679634,3451.7442066689255,2,true,0.03336586302272336,0.03336586302272336,true
511,true,0.9957376657710932,-901457.0252744491,908766.7606722745,0.007397913024760783,0.015454763546586037,9,false,0.006263754328630655,0.006263754328630655,true
511,true,0.9932678952838317,-901428.1154036821,908877.5573938299,0.018545680795796216,-0.06617047917097807,9,false,0.011251821836176092,0.011251821836176092,true
255,true,0.3855203991316089,-901507.9525110561,908742.3021139309,0.141329083009623,3.05064444092568,8,false,0.01987524096372841,0.01987524096372841,true
511,true,0.9972439016564038,-901610.6431870062,908883.9828754094,-0.029451986658386886,-0.04028152965474874,9,false,0.006308259237031564,0.006308259237031564,true
511,true,0.9957197843158287,-901614.5683149723,908921.5684346254,-0.015700420131906867,-0.03564434906002134,9,false,0.011215995412107861,0.011215995412107861,true
255,true,0.716968199205884,-901729.6576252358,909043.9205810673,0.17776273237541318,0.7465657407883555,8,false,0.019668204824869452,0.019668204824869452,true
255,true,0.582692685252095,-901582.2914945644,909122.0158573925,0.2778122809249908,1.4472249583341181,8,false,0.015925678529729023,0.015925678529729023,true
511,true,0.9991592609027969,-901554.742924851,909016.7489230767,-0.01843296072911471,-0.12825584190431982,9,false,0.008985936889250012,0.008985936889250012,true
255,true,0.9996533890699506,-901475.0967980223,908845.8527492357,-0.31312572001479566,-0.3412443707929924,8,false,0.01571477311811352,0.01571477311811352,true
127,true,0.13804905561142292,-901597.5298743786,908821.3495088328,0.8908539832336828,15.021047107991762,7,false,0.027269332108165567,0.027269332108165567,true
1023,true,0.9988830333009315,-901574.3035613305,908960.5461705438,-0.019665060797706246,-0.031207066378556192,10,false,0.004779868311800393,0.004779868311800393,true
511,true,0.9852294998204653,-901630.286282688,909014.7807715404,0.01185727457050234,0.055880056228488684,9,false,0.008282623138026565,0.008282623138026565,true
255,true,0.9669903676311297,-901470.7571053997,908896.3505059333,-0.03830346080940217,0.13751591369509697,8,false,0.013729792724900757,0.013729792724900757,true
255,true,0.8119013684137717,-901477.8975565633,908758.0661366314,0.13959503103978932,0.6021669754991308,8,false,0.021538355906592133,0.021538355906592133,true
255,true,0.9442612620278636,-901604.9439990701,908856.6082202691,0.05708612781018019,-0.3714076610049233,8,false,0.022528210829456656,0.022528210829456656,true
7,true,0.15536400516693258,-901604.6049038244,908900.5394878616,0.029421974788419902,6880.619660953293,2,true,0.032994709928850875,0.032994709928850875,true
511,true,0.9999576840539032,-901555.5273999667,908980.9543388551,-0.010595936211757362,-0.038198163849301636,9,false,0.006529735085123502,0.006529735085123502,true
511,true,0.9953290166396026,-901526.3233613124,908877.1352422478,-0.015367374056950212,-0.07425709092058241,9,false,0.011036505789035552,0.011036505789035552,true
255,true,0.511711386192624,-901447.2210491461,908767.7870895615,0.7553666058229282,1.987355803605169,8,false,0.01829648136002111,0.01829648136002111,true
511,true,0.9920232145293771,-901661.9596784875,908878.1605961635,-0.22031414869707078,-0.23308637738227844,9,false,0.009098195615309149,0.009098195615309149,true
255,true,0.9655611032225717,-901695.7193690221,909038.5521636229,0.06242928886786103,0.09516887320205569,8,false,0.01487091947303791,0.01487091947303791,true
255,true,0.9624296538354683,-901602.4281249535,909041.1989808602,0.06209207000210881,-0.2130671157501638,8,false,0.022626764888444742,0.022626764888444742,true
7,true,0.056333031752503405,-901602.4281249535,908974.2621900729,0.0,10182.046145605855,2,true,0.033964624364764544,0.033964624364764544,true
1023,true,0.9975070108003482,-901655.0468019248,909056.6723589774,0.005886173108592629,-0.020022266311571002,10,false,0.005732846005724327,0.005732846005724327,true
511,true,0.9659788329393797,-901659.2077894205,908930.0691811759,0.08838947885669768,0.10860340762883425,9,false,0.009392383387791838,0.009392383387791838,true
255,true,0.9584005991214158,-901681.4264851366,909020.8076686539,0.008388707879930735,-0.3598797133890912,8,false,0.01418223698548263,0.01418223698548263,true
255,true,0.8134704047445211,-901572.9754782806,908954.4322950018,-0.1897936287568882,0.6610908994916826,8,false,0.013583842286941242,0.013583842286941242,false
255,true,0.996323244783249,-901476.0640225308,908829.0474525569,-0.09216978366021067,-0.11800659820437431,8,false,0.013583842286941242,0.013583842286941242,false
255,true,0.9781821512312946,-901492.1734106599,908764.5015284658,0.06178315181750804,0.08633953717071563,8,false,0.013583842286941242,0.013583842286941242,false
255,true,0.9976254756468228,-901475.6150408344,908831.274634524,-0.02767613949254155,-0.09610630827955902,8,false,0.013583842286941242,0.013583842286941242,false
255,true,0.9264214723880849,-901398.4498497488,908871.1026661702,0.15884997497778386,0.21203218691516668,8,false,0.013583842286941242,0.013583842286941242,false
255,true,0.9993842888449408,-901495.7625553776,908647.8829435819,0.012074367608875036,-0.24727483571041375,8,false,0.013583842286941242,0.013583842286941242,false
255,true,0.9936963463037293,-901450.1007281233,908796.6765039186,-0.17860184365417808,-0.2444111886434257,8,false,0.013583842286941242,0.013583842286941242,false
255,true,0.9993107833996955,-901455.7851815628,908616.0498529635,-0.043471759650856256,-0.08537228708155453,8,false,0.013583842286941242,0.013583842286941242,false
255,true,0.9892801841504187,-901508.5754232976,908721.093945331,-0.023420333163812757,0.04847019480075687,8,false,0.013583842286941242,0.013583842286941242,false
255,true,0.9613472258666084,-901427.4651726137,908682.4497443577,0.007684958050958812,0.0872923624701798,8,false,0.013583842286941242,0.013583842286941242,false
255,true,0.9418339992940497,-901496.7868286697,908710.0066404954,0.006141009624116123,0.14580008573830128,8,false,0.013583842286941242,0.013583842286941242,false
255,true,0.9187380573684325,-901501.790532699,908899.2502958163,0.006804823759011924,0.18942324293311685,8,false,0.013583842286941242,0.013583842286941242,false
255,true,0.8044262915218936,-901674.7690715283,908980.8052262027,0.36471549689304084,0.48636743996758014,8,false,0.013583842286941242,0.013583842286941242,false
255,true,0.8633247829585152,-901639.4322399101,909067.5239058093,-0.10444304661359638,0.49721462826710194,8,false,0.013583842286941242,0.013583842286941242,false
255,true,0.6135444550291684,-901652.3434974145,908973.8778144147,-0.08428890747018158,1.4327261798316613,8,false,0.013583842286941242,0.013583842286941242,false
255,true,0.9388819669725399,-901574.4347215785,908970.6405614708,-0.04858430288732052,0.2336875123437494,8,false,0.013583842286941242,0.013583842286941242,false
255,true,0.9948783316697718,-901447.6531222723,908827.4415843928,-0.1258259944152087,-0.15067501680459827,8,false,0.013583842286941242,0.013583842286941242,false
255,true,0.94881829370027,-901654.7907087363,908911.5198244031,0.06969472102355212,0.12249206227716058,8,false,0.013583842286941242,0.013583842286941242,false
255,true,0.814082058371697,-901707.0785856285,909007.4409667914,0.02766922616865486,0.515926324413158,8,false,0.013583842286941242,0.013583842286941242,false
255,true,0.9968125415062813,-901666.3105548455,909169.4611056689,-0.04829663154669106,-0.10739227547310293,8,false,0.013583842286941242,0.013583842286941242,false
255,true,0.7917205104514269,-901651.8204504467,909126.9356405479,0.5302067322190851,0.5569582772441208,8,false,0.013583842286941242,0.013583842286941242,false
255,true,0.9428627271577585,-901617.9306686047,909153.0164705414,-0.44509542000014335,-0.5863402317045256,8,false,0.013583842286941242,0.013583842286941242,false
255,true,0.8944574782323755,-901578.5079442627,908995.9278185067,0.059626812813803554,0.3490663255797699,8,false,0.013583842286941242,0.013583842286941242,false
255,true,0.9137765488860632,-901650.0721958716,908968.1708509143,0.2216478093760088,0.3087459607049823,8,false,0.013583842286941242,0.013583842286941242,false
255,true,0.9656281168043249,-901630.5053753718,909204.767753012,-0.30224618618376553,-0.3967916116816923,8,false,0.013583842286941242,0.013583842286941242,false
255,true,0.7951209185311765,-901450.0721508098,908875.4380499572,0.5820382226957008,0.58780569199007,8,false,0.013583842286941242,0.013583842286941242,false
255,true,0.9986884735158985,-901505.7413835281,908750.1807829487,0.024674347951076925,-0.6966542374575511,8,false,0.013583842286941242,0.013583842286941242,false
255,true,0.999990558014423,-901617.6418708401,908847.7994521038,-0.627654958050698,-0.7221934949047863,8,false,0.013583842286941242,0.013583842286941242,false
255,true,0.9871187802478164,-901606.3769061046,908985.7230532545,0.03186665754765272,-0.09872629551682621,8,false,0.013583842286941242,0.013583842286941242,false
255,true,0.9964928051000473,-901488.7552581505,908890.9503922825,-0.033699428429827094,-0.12909881840460002,8,false,0.013583842286941242,0.013583842286941242,false
255,true,0.9937773720573173,-901613.3324935162,908932.7116341769,0.02789011166896671,-0.09847960947081447,8,false,0.013583842286941242,0.013583842286941242,false
255,true,0.9951345024418433,-901614.7388924577,908981.9240780503,-0.038156424765475094,-0.11635971441864967,8,false,0.013583842286941242,0.013583842286941242,false
255,true,0.9958716762473132,-901607.2916604221,908939.7402421514,-0.06966654362622648,-0.10159192641731352,8,false,0.013583842286941242,0.013583842286941242,false
255,true,0.8333137281172083,-901702.3511098027,909085.6765326997,0.13286365766543895,0.41226367477793247,8,false,0.013583842286941242,0.013583842286941242,false
255,true,0.9999309233187027,-901464.8531361782,908929.58908262,-0.1173617128515616,-0.1663686289684847,8,false,0.013583842286941242,0.013583842286941242,false
255,true,0.8507745117488735,-901597.5958824947,908811.3831685376,0.10632934223394841,0.3727432844461873,8,false,0.013583842286941242,0.013583842286941242,false
255,true,0.865169067298281,-901658.1465190334,909016.4939645783,0.08080335729755461,0.4146392619004473,8,false,0.013583842286941242,0.013583842286941242,false
255,true,0.9636018450949363,-901475.7630627743,908857.4679663088,-0.12540307419840246,-0.24540563859045506,8,false,0.013583842286941242,0.013583842286941242,false
255,true,0.9431591456404744,-901588.5200745579,908891.5915151037,-0.05239689291920513,0.18365036160685122,8,false,0.013583842286941242,0.013583842286941242,false
255,true,0.9678470766978958,-901559.6280500527,908965.3602097414,-0.021933131385594606,0.10709981189575046,8,false,0.013583842286941242,0.013583842286941242,false
255,true,0.8289766711511178,-901432.9521183942,908889.1716833652,0.08338340418413281,0.41014995297882706,8,false,0.013583842286941242,0.013583842286941242,false
255,true,0.9067820123306223,-901540.3150566749,908820.8918099419,-0.029963328619487584,0.27952965383883566,8,false,0.013583842286941242,0.013583842286941242,false
255,true,0.995961286252644,-901615.261157361,908977.3748103813,-0.03400930867064744,-0.08335257391445339,8,false,0.013583842286941242,0.013583842286941242,false
255,true,0.9927773314209333,-901618.1369765856,909032.6352764055,-0.044554983149282634,-0.05651400878559798,8,false,0.013583842286941242,0.013583842286941242,false
255,true,0.9754498482731871,-901564.3025914744,908949.1864262484,0.0005110879428684711,0.06815100519452244,8,false,0.013583842286941242,0.013583842286941242,false
255,true,0.9298354194099365,-901561.8511997362,908906.6536243876,0.06313507549930364,0.1687506615417078,8,false,0.013583842286941242,0.013583842286941242,false
255,true,0.9967229214266915,-901622.3936808654,908899.8632994685,-0.06720113626215607,-0.09292953705880791,8,false,0.013583842286941242,0.013583842286941242,false
255,true,0.9593418170997235,-901540.2254972743,908934.9429945734,0.020256092539057136,0.10126002575270832,8,false,0.013583842286941242,0.013583842286941242,false
255,true,0.9501647877381975,-901520.7500148615,908681.9090384707,0.03718322317581624,0.1311419061385095,8,false,0.013583842286941242,0.013583842286941242,false
255,true,0.9386703843330185,-901616.0032018773,908873.5432591685,0.029781268094666302,0.18327597889583558,8,false,0.013583842286941242,0.013583842286941242,false
255,true,0.835872245828861,-901492.4285625506,908881.1013080444,-0.012334304512478411,0.45957583968993276,8,false,0.013583842286941242,0.013583842286941242,false
255,true,0.9802156447812128,-901578.5858956611,908856.9714225472,0.06325943500269204,0.09024851769208908,8,false,0.013583842286941242,0.013583842286941242,false
255,true,0.8403577444915468,-901372.8930289223,908759.5488945778,-0.011811898788437247,0.4780142338713631,8,false,0.013583842286941242,0.013583842286941242,false
255,true,0.9851395157060725,-901453.6426240691,908713.2205068277,0.009282198967412114,-0.11251980508677661,8,false,0.013583842286941242,0.013583842286941242,false
255,true,0.8818114566227244,-901499.5131162707,908760.4890384164,0.0295973481843248,0.35493367654271424,8,false,0.013583842286941242,0.013583842286941242,false
255,true,0.9813834065325966,-901494.2246948391,908763.4895545372,-0.034772054525092244,-0.17037481488659978,8,false,0.013583842286941242,0.013583842286941242,false
255,true,0.993193263136426,-901678.443885674,909069.6379973665,0.031388768809847534,-0.13155773747712374,8,false,0.013583842286941242,0.013583842286941242,false
255,true,0.9991268654035721,-901649.0691802102,909048.4285939933,-0.09077906655147672,-0.17608927900437266,8,false,0.013583842286941242,0.013583842286941242,false
255,true,0.9875233914894288,-901680.897597686,909106.7962678766,-0.046917065628804266,-0.07549918640870601,8,false,0.013583842286941242,0.013583842286941242,false
255,true,0.9549730300823133,-901658.5841422051,909106.1956817781,0.020285310340113938,0.10554555361159146,8,false,0.013583842286941242,0.013583842286941242,false
255,true,0.9922602220534463,-901488.5718584637,908969.2459559664,0.03078758390620351,-0.06566349870990962,8,false,0.013583842286941242,0.013583842286941242,false
255,true,0.9955216939365421,-901502.2531554343,908759.0641474364,-0.030650152009911835,-0.07564863655716181,8,false,0.013583842286941242,0.013583842286941242,false
255,true,0.9735908925334628,-901544.224677126,908830.3013889431,0.038155080983415246,0.09956472041085362,8,false,0.013583842286941242,0.013583842286941242,false
255,true,0.8143049846622666,-901688.3861625425,908878.4607180464,0.445661555393599,0.5013576017227024,8,false,0.013583842286941242,0.013583842286941242,false
255,true,0.9978537933117028,-901598.753139897,909052.0370541807,-0.33018615061882883,-0.5084257933776826,8,false,0.013583842286941242,0.013583842286941242,false
255,true,0.9952597082623525,-901646.8138693221,909002.3407934327,-0.009794663405045867,-0.20518413255922496,8,false,0.013583842286941242,0.013583842286941242,false
255,true,0.9991542473390813,-901598.0719387415,909048.1493332953,-0.14381550799589604,-0.18800743168685585,8,false,0.013583842286941242,0.013583842286941242,false
255,true,0.9574888594637674,-901614.5747903781,908953.9128982412,0.0193076265277341,0.128147674491629,8,false,0.013583842286941242,0.013583842286941242,false
255,true,0.9868421838916233,-901616.4101839801,909034.6510928969,0.01796835265122354,0.06492625386454165,8,false,0.013583842286941242,0.013583842286941242,false
255,true,0.9954761395841294,-901708.0137440917,909035.6626401172,0.015917165903374553,-0.08880946564022452,8,false,0.013583842286941242,0.013583842286941242,false
255,true,0.9764948198681749,-901603.2327383843,909045.7731041809,0.011171545251272619,-0.09562607482075691,8,false,0.013583842286941242,0.013583842286941242,false
255,true,0.9603002192245107,-901632.4798580491,909033.9731062477,-0.03989778272807598,0.14407500682864338,8,false,0.013583842286941242,0.013583842286941242,false
255,true,0.7678906091431775,-901713.3350543416,909105.4673341211,-0.011994067812338471,0.6295989280333742,8,false,0.013583842286941242,0.013583842286941242,false
255,true,0.9665112584011091,-901649.5578874196,909223.9896042435,0.0068011044058948755,0.10983479744754732,8,false,0.013583842286941242,0.013583842286941242,false
255,true,0.9838498970418201,-901643.0954809717,909087.4900186551,-0.008548311539925635,0.07161723810713738,8,false,0.013583842286941242,0.013583842286941242,false
255,true,0.9295729302457932,-901627.5062257398,909026.8455320881,-0.020830637542530894,0.18163310806266963,8,false,0.013583842286941242,0.013583842286941242,false
255,true,0.9237178240811491,-901636.9378476681,909034.9489526547,-0.015797752421349287,0.2130047985119745,8,false,0.013583842286941242,0.013583842286941242,false
255,true,0.8568738249544815,-901557.242374199,908980.5440900882,0.07402552093844861,0.34145856462419033,8,false,0.013583842286941242,0.013583842286941242,false
255,true,0.8989326946280105,-901529.1277736686,908742.065361405,0.10288553708232939,0.28980075707659125,8,false,0.013583842286941242,0.013583842286941242,false
255,true,0.9977448160863507,-901534.819051522,908827.3280048729,-0.11920676636509597,-0.2079672443214804,8,false,0.013583842286941242,0.013583842286941242,false
255,true,0.9848090353904865,-901696.8000069218,908979.8542934336,-0.020546902786009014,-0.09488788503222167,8,false,0.013583842286941242,0.013583842286941242,false
255,true,0.9764626992218456,-901666.8805907632,909167.1370142078,-0.0001321597956120968,0.08194308914244175,8,false,0.013583842286941242,0.013583842286941242,false
255,true,0.9998125241074661,-901638.6148241989,909048.2993434367,-0.0023168198531493545,-0.0655547872884199,8,false,0.013583842286941242,0.013583842286941242,false
255,true,0.978831975646609,-901682.827508673,909068.2347818465,0.05455873836763203,0.07575929479207844,8,false,0.013583842286941242,0.013583842286941242,false
255,true,0.9581062653149155,-901737.5965241997,909165.3364463547,-0.023115915595553815,0.16614792228210717,8,false,0.013583842286941242,0.013583842286941242,false
255,true,0.7134873970336059,-901542.8641847126,909014.8064762036,0.11997388547752053,0.7806199899641797,8,false,0.013583842286941242,0.013583842286941242,false
255,true,0.9996364476014193,-901574.8687265875,908886.865005448,-0.03395687090232968,-0.18679511733353138,8,false,0.013583842286941242,0.013583842286941242,false
255,true,0.9727563351601333,-901671.2992330919,909085.3711566981,0.1312337297713384,-0.1617029495537281,8,false,0.013583842286941242,0.013583842286941242,false
255,true,0.9821569418280749,-901584.9115948172,908973.7728114835,-0.03751152963377535,-0.27793518803082407,8,false,0.013583842286941242,0.013583842286941242,false
255,true,0.9995293960599109,-901613.4329069973,908972.8479016132,-0.17643237370066345,-0.25638250715564936,8,false,0.013583842286941242,0.013583842286941242,false
255,true,0.9596699889526199,-901686.286071462,909071.52814765,0.0758604456204921,0.1348259039223194,8,false,0.013583842286941242,0.013583842286941242,false
255,true,0.9617125492901454,-901547.5324945551,908976.7241816645,0.057354091317392886,0.16865992604289204,8,false,0.013583842286941242,0.013583842286941242,false
255,true,0.9901779535168401,-901500.0953193951,908908.7688813563,0.032874790602363646,-0.2332548601552844,8,false,0.013583842286941242,0.013583842286941242,false
255,true,0.9565503424596935,-901577.2958170738,908871.5598574106,0.024275582400150597,-0.24290881992783397,8,false,0.013583842286941242,0.013583842286941242,false
255,true,0.984878338857226,-901589.1366416146,908876.5064143665,0.055796855478547513,-0.2665827857563272,8,false,0.013583842286941242,0.013583842286941242,false
255,true,0.9911096085024043,-901599.8132480116,909027.986343747,0.04065028321929276,-0.3140424567973241,8,false,0.013583842286941242,0.013583842286941242,false
255,true,0.9942530616545628,-901714.649147855,909118.1548227981,-0.06755311624146998,-0.33242633647751063,8,false,0.013583842286941242,0.013583842286941242,false
255,true,0.9934046130800871,-901602.3828803333,909043.0346047591,-0.25704348424915224,-0.2646408488508314,8,false,0.013583842286941242,0.013583842286941242,false
255,true,0.8653404072792602,-901443.5144161079,908821.7571442759,0.2879817116772756,0.35103071911726147,8,false,0.013583842286941242,0.013583842286941242,false
255,true,0.9363786110479844,-901527.0260561915,908732.4264673581,0.08526828011963516,-0.348763226531446,8,false,0.013583842286941242,0.013583842286941242,false
255,true,0.9045439543377679,-901573.8628323356,908948.2040637478,0.2670467153657228,-0.41460864117834717,8,false,0.013583842286941242,0.013583842286941242,false
255,true,0.9303097486340468,-901527.6323514946,908873.3920321518,0.28224551025778055,-0.6779878076631576,8,false,0.013583842286941242,0.013583842286941242,false
255,true,0.9994493724445344,-901565.0728277335,908836.709953775,-0.08636641502380371,-0.9716434921137989,8,false,0.013583842286941242,0.013583842286941242,false
255,true,0.9939262131114706,-901496.8995701926,908902.1193900723,-0.1397003944730386,-0.8830599026987329,8,false,0.013583842286941242,0.013583842286941242,false
255,true,0.9998596864943705,-901549.749248445,909071.9272126141,-0.08056092844344676,-0.729997854330577,8,false,0.013583842286941242,0.013583842286941242,false
255,true,0.9992793141661193,-901549.2639224721,908849.9856416441,-0.40108794753905386,-0.6745588795747608,8,false,0.013583842286941242,0.013583842286941242,false
255,true,0.9640967882554718,-901537.860534166,908936.7191667297,0.14912204479333013,-0.2604191188002005,8,false,0.013583842286941242,0.013583842286941242,false
255,true,0.9999679010615454,-901615.6627190412,908781.4304497982,-0.17125557851977646,-0.4089529102202505,8,false,0.013583842286941242,0.013583842286941242,false
255,true,0.9322562969278929,-901730.1769703111,909121.6004643474,-0.15108503843657672,0.24848503863904625,8,false,0.013583842286941242,0.013583842286941242,false
255,true,0.9640453232688361,-901608.5374785278,909099.1448404108,0.06735382950864732,0.13447919953614473,8,false,0.013583842286941242,0.013583842286941242,false
255,true,0.9793345109897802,-901438.7664814533,908848.7942956269,0.024818971287459135,-0.1526400118600577,8,false,0.013583842286941242,0.013583842286941242,false
255,true,0.9924340424127986,-901469.5446223395,908683.0987806795,-0.03586776740849018,-0.1971236972603947,8,false,0.013583842286941242,0.013583842286941242,false
255,true,0.9923725891246826,-901682.583895111,908899.4381536262,0.020452331518754363,-0.1558543985011056,8,false,0.013583842286941242,0.013583842286941242,false
255,true,0.9971597344633008,-901740.441131658,909081.7231908796,0.015302264015190303,-0.16778326488565654,8,false,0.013583842286941242,0.013583842286941242,false
255,true,0.7913395453492003,-901563.7868001023,909033.4766350717,0.5502127524232492,0.6331979046808556,8,false,0.013583842286941242,0.013583842286941242,false
255,true,0.9997777825720859,-901555.6087415772,908927.6928995166,-0.014738890342414379,-0.7229618924902752,8,false,0.013583842286941242,0.013583842286941242,false
255,true,0.9578004796117215,-901560.1189697806,908976.3075121482,0.006162796984426677,-0.720538685680367,8,false,0.013583842286941242,0.013583842286941242,false
255,true,0.8817898649877991,-901555.1574329279,908931.9278709072,-0.669740077573806,-0.7319712579483166,8,false,0.013583842286941242,0.013583842286941242,false
255,true,0.989286011527374,-901536.7439255085,908752.2509479623,0.042614157195203006,0.060925706988200545,8,false,0.013583842286941242,0.013583842286941242,false
255,true,0.6404229701428699,-901637.9531416598,908908.8541925773,0.7213097269413993,1.1370602298993617,8,false,0.013583842286941242,0.013583842286941242,false
255,true,0.9628444190787475,-901526.1147921401,908904.5105474155,-0.7093186147976667,-0.8196326604811475,8,false,0.013583842286941242,0.013583842286941242,false
255,true,0.8093181079858319,-901614.3771438225,908867.2909371959,0.04428064590319991,0.5330233996501192,8,false,0.013583842286941242,0.013583842286941242,false
255,true,0.8650892039625268,-901548.9001701925,908953.4056841888,0.30996510456316173,0.40982048981823027,8,false,0.013583842286941242,0.013583842286941242,false
255,true,0.992050077330836,-901567.4798657986,908791.6460608599,-0.43488821608480066,-0.4805421663913876,8,false,0.013583842286941242,0.013583842286941242,false
255,true,0.9808249102151545,-901578.2590233496,908859.1252090352,0.05805786291602999,0.06276159558910877,8,false,0.013583842286941242,0.013583842286941242,false
255,true,0.955693043149278,-901576.9299922716,908811.258121599,0.13788418553303927,0.15178665902931243,8,false,0.013583842286941242,0.013583842286941242,false
255,true,0.9840984787620811,-901695.7101089464,909074.2256710237,-0.00943903555162251,-0.1994724579853937,8,false,0.013583842286941242,0.013583842286941242,false
255,true,0.9992700602320174,-901686.0469787169,909072.4689864349,-0.16725598357152194,-0.21653874579351395,8,false,0.013583842286941242,0.013583842286941242,false
255,true,0.9755839105761359,-901738.2050507169,909123.6636616392,0.0070886858738958836,0.08291691134218127,8,false,0.013583842286941242,0.013583842286941242,false
255,true,0.9984683426652469,-901522.7475370998,909038.2262958089,-0.01709547615610063,-0.07561509776860476,8,false,0.013583842286941242,0.013583842286941242,false
255,true,0.8945976552255092,-901504.2554381437,908927.1280332229,0.09404907224234194,0.2511115869274363,8,false,0.013583842286941242,0.013583842286941242,false
255,true,0.8993624920756882,-901532.731915872,908787.0647254825,0.270685049588792,0.3057482666336,8,false,0.013583842286941242,0.013583842286941242,false
255,true,0.9901827944820997,-901596.9833096548,909000.386040992,-0.16448642371688038,-0.40021198871545494,8,false,0.013583842286941242,0.013583842286941242,false
255,true,0.9751660962977908,-901537.3402720483,909002.0551036703,0.051351060275919735,-0.21622846135869622,8,false,0.013583842286941242,0.013583842286941242,false
255,true,0.8107227664232107,-901498.6056891012,908789.329735763,0.47258119808975607,0.6894074633019045,8,false,0.013583842286941242,0.013583842286941242,false
255,true,0.9980054044852289,-901620.8525962686,908889.3020639939,-0.11577983561437577,-0.7510742919985205,8,false,0.013583842286941242,0.013583842286941242,false
255,true,0.9350449368168583,-901518.1943202455,908761.1826203134,-0.6112123461207375,-0.6444755584234372,8,false,0.013583842286941242,0.013583842286941242,false
255,true,0.7851842786756357,-901485.8938619975,908827.1508021846,0.1189045135397464,0.5279457201249897,8,false,0.013583842286941242,0.013583842286941242,false
255,true,0.992170906897837,-901464.5471330836,908852.3222408583,-0.038516600616276264,-0.15353917854372412,8,false,0.013583842286941242,0.013583842286941242,false
255,true,0.9311987634287878,-901510.7370313832,908907.7641903646,-0.09245352982543409,0.23479214147664607,8,false,0.013583842286941242,0.013583842286941242,false
255,true,0.9867200182941671,-901420.1854525091,908795.375786584,-0.02065659232903272,0.047829867573454976,8,false,0.013583842286941242,0.013583842286941242,false
255,true,0.922615736655599,-901449.263789863,908718.9732442215,0.1217045997036621,0.17863307415973395,8,false,0.013583842286941242,0.013583842286941242,false
255,true,0.9628417255303294,-901466.8849080015,909035.880194884,-0.009706077864393592,0.15926455287262797,8,false,0.013583842286941242,0.013583842286941242,false
255,true,0.8496040635725707,-901358.615651016,908706.4254246134,-0.038706808001734316,0.42942434933502227,8,false,0.013583842286941242,0.013583842286941242,false
255,true,0.9027926729103878,-901335.2106104774,908691.9730205615,0.11164158198516816,0.27550546859856695,8,false,0.013583842286941242,0.013583842286941242,false
255,true,0.9747864865020307,-901321.7994890824,908566.5000373987,0.015114582958631217,-0.20187281200196594,8,false,0.013583842286941242,0.013583842286941242,false
255,true,0.9614675483582168,-901436.1732849309,908628.3429038954,-0.11188905348535627,-0.21623292402364314,8,false,0.013583842286941242,0.013583842286941242,false
255,true,0.919384865956789,-901598.0893882074,908770.3353220058,0.17447629128582776,0.23829749517608434,8,false,0.013583842286941242,0.013583842286941242,false
255,true,0.9925967322337316,-901591.7076003307,908940.4790897886,-0.1019101619021967,-0.24655617447569966,8,false,0.013583842286941242,0.013583842286941242,false
255,true,0.9490862870941726,-901581.6230004443,908932.2388732713,-0.07863948657177389,0.1879600256215781,8,false,0.013583842286941242,0.013583842286941242,false
255,true,0.9417054228648076,-901475.0258517694,908927.1933138899,-0.044808431644923985,0.17624637857079506,8,false,0.013583842286941242,0.013583842286941242,false
255,true,0.8187592535471556,-901638.3053204732,908929.4923589516,0.13388375926297158,0.453395280870609,8,false,0.013583842286941242,0.013583842286941242,false
255,true,0.9933056735400211,-901683.7565454799,909116.5667384429,-0.03949501283932477,-0.16277155186980963,8,false,0.013583842286941242,0.013583842286941242,false
255,true,0.624346100603818,-901651.0507712074,909046.8517857168,0.2464358985889703,1.2238935189088807,8,false,0.013583842286941242,0.013583842286941242,false
255,true,1.0,-901398.6710341051,908813.9896675786,-0.04699513840023428,-0.3869777537183836,8,false,0.013583842286941242,0.013583842286941242,false
255,true,0.9918849763916923,-901536.6282629812,908665.5550278224,-0.20904856780543923,-0.3425417240941897,8,false,0.013583842286941242,0.013583842286941242,false
255,true,0.9997258723801592,-901560.4933752917,908897.1600473003,-0.11024437367450446,-0.13760236301459372,8,false,0.013583842286941242,0.013583842286941242,false
255,true,0.852945287769351,-901582.9754412395,908928.0773533798,0.30374903162010014,0.3551068399101496,8,false,0.013583842286941242,0.013583842286941242,false
255,true,0.8251759248229926,-901656.2537927591,908987.4180117883,-0.24349064170382917,0.6228047959739342,8,false,0.013583842286941242,0.013583842286941242,false
255,true,0.9992218200181496,-901571.3684317811,909023.2748241478,-0.03420137136708945,-0.0838836682960391,8,false,0.013583842286941242,0.013583842286941242,false
255,true,0.9012176773163725,-901687.8013264438,909071.4640522023,0.14258501026779413,0.24926841887645423,8,false,0.013583842286941242,0.013583842286941242,false
255,true,0.9287079783275158,-901560.4850017047,908973.6900990979,0.13480982230976224,0.24979922256898135,8,false,0.013583842286941242,0.013583842286941242,false
255,true,0.9993167115718162,-901555.7659574618,908922.1465478357,-0.004869276424869895,-0.3427533927606419,8,false,0.013583842286941242,0.013583842286941242,false
255,true,0.7478524338594902,-901544.8400549412,908838.7313920519,-0.14595207246020436,0.8890816138591617,8,false,0.013583842286941242,0.013583842286941242,false
255,true,0.999782548333409,-901595.8024267895,908866.1289702031,-0.1742459574015811,-0.18259747116826475,8,false,0.013583842286941242,0.013583842286941242,false
255,true,0.9611206964145393,-901643.5786718355,908998.0699458111,-0.005737432977184653,0.08707875746767968,8,false,0.013583842286941242,0.013583842286941242,false
255,true,0.8452794999823725,-901591.9530458861,908965.7312391109,0.27565091114956886,0.342900479095988,8,false,0.013583842286941242,0.013583842286941242,false
255,true,0.6654764024852704,-901527.9575069239,908987.7559056918,0.20212642394471914,1.1805398522410542,8,false,0.013583842286941242,0.013583842286941242,false
255,true,0.7319559657936481,-901635.8690913293,908904.102842547,-0.40786354488227516,1.017086207983084,8,false,0.013583842286941242,0.013583842286941242,false
255,true,0.9281705889284324,-901471.6959476459,908905.3812241467,0.044232789892703295,0.22043924999888986,8,false,0.013583842286941242,0.013583842286941242,false
255,true,0.8932759169007615,-901587.7937981351,908843.2986781008,0.10997038031928241,0.3154497960349545,8,false,0.013583842286941242,0.013583842286941242,false
255,true,0.9946855323946976,-901536.8985536115,908929.8599140923,-0.06363453296944499,-0.21878166671376675,8,false,0.013583842286941242,0.013583842286941242,false
255,true,0.6643972219480961,-901534.3492651624,908878.948236559,0.6099882605485618,1.0923932541627437,8,false,0.013583842286941242,0.013583842286941242,false
255,true,0.7910647696574175,-901444.76239871,908865.1994188104,-0.5617492509773001,0.8841768281999975,8,false,0.013583842286941242,0.013583842286941242,false
255,true,0.9962953017400208,-901632.6723002457,908846.2182438358,-0.0897581116296351,-0.2091669471701607,8,false,0.013583842286941242,0.013583842286941242,false
255,true,0.9193675137128478,-901708.6050705994,909091.8803306358,-0.07649187359493226,0.2437971169129014,8,false,0.013583842286941242,0.013583842286941242,false
255,true,0.8550662978450609,-901629.2008646656,909073.0073823817,0.24298785242717713,0.3423237585229799,8,false,0.013583842286941242,0.013583842286941242,false
255,true,0.999528493806863,-901573.96784972,908780.0108141573,-0.02756967185996473,-0.2928165710764006,8,false,0.013583842286941242,0.013583842286941242,false
255,true,0.9755373862113562,-901613.9374297109,908956.6602408837,-0.12501832330599427,-0.2421749463537708,8,false,0.013583842286941242,0.013583842286941242,false
255,true,0.9813345915151154,-901687.2587985188,909059.6533026497,0.0529391294112429,-0.11954481748398393,8,false,0.013583842286941242,0.013583842286941242,false
255,true,0.9851885464468925,-901557.224821794,909037.562647667,-0.05364955309778452,-0.17887673806399107,8,false,0.013583842286941242,0.013583842286941242,false
255,true,0.9985973364368739,-901621.4696620179,908966.4646554244,-0.07436359860002995,-0.1313709355890751,8,false,0.013583842286941242,0.013583842286941242,false
255,true,0.9944226437005226,-901563.4643273087,908950.8162694575,0.011095032910816371,-0.07130411686375737,8,false,0.013583842286941242,0.013583842286941242,false
255,true,0.8998077559438845,-901554.6904306266,908888.4964126634,0.18150784412864596,0.2893573237815872,8,false,0.013583842286941242,0.013583842286941242,false
255,true,0.8437158157150358,-901683.0551512609,908992.7188247169,0.22689675318542868,0.4994561980711296,8,false,0.013583842286941242,0.013583842286941242,false
255,true,0.9971560463379575,-901620.8125830544,909072.1973623708,-0.4080835849745199,-0.46100650215521455,8,false,0.013583842286941242,0.013583842286941242,false
255,true,0.9288460628827243,-901691.8815332468,909000.8948279814,-0.0012851894134655595,0.1914465151494369,8,false,0.013583842286941242,0.013583842286941242,false
255,true,0.9312386552955033,-901582.2716409774,909027.635234005,0.11558534554205835,0.19206787704024464,8,false,0.013583842286941242,0.013583842286941242,false
255,true,0.9661807976586283,-901617.2016192559,908935.3675601366,-0.09561599139124155,-0.16745773435104638,8,false,0.013583842286941242,0.013583842286941242,false
255,true,0.9937894815401156,-901617.8892119365,908990.1822241158,-0.059198142611421645,-0.07104614924173802,8,false,0.013583842286941242,0.013583842286941242,false
255,true,0.9899186530838365,-901551.6695267829,908935.1242082842,0.0025208311853930354,0.03971822396852076,8,false,0.013583842286941242,0.013583842286941242,false
255,true,0.9873316562528314,-901470.1789480698,908862.7842169264,0.03677837154828012,0.05587309109978378,8,false,0.013583842286941242,0.013583842286941242,false
255,true,0.8567037129396432,-901545.0635812439,908805.0941488419,0.31371850869618356,0.38840389903634787,8,false,0.013583842286941242,0.013583842286941242,false
255,true,0.9603754283754469,-901687.6158418388,909035.8962246543,0.19612754718400538,-0.3736718874424696,8,false,0.013583842286941242,0.013583842286941242,false
255,true,0.9789163397857297,-901614.487625279,909022.7149221151,-0.04661978594958782,-0.5628879725700244,8,false,0.013583842286941242,0.013583842286941242,false
255,true,0.9425590318893573,-901666.8656610994,909090.8973831463,-0.3777525252662599,-0.5072801939677447,8,false,0.013583842286941242,0.013583842286941242,false
255,true,0.850530849112878,-901649.6650129432,908990.9811600453,0.18874401040375233,0.43441031652037054,8,false,0.013583842286941242,0.013583842286941242,false
255,true,0.9995301626900489,-901521.33499294,908943.2836108131,-0.03736457019113004,-0.33611268748063594,8,false,0.013583842286941242,0.013583842286941242,false
255,true,0.99851637053594,-901613.034243427,908877.2989516488,-0.24313943879678845,-0.30836484336759895,8,false,0.013583842286941242,0.013583842286941242,false
255,true,0.9758969751863723,-901736.2065397747,909013.4907646765,0.011970550403930247,0.09133591561112553,8,false,0.013583842286941242,0.013583842286941242,false
255,true,0.756352583128368,-901683.9415068608,909178.7969004794,0.5248994694557041,0.6544580729678273,8,false,0.013583842286941242,0.013583842286941242,false
255,true,0.905440148004806,-901567.3045253108,908981.4026178875,-0.48524633969645947,-0.5933061846299097,8,false,0.013583842286941242,0.013583842286941242,false
255,true,0.9789042415982065,-901390.8984065352,908673.6535769635,0.011070117936469615,-0.12345332035329193,8,false,0.013583842286941242,0.013583842286941242,false
255,true,0.9735383210261038,-901530.372517429,908750.7345799665,0.04954804084263742,0.13660003524273634,8,false,0.013583842286941242,0.013583842286941242,false
255,true,0.943715084372386,-901553.6277198046,908791.5933267375,0.17440906434785575,0.22033549915067852,8,false,0.013583842286941242,0.013583842286941242,false
255,true,0.9881451938864355,-901475.2805111211,908809.604482076,-0.10035216493997723,-0.32608814630657434,8,false,0.013583842286941242,0.013583842286941242,false
255,true,0.9321336537164511,-901541.8578744854,908860.854825477,0.15240188874304295,0.2750490497564897,8,false,0.013583842286941242,0.013583842286941242,false
255,true,0.999231220574357,-901488.4863743044,908752.9913162651,-0.11001361103262752,-0.37347891938406974,8,false,0.013583842286941242,0.013583842286941242,false
255,true,0.9935412875207754,-901498.4959653124,908827.6242173061,-0.1332982354797423,-0.270796304801479,8,false,0.013583842286941242,0.013583842286941242,false
255,true,0.9928499279933358,-901507.3429755135,908717.9907346457,-0.09500464063603431,-0.16379328665789217,8,false,0.013583842286941242,0.013583842286941242,false
255,true,0.9153036850346058,-901514.6356956885,908725.4583658933,0.1647395702311769,0.22265443811193109,8,false,0.013583842286941242,0.013583842286941242,false
255,true,0.8606804537907545,-901607.6082476241,908913.7493636624,0.18365253449883312,0.4529082721564919,8,false,0.013583842286941242,0.013583842286941242,false
255,true,0.9980558973181193,-901582.6181487193,908833.8689268361,-0.28259379870723933,-0.4004221389768645,8,false,0.013583842286941242,0.013583842286941242,false
255,true,0.8922717888831981,-901657.8486491854,908988.9189720755,0.178745893179439,0.33608940965496004,8,false,0.013583842286941242,0.013583842286941242,false
255,true,0.9940176156808117,-901484.3829174192,908897.6675048788,-0.1475363183999434,-0.28984506567940116,8,false,0.013583842286941242,0.013583842286941242,false
255,true,0.999068893416432,-901380.0537248288,908818.7343856362,-0.06832753587514162,-0.15277455118484795,8,false,0.013583842286941242,0.013583842286941242,false
255,true,0.9986395713599989,-901417.7754187809,908563.7538584947,-0.026672843610867858,-0.09121268417220563,8,false,0.013583842286941242,0.013583842286941242,false
255,true,0.922824554544684,-901398.4738073526,908674.453678395,0.008278998429886997,0.21614833048079163,8,false,0.013583842286941242,0.013583842286941242,false
255,true,0.9899654898775376,-901807.4448218145,908953.5986074301,-0.0353177129290998,-0.07435680495109409,8,false,0.013583842286941242,0.013583842286941242,false
255,true,0.96471874829215,-901602.6625765444,909188.1694801757,0.01202761975582689,0.09310787136200815,8,false,0.013583842286941242,0.013583842286941242,false
255,true,0.9122585348606699,-901531.7735959115,908908.5069757637,0.14722471171990037,0.22328925365582108,8,false,0.013583842286941242,0.013583842286941242,false
255,true,0.9832716457157188,-901694.3930466698,908977.562365016,-0.13505514001008123,-0.1918006893247366,8,false,0.013583842286941242,0.013583842286941242,false
255,true,0.9505881340577902,-901605.7419723426,909043.461458691,-0.014650023658759892,0.14215931145008653,8,false,0.013583842286941242,0.013583842286941242,false
255,true,0.9827691562666783,-901489.0235495975,908895.9071296809,0.04229121597018093,0.07007666176650673,8,false,0.013583842286941242,0.013583842286941242,false
255,true,0.9972302308393131,-901676.2016749942,908931.0707292737,-0.011859598220326006,-0.08350951562169939,8,false,0.013583842286941242,0.013583842286941242,false
255,true,0.7748065915095209,-901663.5950752865,909063.6065934197,0.16401074070017785,0.6038389611057937,8,false,0.013583842286941242,0.013583842286941242,false
255,true,0.8993122236669299,-901472.3034825692,908907.9241199679,0.2040262083755806,0.3519085757434368,8,false,0.013583842286941242,0.013583842286941242,false
255,true,0.9765180469756526,-901520.4947361537,908742.2840993048,-0.07969480706378818,-0.4469897340750322,8,false,0.013583842286941242,0.013583842286941242,false
255,true,0.9868576726203744,-901730.7643396603,908999.6580668894,-0.07696161803323776,-0.3418673810083419,8,false,0.013583842286941242,0.013583842286941242,false
255,true,0.9972912018207665,-901614.6889591899,909064.2037693254,-0.12989205564372241,-0.2815130586968735,8,false,0.013583842286941242,0.013583842286941242,false
255,true,0.7949929055457928,-901698.2941233785,909060.5392614767,-0.050660527660511434,0.6037751098629087,8,false,0.013583842286941242,0.013583842286941242,false
255,true,0.9920315291478892,-901562.4348512173,908864.6080878497,-0.03678776975721121,-0.10159316915087402,8,false,0.013583842286941242,0.013583842286941242,false
255,true,0.9974892654481715,-901605.9784349997,908872.2089751405,-0.017310705850832164,-0.057950715883634984,8,false,0.013583842286941242,0.013583842286941242,false
255,true,0.9526276757698464,-901709.4507818742,908965.2867867275,0.0402858565794304,0.14167253987397999,8,false,0.013583842286941242,0.013583842286941242,false
255,true,0.8512146351159613,-901653.7292496077,909136.5892787403,-0.025650382391177118,0.414393991115503,8,false,0.013583842286941242,0.013583842286941242,false
255,true,0.8272561374342605,-901495.3850645478,908916.3252072387,0.3754934057360515,0.4591331696137786,8,false,0.013583842286941242,0.013583842286941242,false
255,true,0.9864512384667382,-901549.2617580458,908818.046623909,0.0028241551481187344,-0.4301169025711715,8,false,0.013583842286941242,0.013583842286941242,false
255,true,0.9909507813451038,-901634.5470907462,908950.3876937757,-0.28996425156947225,-0.43925048352684826,8,false,0.013583842286941242,0.013583842286941242,false
255,true,0.6871325893905885,-901576.642606051,908959.7856507784,-0.04321577271912247,0.983444074401632,8,false,0.013583842286941242,0.013583842286941242,false
255,true,0.965697975656499,-901565.2304940482,908939.0690664279,0.011165186646394432,0.14737137651536614,8,false,0.013583842286941242,0.013583842286941242,false
255,true,0.9911046749462745,-901572.3168505621,909049.4979626542,0.01727897603996098,-0.10956759448163211,8,false,0.013583842286941242,0.013583842286941242,false
255,true,0.9922324414058594,-901602.7645694162,908908.1745648445,-0.09008727874606848,-0.11602445424068719,8,false,0.013583842286941242,0.013583842286941242,false
255,true,0.9730470605294446,-901489.6186340903,908858.0837465932,-0.017472309642471373,0.08195719728246331,8,false,0.013583842286941242,0.013583842286941242,false
255,true,0.8791808060183459,-901630.8860345938,908815.4573209793,0.21606842312030494,0.2796988505870104,8,false,0.013583842286941242,0.013583842286941242,false
255,true,0.9193897432808198,-901531.0624807241,908931.5785207748,-0.06740561651531607,0.3398070568218827,8,false,0.013583842286941242,0.013583842286941242,false
255,true,0.977573910712716,-901652.6093093288,908937.6252280266,0.07042753067798913,-0.17236785881686956,8,false,0.013583842286941242,0.013583842286941242,false
255,true,0.9956491201210323,-901655.0017905126,909091.533325022,-0.18997177539858967,-0.2448781905695796,8,false,0.013583842286941242,0.013583842286941242,false
255,true,0.8721013337997788,-901556.8815362907,908922.155296367,0.14132004359271377,0.33872999576851726,8,false,0.013583842286941242,0.013583842286941242,false
255,true,0.8287777072188452,-901553.2192232104,908888.925801743,0.42785415973048657,0.5493503159377724,8,false,0.013583842286941242,0.013583842286941242,false
255,true,0.9539689712593975,-901580.0335328719,908935.566384,-0.5442322795279324,-0.6243187242653221,8,false,0.013583842286941242,0.013583842286941242,false
255,true,0.8773963787024299,-901596.3971204365,908978.8669447423,0.1880492395721376,0.3362162772100419,8,false,0.013583842286941242,0.013583842286941242,false
255,true,0.9698133863749042,-901675.6411998913,909099.7911668386,-0.22520296764560044,-0.2606466814177111,8,false,0.013583842286941242,0.013583842286941242,false
255,true,0.9901997287783192,-901793.3051681917,909042.0497097813,0.01568340219091624,0.05629170697648078,8,false,0.013583842286941242,0.013583842286941242,false
255,true,0.9940762241390075,-901722.2533770131,909003.7578724619,0.017567523405887187,-0.05935613019391894,8,false,0.013583842286941242,0.013583842286941242,false
255,true,0.7646790938538335,-901675.6367631514,909102.0839188382,0.2619826878653839,0.6119424826465547,8,false,0.013583842286941242,0.013583842286941242,false
255,true,0.9880355558736964,-901552.7130759904,909080.0706095587,-0.2005884809186682,-0.31695145124103874,8,false,0.013583842286941242,0.013583842286941242,false
255,true,0.8845692742203164,-901494.1194632709,908844.3196053654,0.09498128353152424,0.37042996392119676,8,false,0.013583842286941242,0.013583842286941242,false
255,true,0.8352068356357542,-901496.0136799609,908750.406838742,0.43470702320337296,0.5497225021244958,8,false,0.013583842286941242,0.013583842286941242,false
255,true,0.998165176750266,-901585.2338690122,908858.4236900319,-0.00844320806208998,-0.6554935028543696,8,false,0.013583842286941242,0.013583842286941242,false
255,true,0.8639942896098499,-901550.8062526772,908930.4494755573,-0.41876081994269043,-0.6475648528430611,8,false,0.013583842286941242,0.013583842286941242,false
255,true,0.999748099996547,-901596.9636705153,908988.4501782154,-0.16051795333623886,-0.2550812753615901,8,false,0.013583842286941242,0.013583842286941242,false
255,true,0.9694138829502477,-901574.5781320025,908936.6472246151,0.017003975110128522,0.11741911456920207,8,false,0.013583842286941242,0.013583842286941242,false
255,true,0.9975042301531549,-901644.3581585326,908996.9180132364,0.0028821147279813886,-0.09603661415167153,8,false,0.013583842286941242,0.013583842286941242,false
255,true,0.9618929404295447,-901542.4330936876,908967.4059737229,0.04407663957681507,0.13985296327155083,8,false,0.013583842286941242,0.013583842286941242,false
255,true,0.99944977812169,-901541.6892698604,908732.3117442001,-0.12709191092289984,-0.1569230678724125,8,false,0.013583842286941242,0.013583842286941242,false
255,true,0.9810584857750358,-901504.7729088689,908781.65885939,0.019845898961648345,0.06451991840731353,8,false,0.013583842286941242,0.013583842286941242,false
255,true,0.9907770838282494,-901436.1165054559,908704.3294538979,0.005982948117889464,-0.05378036014735699,8,false,0.013583842286941242,0.013583842286941242,false
255,true,0.9270127285143234,-901517.6564592334,908745.2408660944,0.16993565380107611,0.1998356857802719,8,false,0.013583842286941242,0.013583842286941242,false
255,true,0.907714173117987,-901539.9489046144,908910.1954973713,0.04136375442612916,0.32651579298544675,8,false,0.013583842286941242,0.013583842286941242,false
255,true,0.7965882106203356,-901671.8074769047,908962.4081950672,-0.1877984587335959,0.6825744226807728,8,false,0.013583842286941242,0.013583842286941242,false
255,true,0.9257670618049487,-901689.9955118048,909100.1290621377,0.16609039378818125,0.21135266055352986,8,false,0.013583842286941242,0.013583842286941242,false
255,true,0.9970376234138001,-901685.3196686772,908934.3849698635,-0.19847891153767705,-0.2307014784310013,8,false,0.013583842286941242,0.013583842286941242,false
255,true,0.7987050154163963,-901637.33707005,909082.3622749033,0.10838283912744373,0.5076520086731762,8,false,0.013583842286941242,0.013583842286941242,false
255,true,0.9966643592267632,-901611.033568473,908965.3131386003,-0.07640022225677967,-0.13575802685227245,8,false,0.013583842286941242,0.013583842286941242,false
255,true,0.9518862993085299,-901593.2624494098,908949.1501409386,0.07807423546910286,0.1463702607434243,8,false,0.013583842286941242,0.013583842286941242,false
255,true,0.9769124888932086,-901444.5599563384,908784.7842979917,-0.045431703329086304,-0.14534808439202607,8,false,0.013583842286941242,0.013583842286941242,false
255,true,0.9727756498053334,-901718.0284064582,908940.0197348563,0.06600554974284023,0.128893653745763,8,false,0.013583842286941242,0.013583842286941242,false
255,true,0.9080427569440795,-901675.952276077,909027.6448460057,-0.010988342226482928,0.28164638858288527,8,false,0.013583842286941242,0.013583842286941242,false
255,true,0.996913446550646,-901639.263724748,908955.6479958808,-0.04232194472569972,-0.1450144596165046,8,false,0.013583842286941242,0.013583842286941242,false
255,true,0.9205992101494029,-901537.0523383642,908915.0572640212,-0.03579866129439324,0.24962684605270624,8,false,0.013583842286941242,0.013583842286941242,false
255,true,0.9949459509312694,-901700.5926841229,908977.0839086873,-0.023083857144229114,-0.07359198201447725,8,false,0.013583842286941242,0.013583842286941242,false
255,true,0.8993539637027101,-901493.3635436362,908933.2669638082,0.05311603134032339,0.24543966131750494,8,false,0.013583842286941242,0.013583842286941242,false
255,true,0.9838245981472059,-901527.4319306664,908778.6937090955,0.03757212671916932,-0.10150794440414757,8,false,0.013583842286941242,0.013583842286941242,false
255,true,0.9575378438957297,-901439.926131325,908728.6910601003,-0.032230100710876286,0.152190136956051,8,false,0.013583842286941242,0.013583842286941242,false
255,true,0.9292313973032021,-901499.1698995882,908790.0070571491,0.18206451029982418,0.2215103794587776,8,false,0.013583842286941242,0.013583842286941242,false
255,true,0.9924836597937571,-901533.4094757399,908847.2652630783,-0.283002148498781,-0.2833122359588742,8,false,0.013583842286941242,0.013583842286941242,false
255,true,0.9166099328873359,-901436.2901602603,908800.9783153796,0.1332293642917648,0.18333412252832204,8,false,0.013583842286941242,0.013583842286941242,false
255,true,0.9975125136494734,-901591.377007562,908732.5814808452,-0.09546442062128335,-0.14607468037866056,8,false,0.013583842286941242,0.013583842286941242,false
255,true,0.9803319168695867,-901631.5725473309,908975.2282738835,0.01969137357082218,0.07773887796793133,8,false,0.013583842286941242,0.013583842286941242,false
255,true,0.9093296734131453,-901518.8920861528,908980.6635121811,0.1090813591144979,0.2339594183722511,8,false,0.013583842286941242,0.013583842286941242,false
255,true,0.9994905599125651,-901507.7198068149,908860.5883491377,-0.07298922585323453,-0.18119518738240004,8,false,0.013583842286941242,0.013583842286941242,false
255,true,0.9321530554787921,-901662.2685246656,908954.169715667,0.13393318897578865,0.21555786358658224,8,false,0.013583842286941242,0.013583842286941242,false
255,true,0.9879068942784915,-901661.2770648345,909068.552092082,-0.15945597540121526,-0.2286001053871587,8,false,0.013583842286941242,0.013583842286941242,false
255,true,0.8221091579636202,-901503.8335201812,908948.6038670896,0.43975341506302357,0.4533235653070733,8,false,0.013583842286941242,0.013583842286941242,false
255,true,0.9932030421344262,-901563.1801238222,908844.280580332,-0.47198557562660426,-0.5050340791931376,8,false,0.013583842286941242,0.013583842286941242,false
255,true,0.8055036510324568,-901596.4530930688,908939.6634040368,0.08779708563815802,0.49268292472697794,8,false,0.013583842286941242,0.013583842286941242,false
255,true,0.9919006559016945,-901626.85588261,908915.8548929115,-0.06359255919232965,-0.12598148302640766,8,false,0.013583842286941242,0.013583842286941242,false
255,true,0.6837407306550924,-901652.3583974461,908992.4935983828,0.7481173786800355,0.9121063323691487,8,false,0.013583842286941242,0.013583842286941242,false
255,true,0.9844808018031618,-901703.2045583919,909005.7864985509,0.030315582756884396,-0.8109713777666911,8,false,0.013583842286941242,0.013583842286941242,false
255,true,0.9997068299846291,-901641.1047689652,909169.0616496487,-0.12078266532626003,-0.837216719519347,8,false,0.013583842286941242,0.013583842286941242,false
255,true,0.9926508326763603,-901651.8496417656,909117.6874269728,-0.10120800312142819,-0.7310837510740384,8,false,0.013583842286941242,0.013583842286941242,false
255,true,0.9818490533323667,-901466.731495528,908876.8286271191,-0.3358492486877367,-0.6190286338096485,8,false,0.013583842286941242,0.013583842286941242,false
255,true,0.9736508717757185,-901685.3161160385,908878.6214267361,-0.2395805314881727,-0.2997538788476959,8,false,0.013583842286941242,0.013583842286941242,false
255,true,0.962379220035887,-901562.9191535399,908953.4269448172,-0.006532227271236479,0.11840621230658144,8,false,0.013583842286941242,0.013583842286941242,false
255,true,0.9108128675365597,-901563.1365099628,908740.5935383675,-0.010595871601253748,0.23645021591801196,8,false,0.013583842286941242,0.013583842286941242,false
255,true,0.9582320996017623,-901568.3665907172,908894.1751762404,0.0534024789230898,0.1097312297206372,8,false,0.013583842286941242,0.013583842286941242,false
255,true,0.9699029347356065,-901555.0616635501,908909.7430722364,0.05222926312126219,0.1113942377269268,8,false,0.013583842286941242,0.013583842286941242,false
255,true,0.9908025483836788,-901573.7871386344,908908.7771935712,-0.06669284636154771,-0.1308070260565728,8,false,0.013583842286941242,0.013583842286941242,false
255,true,0.9822314950166562,-901545.8689000516,908976.7190895969,-0.010776557959616184,0.07858450175262988,8,false,0.013583842286941242,0.013583842286941242,false
255,true,0.9566779065367281,-901543.3309348937,908866.8106225887,3.545964136719704e-5,0.14166913682129234,8,false,0.013583842286941242,0.013583842286941242,false
255,true,0.9476989476643062,-901440.5008402694,908768.9015945337,0.07199429161846638,0.16433256794698536,8,false,0.013583842286941242,0.013583842286941242,false
255,true,0.9879107386738307,-901610.6134376578,908810.6346512982,-0.06675398431252688,-0.14239372045267373,8,false,0.013583842286941242,0.013583842286941242,false
255,true,0.98022210261882,-901608.9792440952,909001.5847596372,0.005842203390784562,0.09164195193443447,8,false,0.013583842286941242,0.013583842286941242,false
255,true,0.5301600352463197,-901590.9206307817,908913.5505211288,1.5526639765594155,1.6651814101496711,8,false,0.013583842286941242,0.013583842286941242,false
255,true,0.98129384290936,-901542.6853654269,908890.0308788362,-1.1874749864218757,-1.6096244916552678,8,false,0.013583842286941242,0.013583842286941242,false
255,true,0.9346648687114106,-901515.4963941808,908930.3628683503,-0.14178215200081468,-0.4217664427123964,8,false,0.013583842286941242,0.013583842286941242,false
255,true,0.9361678745428239,-901555.5902841145,908861.4772514957,0.17396922165062279,0.29993486939929426,8,false,0.013583842286941242,0.013583842286941242,false
255,true,0.9980035050885151,-901635.7561891945,908932.8569876365,-0.05765463667921722,-0.4719727934570983,8,false,0.013583842286941242,0.013583842286941242,false
255,true,0.9998244869584948,-901615.9753244611,909041.6605214142,-0.022875915747135878,-0.4040202656760812,8,false,0.013583842286941242,0.013583842286941242,false
255,true,0.9992943647936827,-901583.9441626486,908941.3374346924,-0.09804572269786149,-0.38124926981981844,8,false,0.013583842286941242,0.013583842286941242,false
255,true,0.922978228568356,-901421.6944419884,908808.0152049746,-0.1759734592633322,0.2929852263769135,8,false,0.013583842286941242,0.013583842286941242,false
255,true,0.7793029692291398,-901475.8722114228,908725.225766564,0.41909385402686894,0.621802298235707,8,false,0.013583842286941242,0.013583842286941242,false
255,true,0.9640154857469823,-901486.4432320857,908763.0401744789,0.0034391896333545446,-0.48900505306664854,8,false,0.013583842286941242,0.013583842286941242,false
255,true,0.9680886142155929,-901563.8788950581,908780.4635708433,0.13173780357465148,-0.5053017301252112,8,false,0.013583842286941242,0.013583842286941242,false
255,true,0.9999840340761281,-901541.2501498115,908858.8924411776,-0.1058467390248552,-0.6686492790468037,8,false,0.013583842286941242,0.013583842286941242,false
255,true,0.9971196824406503,-901675.3103350974,908900.7401721268,0.0027215980226173997,-0.5644062622450292,8,false,0.013583842286941242,0.013583842286941242,false
255,true,0.983100846968753,-901512.0261979523,909000.7163715041,-0.09465394006110728,-0.5665341954445466,8,false,0.013583842286941242,0.013583842286941242,false
255,true,0.994926065051231,-901462.0430022802,908744.278870423,-0.34878348221536726,-0.461115317302756,8,false,0.013583842286941242,0.013583842286941242,false
255,true,0.8822815546315347,-901810.3000498028,909104.5664997111,0.12736627249978483,0.3410018532304093,8,false,0.013583842286941242,0.013583842286941242,false
255,true,0.9140441748460382,-901806.5590975389,909166.1723237286,0.14808914146851748,0.33085685269907117,8,false,0.013583842286941242,0.013583842286941242,false
255,true,0.883572936103025,-901445.1818280802,909070.6737966317,-0.0792807515244931,0.4386383749078959,8,false,0.013583842286941242,0.013583842286941242,false
255,true,0.9965985194776591,-901529.1806781511,908762.7843022556,0.0024675666354596615,-0.3284926306223497,8,false,0.013583842286941242,0.013583842286941242,false
255,true,0.9348629251283246,-901645.2827473861,908999.7697688163,-0.16489191888831556,-0.33467650844249874,8,false,0.013583842286941242,0.013583842286941242,false
255,true,0.9913861452003195,-901789.5093819284,909255.5993820609,-0.14124097768217325,-0.16191567247733474,8,false,0.013583842286941242,0.013583842286941242,false
255,true,0.9124805873431205,-901558.7369805556,909029.4816718341,0.013858258491382003,0.19936067273374647,8,false,0.013583842286941242,0.013583842286941242,false
255,true,0.8916732899040343,-901530.2725145807,908894.4928706922,0.22953325684648007,0.2612470258027315,8,false,0.013583842286941242,0.013583842286941242,false
255,true,0.9906145796604107,-901559.280779526,908865.7428288804,-0.2339111752808094,-0.26179879426490515,8,false,0.013583842286941242,0.013583842286941242,false
255,true,0.9785434651088522,-901569.4820364845,908732.0083645716,0.01342728000599891,0.06492093810811639,8,false,0.013583842286941242,0.013583842286941242,false
255,true,0.9559734376029055,-901529.8691754673,908917.0107717505,-0.01466520898975432,0.12513708241749555,8,false,0.013583842286941242,0.013583842286941242,false
255,true,0.9961530603425292,-901559.6757657364,908865.2146942657,0.012755025876685977,-0.03504228906240314,8,false,0.013583842286941242,0.013583842286941242,false
255,true,0.9773303050030299,-901629.6472291973,908973.5795785852,-0.003815220668911934,0.06789226201362908,8,false,0.013583842286941242,0.013583842286941242,false
255,true,0.801806904898966,-901608.5101576467,909013.4845482662,-0.008448745938949287,0.5059333690442145,8,false,0.013583842286941242,0.013583842286941242,false
255,true,0.9195619340698925,-901668.7506992439,908904.4120269653,0.07041200587991625,0.18897863558959216,8,false,0.013583842286941242,0.013583842286941242,false
255,true,0.9691309592216336,-901729.5689946779,909190.0275838556,-0.053350608330219984,0.12112764664925635,8,false,0.013583842286941242,0.013583842286941242,false
255,true,0.7369883596439057,-901608.270762985,909110.4357025689,0.6729529006406665,0.7016257825307548,8,false,0.013583842286941242,0.013583842286941242,false
255,true,0.9388480225235218,-901517.053679846,908872.3092468216,-0.6255401676753536,-0.7148262183181942,8,false,0.013583842286941242,0.013583842286941242,false
255,true,0.9759682416152207,-901328.3634355704,908661.3793191077,-0.007863127277232707,0.10374494374264032,8,false,0.013583842286941242,0.013583842286941242,false
255,true,0.690020354228952,-901502.1995639214,908773.469432622,0.4433007558109239,0.8878865576116368,8,false,0.013583842286941242,0.013583842286941242,false
255,true,0.9898204567888421,-901508.5732653489,908775.9536646155,-0.23679781088139862,-0.5219481340609491,8,false,0.013583842286941242,0.013583842286941242,false
255,true,0.9908490286303907,-901631.1274733393,908882.3777317185,-0.19144219730515033,-0.270048605510965,8,false,0.013583842286941242,0.013583842286941242,false
255,true,0.996100772720804,-901608.5890946004,908899.9231007503,-0.015361685305833817,-0.10513052635360509,8,false,0.013583842286941242,0.013583842286941242,false
255,true,0.7819980297597485,-901556.7419331279,908868.1700331722,0.5631187574472278,0.5921170471701771,8,false,0.013583842286941242,0.013583842286941242,false
255,true,0.9724235350593163,-901614.9820221411,908948.1003091197,-0.12661413429304957,-0.6233154977671802,8,false,0.013583842286941242,0.013583842286941242,false
255,true,0.9813821928844357,-901471.0839829344,908883.5472383538,-0.07858665648382157,-0.49445383821148425,8,false,0.013583842286941242,0.013583842286941242,false
255,true,0.9985515162206243,-901417.4498328617,908846.6139478091,-0.15098286047577858,-0.4356942476006225,8,false,0.013583842286941242,0.013583842286941242,false
255,true,0.9895246518925505,-901482.9963391351,908820.7431193995,0.042700979858636856,-0.28677090199198574,8,false,0.013583842286941242,0.013583842286941242,false
255,true,0.9451099912069023,-901642.542441272,908912.2070899266,0.05002151266671717,-0.3194603295996785,8,false,0.013583842286941242,0.013583842286941242,false
255,true,0.9808938920638487,-901669.8358716731,909094.4579317513,-0.11468053236603737,-0.3563769980100915,8,false,0.013583842286941242,0.013583842286941242,false
255,true,0.9599323310620632,-901579.1877925084,909038.4913473318,-0.2069385778158903,-0.25570656720083207,8,false,0.013583842286941242,0.013583842286941242,false
255,true,0.987360860291264,-901641.188262944,908844.3253905184,0.062433894141577184,0.062433894141577184,8,false,0.013583842286941242,0.013583842286941242,false
255,true,0.9986409392668599,-901618.785806295,909041.2137524163,-0.012703358312137425,-0.10173173667863011,8,false,0.013583842286941242,0.013583842286941242,false
255,true,0.9873855070042572,-901633.5418637582,908987.506569478,-0.054446971276775,-0.08491982670966536,8,false,0.013583842286941242,0.013583842286941242,false
255,true,0.953817907958891,-901519.8577623237,908856.2819515478,0.11187663394957781,0.13260804791934788,8,false,0.013583842286941242,0.013583842286941242,false
255,true,0.9726643116519719,-901458.0913469811,908719.9405851071,-0.06421406159643084,-0.15296256076544523,8,false,0.013583842286941242,0.013583842286941242,false
255,true,0.9983590535185969,-901471.7913859547,908811.2010569255,-0.04526902234647423,-0.12091435969341546,8,false,0.013583842286941242,0.013583842286941242,false
255,true,0.9144389573156831,-901750.7748888109,909033.5314629762,0.014400118496268988,0.24050540244206786,8,false,0.013583842286941242,0.013583842286941242,false
255,true,0.9468502767020014,-901635.3847632202,909169.5379874471,-0.013152329833246768,0.16827276803087443,8,false,0.013583842286941242,0.013583842286941242,false
255,true,0.9671215976169095,-901656.6573784718,909029.015195997,-0.004481478710658848,0.09932258434128016,8,false,0.013583842286941242,0.013583842286941242,false
255,true,0.8932580229351033,-901531.8328928405,908968.7436073788,0.11902461457066238,0.26326162822078913,8,false,0.013583842286941242,0.013583842286941242,false
255,true,0.9956967740802497,-901476.9941023892,908728.0404334562,0.004342837492004037,-0.1638701834017411,8,false,0.013583842286941242,0.013583842286941242,false
255,true,0.9992919802864402,-901593.8981908837,908849.2823768854,-0.11452783551067114,-0.1750310311326757,8,false,0.013583842286941242,0.013583842286941242,false
255,true,0.9892944536201356,-901575.4885883762,908943.0742909417,-0.010656528640538454,0.05632257286924869,8,false,0.013583842286941242,0.013583842286941242,false
255,true,0.9457316076721559,-901656.6629083903,909035.2075250974,-0.01346619101241231,0.14859213458839804,8,false,0.013583842286941242,0.013583842286941242,false
255,true,0.8883532047807071,-901661.0686389948,908955.46719004,0.21992783877067268,0.2763352897018194,8,false,0.013583842286941242,0.013583842286941242,false
255,true,0.9833876233982483,-901465.1946413784,908879.175042624,0.07538988045416772,-0.2391220749123022,8,false,0.013583842286941242,0.013583842286941242,false
255,true,0.9545123199619493,-901600.8897785025,908884.1697542567,-0.13632586889434606,-0.28744750982150435,8,false,0.013583842286941242,0.013583842286941242,false
255,true,0.7792098771723123,-901616.9503132404,909017.276808396,-0.06475675222463906,0.6861723453039303,8,false,0.013583842286941242,0.013583842286941242,false
255,true,0.7386139129188152,-901521.5182191813,908951.0879335208,-0.10890900914091617,0.7853376752464101,8,false,0.013583842286941242,0.013583842286941242,false
255,true,0.9845250080628908,-901645.6145230453,908952.3157742597,-0.01315723336301744,0.05128599575255066,8,false,0.013583842286941242,0.013583842286941242,false
255,true,0.9312301368389242,-901439.9636028168,908849.0520130957,0.12596823798958212,0.14910585922189057,8,false,0.013583842286941242,0.013583842286941242,false
255,true,0.9405882819089877,-901402.1520569384,908805.2151803774,0.17450269393157214,0.20025363739114255,8,false,0.013583842286941242,0.013583842286941242,false
255,true,0.9917376879178554,-901518.9669299076,908748.7882441039,-0.14097525284159929,-0.3279166934080422,8,false,0.013583842286941242,0.013583842286941242,false
255,true,0.9746433762258124,-901468.6971126043,908874.3607388616,0.031702564912848175,-0.174802316701971,8,false,0.013583842286941242,0.013583842286941242,false
255,true,0.9886405357411516,-901574.1756355537,908812.8186538906,-0.12408474914263934,-0.21214521734509617,8,false,0.013583842286941242,0.013583842286941242,false
255,true,0.9045516859056552,-901642.3183630524,909119.5370895804,0.037867020117118955,0.2518042305018753,8,false,0.013583842286941242,0.013583842286941242,false
255,true,0.85672152956747,-901558.3974971115,908872.5834833896,-0.06449245510157198,0.4153631158405915,8,false,0.013583842286941242,0.013583842286941242,false
255,true,0.6576505000997238,-901597.6058119423,909047.7727103066,0.15195281279738992,0.938188653672114,8,false,0.013583842286941242,0.013583842286941242,false
255,true,0.9819422307760758,-901488.0493116281,908991.9560338366,-0.049254086101427674,-0.18530102248769253,8,false,0.013583842286941242,0.013583842286941242,false
255,true,0.9273937370126746,-901719.241656739,908883.1763842131,0.22440127818845212,0.2473318228730932,8,false,0.013583842286941242,0.013583842286941242,false
255,true,0.9959602830243373,-901692.5551241225,909133.2439053968,0.00557376875076443,-0.34759868204127997,8,false,0.013583842286941242,0.013583842286941242,false
255,true,0.9858189427664906,-901495.0388572563,908955.6557905674,-0.00030537962447851896,-0.36682360898703337,8,false,0.013583842286941242,0.013583842286941242,false
255,true,0.9738358072273586,-901487.156941186,908755.0534043682,0.10435661324299872,-0.37740534788463265,8,false,0.013583842286941242,0.013583842286941242,false
255,true,0.9761889640379089,-901690.6607705161,908992.1621416016,-0.3659633492352441,-0.4836778010940179,8,false,0.013583842286941242,0.013583842286941242,false
255,true,0.9956354875756758,-901750.8583878702,909189.7651455931,-0.06578267563600093,-0.10267287527676672,8,false,0.013583842286941242,0.013583842286941242,false
255,true,0.9621516876209398,-901615.0207621532,909251.4104386033,0.08940473268739879,0.11444104823749512,8,false,0.013583842286941242,0.013583842286941242,false
255,true,0.9956414572528397,-901577.5809661273,908916.9096730096,-0.021944875014014542,-0.14231704990379512,8,false,0.013583842286941242,0.013583842286941242,false
255,true,0.8774396544147344,-901531.2875557202,908800.4187103427,0.11403330147732049,0.36728253099136055,8,false,0.013583842286941242,0.013583842286941242,false
255,true,0.9989241500706559,-901483.2483792182,908793.9052484542,-0.02958332735579461,-0.2307838451815769,8,false,0.013583842286941242,0.013583842286941242,false
255,true,0.9805924666198432,-901484.6146705652,908699.9195129235,-0.0469189181458205,-0.21433818561490625,8,false,0.013583842286941242,0.013583842286941242,false
255,true,0.9469197992433986,-901561.3253611088,908795.3306450993,-0.13699919206555933,0.19589533866383135,8,false,0.013583842286941242,0.013583842286941242,false
255,true,0.9694458762562238,-901429.2486317194,908811.5616737682,0.014321158756501973,0.08768579550087452,8,false,0.013583842286941242,0.013583842286941242,false
255,true,0.940226269527747,-901543.2515735851,908758.4951917672,0.028499880223535,0.16393481416162103,8,false,0.013583842286941242,0.013583842286941242,false
255,true,0.9387792211672582,-901594.0055102141,908951.8491416718,0.13519415562041104,0.1870818320894614,8,false,0.013583842286941242,0.013583842286941242,false
255,true,0.9593827676240807,-901516.5740994641,908862.6781268541,-0.06458063889294863,0.21224658726714551,8,false,0.013583842286941242,0.013583842286941242,false
255,true,0.9767541189658006,-901586.0551596995,908889.0385951211,-0.06190934928599745,0.12363141076639295,8,false,0.013583842286941242,0.013583842286941242,false
255,true,0.937238195765596,-901655.1115337339,908962.048759906,0.18672246485948563,0.18672246485948563,8,false,0.013583842286941242,0.013583842286941242,false
255,true,0.9176317110197133,-901700.9442392541,909137.0651021289,0.06376099167391658,0.3552875234745443,8,false,0.013583842286941242,0.013583842286941242,false
255,true,0.9568257929860173,-901755.6640355701,909172.1241113858,-0.16334187821485102,-0.2884570461465046,8,false,0.013583842286941242,0.013583842286941242,false
255,true,0.946821263276262,-901534.2168517825,909006.3154794041,0.08602966542821378,0.21860493218991905,8,false,0.013583842286941242,0.013583842286941242,false
255,true,0.9953855077896879,-901565.759976238,908880.592419116,-0.051501429290510714,-0.22692164208274335,8,false,0.013583842286941242,0.013583842286941242,false
255,true,0.9654263249059315,-901571.9926475247,908931.3739505841,0.02141256141476333,0.18553846329450607,8,false,0.013583842286941242,0.013583842286941242,false
255,true,0.9977639174770013,-901684.7505027069,909030.1747358507,-0.13744444109033793,-0.2019782344577834,8,false,0.013583842286941242,0.013583842286941242,false
255,true,0.8482377995463919,-901613.9127335185,908964.508784911,0.32718547945842147,0.4170341865392402,8,false,0.013583842286941242,0.013583842286941242,false
255,true,0.9999447668616814,-901670.8239776217,908954.9886913924,-0.20256802183575928,-0.3904984421096742,8,false,0.013583842286941242,0.013583842286941242,false
255,true,0.9985180814552822,-901709.3673648172,909092.3101167724,-0.09282216022256762,-0.18848217919003218,8,false,0.013583842286941242,0.013583842286941242,false
255,true,0.9862976645518625,-901699.1650795187,909029.3912984448,-0.003971595666371286,-0.10481829044874758,8,false,0.013583842286941242,0.013583842286941242,false
255,true,0.9482649691146805,-901578.0549355446,909030.7147313341,0.007893952308222651,0.1732355550630018,8,false,0.013583842286941242,0.013583842286941242,false
255,true,0.9652395510928201,-901679.5572440639,909021.2545296066,-0.03989697981160134,0.1470006381860003,8,false,0.013583842286941242,0.013583842286941242,false
255,true,0.9926936050499479,-901562.9546241087,909014.0210347327,0.004551731399260461,-0.0681990587618202,8,false,0.013583842286941242,0.013583842286941242,false
255,true,0.9983166810058833,-901643.6932368871,908925.1962343401,-0.042260762536898255,-0.076966563006863,8,false,0.013583842286941242,0.013583842286941242,false
255,true,0.9909202269877021,-901491.7082800771,908929.4933676079,0.02936006523668766,0.05105056520551443,8,false,0.013583842286941242,0.013583842286941242,false
255,true,0.9969432378674475,-901478.9501279754,908826.9740807028,-0.03647386166267097,-0.06743001227732748,8,false,0.013583842286941242,0.013583842286941242,false
255,true,0.851248901927921,-901537.2757655962,908823.5595115278,0.31326652644202113,0.3699653574731201,8,false,0.013583842286941242,0.013583842286941242,false
255,true,0.9987250418617976,-901523.9306248443,908889.8343291887,-0.25186848791781813,-0.33216481073759496,8,false,0.013583842286941242,0.013583842286941242,false
255,true,0.9512908146929097,-901472.1612536947,908792.3853418601,0.026258504134602845,0.16461012174841017,8,false,0.013583842286941242,0.013583842286941242,false
255,true,0.9196206802261926,-901521.7084920184,908771.3492211876,0.057424936443567276,0.2668572176480666,8,false,0.013583842286941242,0.013583842286941242,false
255,true,0.9926024333370412,-901643.4352257352,908906.3710020086,0.0038034706376492977,-0.17224939272273332,8,false,0.013583842286941242,0.013583842286941242,false
255,true,0.9997857931041166,-901677.7736676581,908887.0819546492,-0.04527479666285217,-0.17591009102761745,8,false,0.013583842286941242,0.013583842286941242,false
255,true,0.9333444712896258,-901454.0133171942,909032.52660878,0.07235094113275409,0.2373862365493551,8,false,0.013583842286941242,0.013583842286941242,false
255,true,0.9983073455311798,-901532.5100488099,908902.549101303,-0.05321462999563664,-0.19325732404831797,8,false,0.013583842286941242,0.013583842286941242,false
255,true,0.9400601927216069,-901522.0940152355,908847.7625705029,0.06757814309094101,0.2243202996905893,8,false,0.013583842286941242,0.013583842286941242,false
255,true,0.9995556889217988,-901811.0067998321,909068.3795449293,-0.1578258058289066,-0.23055205959826708,8,false,0.013583842286941242,0.013583842286941242,false
255,true,0.9740326869127863,-901594.4104860075,909071.5433735093,0.08427281584590673,0.10005233716219664,8,false,0.013583842286941242,0.013583842286941242,false
255,true,0.992501910480636,-901691.0045933067,909007.3114460441,0.04244098672643304,-0.12170909089036286,8,false,0.013583842286941242,0.013583842286941242,false
255,true,0.9594565352959615,-901553.3878866875,909068.2150602075,0.008060363121330738,0.1826598448678851,8,false,0.013583842286941242,0.013583842286941242,false
255,true,0.9947123667567944,-901671.3070084514,909080.906281894,-0.10046079650055617,-0.17524108581710607,8,false,0.013583842286941242,0.013583842286941242,false
255,true,0.736871687172019,-901560.6758699985,908976.6885096529,0.17330730089452118,0.7448756416561082,8,false,0.013583842286941242,0.013583842286941242,false
255,true,0.9998411414326893,-901628.1618838952,908998.2788346771,-0.016804764163680375,-0.26578860986046493,8,false,0.013583842286941242,0.013583842286941242,false
255,true,0.8653826146406033,-901615.3797250779,908935.0860650986,0.42668541765306145,0.44747850170824677,8,false,0.013583842286941242,0.013583842286941242,false
255,true,0.9988522144950739,-901653.4670935215,908994.3445728311,-0.5514544369652867,-0.6587821755092591,8,false,0.013583842286941242,0.013583842286941242,false
255,true,0.7458862946482459,-901708.6447964836,908996.8315301135,0.06420100422110409,0.7468889052979648,8,false,0.013583842286941242,0.013583842286941242,false
255,true,0.9613234928714686,-901495.8853543125,908993.8805727458,0.05842462205328047,0.18143825186416507,8,false,0.013583842286941242,0.013583842286941242,false
255,true,0.8553660867470276,-901577.5982804587,908824.276045346,0.061783397919498384,0.4894235306419432,8,false,0.013583842286941242,0.013583842286941242,false
255,true,0.9006243140291872,-901537.4414628213,908834.8582394018,-0.20668126153759658,0.38531539065297693,8,false,0.013583842286941242,0.013583842286941242,false
255,true,0.9992856518568655,-901518.7217782715,908910.3360474844,-0.08598721260204911,-0.10542812291532755,8,false,0.013583842286941242,0.013583842286941242,false
255,true,0.9494056085830863,-901444.4874991761,908715.871859324,0.0532573601230979,0.1294734466355294,8,false,0.013583842286941242,0.013583842286941242,false
255,true,0.9686865322583169,-901457.1181598442,908788.4694870691,0.03868794650770724,0.11952772259246558,8,false,0.013583842286941242,0.013583842286941242,false
255,true,0.9869945100791753,-901531.048719806,908786.1092769136,0.029656775877811015,-0.1256879357388243,8,false,0.013583842286941242,0.013583842286941242,false
255,true,0.9987565019623842,-901575.319662475,908895.3186048054,-0.032287982176057994,-0.14310750749427825,8,false,0.013583842286941242,0.013583842286941242,false
255,true,0.9291973432782138,-901708.3729278995,908973.7139295777,0.02098701777867973,0.21393392281606793,8,false,0.013583842286941242,0.013583842286941242,false
255,true,0.9150171367704811,-901598.7010613363,908979.2884979619,0.15469743858557194,0.2663843841291964,8,false,0.013583842286941242,0.013583842286941242,false
255,true,0.999209718933755,-901640.6458847172,909006.0807364684,-0.1667411767411977,-0.2752629372989759,8,false,0.013583842286941242,0.013583842286941242,false
255,true,0.9839159876689044,-901578.5487197762,908947.9835078462,0.003441013745032251,-0.11429905169643462,8,false,0.013583842286941242,0.013583842286941242,false
255,true,0.9993558912455472,-901594.744898712,908971.1016483923,-0.061948903603479266,-0.11567951750475913,8,false,0.013583842286941242,0.013583842286941242,false
255,true,0.9585632443594562,-901716.5441341151,909033.3812458259,0.040459853829815984,0.1211275631794706,8,false,0.013583842286941242,0.013583842286941242,false
255,true,0.9860871532953741,-901591.1358064777,909107.0253094508,-0.04597871075384319,0.08090416365303099,8,false,0.013583842286941242,0.013583842286941242,false
255,true,0.996783591315325,-901687.7979224127,909071.4124244091,-0.03839681565295905,-0.052731899078935385,8,false,0.013583842286941242,0.013583842286941242,false
255,true,0.963061760605259,-901434.9159564656,908938.451470278,0.02344271878246218,0.08700596529524773,8,false,0.013583842286941242,0.013583842286941242,false
255,true,0.8738798947991755,-901522.498400473,908742.2274957278,0.08818402863107622,0.31336254242341965,8,false,0.013583842286941242,0.013583842286941242,false
255,true,0.9585159990490282,-901603.0041927928,908861.167535767,0.15104098978918046,0.1667981919599697,8,false,0.013583842286941242,0.013583842286941242,false
255,true,0.7703549419676392,-901462.3939744609,908827.4753209789,0.18560450209770352,0.765975562739186,8,false,0.013583842286941242,0.013583842286941242,false
255,true,0.8769991634519605,-901584.1123430434,908796.8250792018,-0.3749488963512704,0.47270552429836243,8,false,0.013583842286941242,0.013583842286941242,false
255,true,0.9973143877310408,-901702.2334398341,909003.6362636277,-0.055335750337690115,-0.07666935166344047,8,false,0.013583842286941242,0.013583842286941242,false
255,true,0.9968456010498055,-901750.9866807028,909255.3826952843,-0.002809654804877937,-0.03277080983389169,8,false,0.013583842286941242,0.013583842286941242,false
255,true,0.9411579382875221,-901600.5328463101,909139.8593658343,0.103177156066522,0.14433553640265018,8,false,0.013583842286941242,0.013583842286941242,false
255,true,0.9341938097055678,-901592.134587316,908900.8090493389,0.11182774510234594,0.2111669791629538,8,false,0.013583842286941242,0.013583842286941242,false
255,true,0.9106824931267963,-901579.631006289,908855.0239416313,-0.2200843474129215,0.3203395828604698,8,false,0.013583842286941242,0.013583842286941242,false
255,true,0.7623368879417192,-901578.1301681953,908917.5694763068,0.01735704019665718,0.6095847802935168,8,false,0.013583842286941242,0.013583842286941242,false
255,true,0.950605227874862,-901531.0029589597,908936.9816528624,0.09546845545992255,0.1359114710940048,8,false,0.013583842286941242,0.013583842286941242,false
255,true,0.9923588939986573,-901526.6797335795,908833.1576639847,-0.08541482931468636,-0.13417289941571653,8,false,0.013583842286941242,0.013583842286941242,false
255,true,0.9880061256563212,-901545.7116369979,908815.5811618777,0.020436910912394524,0.062085255049169064,8,false,0.013583842286941242,0.013583842286941242,false
255,true,0.6230305728201897,-901578.9101031959,909019.7316836611,1.0189183343900368,1.1376184519613162,8,false,0.013583842286941242,0.013583842286941242,false
255,true,0.9981060486620154,-901640.4524221144,908900.0464276159,-0.7995174002135172,-1.099544512690045,8,false,0.013583842286941242,0.013583842286941242,false
255,true,0.9723243154323709,-901492.2851551287,908895.2550521537,0.07521818659733981,-0.29177897912450135,8,false,0.013583842286941242,0.013583842286941242,false
255,true,0.9934708094504335,-901448.3933458658,908749.5430976497,-0.15081398736219853,-0.36741913424339145,8,false,0.013583842286941242,0.013583842286941242,false
255,true,0.8857384756352245,-901600.1709937457,908747.9785873229,0.32887666765600443,0.3828548266319558,8,false,0.013583842286941242,0.013583842286941242,false
255,true,0.9857954729230461,-901683.4169058363,909079.9225348318,-0.52743394987192,-0.5486138858832419,8,false,0.013583842286941242,0.013583842286941242,false
255,true,0.9594373151573984,-901664.21798039,908941.8639236278,0.07830689800903201,0.10664451797492802,8,false,0.013583842286941242,0.013583842286941242,false
255,true,0.9682104305321854,-901655.5169094382,909101.6098216214,-0.04170063906349242,0.12891603994648904,8,false,0.013583842286941242,0.013583842286941242,false
255,true,0.7640117437491267,-901552.5768303357,908968.2590538719,0.25006908585783094,0.6307165507460013,8,false,0.013583842286941242,0.013583842286941242,false
255,true,0.9677330681321898,-901605.3333114114,908942.4942611435,-0.04879598331172019,-0.3104329275665805,8,false,0.013583842286941242,0.013583842286941242,false
255,true,0.9483162756612167,-901641.4185449337,909017.7208170827,-0.00348526646848768,-0.2645568799925968,8,false,0.013583842286941242,0.013583842286941242,false
255,true,0.9321961290999344,-901509.6925223889,908911.8592449191,0.11395659507252276,-0.26092790078837425,8,false,0.013583842286941242,0.013583842286941242,false
255,true,0.9997340897495612,-901725.5850972409,908971.0664878582,-0.028189667966216803,-0.3792964135063812,8,false,0.013583842286941242,0.013583842286941242,false
255,true,0.9983720306138119,-901633.318988785,908921.1729705691,-0.302058556699194,-0.3485748771345243,8,false,0.013583842286941242,0.013583842286941242,false
255,true,0.9790531971880416,-901575.8616682076,909002.3408614912,0.034733503591269255,0.07552205596584827,8,false,0.013583842286941242,0.013583842286941242,false
255,true,0.9996485853523316,-901494.5963423242,908821.6500962271,-0.04465447133406997,-0.08937724481802434,8,false,0.013583842286941242,0.013583842286941242,false
255,true,0.6970040926159426,-901496.1370569161,908852.7031412588,0.07996502483729273,0.8285912966821343,8,false,0.013583842286941242,0.013583842286941242,false
255,true,0.929520694708688,-901508.5297765768,908774.9163822781,0.13683548104017973,0.21958662138786167,8,false,0.013583842286941242,0.013583842286941242,false
255,true,0.9897447508209364,-901507.6502482345,908826.7928354632,-0.06690348661504686,-0.2438916639657691,8,false,0.013583842286941242,0.013583842286941242,false
255,true,0.9976880586146908,-901615.8431234234,908902.0359734388,-0.07399245607666671,-0.17317075480241328,8,false,0.013583842286941242,0.013583842286941242,false
255,true,0.9832306101505311,-901671.6145831583,909040.343640593,-0.0673437430523336,0.0951528666773811,8,false,0.013583842286941242,0.013583842286941242,false
255,true,0.9214245246215409,-901518.5784647336,909165.9339467253,-0.022996776970103383,0.19613915600348264,8,false,0.013583842286941242,0.013583842286941242,false
255,true,0.8348186767024413,-901576.9581983371,908834.475908804,0.15110007277689874,0.39191801752895117,8,false,0.013583842286941242,0.013583842286941242,false
255,true,0.9938861424674331,-901503.1783745079,908914.6173470255,-0.14086523733567446,-0.17025436204858124,8,false,0.013583842286941242,0.013583842286941242,false
255,true,0.9720557283297661,-901603.5647988939,908850.051325722,0.052188234170898795,0.07596430846024305,8,false,0.013583842286941242,0.013583842286941242,false
255,true,0.9955169875986534,-901642.0668212874,908986.9516828905,-0.0012651497963815928,-0.08348429878242314,8,false,0.013583842286941242,0.013583842286941242,false
255,true,0.9768249472496794,-901513.8739643012,908943.6464802211,-0.0003402674337849021,0.09064525587018579,8,false,0.013583842286941242,0.013583842286941242,false
255,true,0.9867990060626551,-901388.3971031028,908721.1092509449,-0.00140946835745126,-0.07926104601938277,8,false,0.013583842286941242,0.013583842286941242,false
255,true,0.9832387595441897,-901373.4342366165,908770.973823402,0.0055112739792093635,0.0940992784453556,8,false,0.013583842286941242,0.013583842286941242,false
255,true,0.9846338271529973,-901564.1537140098,908678.383757684,-0.020504979067482054,0.09812813263852149,8,false,0.013583842286941242,0.013583842286941242,false
255,true,0.9589779507027548,-901600.6719886877,909012.6420788848,0.01667629915755242,0.14128363202326,8,false,0.013583842286941242,0.013583842286941242,false
255,true,0.9650087941269696,-901609.6577775491,908880.1247764787,-0.004464390687644482,0.12023266206961125,8,false,0.013583842286941242,0.013583842286941242,false
255,true,0.9333966163289616,-901665.1612866067,908974.5577735503,0.037192236981354654,0.19495048804674298,8,false,0.013583842286941242,0.013583842286941242,false
255,true,0.69700027892014,-901610.728603862,908976.6597360716,0.06669211469125003,0.8941377613227814,8,false,0.013583842286941242,0.013583842286941242,false
255,true,0.9998543206539677,-901617.3750749142,908985.1287537164,-0.11412420589476824,-0.18161955510731786,8,false,0.013583842286941242,0.013583842286941242,false
255,true,0.9578736634305552,-901493.6667175436,908949.6562067053,0.030858559533953667,0.1293435877887532,8,false,0.013583842286941242,0.013583842286941242,false
255,true,0.9922243485477938,-901725.3484674752,908981.9490889726,0.008972608600743115,-0.08363378001376987,8,false,0.013583842286941242,0.013583842286941242,false
255,true,0.992075750700065,-901766.2744870986,909019.7214215774,0.005090248771011829,-0.1071768410038203,8,false,0.013583842286941242,0.013583842286941242,false
255,true,0.9992052378623562,-901569.5679063392,909008.1414837796,-0.05117468838579953,-0.10515635064803064,8,false,0.013583842286941242,0.013583842286941242,false
255,true,0.9991444046465237,-901504.6314487574,908875.6705319504,-0.00899662624578923,-0.06291361537296325,8,false,0.013583842286941242,0.013583842286941242,false
255,true,0.9710128996905414,-901634.9055439455,908929.62118574,0.06304321717470884,0.09591874980833381,8,false,0.013583842286941242,0.013583842286941242,false
255,true,0.9564259604564481,-901607.2222473816,909055.8928410813,-0.0647473621647805,0.16148825688287616,8,false,0.013583842286941242,0.013583842286941242,false
255,true,0.9979341283536602,-901580.0241377963,908989.5722656506,-0.017367433989420533,-0.04117265471722931,8,false,0.013583842286941242,0.013583842286941242,false
255,true,0.9047617700643671,-901617.7895531567,908957.0437942286,0.058553898823447526,0.21588038804475218,8,false,0.013583842286941242,0.013583842286941242,false
255,true,0.9937559640741039,-901663.378907478,909077.0252237458,-0.017422244301997125,-0.06628993456251919,8,false,0.013583842286941242,0.013583842286941242,false
255,true,0.9161808349891902,-901708.6412237484,909133.5895944521,-0.029197143274359405,0.23205321573186666,8,false,0.013583842286941242,0.013583842286941242,false
255,true,0.9185945605615358,-901641.6124472428,909073.46772582,0.07300584006588906,0.20501162682194263,8,false,0.013583842286941242,0.013583842286941242,false
255,true,0.9446716868047342,-901785.3541863745,909194.9159486138,0.07254786673001945,0.1806902167154476,8,false,0.013583842286941242,0.013583842286941242,false
255,true,0.9792812862397684,-901605.2260027841,909101.265439127,0.044288766221143305,-0.19542954210191965,8,false,0.013583842286941242,0.013583842286941242,false
255,true,0.9996443001547441,-901644.5952912249,909032.933188129,-0.11514711647760123,-0.22820034390315413,8,false,0.013583842286941242,0.013583842286941242,false
255,true,0.8422790939619429,-901459.6794703184,908874.9254609783,-0.09413624776061624,0.4381477109855041,8,false,0.013583842286941242,0.013583842286941242,false
255,true,0.9812912323743325,-901513.7412761372,908813.2752239038,0.01385633391328156,0.061156890355050564,8,false,0.013583842286941242,0.013583842286941242,false
255,true,0.993221548636518,-901503.2633274514,908789.920128238,0.011427325196564198,-0.047225869493559,8,false,0.013583842286941242,0.013583842286941242,false
255,true,0.9242335523651376,-901633.2718263943,908859.2724436793,0.1227639097487554,0.2024575745454058,8,false,0.013583842286941242,0.013583842286941242,false
255,true,0.9840216511822859,-901543.0355365464,908940.9543725934,-0.051352372975088656,-0.16267452761530876,8,false,0.013583842286941242,0.013583842286941242,false
255,true,0.9876769297929886,-901598.6742589563,909003.7313803015,0.031380299711599946,-0.11244187271222472,8,false,0.013583842286941242,0.013583842286941242,false
255,true,0.9369112397999062,-901649.4427492304,909096.8639174629,0.05079511657822877,0.24202842102386057,8,false,0.013583842286941242,0.013583842286941242,false
255,true,0.5941434009610204,-901533.9150532642,908956.8456485226,1.1569053343264386,1.4674424498807639,8,false,0.013583842286941242,0.013583842286941242,false
255,true,0.8159450800479994,-901467.7922214731,908875.3571131588,-1.0988129634642974,-1.3181468981783837,8,false,0.013583842286941242,0.013583842286941242,false
255,true,0.9980850386285196,-901486.1435342875,908713.3622262393,-0.14944977185223252,-0.2567884814925492,8,false,0.013583842286941242,0.013583842286941242,false
255,true,0.977107782583678,-901602.8255976742,908842.3557417036,0.059389124158769846,0.11892647994682193,8,false,0.013583842286941242,0.013583842286941242,false
255,true,0.8471224794094335,-901586.8151940103,908958.4778042387,0.3597950777038932,0.4681432463694364,8,false,0.013583842286941242,0.013583842286941242,false
255,true,0.9966990016220283,-901522.5610819716,908848.5752508446,-0.04406452551484108,-0.5090641872957349,8,false,0.013583842286941242,0.013583842286941242,false
255,true,0.9958421369786371,-901401.9212755648,908774.4400034429,-0.09073907393030822,-0.47443707229103893,8,false,0.013583842286941242,0.013583842286941242,false
255,true,0.9877425862172762,-901574.5816574686,908745.0316685984,-0.26242252287920564,-0.36779302125796676,8,false,0.013583842286941242,0.013583842286941242,false
255,true,0.9982809090693298,-901488.8914999603,908871.0706024851,-0.023567291093058884,-0.1250994852744043,8,false,0.013583842286941242,0.013583842286941242,false
255,true,0.9575657288353336,-901616.7505671646,908908.050737228,0.007449187571182847,0.17523358203470707,8,false,0.013583842286941242,0.013583842286941242,false
255,true,0.9959842339893411,-901541.7398686489,909026.1290759695,-0.05332408414687961,-0.12512338149826974,8,false,0.013583842286941242,0.013583842286941242,false
255,true,0.8519301099592934,-901619.5107864033,908884.780763729,-0.015024333028122783,0.39250325644388795,8,false,0.013583842286941242,0.013583842286941242,false
255,true,0.9749871158808369,-901673.9234331228,909048.2812864513,0.05073783185798675,0.08337688213214278,8,false,0.013583842286941242,0.013583842286941242,false
255,true,0.8831613363272033,-901562.0851963229,909018.6831323528,0.16327806096524,0.3237914224155247,8,false,0.013583842286941242,0.013583842286941242,false
255,true,0.9790513165816904,-901547.2502989909,908870.7004784374,-0.01632723060902208,-0.23594368644990027,8,false,0.013583842286941242,0.013583842286941242,false
255,true,0.9864333242935753,-901603.9110545788,908973.8630246504,-0.051043887506239116,-0.22467422194313258,8,false,0.013583842286941242,0.013583842286941242,false
255,true,0.9959543089367625,-901638.2274305489,909041.1932378284,-0.08575957454741001,-0.19315797777380794,8,false,0.013583842286941242,0.013583842286941242,false
255,true,0.9630704695306567,-901654.99988499,909030.6414275445,0.05353663593996316,0.13603065721690655,8,false,0.013583842286941242,0.013583842286941242,false
255,true,0.9556784930636425,-901485.488397098,908907.9123443014,-0.03704916930291802,0.1779739346820861,8,false,0.013583842286941242,0.013583842286941242,false
255,true,0.9764972614734752,-901574.7867805684,908874.059368482,-0.06835167843382806,0.13127961638383567,8,false,0.013583842286941242,0.013583842286941242,false
255,true,0.919160082500276,-901550.7739707953,908904.2835439307,0.162482641171664,0.21378991287201643,8,false,0.013583842286941242,0.013583842286941242,false
255,true,0.9857751594477957,-901782.3787060541,909079.9397387522,0.02326154930051416,-0.21609682706184685,8,false,0.013583842286941242,0.013583842286941242,false
255,true,0.9727723316246395,-901705.3620587182,909170.6922023679,-0.08355627919081599,-0.2246513469144702,8,false,0.013583842286941242,0.013583842286941242,false
255,true,0.7750428395834362,-901605.9089406516,909108.9030950412,0.4749338140245527,0.7006993541726843,8,false,0.013583842286941242,0.013583842286941242,false
255,true,0.6228800507739883,-901687.7803812283,909052.8101799454,0.32078395201824605,1.6062292205169797,8,false,0.013583842286941242,0.013583842286941242,false
255,true,0.9994868632084264,-901693.4399491592,909180.3066547912,-0.5058603484649211,-0.9412315665977076,8,false,0.013583842286941242,0.013583842286941242,false
255,true,0.8210092715978532,-901518.8688320412,908935.4664498331,-0.00778991193510592,0.6602963604964316,8,false,0.013583842286941242,0.013583842286941242,false
255,true,0.967651560350217,-901554.6480312905,908851.7381144788,-0.4000008993316442,-0.43968635506462306,8,false,0.013583842286941242,0.013583842286941242,false
255,true,0.9982920597613875,-901648.2927000481,909016.52468274,-0.027532224543392658,-0.041744917281903327,8,false,0.013583842286941242,0.013583842286941242,false
255,true,0.8030653251309158,-901660.272971817,908964.2473495192,0.06540349673014134,0.4722737588454038,8,false,0.013583842286941242,0.013583842286941242,false
255,true,0.9930981602464704,-901617.2664695762,909066.5919309675,0.003266414743848145,-0.061298968154005706,8,false,0.013583842286941242,0.013583842286941242,false
255,true,0.9834467356894104,-901592.063831834,908979.714746692,0.017112635541707277,0.08025628165341914,8,false,0.013583842286941242,0.013583842286941242,false
255,true,0.9561001647394018,-901642.2533617794,909028.5657435469,-0.028240089886821806,0.14713270694483072,8,false,0.013583842286941242,0.013583842286941242,false
255,true,0.8845257098200152,-901526.2282125191,908951.733776996,-0.02433040365576744,0.3134662703378126,8,false,0.013583842286941242,0.013583842286941242,false
255,true,0.937092322936133,-901456.2927197447,908829.723960379,0.045063529280014336,0.16999992018099874,8,false,0.013583842286941242,0.013583842286941242,false
255,true,0.9969980623644953,-901531.3631467251,908945.2996311527,-0.06319575326051563,-0.08562807505950332,8,false,0.013583842286941242,0.013583842286941242,false
255,true,0.9690125585038704,-901564.5633972671,908871.8663755521,0.009220676613040268,0.08865176304243505,8,false,0.013583842286941242,0.013583842286941242,false
255,true,0.9406669365838531,-901561.2718042004,908937.8024755901,0.04653784492984414,0.1436814065091312,8,false,0.013583842286941242,0.013583842286941242,false
255,true,0.9955058810051284,-901582.5176525601,908849.4362686133,0.02221655286848545,-0.07909429899882525,8,false,0.013583842286941242,0.013583842286941242,false
255,true,0.8751819834336282,-901665.0066111876,908947.4881945947,0.1370557975023985,0.350669959676452,8,false,0.013583842286941242,0.013583842286941242,false
255,true,0.9992209217785547,-901610.0299983637,909053.524968466,-0.05346082441974431,-0.2110069339396432,8,false,0.013583842286941242,0.013583842286941242,false
255,true,0.7152169628327932,-901507.1085101588,908885.190698763,0.30144579615443945,0.9084899874869734,8,false,0.013583842286941242,0.013583842286941242,false
255,true,0.985321633299658,-901674.8112245061,909004.0627002418,-0.16985355876386166,-0.46189507469534874,8,false,0.013583842286941242,0.013583842286941242,false
255,true,0.9671979059930367,-901581.8910602691,908990.0573652409,-0.009344907128252089,-0.3074953000759706,8,false,0.013583842286941242,0.013583842286941242,false
255,true,0.9686988032971264,-901355.2880817099,908633.8322788619,0.042328285751864314,-0.2981493594124913,8,false,0.013583842286941242,0.013583842286941242,false
255,true,0.998016530513482,-901411.2798773446,908631.2898739685,-0.08659796172287315,-0.3248181480448693,8,false,0.013583842286941242,0.013583842286941242,false
255,true,0.9998860106831234,-901496.6282888058,908694.7435315382,-0.1491981332655996,-0.2599082263186574,8,false,0.013583842286941242,0.013583842286941242,false
255,true,0.9896387255987009,-901398.437666517,908624.5648049985,-0.06635217508301139,-0.11255277728196234,8,false,0.013583842286941242,0.013583842286941242,false
255,true,0.9955599332841897,-901630.0126451881,908816.7902998694,-0.010036914027296007,-0.05409004376269877,8,false,0.013583842286941242,0.013583842286941242,false
255,true,0.8233350794394975,-901446.7137566754,908832.6391842425,0.2678948005195707,0.445655960123986,8,false,0.013583842286941242,0.013583842286941242,false
255,true,0.881816749274716,-901499.203326058,908765.9402451507,0.22699205938261002,0.4113181766588241,8,false,0.013583842286941242,0.013583842286941242,false
255,true,0.9945427862688375,-901530.3289404106,908893.4183269767,-0.46842005650978535,-0.517687042360194,8,false,0.013583842286941242,0.013583842286941242,false
255,true,0.9450878450970722,-901682.5008320572,908921.7481673869,0.12100732082035393,0.17199549975339323,8,false,0.013583842286941242,0.013583842286941242,false
255,true,0.9999739081853413,-901685.3536967447,909126.0935172352,-0.02118226105812937,-0.18895513017196208,8,false,0.013583842286941242,0.013583842286941242,false
255,true,0.9192295503170477,-901659.0704884097,909035.0717961591,0.10230284405406564,0.2711942599853501,8,false,0.013583842286941242,0.013583842286941242,false
255,true,0.9816555117669724,-901684.9508372368,909145.9024430548,0.010146791813895106,-0.2475075238617137,8,false,0.013583842286941242,0.013583842286941242,false
255,true,0.9425420583900023,-901474.140228955,908912.4240860601,-0.038826518692076206,-0.27408849250059575,8,false,0.013583842286941242,0.013583842286941242,false
255,true,0.9963304905324313,-901520.4708806926,908718.7799520767,-0.15024199546314776,-0.2451284498674795,8,false,0.013583842286941242,0.013583842286941242,false
255,true,0.9919339809912315,-901619.1529627587,908910.5512853743,-0.011546939960680902,-0.08000774588435888,8,false,0.013583842286941242,0.013583842286941242,false
255,true,0.99269778017693,-901598.743442749,908968.2602616651,-0.06045359536074102,-0.08715963270515203,8,false,0.013583842286941242,0.013583842286941242,false
255,true,0.986405085487002,-901561.688411787,908930.9020864906,-0.02402635512407869,0.05595503665972501,8,false,0.013583842286941242,0.013583842286941242,false
255,true,0.8198429246247085,-901610.6370821901,908735.5617479897,0.13141558424104005,0.42601229052525014,8,false,0.013583842286941242,0.013583842286941242,false
255,true,0.9896666004333728,-901612.5606510757,908999.9436061888,-0.012411010800860822,-0.13142142980359495,8,false,0.013583842286941242,0.013583842286941242,false
255,true,0.9885968754661449,-901761.1400068598,909112.5347875104,-0.07299560459796339,-0.11224623350426555,8,false,0.013583842286941242,0.013583842286941242,false
255,true,0.8568476078365098,-901605.1866380924,909017.1313723897,0.13278887781780213,0.3565010182792321,8,false,0.013583842286941242,0.013583842286941242,false
255,true,0.9823591652404601,-901638.8926820726,908884.9678059157,0.07119409460574389,-0.15414840972516686,8,false,0.013583842286941242,0.013583842286941242,false
255,true,0.9797221959984519,-901518.0090957702,908976.704268564,-0.01584665710106492,-0.2320551642915234,8,false,0.013583842286941242,0.013583842286941242,false
255,true,0.9344676565615587,-901690.0221805866,909025.2242098466,0.1306859643664211,0.24149726959876716,8,false,0.013583842286941242,0.013583842286941242,false
255,true,0.9701420929535454,-901464.4319461699,908918.5760443753,0.0784465124597773,-0.35502542124595493,8,false,0.013583842286941242,0.013583842286941242,false
255,true,0.9775297379210693,-901606.2271095767,908857.9058376548,-0.381529436330311,-0.42867922433651984,8,false,0.013583842286941242,0.013583842286941242,false
255,true,0.9488894176284492,-901672.177561339,909004.0460992543,-0.003451416385360062,0.15374465950299054,8,false,0.013583842286941242,0.013583842286941242,false
255,true,0.9876211999175535,-901581.8976582125,908988.4889103007,-0.027361458633095026,0.06733598909340799,8,false,0.013583842286941242,0.013583842286941242,false
255,true,0.8797938456293068,-901671.3035965492,909053.014218019,0.20958468865137547,0.27804327430203557,8,false,0.013583842286941242,0.013583842286941242,false
255,true,0.9933573839797308,-901542.2594379145,909044.4537716535,-0.07309729291591793,-0.22009542596060783,8,false,0.013583842286941242,0.013583842286941242,false
255,true,0.9996400184687473,-901581.1087096111,909004.3948093634,-0.12712701654527336,-0.15211739053484052,8,false,0.013583842286941242,0.013583842286941242,false
255,true,0.9630117118749644,-901684.5617156711,908963.9368998535,0.04089127585757524,0.09678136406000704,8,false,0.013583842286941242,0.013583842286941242,false
255,true,0.9991370432905294,-901651.7296216509,909043.151730307,0.010525992955081165,-0.0728443608386442,8,false,0.013583842286941242,0.013583842286941242,false
255,true,0.9998945886292524,-901602.5928022058,909022.8008143342,-0.06416421325411648,-0.08975157607346773,8,false,0.013583842286941242,0.013583842286941242,false
255,true,0.9963734279602379,-901637.174474394,909028.4827070722,-0.003053565393202007,0.023981786100193858,8,false,0.013583842286941242,0.013583842286941242,false
255,true,0.7474221526770157,-901556.4407478344,908991.1160361812,0.25079302582889795,0.6400330411270261,8,false,0.013583842286941242,0.013583842286941242,false
255,true,0.9904124843272983,-901538.7936242345,908883.7925675935,-0.07225362956523895,-0.25511117035057396,8,false,0.013583842286941242,0.013583842286941242,false
255,true,0.9439851902672921,-901561.5856810245,908914.8080754634,0.061719220131635666,0.19550554594025016,8,false,0.013583842286941242,0.013583842286941242,false
255,true,0.9643976617108734,-901594.0359974047,908926.441728148,-0.05554501398000866,-0.25133399036712945,8,false,0.013583842286941242,0.013583842286941242,false
255,true,0.9927552063838048,-901535.3870406022,908855.1877566878,-0.07184517628047615,-0.19806287239771336,8,false,0.013583842286941242,0.013583842286941242,false
255,true,0.9948336247237344,-901604.3225703691,908893.542126963,-0.000263477792032063,-0.13524276402313262,8,false,0.013583842286941242,0.013583842286941242,false
255,true,0.9767976828774199,-901603.9221285043,908960.727247823,-0.015361855970695615,-0.13059258949942887,8,false,0.013583842286941242,0.013583842286941242,false
255,true,0.995577079411452,-901516.9009297673,908902.7835374493,-0.03782381897326559,-0.11096726509276778,8,false,0.013583842286941242,0.013583842286941242,false
255,true,0.992983664601586,-901502.6449030471,908847.1394140226,-0.04391654557548463,-0.07353963004425168,8,false,0.013583842286941242,0.013583842286941242,false
255,true,0.9781351372512793,-901735.4167602083,908981.6625260855,-0.005603186436928809,0.06721585837658495,8,false,0.013583842286941242,0.013583842286941242,false
255,true,0.926792103800532,-901544.8821566877,909056.690173228,0.06419050763361156,0.15039999969303608,8,false,0.013583842286941242,0.013583842286941242,false
255,true,0.9420038351484483,-901643.0607510839,908945.7142841744,0.1320847871247679,0.20154708216432482,8,false,0.013583842286941242,0.013583842286941242,false
255,true,0.9984187311955784,-901582.4720700086,908893.5223785813,-0.13917750434484333,-0.21255392394959927,8,false,0.013583842286941242,0.013583842286941242,false
255,true,0.9874589024350732,-901422.7357777155,908773.6712257741,0.009722573915496469,0.08051787794101983,8,false,0.013583842286941242,0.013583842286941242,false
255,true,0.9956709107743477,-901480.3805580207,908710.8647453,-0.04119436058681458,-0.0966664586449042,8,false,0.013583842286941242,0.013583842286941242,false
255,true,0.9983255788881606,-901623.2310686768,908856.1215315985,-0.010057936189696193,-0.05727693485096097,8,false,0.013583842286941242,0.013583842286941242,false
255,true,0.967247785649841,-901670.4585378924,909068.184229027,-0.02932956430595368,0.09778815554454923,8,false,0.013583842286941242,0.013583842286941242,false
255,true,0.8162636359386616,-901737.3283287133,909105.6198971125,0.25920916721224785,0.4341101151658222,8,false,0.013583842286941242,0.013583842286941242,false
255,true,0.9997649796798906,-901598.6775291405,909095.713534418,-0.09626841440331191,-0.2685909455176443,8,false,0.013583842286941242,0.013583842286941242,false
255,true,0.8062207873665147,-901529.7693533781,908937.3813555109,-0.06654971023090184,0.5967736932216212,8,false,0.013583842286941242,0.013583842286941242,false
255,true,0.9185456254181819,-901544.6100743017,908882.3207985765,0.1326391426846385,0.23997942521236837,8,false,0.013583842286941242,0.013583842286941242,false
255,true,0.9584765699846286,-901593.1963038209,908842.8118882993,0.06767866981681436,-0.24961382651235908,8,false,0.013583842286941242,0.013583842286941242,false
255,true,0.9013622457971567,-901517.2509667947,908891.6354059776,-0.15531508869025856,0.35607895418070257,8,false,0.013583842286941242,0.013583842286941242,false
255,true,0.9142863852089612,-901687.208583861,908973.7536957543,0.23144519759807736,0.2787572242086753,8,false,0.013583842286941242,0.013583842286941242,false
255,true,0.7492859318830496,-901602.8040059747,909047.5097419948,-0.14695091859903187,0.8976781762903556,8,false,0.013583842286941242,0.013583842286941242,false
255,true,0.8257152514805582,-901404.8281770421,908775.1249440758,0.30179832701105624,0.5552659287350252,8,false,0.013583842286941242,0.013583842286941242,false
255,true,0.9719226875128633,-901796.7187368716,909070.0786708086,0.14625166973564774,-0.5277797536691651,8,false,0.013583842286941242,0.013583842286941242,false
255,true,0.8946790728367635,-901792.4569046705,909123.946726142,0.026625679340213537,-0.6614224687218666,8,false,0.013583842286941242,0.013583842286941242,false
255,true,0.9972160193223362,-901490.478965745,908996.1476601114,-0.5659817096311599,-0.6986432566773146,8,false,0.013583842286941242,0.013583842286941242,false
255,true,0.9805337484204028,-901661.8009551816,908883.698596062,0.06209597492124885,-0.13668138755019754,8,false,0.013583842286941242,0.013583842286941242,false
255,true,0.9963880048590278,-901756.6653278626,909028.349579658,-0.05395365075673908,-0.18594882602337748,8,false,0.013583842286941242,0.013583842286941242,false
255,true,0.9721773656330027,-901664.945712622,909167.6684148198,0.03162653429899365,0.15877612750045955,8,false,0.013583842286941242,0.013583842286941242,false
255,true,0.9998717999119457,-901679.8235959762,909099.9322744453,-0.1159246840979904,-0.17565734265372157,8,false,0.013583842286941242,0.013583842286941242,false
255,true,0.9546929739862995,-901526.5794806422,908926.2602296473,0.003802793682552874,0.15806183381937444,8,false,0.013583842286941242,0.013583842286941242,false
255,true,0.983715073861284,-901584.1554386456,908802.4504543258,0.037222507991828024,0.08792333328165114,8,false,0.013583842286941242,0.013583842286941242,false
255,true,0.9974877327513167,-901636.2961644992,908931.7116389934,-0.03033814486116171,-0.12022946414072067,8,false,0.013583842286941242,0.013583842286941242,false
255,true,0.9222361082031797,-901472.5455167645,908941.4562201644,0.07174858916550875,0.23469932074658573,8,false,0.013583842286941242,0.013583842286941242,false
255,true,0.9748686227334796,-901514.6345798777,908786.3140038043,-0.0005340055795386434,-0.14733832015190274,8,false,0.013583842286941242,0.013583842286941242,false
255,true,0.9367464124197664,-901486.3955738356,908874.359617181,-0.039861386991105974,0.21450390690006316,8,false,0.013583842286941242,0.013583842286941242,false
255,true,0.941542140810258,-901618.5302453015,908875.3196491761,-0.06471801351290196,0.19371004786808044,8,false,0.013583842286941242,0.013583842286941242,false
255,true,0.6038135815619442,-901582.569867787,908950.1625155526,-0.02639853151049465,1.2315255678258836,8,false,0.013583842286941242,0.013583842286941242,false
255,true,0.9454034970423115,-901582.0500661848,908912.5975942055,0.0871071380097419,0.14539988106116652,8,false,0.013583842286941242,0.013583842286941242,false
255,true,0.9904861402788087,-901554.991763036,908925.9408536683,-0.0001588169252499938,-0.10437346308026463,8,false,0.013583842286941242,0.013583842286941242,false
255,true,0.7750369422710421,-901627.3508290319,908961.559764056,-0.0655396260553971,0.6236555326031521,8,false,0.013583842286941242,0.013583842286941242,false
255,true,0.9666330781902127,-901713.9450198021,908999.9235695739,0.006831657257862389,0.10098275053314865,8,false,0.013583842286941242,0.013583842286941242,false
255,true,0.9789693721011747,-901600.785969673,909092.4347279542,-0.007362504838965833,0.07108449004590511,8,false,0.013583842286941242,0.013583842286941242,false
255,true,0.9395943981542101,-901510.7502612082,908864.0238828158,0.02379162609577179,0.15414995269384235,8,false,0.013583842286941242,0.013583842286941242,false
255,true,0.9457046116869817,-901555.5734776118,909012.0723285221,-0.017243403242900968,0.15759440592955798,8,false,0.013583842286941242,0.013583842286941242,false
255,true,0.9899486832887974,-901583.1246656317,908921.2904298363,0.03768685646355152,0.05695533624384552,8,false,0.013583842286941242,0.013583842286941242,false
255,true,0.45765063669580786,-901610.3497791879,908996.9967806583,0.1327225873246789,2.1829293882474303,8,false,0.013583842286941242,0.013583842286941242,false
255,true,0.8896358987735238,-901688.5882855292,909051.2141120719,0.1724371617892757,0.3640738883987069,8,false,0.013583842286941242,0.013583842286941242,false
255,true,0.8749957441241046,-901732.0613468005,909035.4006476321,0.4848921922966838,0.4848921922966838,8,false,0.013583842286941242,0.013583842286941242,false
255,true,0.9999568187591947,-901711.4632442447,908983.4905230015,-0.780125092016533,-0.8474596545565873,8,false,0.013583842286941242,0.013583842286941242,false
255,true,0.9055074902696262,-901584.4366743122,909052.9350121632,0.02956016408279538,0.27755076019093394,8,false,0.013583842286941242,0.013583842286941242,false
255,true,0.8779367305109081,-901563.7485930091,908785.601710052,0.2423568678786978,0.36635990790091455,8,false,0.013583842286941242,0.013583842286941242,false
255,true,0.9996195330127732,-901575.963775628,908928.154006829,-0.3379666624823585,-0.3591573453741148,8,false,0.013583842286941242,0.013583842286941242,false
255,true,0.6525121203374362,-901624.2446208575,908969.4504005935,0.11235691979527473,0.9818407712737098,8,false,0.013583842286941242,0.013583842286941242,false
255,true,0.9688938352881727,-901599.9930619395,908997.7083157965,-0.05868982174433768,-0.14368413912598044,8,false,0.013583842286941242,0.013583842286941242,false
255,true,0.9755007955791455,-901446.9909362785,908827.2172144653,-0.02282366226427257,0.10889019898604602,8,false,0.013583842286941242,0.013583842286941242,false
255,true,0.994520002037269,-901491.8349637741,908670.1589589397,-0.013856309000402689,-0.06332283036317676,8,false,0.013583842286941242,0.013583842286941242,false
255,true,0.9912671760229016,-901725.9504516852,909016.8863127227,0.002008059178479016,-0.05249713989906013,8,false,0.013583842286941242,0.013583842286941242,false
255,true,0.9997332683796535,-901531.9575960331,908948.1073776849,-0.02728194836527109,-0.06258289469406009,8,false,0.013583842286941242,0.013583842286941242,false
255,true,0.9919481992071356,-901557.3812983518,908841.9060354604,0.01981663517653942,0.04025912331417203,8,false,0.013583842286941242,0.013583842286941242,false
255,true,0.9858956756713007,-901513.5883449113,908894.0805853339,-0.011596306692808867,0.0643594185821712,8,false,0.013583842286941242,0.013583842286941242,false
255,true,0.8987582399185815,-901598.7263593306,908868.2122048202,0.05126483831554651,0.2419356075115502,8,false,0.013583842286941242,0.013583842286941242,false
255,true,0.942116638677351,-901583.0686324282,908888.7265556025,0.03836892812978476,0.17203101271297783,8,false,0.013583842286941242,0.013583842286941242,false
255,true,0.9639767761212449,-901518.722380562,908956.9623521722,-0.038047202629968524,0.1438686546171084,8,false,0.013583842286941242,0.013583842286941242,false
255,true,0.9994015073341048,-901566.1916999397,908825.4493291964,-0.02139515767339617,-0.08419700362719595,8,false,0.013583842286941242,0.013583842286941242,false
255,true,0.9655530033711136,-901566.2394312166,908888.8171846784,-0.04013513121753931,0.12827644136268646,8,false,0.013583842286941242,0.013583842286941242,false
255,true,0.8485083701233814,-901562.741846854,908900.9057839202,0.1277221441268921,0.35498884483240545,8,false,0.013583842286941242,0.013583842286941242,false
255,true,0.9739251106243185,-901527.5103081982,908840.2524519347,0.043091690982691944,-0.14977366488892585,8,false,0.013583842286941242,0.013583842286941242,false
255,true,0.984633648077972,-901553.528165347,908792.4579367975,0.005091098020784557,-0.19244465813972056,8,false,0.013583842286941242,0.013583842286941242,false
255,true,0.8998406437313459,-901467.9349996642,908775.4411181645,-0.13733988569583744,0.3282753241946921,8,false,0.013583842286941242,0.013583842286941242,false
255,true,0.9773927738239588,-901524.5584746463,908778.0492683395,-0.020358684938400984,0.10170780017506331,8,false,0.013583842286941242,0.013583842286941242,false
255,true,0.8366841339457567,-901474.1268396811,908816.2137782758,-0.010654244804754853,0.38542228122241795,8,false,0.013583842286941242,0.013583842286941242,false
255,true,0.982305555150905,-901506.3031261023,908822.7388728824,-0.0030523563036695123,0.07290048222057521,8,false,0.013583842286941242,0.013583842286941242,false
255,true,0.9324661352181404,-901444.9005687074,908813.646986206,0.019482262199744582,0.16507539339363575,8,false,0.013583842286941242,0.013583842286941242,false
255,true,0.9880250033025669,-901574.9328510907,908835.8455095022,0.0017516562948003411,0.0589892843272537,8,false,0.013583842286941242,0.013583842286941242,false
255,true,0.9055554795233167,-901588.4654289448,909018.2005936574,-0.03170275257434696,0.2439289028989151,8,false,0.013583842286941242,0.013583842286941242,false
255,true,0.9119614372728969,-901545.0340321267,908850.1579096072,0.13943462749011815,0.20195085764862597,8,false,0.013583842286941242,0.013583842286941242,false
255,true,0.9978391018873243,-901416.0202842938,908850.0977802841,-0.1329397059744224,-0.1572362354490906,8,false,0.013583842286941242,0.013583842286941242,false
255,true,0.8858405588373156,-901497.1689280127,908771.6242712756,0.13973757636267692,0.27876870054751635,8,false,0.013583842286941242,0.013583842286941242,false
255,true,0.985827212464277,-901657.6384867154,908920.4606155488,0.04978789994493127,-0.15635126107372344,8,false,0.013583842286941242,0.013583842286941242,false
255,true,0.9923549368052996,-901528.0630479841,908988.3841203551,-0.13322773622348905,-0.20630640210583806,8,false,0.013583842286941242,0.013583842286941242,false
255,true,0.754060320151683,-901530.5775729585,908848.2806831886,0.5121348544489592,0.653129261219874,8,false,0.013583842286941242,0.013583842286941242,false
255,true,0.9715283569160386,-901652.231624349,908911.5801979918,-0.42442107875831425,-0.5754762819269672,8,false,0.013583842286941242,0.013583842286941242,false
255,true,0.994161390161216,-901494.6382130266,908963.0681358773,-0.02376800822094083,-0.17032261344138533,8,false,0.013583842286941242,0.013583842286941242,false
255,true,0.8781388527440631,-901611.941188053,908870.6337102108,0.22097404533997178,0.36304505611769855,8,false,0.013583842286941242,0.013583842286941242,false
255,true,0.9967669098243434,-901536.7320789408,908885.497593592,-0.2500207043485716,-0.35185567883308977,8,false,0.013583842286941242,0.013583842286941242,false
255,true,0.7435481643499703,-901538.7538857637,908821.6958519059,-0.07978800882119685,0.7374279429204762,8,false,0.013583842286941242,0.013583842286941242,false
255,true,0.9480838167650554,-901638.960260522,908949.8520042449,0.06334125401917845,0.13496197434142232,8,false,0.013583842286941242,0.013583842286941242,false
255,true,0.9265575464913952,-901575.5844849648,908847.554131704,0.11286214552819729,0.21643312356900424,8,false,0.013583842286941242,0.013583842286941242,false
255,true,0.998656267675457,-901571.7666945751,908931.9389320018,-0.1180525089148432,-0.19376531115267426,8,false,0.013583842286941242,0.013583842286941242,false
255,true,0.9822848881596206,-901447.3800882227,908853.8830212932,0.038551113568246365,0.10196377383545041,8,false,0.013583842286941242,0.013583842286941242,false
255,true,0.9135084867039213,-901592.8836443234,908896.1830552735,0.17194464860949665,0.2876597772119567,8,false,0.013583842286941242,0.013583842286941242,false
255,true,0.923095787800818,-901534.8542424393,908942.3708275799,-0.2315537785179913,0.3031199446413666,8,false,0.013583842286941242,0.013583842286941242,false
255,true,0.9953766435314911,-901435.3772377148,908764.9101197402,0.011139979935251176,-0.07021974644158036,8,false,0.013583842286941242,0.013583842286941242,false
255,true,0.9955133696966445,-901453.7174483455,908748.8576193018,-0.027042340021580458,-0.0806376957334578,8,false,0.013583842286941242,0.013583842286941242,false
255,true,0.8502885856120249,-901674.0513919493,908899.1703844926,0.17691679985728115,0.3685121223097667,8,false,0.013583842286941242,0.013583842286941242,false
255,true,0.9980577910745542,-901666.5320035531,909065.1295893199,-0.0429275743663311,-0.21049970423337072,8,false,0.013583842286941242,0.013583842286941242,false
255,true,0.9347243731908041,-901656.7830001455,909072.1381443386,0.08238982071634382,0.27252794499509037,8,false,0.013583842286941242,0.013583842286941242,false
255,true,0.99946665787977,-901621.1543564929,908991.2486014458,-0.028505548601970077,-0.2769579964224249,8,false,0.013583842286941242,0.013583842286941242,false
255,true,0.912060846270958,-901572.7454345606,909021.1774201038,-0.1184716405114159,0.3054425629088655,8,false,0.013583842286941242,0.013583842286941242,false
255,true,0.9676151003426927,-901491.0069184509,908842.7990787119,-0.06558842619415373,0.12812914443202317,8,false,0.013583842286941242,0.013583842286941242,false
255,true,0.9708004253338615,-901592.8877944509,908806.3278554846,0.056998275220394135,0.09808480879291892,8,false,0.013583842286941242,0.013583842286941242,false
255,true,0.9960718516226933,-901510.0853758766,908983.1523478655,0.01722254720516503,-0.10606770112644881,8,false,0.013583842286941242,0.013583842286941242,false
255,true,0.7357115613922481,-901669.0216542598,908836.994446378,0.46332390210591257,0.7791288587031886,8,false,0.013583842286941242,0.013583842286941242,false
255,true,0.9812851472379163,-901628.1833154543,908976.4495679503,0.1480234970804304,-0.5734433047473431,8,false,0.013583842286941242,0.013583842286941242,false
255,true,0.9866947889423126,-901308.6913460724,908685.9690900382,-0.5767940829973668,-0.7351045098621398,8,false,0.013583842286941242,0.013583842286941242,false
255,true,0.9996260446580039,-901402.8591528867,908740.0597739656,-0.10212629695888609,-0.19265370222274214,8,false,0.013583842286941242,0.013583842286941242,false
255,true,0.9518008461152939,-901626.3779001621,908830.9985247109,0.062399511225521564,0.14661053230520338,8,false,0.013583842286941242,0.013583842286941242,false
255,true,0.9682716582977918,-901616.1709308454,908869.5654114041,-0.06132066389545798,0.12713584920857102,8,false,0.013583842286941242,0.013583842286941242,false
255,true,0.9958084615368452,-901604.6200768974,909002.2730357887,-0.0376411119941622,-0.06500220764428377,8,false,0.013583842286941242,0.013583842286941242,false
255,true,0.7848722702587658,-901764.4893209789,909132.7104389543,0.45869381667580456,0.5327208219096065,8,false,0.013583842286941242,0.013583842286941242,false
255,true,0.9927851419688563,-901844.0755418334,909204.1935658491,-0.43024757062084973,-0.46275795192923397,8,false,0.013583842286941242,0.013583842286941242,false
255,true,0.9085825941856035,-901641.9594608077,909184.3444638664,0.10080658621154726,0.24102711537852883,8,false,0.013583842286941242,0.013583842286941242,false
255,true,0.9887420561240134,-901656.7065782354,908984.8525760764,-0.05888675164896995,-0.14882011932786554,8,false,0.013583842286941242,0.013583842286941242,false
255,true,0.9587610175282761,-901484.1724494306,908899.7422338495,-0.03382873034570366,0.14961519686039537,8,false,0.013583842286941242,0.013583842286941242,false
255,true,0.9624903535730817,-901476.5784997417,908763.8337100826,0.09271557186730206,0.12111405504401773,8,false,0.013583842286941242,0.013583842286941242,false
255,true,0.8088937000906904,-901635.3048155183,908903.0442959694,0.3975741475587711,0.5560396322980523,8,false,0.013583842286941242,0.013583842286941242,false
255,true,0.8959563114100709,-901590.4569620064,908989.9107378104,-0.19105916132684797,-0.5234470372088253,8,false,0.013583842286941242,0.013583842286941242,false
255,true,0.9492252918876498,-901538.8948094244,908825.145142666,-0.016371645382605493,-0.35217125981580466,8,false,0.013583842286941242,0.013583842286941242,false
255,true,0.8026933687665507,-901584.8391687074,909086.2854621082,0.4333044143859297,0.6927975030848756,8,false,0.013583842286941242,0.013583842286941242,false
255,true,0.9089885693870349,-901573.8813946587,908911.467145066,-0.7474699331214651,-0.764874454587698,8,false,0.013583842286941242,0.013583842286941242,false
255,true,0.9801098264229468,-901429.0721678409,908738.5992315828,0.015881297294981778,0.0756281599169597,8,false,0.013583842286941242,0.013583842286941242,false
255,true,0.9649360663708152,-901512.5915445056,908731.1927600959,0.011440256726928055,0.11151742294896394,8,false,0.013583842286941242,0.013583842286941242,false
255,true,0.999301383474234,-901557.560960725,908813.8566976517,-0.026044143131002784,-0.0646476821275428,8,false,0.013583842286941242,0.013583842286941242,false
255,true,0.9841962103811567,-901578.2623967386,908902.9984684188,0.02423414122313261,0.05231324443593621,8,false,0.013583842286941242,0.013583842286941242,false
255,true,0.8761403173969343,-901619.7085624932,908840.7014056033,0.1134464155184105,0.31600099615752697,8,false,0.013583842286941242,0.013583842286941242,false
255,true,0.9735565234087249,-901594.4060399252,908981.8450954164,-0.05194553290493786,-0.16611754521727562,8,false,0.013583842286941242,0.013583842286941242,false
255,true,0.9048040898197292,-901593.5380359573,908955.165157146,0.00421550776809454,0.2996148514794186,8,false,0.013583842286941242,0.013583842286941242,false
255,true,0.5970675786556751,-901643.8032015126,908993.9899099016,0.05419201438780874,1.339549184893258,8,false,0.013583842286941242,0.013583842286941242,false
255,true,0.9924693790875758,-901449.0027900077,908896.6855147366,-0.11574067687615752,-0.1802528245607391,8,false,0.013583842286941242,0.013583842286941242,false
255,true,0.9657403974011453,-901599.8105665743,908840.8705662066,0.04693503514863551,0.11854415002744645,8,false,0.013583842286941242,0.013583842286941242,false
255,true,0.9460507553767222,-901371.1197392046,908671.5283349659,-0.028612846159376204,0.20090809697285295,8,false,0.013583842286941242,0.013583842286941242,false
255,true,0.998845191495008,-901438.5496392159,908611.9577245014,-0.08045379410032183,-0.09222934406716377,8,false,0.013583842286941242,0.013583842286941242,false
255,true,0.8096853301712832,-901505.7529313078,908682.9513550933,0.25703962019179016,0.43055299180559814,8,false,0.013583842286941242,0.013583842286941242,false
255,true,0.9969316270068972,-901603.3474791304,908916.4547867444,0.002025730675086379,-0.24225982767529786,8,false,0.013583842286941242,0.013583842286941242,false
255,true,0.8145912022557105,-901657.4809854311,909071.0460777032,0.0746357892639935,0.6114949793554842,8,false,0.013583842286941242,0.013583842286941242,false
255,true,0.9815471437786525,-901555.0460218345,908977.9309570848,-0.2057722486788407,-0.3296791895991191,8,false,0.013583842286941242,0.013583842286941242,false
255,true,0.8330886945120525,-901597.9830133035,908900.1961004765,0.2684540688060224,0.4719217953970656,8,false,0.013583842286941242,0.013583842286941242,false
255,true,0.9992915557909874,-901566.6399188817,908936.3811868384,-0.3192655008751899,-0.4049829817377031,8,false,0.013583842286941242,0.013583842286941242,false
255,true,0.999295889075313,-901562.0826747258,908893.8875055914,-0.055781238595955074,-0.08434534771367908,8,false,0.013583842286941242,0.013583842286941242,false
255,true,0.9649240704726,-901649.3459436558,909033.83902563,0.02081388619262725,0.08822841255459934,8,false,0.013583842286941242,0.013583842286941242,false
255,true,0.8104429535325377,-901351.7592200934,908780.513738254,-0.042159664328210056,0.4919784474186599,8,false,0.013583842286941242,0.013583842286941242,false
255,true,0.9647390085217826,-901417.2242180295,908796.5765240311,0.0039368526777252555,0.09194938570726663,8,false,0.013583842286941242,0.013583842286941242,false
255,true,0.7994939360646792,-901587.0484923628,908773.003793725,0.03810926584992558,0.4845443388912827,8,false,0.013583842286941242,0.013583842286941242,false
255,true,0.6169621528722953,-901539.599991816,908982.5348841272,0.13226658280473202,1.1601515631191432,8,false,0.013583842286941242,0.013583842286941242,false
255,true,0.918272297590283,-901630.0815163057,909016.1370616733,0.04881579999346286,0.2619329278822988,8,false,0.013583842286941242,0.013583842286941242,false
255,true,0.9791696442541824,-901607.9100891023,908883.8454206941,-0.21552572201471776,-0.22111571510322392,8,false,0.013583842286941242,0.013583842286941242,false
255,true,0.9677258634486738,-901657.327802833,909006.0964856901,0.03639274649322033,0.08730624860618263,8,false,0.013583842286941242,0.013583842286941242,false
255,true,0.9398304409988009,-901644.2234781941,908919.4295864265,0.07699871971271932,0.16575564886443317,8,false,0.013583842286941242,0.013583842286941242,false
255,true,0.9462978278291178,-901558.8546886676,908970.4610443789,0.12401057046372443,0.18007598852273077,8,false,0.013583842286941242,0.013583842286941242,false
255,true,0.9813954076192397,-901458.6801797026,908828.1632803052,-0.07009713165462017,-0.23664987471420318,8,false,0.013583842286941242,0.013583842286941242,false
255,true,0.9604774747011865,-901669.0482480852,908961.0999998072,-0.07675437536090612,0.16748607612680644,8,false,0.013583842286941242,0.013583842286941242,false
255,true,0.8940672600515969,-901584.0917559682,909025.4843931659,0.1671441594371572,0.2983801750233397,8,false,0.013583842286941242,0.013583842286941242,false
255,true,0.9779598362177468,-901517.8968718069,908906.917592834,-0.19966960279271007,-0.25873699074145406,8,false,0.013583842286941242,0.013583842286941242,false
255,true,0.9399233887832482,-901642.3780078335,908899.7076355366,-0.0046980875777080655,0.17805421527009457,8,false,0.013583842286941242,0.013583842286941242,false
255,true,0.9394483291389214,-901535.8776727652,908986.8340026531,0.03635925322305411,0.1608747416175902,8,false,0.013583842286941242,0.013583842286941242,false
255,true,0.9912934104725654,-901582.7224766434,908863.6992068168,0.050042521324940026,-0.07707821996882558,8,false,0.013583842286941242,0.013583842286941242,false
255,true,0.7757460827011367,-901594.1709232894,908939.7029246864,-0.07987785944715142,0.6816337746568024,8,false,0.013583842286941242,0.013583842286941242,false
255,true,0.7570705278656334,-901551.3361839184,909012.7412724936,0.6002898903097957,0.6229426433565095,8,false,0.013583842286941242,0.013583842286941242,false
255,true,1.0,-901505.2023509565,908960.6612706652,-0.3917730920948088,-0.6553138137096539,8,false,0.013583842286941242,0.013583842286941242,false
255,true,0.9168338933566865,-901465.8304417955,908755.5520618801,0.13847941730637103,0.34511517989449203,8,false,0.013583842286941242,0.013583842286941242,false
255,true,0.9991780857726386,-901523.5644054209,908909.3359676336,-0.28378562710713595,-0.43181765265762806,8,false,0.013583842286941242,0.013583842286941242,false
255,true,0.9337844285380213,-901481.8227515889,908809.7236405816,-0.055792105151340365,0.2153057474642992,8,false,0.013583842286941242,0.013583842286941242,false
255,true,0.9300367429415669,-901510.5222255191,908861.9813548598,-0.017663019010797143,0.21013242239132524,8,false,0.013583842286941242,0.013583842286941242,false
255,true,0.9850977906953555,-901625.6563250573,908812.9656862876,0.06324382498860359,0.07540811598300934,8,false,0.013583842286941242,0.013583842286941242,false
255,true,0.9577927500327484,-901583.4733694746,908979.9261637084,0.12843426736071706,0.16326447972096503,8,false,0.013583842286941242,0.013583842286941242,false
255,true,0.9937216371632683,-901666.2430943854,908937.7951917324,-0.16848938819020987,-0.2318022808758542,8,false,0.013583842286941242,0.013583842286941242,false
255,true,0.9384359791224249,-901633.1451929123,909064.4268515289,0.006560228182934225,0.1915487227961421,8,false,0.013583842286941242,0.013583842286941242,false
255,true,0.9420793091375137,-901698.4650218848,909083.0991942375,0.02132247108966112,0.21283602074254304,8,false,0.013583842286941242,0.013583842286941242,false
255,true,0.9961036890191595,-901663.035354011,909111.5074795099,-0.07093176152557135,-0.1060890844091773,8,false,0.013583842286941242,0.013583842286941242,false
255,true,0.9906800721165676,-901573.0411858986,909020.6609671793,0.00479574128985405,0.04917028115596622,8,false,0.013583842286941242,0.013583842286941242,false
255,true,0.9967453422258737,-901496.518778053,908855.9632317101,-0.018704063957557082,-0.046614832361228764,8,false,0.013583842286941242,0.013583842286941242,false
255,true,0.9682087726552087,-901618.1787221013,908936.5428361567,0.010724540101364255,0.09097384626511484,8,false,0.013583842286941242,0.013583842286941242,false
255,true,0.6058139963843748,-901556.7226714152,908898.0338043772,1.0552315443055704,1.1699880104279146,8,false,0.013583842286941242,0.013583842286941242,false
255,true,0.9978972726122441,-901606.3118856684,908930.314324793,-0.9960940968012437,-1.0732453457312658,8,false,0.013583842286941242,0.013583842286941242,false
255,true,0.9675326632568425,-901524.6162195322,908830.6739272228,0.016856015659868717,0.13030084350612015,8,false,0.013583842286941242,0.013583842286941242,false
255,true,0.9417862149619561,-901577.407006316,908834.3893664151,0.03819627175107598,0.18426204402931035,8,false,0.013583842286941242,0.013583842286941242,false
255,true,0.9818835986767604,-901541.0258281786,908930.8216425561,0.014167636632919312,-0.15034024324268103,8,false,0.013583842286941242,0.013583842286941242,false
255,true,0.9255673491694293,-901632.8496687325,908982.7180879944,0.177991914562881,0.2523685261840001,8,false,0.013583842286941242,0.013583842286941242,false
255,true,0.9965372939707768,-901642.1556159192,909073.6852446375,0.027292144251987338,-0.3383016027510166,8,false,0.013583842286941242,0.013583842286941242,false
255,true,0.9491958811288376,-901765.7527508934,909215.9502532476,-0.3044316121377051,-0.3622129181167111,8,false,0.013583842286941242,0.013583842286941242,false
255,true,0.9583013357835397,-901700.7044152983,909185.3349818886,-0.0037900147726759315,0.13246989506296813,8,false,0.013583842286941242,0.013583842286941242,false
255,true,0.8877295193329431,-901760.4595324257,909226.6591618904,0.16956510045565665,0.29382531403098255,8,false,0.013583842286941242,0.013583842286941242,false
255,true,0.994748041330856,-901754.4644594094,909239.729610724,-0.10113681713119149,-0.19836785818915814,8,false,0.013583842286941242,0.013583842286941242,false
255,true,0.9951824034187849,-901502.9415413428,909031.1490474642,-0.031074809841811657,-0.12279431405477226,8,false,0.013583842286941242,0.013583842286941242,false
255,true,0.985439631106401,-901713.0660225012,908965.5849728631,-0.0023096214281395078,0.0953946034424007,8,false,0.013583842286941242,0.013583842286941242,false
255,true,0.9761496876453343,-901596.2610212436,909051.8701183798,-0.05417344823945314,0.10835513332858682,8,false,0.013583842286941242,0.013583842286941242,false
255,true,0.9524479889423241,-901545.4054821753,908877.5360998504,0.06504585442598909,0.13807761890348047,8,false,0.013583842286941242,0.013583842286941242,false
255,true,0.9725794921368122,-901510.7863559471,908811.2448332909,-0.0819011643761769,-0.1255651640240103,8,false,0.013583842286941242,0.013583842286941242,false
255,true,0.7968623689542632,-901486.3394183455,908812.6464019037,0.4315416789613664,0.4873765332158655,8,false,0.013583842286941242,0.013583842286941242,false
255,true,0.8619885465293531,-901539.6275345143,908756.7869018822,0.4821910524042323,0.5402561468072236,8,false,0.013583842286941242,0.013583842286941242,false
255,true,0.9953190440248236,-901538.2738155824,908903.2619108317,-0.8890680490294471,-0.9023035209393129,8,false,0.013583842286941242,0.013583842286941242,false
255,true,0.6430250185701901,-901595.1006283152,908842.1564614478,0.31196730863302946,1.0592488360125571,8,false,0.013583842286941242,0.013583842286941242,false
255,true,0.9938104006589465,-901780.2988807864,909026.7789797466,-0.3270061315270141,-0.3638950429158285,8,false,0.013583842286941242,0.013583842286941242,false
255,true,0.9390179374481752,-901755.6898016967,909050.2608500441,0.09835547662805766,0.1549258924787864,8,false,0.013583842286941242,0.013583842286941242,false
255,true,0.7728884621365454,-901632.4934988387,909144.0187735651,0.6177343785529956,0.6693240877939388,8,false,0.013583842286941242,0.013583842286941242,false
255,true,0.9792016106784307,-901558.8598059173,908936.0519950414,-0.6247988819377497,-0.7422344614751637,8,false,0.013583842286941242,0.013583842286941242,false
255,true,0.9995852855158995,-901556.4334070636,908867.61235764,-0.01695051696151495,-0.11795314576011151,8,false,0.013583842286941242,0.013583842286941242,false
255,true,0.8293560635528829,-901444.3137860511,908811.5360555721,0.28096300328616053,0.4822807083837688,8,false,0.013583842286941242,0.013583842286941242,false
255,true,0.9556706417382433,-901357.2182991494,908727.9300492193,-0.05346231523435563,-0.3791299235308543,8,false,0.013583842286941242,0.013583842286941242,false
255,true,0.8915371101060546,-901374.1761481797,908680.65339635,0.37325199344195426,0.39323057094588876,8,false,0.013583842286941242,0.013583842286941242,false
255,true,0.9843167694879142,-901518.0589330118,908672.4899622609,0.11342400044668466,-0.7061086988542229,8,false,0.013583842286941242,0.013583842286941242,false
255,true,0.9522022139600891,-901635.0658236574,908950.7030853659,0.25309609388932586,-0.792185134254396,8,false,0.013583842286941242,0.013583842286941242,false
255,true,1.0,-901704.4795496869,909065.6549564628,-1.0064515739213675,-1.0414079955080524,8,false,0.013583842286941242,0.013583842286941242,false
255,true,0.9950445196907179,-901689.641165243,908927.3812548142,-0.026905772043392062,-0.05114045680966228,8,false,0.013583842286941242,0.013583842286941242,false
255,true,0.9887300000885864,-901557.3449846113,909043.6194318868,0.0031006408389657736,0.06194829463493079,8,false,0.013583842286941242,0.013583842286941242,false
255,true,0.6801432970418856,-901645.7994812195,908904.646844458,0.14423066074959934,0.8866602167254314,8,false,0.013583842286941242,0.013583842286941242,false
255,true,0.9956626053626161,-901591.4634122689,909027.2749891458,-0.040977951721288264,-0.16214419214520603,8,false,0.013583842286941242,0.013583842286941242,false
255,true,0.9521370594760223,-901606.1932004455,909021.2917130972,0.10250065184663981,0.18138731678482145,8,false,0.013583842286941242,0.013583842286941242,false
255,true,0.9995713253109004,-901512.4713709276,908988.6158992812,-0.09226087492424995,-0.2455150953028351,8,false,0.013583842286941242,0.013583842286941242,false
255,true,0.9963365245587983,-901613.0581749621,908866.809510493,-0.0003259907243773341,-0.14874809596221894,8,false,0.013583842286941242,0.013583842286941242,false
255,true,0.9753127256825815,-901667.7163406841,908979.9111144237,-0.00841455499175936,-0.14492083503864706,8,false,0.013583842286941242,0.013583842286941242,false
255,true,0.9964920073743144,-901645.1848483369,909044.6024040923,-0.009132452658377588,-0.13233376119751483,8,false,0.013583842286941242,0.013583842286941242,false
255,true,0.871158867925899,-901635.6525087615,909020.1042628884,0.1702321160119027,0.3840941598173231,8,false,0.013583842286941242,0.013583842286941242,false
255,true,0.9868416779312426,-901606.4162010624,908995.0431387641,0.06754656636621803,-0.2934955448145047,8,false,0.013583842286941242,0.013583842286941242,false
255,true,0.9983505684308136,-901515.2499528888,908942.0046698502,-0.0984162949025631,-0.36147415707819164,8,false,0.013583842286941242,0.013583842286941242,false
255,true,0.9991662114756631,-901425.623384008,908742.8652273981,-0.03313433192670345,-0.27188095496967435,8,false,0.013583842286941242,0.013583842286941242,false
255,true,0.9916955486239606,-901548.738176023,908782.9043376464,-0.18988281581550837,-0.24194335518404841,8,false,0.013583842286941242,0.013583842286941242,false
255,true,0.9120555766282122,-901568.7242599678,908870.3328510697,-0.03232408780604601,0.24027883866801858,8,false,0.013583842286941242,0.013583842286941242,false
255,true,0.9763563395608348,-901561.2942035199,908877.4179337886,0.005752352066338062,0.07337849063333124,8,false,0.013583842286941242,0.013583842286941242,false
255,true,0.8592553055671697,-901558.7601339801,908914.9430663246,0.04831375181674957,0.3235919250873849,8,false,0.013583842286941242,0.013583842286941242,false
255,true,0.9886872398324319,-901537.0489905496,908852.5621134983,0.02903913671616465,-0.08040150091983378,8,false,0.013583842286941242,0.013583842286941242,false
255,true,0.9718108101177413,-901529.8189624919,908905.1075771109,0.08522322680801153,0.11863735818769783,8,false,0.013583842286941242,0.013583842286941242,false
255,true,0.9995622460742489,-901549.0744221882,908867.4068791675,0.0018826513551175594,-0.17916304396931082,8,false,0.013583842286941242,0.013583842286941242,false
255,true,0.942093624701554,-901570.5621721233,908942.7603432263,-0.07127338310237974,0.23742584965657443,8,false,0.013583842286941242,0.013583842286941242,false
255,true,0.9523137061711221,-901816.0422672494,909041.6021466313,-0.058895618887618184,0.16332077817060053,8,false,0.013583842286941242,0.013583842286941242,false
255,true,0.9450638530116916,-901664.3755087216,909170.9078269212,-0.01658134744502604,0.15949075855314732,8,false,0.013583842286941242,0.013583842286941242,false
255,true,0.9773561539935599,-901501.9000653283,908937.5657947323,-0.0076723890379071236,0.08224476163741201,8,false,0.013583842286941242,0.013583842286941242,false
255,true,0.9609561411002455,-901610.4571200187,909013.6209376197,0.023015462676994503,0.11114496598020196,8,false,0.013583842286941242,0.013583842286941242,false
255,true,0.9975259200264274,-901580.673732805,908995.6056145258,-0.03754991199821234,-0.07082946901209652,8,false,0.013583842286941242,0.013583842286941242,false
255,true,0.9528645626422669,-901595.4093225845,909155.8702129824,0.05052401160355657,0.12261476425919682,8,false,0.013583842286941242,0.013583842286941242,false
255,true,0.7356930673720339,-901566.6434448384,909064.5177935489,0.1601084761787206,0.7383332175668329,8,false,0.013583842286941242,0.013583842286941242,false
255,true,0.9238298284555457,-901661.687707152,909021.0241711334,-0.16717820672784,0.2705355865182355,8,false,0.013583842286941242,0.013583842286941242,false
255,true,0.9491216888451672,-901667.0093026742,909166.4252984554,0.02581280388403684,0.14583731978200376,8,false,0.013583842286941242,0.013583842286941242,false
255,true,0.9659583314903791,-901571.6770344584,909105.82889503,0.10637099982704967,0.12263047113083303,8,false,0.013583842286941242,0.013583842286941242,false
255,true,0.9834310145831927,-901449.4205855153,908783.8768085128,-0.12091993493959308,-0.19854626373853534,8,false,0.013583842286941242,0.013583842286941242,false
255,true,0.9614747116902088,-901581.0098992094,908912.046817419,0.050220014178194106,0.14192935498431325,8,false,0.013583842286941242,0.013583842286941242,false
255,true,0.98121294834977,-901606.8310335035,908873.3217464221,-0.0414141007931903,-0.10881686629727483,8,false,0.013583842286941242,0.013583842286941242,false
255,true,0.9789147024422994,-901634.5717553468,908933.7621597472,-0.017685489379800856,0.09149638446979225,8,false,0.013583842286941242,0.013583842286941242,false
255,true,0.9275581651095469,-901662.9299045554,909046.6826512938,0.07357017579488456,0.2004853335674852,8,false,0.013583842286941242,0.013583842286941242,false
255,true,0.9549995899987642,-901550.4045977363,908943.5050134766,0.10221045580692589,0.171393730212003,8,false,0.013583842286941242,0.013583842286941242,false
255,true,0.9611256587259857,-901728.7393847242,909000.729820639,-0.19604542118031532,-0.2470057272585109,8,false,0.013583842286941242,0.013583842286941242,false
255,true,0.999188122268469,-901466.3564739423,908879.7150432945,-0.0217916255351156,-0.061607085866853595,8,false,0.013583842286941242,0.013583842286941242,false
255,true,0.7876430796719361,-901531.8766330446,908724.7930752962,0.4899751441553235,0.5224528718972579,8,false,0.013583842286941242,0.013583842286941242,false
255,true,0.9998243389979886,-901581.0924772322,908884.3263979198,-0.16061045287642628,-0.5198041703552008,8,false,0.013583842286941242,0.013583842286941242,false
255,true,0.9664730897519661,-901497.1702417461,908783.9914671828,0.005654730019159615,-0.3600342004792765,8,false,0.013583842286941242,0.013583842286941242,false
255,true,0.965074922077692,-901613.9044745637,908901.0804802154,-0.16716071648988873,-0.347779618576169,8,false,0.013583842286941242,0.013583842286941242,false
255,true,0.9816812002878991,-901714.5561784295,909132.1380025141,-0.08889495581388474,-0.18156059202738106,8,false,0.013583842286941242,0.013583842286941242,false
255,true,0.9986178443289215,-901696.8148355733,908982.0402868324,-0.0214499105932191,-0.11071887682192028,8,false,0.013583842286941242,0.013583842286941242,false
255,true,0.9982418150623666,-901551.0935512078,908977.4981052403,-0.0067328354343771935,-0.08359162393026054,8,false,0.013583842286941242,0.013583842286941242,false
255,true,0.9859621549222618,-901499.82559899,908855.4470945724,0.02414089418016374,0.08664896711707115,8,false,0.013583842286941242,0.013583842286941242,false
255,true,0.8901396170302145,-901549.013269427,908887.484509705,0.2696031366940588,0.3206492313183844,8,false,0.013583842286941242,0.013583842286941242,false
255,true,0.853933613966482,-901516.8066159751,908972.865660275,-0.14904058317188174,0.5129455152200535,8,false,0.013583842286941242,0.013583842286941242,false
255,true,0.9969898531816548,-901520.341421113,908965.850053412,-0.16632147692143917,-0.22214958595577627,8,false,0.013583842286941242,0.013583842286941242,false
255,true,0.9909667988144903,-901415.9681568623,908733.3715626053,-0.020995657658204436,-0.06634135218337178,8,false,0.013583842286941242,0.013583842286941242,false
255,true,0.9295459444550147,-901467.4387689991,908822.3745037791,-0.021020927000790834,0.1886365843238309,8,false,0.013583842286941242,0.013583842286941242,false
255,true,0.9883947143244199,-901533.5338665566,908874.1181816934,-0.010189488180913031,0.04467538243625313,8,false,0.013583842286941242,0.013583842286941242,false
255,true,0.9708279948572741,-901660.2349486329,909010.1632971137,0.06015334487892687,0.07148833246901631,8,false,0.013583842286941242,0.013583842286941242,false
255,true,0.9377408189859213,-901725.7118570304,909143.2469076662,0.004952591378241777,0.16817116818856448,8,false,0.013583842286941242,0.013583842286941242,false
255,true,0.9950121306528417,-901661.3673952442,909155.9665958439,0.007823923835530877,-0.05942975962534547,8,false,0.013583842286941242,0.013583842286941242,false
255,true,0.9340428531386199,-901698.9958927991,909029.7608608797,0.030768722179345787,0.20657820405904204,8,false,0.013583842286941242,0.013583842286941242,false
255,true,0.9765741662872562,-901511.6348029635,908991.0968386914,0.029446851462125778,0.10821030614897609,8,false,0.013583842286941242,0.013583842286941242,false
255,true,0.9185010475566122,-901441.7769759264,908669.9502405308,-0.0309832381317392,0.26153608318418264,8,false,0.013583842286941242,0.013583842286941242,false
255,true,0.9943165879530754,-901404.4445281457,908789.6310475513,-0.015881494618952274,-0.09347638546023518,8,false,0.013583842286941242,0.013583842286941242,false
255,true,0.9657301666875732,-901797.7459429892,908953.6675459632,0.014101157197728753,0.12914840830489993,8,false,0.013583842286941242,0.013583842286941242,false
255,true,0.9207336797462499,-901681.1538405173,909282.1891228762,0.19439005060121417,0.2343360499944538,8,false,0.013583842286941242,0.013583842286941242,false
255,true,0.9320646330251514,-901510.4603977259,908974.336581439,0.11654616077430546,0.31504587980452925,8,false,0.013583842286941242,0.013583842286941242,false
255,true,0.9947770591215861,-901535.1865409398,908804.9147813095,-0.3848503630142659,-0.41466202784795314,8,false,0.013583842286941242,0.013583842286941242,false
255,true,0.9686348803843455,-901551.361278267,908882.0161201626,0.02886614471208304,0.0830823186552152,8,false,0.013583842286941242,0.013583842286941242,false
255,true,0.9808004724941034,-901576.899761618,908767.9436535059,0.011209962773136795,0.07170589058659971,8,false,0.013583842286941242,0.013583842286941242,false
255,true,0.9982262160436906,-901455.806027821,908783.9806248887,-0.06362840521614999,-0.07707889832090586,8,false,0.013583842286941242,0.013583842286941242,false
255,true,0.8758539883915931,-901596.7298760707,908793.8789579336,0.18067945027723908,0.2891620211303234,8,false,0.013583842286941242,0.013583842286941242,false
255,true,0.9652240303574556,-901657.7218241725,909046.9253634989,-0.1719270235626027,-0.18559208326041698,8,false,0.013583842286941242,0.013583842286941242,false
255,true,0.9648116752851795,-901517.5881762718,908964.7703914347,0.03387536748778075,0.08263979246839881,8,false,0.013583842286941242,0.013583842286941242,false
255,true,0.9926204243149455,-901628.1993694197,908899.4804234275,-0.009611403569579124,-0.044127236236818135,8,false,0.013583842286941242,0.013583842286941242,false
255,true,0.8848523650276656,-901567.799265358,908932.4843082122,-0.005480526247993112,0.2864461444551125,8,false,0.013583842286941242,0.013583842286941242,false
255,true,0.9823000238653524,-901641.349676355,908912.6975465682,0.026577933225780725,0.07182401476893574,8,false,0.013583842286941242,0.013583842286941242,false
255,true,0.877632395025938,-901584.0509092426,908969.0674129139,0.04372973192948848,0.3227278412086889,8,false,0.013583842286941242,0.013583842286941242,false
255,true,0.9888576956714152,-901643.3189734018,909026.1255522752,0.053209809586405754,-0.11573034571483731,8,false,0.013583842286941242,0.013583842286941242,false
255,true,0.9992216941126465,-901614.4073827832,908876.0264059077,-0.13315051374956965,-0.16259362641721964,8,false,0.013583842286941242,0.013583842286941242,false
255,true,0.8053361418563147,-901691.2243747641,909046.2893253164,0.42857421701774,0.4615670406492427,8,false,0.013583842286941242,0.013583842286941242,false
255,true,0.9772949388336977,-901715.9006096558,909054.3725103798,-0.3097261870279908,-0.4145509051159024,8,false,0.013583842286941242,0.013583842286941242,false
255,true,0.9988837714906595,-901682.3928511128,909138.9847133609,-0.09201985446270555,-0.11678232334088534,8,false,0.013583842286941242,0.013583842286941242,false
255,true,0.9839918449434936,-901643.6202080087,908979.8252676676,-0.05252937227487564,0.07537016237620264,8,false,0.013583842286941242,0.013583842286941242,false
255,true,0.8472868616751937,-901651.0662863627,909069.8959834517,0.12839361804071814,0.3232116389553994,8,false,0.013583842286941242,0.013583842286941242,false
255,true,0.704306393881076,-901733.5374195902,909119.60037883,-0.10185252537485212,0.8835059392731637,8,false,0.013583842286941242,0.013583842286941242,false
255,true,0.703351090102053,-901590.9623595928,909124.1578723934,0.22239667957182974,0.7741664948407561,8,false,0.013583842286941242,0.013583842286941242,false
255,true,0.9515226036686317,-901610.0062008961,909026.4730115865,-0.1238792120711878,-0.23213185323402286,8,false,0.013583842286941242,0.013583842286941242,false
255,true,0.9823100169928007,-901446.6882205077,908811.3544039343,0.049001920502632856,-0.11429369484540075,8,false,0.013583842286941242,0.013583842286941242,false
255,true,0.9211020002077605,-901499.6116164958,908803.3486079985,-0.07214745134115219,0.27655822690576315,8,false,0.013583842286941242,0.013583842286941242,false
255,true,0.9978981151230712,-901574.1683431981,908832.7968307066,-0.0649078469723463,-0.10117951815482229,8,false,0.013583842286941242,0.013583842286941242,false
255,true,0.9895134355327047,-901531.5818151772,908921.876101284,-0.0043734199134632945,0.04521109920460731,8,false,0.013583842286941242,0.013583842286941242,false
255,true,0.980818651601326,-901651.6462330049,909043.8764240935,0.04737916705198586,0.06362083822023124,8,false,0.013583842286941242,0.013583842286941242,false
255,true,0.9430270961730063,-901530.4218192186,908983.6947559622,0.08674499113112688,0.1806030257139355,8,false,0.013583842286941242,0.013583842286941242,false
255,true,0.9857642568940194,-901430.0385709957,908783.7436919998,-0.16229349374771118,-0.16229349374771118,8,false,0.013583842286941242,0.013583842286941242,false
255,true,0.9735621090899247,-901433.0028311637,908735.3104519069,0.006255212821997702,0.06370605737902224,8,false,0.013583842286941242,0.013583842286941242,false
255,true,0.9428246643223503,-901458.7741622453,908765.5112604188,0.0633942011045292,0.13004737894516438,8,false,0.013583842286941242,0.013583842286941242,false
255,true,0.9956776624888308,-901640.3504839706,908867.2665274786,-0.0031274291686713696,-0.08884496532846242,8,false,0.013583842286941242,0.013583842286941242,false
255,true,0.9922698449030033,-901661.9192000973,909003.3635601756,-0.02435349696315825,-0.0705433237599209,8,false,0.013583842286941242,0.013583842286941242,false
255,true,0.9689332562720944,-901620.4385065396,908914.7360841851,0.01133365137502551,0.1034978860989213,8,false,0.013583842286941242,0.013583842286941242,false
255,true,0.9868759899103242,-901506.5246938736,908874.9733625724,0.0067367012379691005,-0.06770887889433652,8,false,0.013583842286941242,0.013583842286941242,false
255,true,0.9434172080428247,-901401.3466469444,908663.1764110385,-0.0026987214805558324,0.1620715658646077,8,false,0.013583842286941242,0.013583842286941242,false
255,true,0.9701007282883661,-901616.0794150939,908758.7582612076,-0.040700064739212394,0.1010502502322197,8,false,0.013583842286941242,0.013583842286941242,false
255,true,0.9288961996918995,-901585.924047601,908950.6669511389,0.031035062740556896,0.1716343874577433,8,false,0.013583842286941242,0.013583842286941242,false
255,true,0.559978529190534,-901553.5508932022,908888.0906926484,-0.0505319747608155,1.4798463335027918,8,false,0.013583842286941242,0.013583842286941242,false
255,true,0.9198954360167876,-901543.3753058774,908971.511123603,0.09908441116567701,0.16859000292606652,8,false,0.013583842286941242,0.013583842286941242,false
255,true,0.988773617121215,-901596.8975943486,908956.6042856791,-0.052552327630110085,-0.09916326287202537,8,false,0.013583842286941242,0.013583842286941242,false
255,true,0.9971443073400159,-901585.6878372228,909032.3971328859,0.0021165930666029453,-0.05793660436756909,8,false,0.013583842286941242,0.013583842286941242,false
255,true,0.8526291860941243,-901508.1159423983,908877.3139781695,0.29590597096830606,0.36565428180620074,8,false,0.013583842286941242,0.013583842286941242,false
255,true,0.9734256637941544,-901349.7677217121,908649.450565042,-0.02619515941478312,-0.3539322663564235,8,false,0.013583842286941242,0.013583842286941242,false
255,true,0.9963912130282535,-901569.6060571249,908762.3506208666,-0.09269029053393751,-0.3108327368972823,8,false,0.013583842286941242,0.013583842286941242,false
255,true,0.889479075574828,-901689.0916853361,909038.0501037762,-0.1922638900578022,0.3704356640810147,8,false,0.013583842286941242,0.013583842286941242,false
255,true,0.8693120112678515,-901562.8748984264,909000.2094696239,0.015189573750831187,0.3246367694810033,8,false,0.013583842286941242,0.013583842286941242,false
255,true,0.7990885745197839,-901616.4263025328,908900.9329531863,0.4270697148749605,0.5041246803011745,8,false,0.013583842286941242,0.013583842286941242,false
255,true,0.9678492149224083,-901406.9266229572,908806.6670575214,0.06755802745465189,-0.4739486746257171,8,false,0.013583842286941242,0.013583842286941242,false
255,true,0.9815161062886741,-901321.0951218216,908717.3578726866,-0.4412603641394526,-0.515596856828779,8,false,0.013583842286941242,0.013583842286941242,false
255,true,0.9691525911004745,-901623.4562988649,908734.261314507,0.0863075868692249,0.13381364836823195,8,false,0.013583842286941242,0.013583842286941242,false
255,true,0.7535301166628801,-901668.9633413323,909022.1888726371,0.019057914381846786,0.7628091274527833,8,false,0.013583842286941242,0.013583842286941242,false
255,true,0.9903820942803049,-901610.1252745192,908838.6330159762,-0.1713906564982608,-0.22392092167865485,8,false,0.013583842286941242,0.013583842286941242,false
255,true,0.7944485182803601,-901628.2611266668,908985.6774587187,0.019717197050340474,0.510338977095671,8,false,0.013583842286941242,0.013583842286941242,false
255,true,0.9856675182952425,-901619.5737103502,909016.993506435,0.04367195733357221,0.0649512637173757,8,false,0.013583842286941242,0.013583842286941242,false
255,true,0.9864668140902794,-901613.3400286618,908978.1243497987,0.051159206428565085,-0.08909541822504252,8,false,0.013583842286941242,0.013583842286941242,false
255,true,0.8700913916027049,-901536.2874183725,908921.3879869061,0.2595862796297297,0.3741354603553191,8,false,0.013583842286941242,0.013583842286941242,false
255,true,0.9540918387141668,-901521.3925002312,908746.7764373567,-0.33138835802674294,-0.4121621832018718,8,false,0.013583842286941242,0.013583842286941242,false
255,true,0.9979106110017543,-901546.9856789447,908848.0587476518,-0.03243736212607473,-0.07775038480758667,8,false,0.013583842286941242,0.013583842286941242,false
255,true,0.9583535379834122,-901608.8944690628,908931.0170731008,-0.010461829951964319,0.12239274696912616,8,false,0.013583842286941242,0.013583842286941242,false
255,true,0.9571093353258299,-901647.8964469573,908932.7209481979,0.048041137866675854,0.11828206561040133,8,false,0.013583842286941242,0.013583842286941242,false
255,true,0.9896096969734549,-901589.9299302376,908896.900007632,-0.023761560092680156,-0.09319330344442278,8,false,0.013583842286941242,0.013583842286941242,false
255,true,0.9736635930443832,-901604.8917548574,908975.8037325146,0.028166393050923944,0.09856425132602453,8,false,0.013583842286941242,0.013583842286941242,false
255,true,0.9992543728738463,-901579.7623610283,908987.6903466207,-0.022236437303945422,-0.07250649947673082,8,false,0.013583842286941242,0.013583842286941242,false
255,true,0.9274788826346541,-901532.2284938053,908975.91595919,0.0922910775989294,0.1895325673976913,8,false,0.013583842286941242,0.013583842286941242,false
255,true,0.9932772554370822,-901571.1895097687,908936.8370492997,-0.04556038440205157,-0.13149345281999558,8,false,0.013583842286941242,0.013583842286941242,false
255,true,0.9999884024580828,-901591.246822595,908924.1952095475,-0.0772064805496484,-0.109779158141464,8,false,0.013583842286941242,0.013583842286941242,false
255,true,0.9808428411272667,-901696.9283706816,909069.422972073,0.03136259119492024,0.06166286126244813,8,false,0.013583842286941242,0.013583842286941242,false
255,true,0.993382014890468,-901582.8221524867,908998.9016748156,-0.06317890458740294,-0.08000856696162373,8,false,0.013583842286941242,0.013583842286941242,false
255,true,0.982993779493186,-901619.5972443465,908932.4447325093,0.03192991658579558,0.04613743268419057,8,false,0.013583842286941242,0.013583842286941242,false
255,true,0.5407669134396754,-901592.9351292411,908989.0262123565,0.7751286076381803,1.5258980891667306,8,false,0.013583842286941242,0.013583842286941242,false
255,true,0.9861896396915759,-901645.0907842369,909019.684393399,0.07742466672789305,-0.7950886574108154,8,false,0.013583842286941242,0.013583842286941242,false
255,true,0.9998243737564529,-901503.0496643469,908981.1755207336,-0.8347059247316793,-0.8910623607225716,8,false,0.013583842286941242,0.013583842286941242,false
255,true,0.8922795111559166,-901507.6488832183,908891.4674554174,0.18586875731125474,0.2909190149512142,8,false,0.013583842286941242,0.013583842286941242,false
255,true,0.9950211908560928,-901565.2154888915,908883.0731608818,-0.14966383099090308,-0.23825462465174496,8,false,0.013583842286941242,0.013583842286941242,false
255,true,0.8659639641209198,-901408.6444867593,908829.0918055023,0.2184907536720857,0.35709440626669675,8,false,0.013583842286941242,0.013583842286941242,false
255,true,0.9983890573765027,-901352.59735979,908709.683465195,-0.07788752496708184,-0.3003492421703413,8,false,0.013583842286941242,0.013583842286941242,false
255,true,0.933298492211429,-901498.9827705292,908641.2374887757,0.005951474071480334,0.25810626067686826,8,false,0.013583842286941242,0.013583842286941242,false
255,true,0.9997364106158713,-901423.2580461995,908682.1322908648,-0.12262435909360647,-0.24273319612257183,8,false,0.013583842286941242,0.013583842286941242,false
255,true,0.9930683465511876,-901526.4831341647,908776.4724896322,-0.05133683409076184,-0.10706559126265347,8,false,0.013583842286941242,0.013583842286941242,false
255,true,0.7122887350540144,-901652.8041943489,908914.5125923655,0.23148716508876532,0.8001251741079614,8,false,0.013583842286941242,0.013583842286941242,false
255,true,0.9956815987599528,-901617.3789626808,908845.5171171045,-0.22052976244594902,-0.2843964243074879,8,false,0.013583842286941242,0.013583842286941242,false
255,true,0.9076167511662503,-901718.78672802,909077.5609180067,-0.04997346899472177,0.2557025672867894,8,false,0.013583842286941242,0.013583842286941242,false
255,true,0.9987851620246657,-901698.6492899089,908967.1940111367,-0.002532091224566102,-0.027210978092625737,8,false,0.013583842286941242,0.013583842286941242,false
255,true,0.9905491674298381,-901598.8674428777,908869.0923380066,-0.01210745912976563,0.0470062056556344,8,false,0.013583842286941242,0.013583842286941242,false
255,true,0.9567303709335414,-901518.1282902263,908907.7853232024,0.03142918029334396,0.10317545314319432,8,false,0.013583842286941242,0.013583842286941242,false
255,true,0.8360205357133248,-901452.2352758433,908753.5724535224,-0.0053841519402340055,0.41802180209197104,8,false,0.013583842286941242,0.013583842286941242,false
255,true,0.9701326295868602,-901700.5985015669,908971.712818403,0.03476060112006962,0.09177545260172337,8,false,0.013583842286941242,0.013583842286941242,false
255,true,0.9769570723392342,-901530.2796759648,909007.0439906834,0.05725128320045769,0.09449427330400795,8,false,0.013583842286941242,0.013583842286941242,false
255,true,0.9934979422805437,-901535.3175937886,908771.4679295394,-0.045502322376705706,-0.12745238502975553,8,false,0.013583842286941242,0.013583842286941242,false
255,true,0.8297644086663017,-901410.0101673917,908701.8910483485,0.049679932184517384,0.4660923113115132,8,false,0.013583842286941242,0.013583842286941242,false
255,true,0.949509891026193,-901522.9927898063,908730.4833451589,0.11876121780369431,0.1960811932804063,8,false,0.013583842286941242,0.013583842286941242,false
255,true,0.9629970708226848,-901508.6462903871,908776.3225114438,0.09791756793856621,-0.2547040560748428,8,false,0.013583842286941242,0.013583842286941242,false
255,true,0.8602252500320351,-901634.2450316694,908860.3900937638,0.14954638935159892,0.49616342096123844,8,false,0.013583842286941242,0.013583842286941242,false
255,true,0.8850776193066424,-901519.4902877343,908925.1046118633,-0.4825437191175297,-0.4979106263490394,8,false,0.013583842286941242,0.013583842286941242,false
255,true,0.8458113335068171,-901679.0683546353,908986.8240882987,-0.0028157419292256236,0.36061416717711836,8,false,0.013583842286941242,0.013583842286941242,false
255,true,0.9977353551045599,-901655.8177206861,909116.6632234785,-0.010159721015952528,-0.024112773593515158,8,false,0.013583842286941242,0.013583842286941242,false
255,true,0.7850088615891877,-901572.1445917466,908957.5396152486,0.1830714251846075,0.5225656622787938,8,false,0.013583842286941242,0.013583842286941242,false
255,true,0.7338425860954368,-901619.7821188882,909053.3926716145,0.58600080141332,0.8427808587439358,8,false,0.013583842286941242,0.013583842286941242,false
255,true,0.8127293780234147,-901587.5321864588,908976.7717999958,-0.25363496819045395,0.8118370920419693,8,false,0.013583842286941242,0.013583842286941242,false
255,true,0.9857847268693692,-901667.2400339484,909004.3765150072,-0.30772761430125684,-0.5308874727925286,8,false,0.013583842286941242,0.013583842286941242,false
255,true,0.8943217280109723,-901617.8050521807,909068.6718177611,-0.07922541617881507,0.3679171272087842,8,false,0.013583842286941242,0.013583842286941242,false
255,true,0.8373915172577877,-901630.906376114,909043.292649048,0.31061803887132555,0.49020408221986145,8,false,0.013583842286941242,0.013583842286941242,false
255,true,0.9910258739111034,-901551.6082071913,908963.814385591,-0.17499694146681577,-0.4387039637658745,8,false,0.013583842286941242,0.013583842286941242,false
255,true,0.9757041744303762,-901664.9680661754,909025.3948829096,-0.16573373414576054,-0.27439584280364215,8,false,0.013583842286941242,0.013583842286941242,false
255,true,0.7428734216522945,-901767.1712984876,908989.5847079912,0.6190799530595541,0.7379253447288647,8,false,0.013583842286941242,0.013583842286941242,false
255,true,0.9825926635565595,-901719.7262914847,909239.2070894181,-0.34163530135992914,-0.6959081258391961,8,false,0.013583842286941242,0.013583842286941242,false
255,true,0.9338260646758727,-901663.6579819996,909104.1176021358,0.2546701413812116,-0.3769218100933358,8,false,0.013583842286941242,0.013583842286941242,false
255,true,1.0,-901713.3411092068,909076.008779694,-0.3999895192682743,-0.6294441709760576,8,false,0.013583842286941242,0.013583842286941242,false
255,true,0.9806526321977969,-901569.0897547656,909021.6659089489,-0.04816687852144241,-0.21589496021624655,8,false,0.013583842286941242,0.013583842286941242,false
255,true,0.9954859919877473,-901610.8109593327,908978.1914606208,0.020884202560409904,-0.1679220573278144,8,false,0.013583842286941242,0.013583842286941242,false
255,true,0.9871804749434898,-901630.5611342811,909010.4410133571,-0.13863748556468636,-0.20474582246970385,8,false,0.013583842286941242,0.013583842286941242,false
255,true,0.7617473004227406,-901548.3187722638,908984.3458758977,0.4361352351261303,0.646146924351342,8,false,0.013583842286941242,0.013583842286941242,false
255,true,0.9006583047095529,-901596.8053754207,908900.7672209196,-0.14748758811037987,-0.4976846855133772,8,false,0.013583842286941242,0.013583842286941242,false
255,true,0.9758141389260179,-901589.8034498343,908954.2426279824,-0.1922152949264273,-0.34096071193926036,8,false,0.013583842286941242,0.013583842286941242,false
255,true,0.9963504204882827,-901577.5443593195,908878.6247484309,-0.13288786355406046,-0.16002191219013184,8,false,0.013583842286941242,0.013583842286941242,false
255,true,0.8475482058387788,-901559.041330275,908966.09984284,0.05127023812383413,0.35339906613808125,8,false,0.013583842286941242,0.013583842286941242,false
255,true,0.9965160665586734,-901560.4820768845,908906.3622206408,-0.028196227154694498,-0.09770923457108438,8,false,0.013583842286941242,0.013583842286941242,false
255,true,0.9832859373252976,-901499.7314094511,908815.3847661571,0.01840914972126484,0.07399149460252374,8,false,0.013583842286941242,0.013583842286941242,false
255,true,0.9768678344078057,-901626.1270719988,908991.2240740657,0.06436099228449166,0.09507664060220122,8,false,0.013583842286941242,0.013583842286941242,false
255,true,0.9942081673537663,-901656.674736476,908926.3967087747,-0.10337036149576306,-0.1270613168599084,8,false,0.013583842286941242,0.013583842286941242,false
255,true,0.9855120076387394,-901497.8642476404,908986.4619175666,0.014810335822403431,0.05286832409910858,8,false,0.013583842286941242,0.013583842286941242,false
255,true,0.9907869864660849,-901622.6149405716,908907.2323287317,-0.03963736922014505,0.05366458720527589,8,false,0.013583842286941242,0.013583842286941242,false
255,true,0.9997184561308784,-901600.4812190331,908982.2649944512,-0.014378525665961206,-0.023559700814075768,8,false,0.013583842286941242,0.013583842286941242,false
255,true,0.9911562402987611,-901521.8665724387,908744.4490915969,0.019221374299377203,0.033991169184446335,8,false,0.013583842286941242,0.013583842286941242,false
255,true,0.8610625098051726,-901605.124081748,908939.3238022273,0.12701949186157435,0.3203258055727929,8,false,0.013583842286941242,0.013583842286941242,false
255,true,0.9999741674308459,-901591.0530997361,908973.3785151533,-0.07988110417500138,-0.1484648409532383,8,false,0.013583842286941242,0.013583842286941242,false
255,true,0.8836513474044844,-901613.0402427446,909023.8360345175,0.1815241741714999,0.3016111407196149,8,false,0.013583842286941242,0.013583842286941242,false
255,true,0.9633112637265914,-901578.3719935571,909039.9135178154,-0.054229325731284916,-0.24477634951472282,8,false,0.013583842286941242,0.013583842286941242,false
255,true,0.9466572869866827,-901447.7283125027,908814.1405291636,-0.14070809516124427,0.19500156689900905,8,false,0.013583842286941242,0.013583842286941242,false
255,true,0.9996924178274454,-901495.2174653276,908892.6757013748,-0.0061230562860146165,-0.06148254207801074,8,false,0.013583842286941242,0.013583842286941242,false
255,true,0.9894153398100481,-901487.0369405195,908725.0493907945,0.022921127267181873,-0.05887753318529576,8,false,0.013583842286941242,0.013583842286941242,false
255,true,0.9649234292342742,-901558.0313491657,908969.5266780967,0.007467678049579263,0.11505998927168548,8,false,0.013583842286941242,0.013583842286941242,false
255,true,0.6836211817565307,-901564.9507208528,908876.4271875785,0.8869563636835665,0.9318189228652045,8,false,0.013583842286941242,0.013583842286941242,false
255,true,0.9967666903120521,-901517.4928961213,908829.5927974727,-0.11378368770238012,-0.9664853647118434,8,false,0.013583842286941242,0.013583842286941242,false
255,true,0.9653736303071456,-901464.2880925166,908880.3774273482,-0.23558852798305452,-0.8587078404380009,8,false,0.013583842286941242,0.013583842286941242,false
255,true,0.9881132148973447,-901573.4371586643,908826.3128295082,-0.1798759336816147,-0.5992904681479558,8,false,0.013583842286941242,0.013583842286941242,false
255,true,0.9997598363889779,-901803.7277013558,909190.4836707923,-0.27307777968235314,-0.4260488336440176,8,false,0.013583842286941242,0.013583842286941242,false
255,true,0.9099191405427802,-901675.3909982949,909269.0099777121,0.14667543617542833,0.2902239349205047,8,false,0.013583842286941242,0.013583842286941242,false
255,true,0.999577187763586,-901642.7722147007,909066.8774596822,-0.20980903413146734,-0.29138391267042607,8,false,0.013583842286941242,0.013583842286941242,false
255,true,0.9784537298623577,-901600.6279393898,909022.2156755346,0.024580649565905333,0.10655859566759318,8,false,0.013583842286941242,0.013583842286941242,false
255,true,0.9755696639171294,-901639.5749526068,909049.1909986008,-0.0400559714762494,0.12371649919077754,8,false,0.013583842286941242,0.013583842286941242,false
255,true,0.9884480064297991,-901630.5421210398,909032.6512918503,0.027899365057237446,-0.08763946406543255,8,false,0.013583842286941242,0.013583842286941242,false
255,true,0.7416204469455627,-901519.2188073382,908943.8910351201,-0.027065019705332816,0.7524685815442353,8,false,0.013583842286941242,0.013583842286941242,false
255,true,0.9057727443279329,-901651.3809256972,909011.1865980913,0.007980634574778378,0.2700640867697075,8,false,0.013583842286941242,0.013583842286941242,false
255,true,0.9999925399547555,-901594.978246714,908974.8426235879,-0.04382966400589794,-0.10122966789640486,8,false,0.013583842286941242,0.013583842286941242,false
255,true,0.9474519663258029,-901508.0698518557,908866.2400271936,0.06600379443261772,0.14650598040316254,8,false,0.013583842286941242,0.013583842286941242,false
255,true,0.8802348290277919,-901491.3214959397,908790.158469697,-0.013626442523673177,0.36590265901759267,8,false,0.013583842286941242,0.013583842286941242,false
255,true,0.9984395809765545,-901557.0083038033,908778.9035200237,-0.05392324330750853,-0.10937902005389333,8,false,0.013583842286941242,0.013583842286941242,false
255,true,0.9952209684399933,-901552.7381324795,908852.7509598372,-0.022385542397387326,-0.05335843609645963,8,false,0.013583842286941242,0.013583842286941242,false
255,true,0.9195853010183431,-901533.3906029204,908880.8709795236,0.17091347987297922,0.20182055444456637,8,false,0.013583842286941242,0.013583842286941242,false
255,true,0.699791929021319,-901691.2407273557,909006.8660782895,-0.18363485671579838,0.97606488422025,8,false,0.013583842286941242,0.013583842286941242,false
255,true,0.9822808899848322,-901662.1203892338,909068.1323997473,0.026642755954526365,0.055503667099401355,8,false,0.013583842286941242,0.013583842286941242,false
255,true,0.9606338455783007,-901556.6375362624,908963.2026434669,0.022084895754233003,0.12234836537390947,8,false,0.013583842286941242,0.013583842286941242,false
255,true,0.9702494175095479,-901565.8278855336,908895.3335424582,0.024694313062354922,0.11186341382563114,8,false,0.013583842286941242,0.013583842286941242,false
255,true,0.9890489612683935,-901658.2749018774,908946.0593584613,0.056125961942598224,0.07502641621977091,8,false,0.013583842286941242,0.013583842286941242,false
255,true,0.9146884762371764,-901540.6977636149,908961.4813456429,-0.021098106051795185,0.2781052174977958,8,false,0.013583842286941242,0.013583842286941242,false
255,true,0.9996875353293407,-901691.3453379287,908960.3074652184,-0.056526146247051656,-0.10839962586760521,8,false,0.013583842286941242,0.013583842286941242,false
255,true,0.9956345595078534,-901741.5974659264,908977.490057974,0.004338758299127221,-0.06412398349493742,8,false,0.013583842286941242,0.013583842286941242,false
255,true,0.9402671174502295,-901822.4915394589,909302.859003962,0.02452624251600355,0.16225415957160294,8,false,0.013583842286941242,0.013583842286941242,false
255,true,0.9484617328282477,-901743.6602638067,909141.0866767054,0.12530511373188347,0.16207189101260155,8,false,0.013583842286941242,0.013583842286941242,false
255,true,0.9928261968114217,-901549.0180465138,909080.8190529057,-0.06643419747706503,-0.19433423096779734,8,false,0.013583842286941242,0.013583842286941242,false
255,true,0.9507154728604037,-901559.2932093322,908891.9968469046,-0.12355888693127781,0.21364382444880903,8,false,0.013583842286941242,0.013583842286941242,false
255,true,0.9566153213151696,-901611.3045070872,908957.7519475983,0.004606348578818142,0.11269738315604627,8,false,0.013583842286941242,0.013583842286941242,false
255,true,0.9786115185014446,-901513.5316238997,908921.8654416775,0.002236640080809593,0.06858118285890669,8,false,0.013583842286941242,0.013583842286941242,false
255,true,0.9772379262625518,-901512.3183986195,908914.9761491123,0.04653826355934143,0.07900163205340505,8,false,0.013583842286941242,0.013583842286941242,false
255,true,0.7942407818372494,-901405.2730387879,908829.4961003595,-0.06002411793451756,0.5657014469616115,8,false,0.013583842286941242,0.013583842286941242,false
255,true,0.9030409673460226,-901410.227541557,908679.2831343159,0.07364902819972485,0.21578091522678733,8,false,0.013583842286941242,0.013583842286941242,false
255,true,0.9953755960816433,-901600.5767568215,908794.6908156303,-0.0014842235250398517,-0.09359352185856551,8,false,0.013583842286941242,0.013583842286941242,false
255,true,0.9715876487171169,-901580.086115446,908851.1457238938,-0.0023310069227591157,0.12378378491848707,8,false,0.013583842286941242,0.013583842286941242,false
255,true,0.9998524336700341,-901580.0120461753,908855.8234443386,-0.05299152643419802,-0.09723496588412672,8,false,0.013583842286941242,0.013583842286941242,false
255,true,0.7745626347722564,-901454.9036781357,908793.239514035,0.07709250308107585,0.5405411469982937,8,false,0.013583842286941242,0.013583842286941242,false
255,true,0.9990193906914101,-901600.5267627443,908802.9252593124,0.01941171777434647,-0.09678035695105791,8,false,0.013583842286941242,0.013583842286941242,false
255,true,0.9218282910528546,-901585.6644284842,908907.4395562322,-0.025480143609456718,0.24500692111905664,8,false,0.013583842286941242,0.013583842286941242,false
255,true,0.6649849905360526,-901417.1973039475,908745.9940826772,0.11864882812369615,1.002383837243542,8,false,0.013583842286941242,0.013583842286941242,false
255,true,0.9568666511731034,-901678.9555623943,908911.0157882873,0.043431908125057817,-0.21693371329456568,8,false,0.013583842286941242,0.013583842286941242,false
255,true,0.9348533785206443,-901693.6783008927,909137.5245007664,0.1067410142859444,0.2470610656309873,8,false,0.013583842286941242,0.013583842286941242,false
255,true,0.9837420381706888,-901500.6581145452,908946.2253488585,-0.3598754971753806,-0.3790150140412152,8,false,0.013583842286941242,0.013583842286941242,false
255,true,0.986207786739347,-901474.6608429765,908803.5822748768,0.01539087574928999,0.04216255049686879,8,false,0.013583842286941242,0.013583842286941242,false
255,true,0.959940217471557,-901693.5728155052,908948.5123733759,0.061082476284354925,0.10051835339982063,8,false,0.013583842286941242,0.013583842286941242,false
255,true,0.9950119168591018,-901607.5208195378,908969.0310635311,0.019973566057160497,-0.0848923105513677,8,false,0.013583842286941242,0.013583842286941242,false
255,true,0.9740703119541335,-901423.7064420648,908803.1270429689,0.059685983578674495,0.1234570755623281,8,false,0.013583842286941242,0.013583842286941242,false
255,true,0.9978460413481623,-901718.313066339,908917.242860316,-0.08714746846817434,-0.1853296982590109,8,false,0.013583842286941242,0.013583842286941242,false
255,true,0.9763976605272554,-901569.219030628,909104.0655515348,-0.0018587291706353426,0.10435942956246436,8,false,0.013583842286941242,0.013583842286941242,false
255,true,0.9927584249765579,-901574.6589649067,908899.4363197641,-0.006332765566185117,-0.09396894939709455,8,false,0.013583842286941242,0.013583842286941242,false
255,true,0.9319029144226504,-901587.3205481874,908903.134633769,0.047568942653015256,0.20034624950494617,8,false,0.013583842286941242,0.013583842286941242,false
255,true,0.9737776164107257,-901603.4282280913,909028.9824054996,0.05415161629207432,0.14295365917496383,8,false,0.013583842286941242,0.013583842286941242,false
255,true,0.999571484584924,-901678.4665439859,909058.7852545348,-0.07473766675684601,-0.17730186332482845,8,false,0.013583842286941242,0.013583842286941242,false
255,true,0.9989053812203126,-901641.541232476,909054.1712719799,-0.043877573567442596,-0.10177667811512947,8,false,0.013583842286941242,0.013583842286941242,false
255,true,0.9982842193862766,-901536.7469075777,908913.0584408115,-0.01964529079850763,-0.06352907232940197,8,false,0.013583842286941242,0.013583842286941242,false
255,true,0.6279191702755017,-901522.3716455713,908832.4205911413,0.7331703574163839,1.0613084433134645,8,false,0.013583842286941242,0.013583842286941242,false
255,true,0.8823921203626582,-901494.0908603976,908788.5766516998,-0.003795329015702009,-0.7385879931971431,8,false,0.013583842286941242,0.013583842286941242,false
255,true,0.9906278274017353,-901441.5067684698,908714.7293655896,-0.6024017403833568,-0.7796062197303399,8,false,0.013583842286941242,0.013583842286941242,false
255,true,0.9983501929215207,-901411.3535366978,908717.5949294106,-0.04282598348800093,-0.17994150891900063,8,false,0.013583842286941242,0.013583842286941242,false
255,true,0.8430200167296872,-901494.5685207223,908724.2262085633,-0.0431680929614231,0.48021429555956274,8,false,0.013583842286941242,0.013583842286941242,false
255,true,0.9179253025728474,-901608.5046000053,908942.580651647,0.039143449743278325,0.22823363449424505,8,false,0.013583842286941242,0.013583842286941242,false
255,true,0.9207928095036553,-901544.2187518053,908902.8734131183,0.15457482286728919,0.25216584221925586,8,false,0.013583842286941242,0.013583842286941242,false
255,true,0.9985178924400931,-901561.285483591,908860.902353912,-0.03130213625263423,-0.282553740311414,8,false,0.013583842286941242,0.013583842286941242,false
255,true,0.9986895382554767,-901635.2110081177,908955.497305859,-0.03537547052837908,-0.24360485805664212,8,false,0.013583842286941242,0.013583842286941242,false
255,true,0.9924555246697595,-901540.4909050226,908992.8905719738,0.024662346113473177,-0.2106796387815848,8,false,0.013583842286941242,0.013583842286941242,false
255,true,0.981270712664257,-901611.3345155156,908958.3550788059,0.03851509827654809,-0.22764834144618362,8,false,0.013583842286941242,0.013583842286941242,false
255,true,0.8997082976436951,-901383.2173759491,908816.6648557053,-0.16145456221420318,0.35939210990909487,8,false,0.013583842286941242,0.013583842286941242,false
255,true,0.9931555708435471,-901387.9828883297,908660.9968013146,-0.06241643475368619,-0.12581670517101884,8,false,0.013583842286941242,0.013583842286941242,false
255,true,0.9872153807560577,-901572.4663998777,908785.6518724393,0.05090109957382083,0.07169763604179025,8,false,0.013583842286941242,0.013583842286941242,false
255,true,0.9719520592951368,-901614.8193572015,908928.6834671343,0.022776243975386024,0.11361619119998068,8,false,0.013583842286941242,0.013583842286941242,false
255,true,0.9927498961617024,-901477.1796792652,908877.785446776,-0.0014950792538002133,-0.11460582807194442,8,false,0.013583842286941242,0.013583842286941242,false
255,true,0.9873463579431834,-901662.3866913345,908940.774157153,-0.06381278904154897,-0.12230897333938628,8,false,0.013583842286941242,0.013583842286941242,false
255,true,0.8842314696451952,-901590.1042382407,909020.7654713369,0.21966825681738555,0.3082147844834253,8,false,0.013583842286941242,0.013583842286941242,false
255,true,0.9472218155453132,-901458.0594051806,908800.6154496784,0.02305759268347174,-0.26504581747576594,8,false,0.013583842286941242,0.013583842286941242,false
255,true,0.9899722917570034,-901497.2334933776,908815.2046640035,-0.040455178008414805,-0.29651850066147745,8,false,0.013583842286941242,0.013583842286941242,false
255,true,0.999711587500924,-901471.0012892209,908797.9021931837,-0.24146354279946536,-0.2715560207143426,8,false,0.013583842286941242,0.013583842286941242,false
255,true,0.9743973740363759,-901532.1497712022,908730.4534718826,0.037165549700148404,0.06818665412720293,8,false,0.013583842286941242,0.013583842286941242,false
255,true,0.9987606151602777,-901444.9954962629,908893.667399801,-0.055963860475458205,-0.0687568502034992,8,false,0.013583842286941242,0.013583842286941242,false
255,true,0.9794314049649134,-901513.7541126772,908868.8134672702,-0.002520365174859762,0.051846185815520585,8,false,0.013583842286941242,0.013583842286941242,false
255,true,0.9658936882541844,-901523.6236462017,908831.6109396752,0.032855099998414516,0.06058147957082838,8,false,0.013583842286941242,0.013583842286941242,false
255,true,0.9874170790480364,-901697.6386252408,908973.1655579637,-0.01409947860520333,0.05477381276432425,8,false,0.013583842286941242,0.013583842286941242,false
255,true,0.9817322501055064,-901627.8397656619,909051.9375935153,-0.00256748020183295,0.05294053885154426,8,false,0.013583842286941242,0.013583842286941242,false
255,true,0.8086152604556304,-901591.3184040204,909002.8374607088,0.02748010866343975,0.4468623772263527,8,false,0.013583842286941242,0.013583842286941242,false
255,true,0.9368380796570437,-901562.0121998218,908953.5334165068,-0.03161472105421126,0.16742736275773495,8,false,0.013583842286941242,0.013583842286941242,false
255,true,0.9754067820456173,-901687.5968677632,908990.5546983357,0.02355976845137775,0.06390012928750366,8,false,0.013583842286941242,0.013583842286941242,false
255,true,0.9973944574707633,-901586.3153408649,908939.7748132598,-0.01753166934940964,-0.03655273641925305,8,false,0.013583842286941242,0.013583842286941242,false
255,true,0.8677834824535451,-901576.9027868509,908867.9253417113,0.2791022884193808,0.30906025518197566,8,false,0.013583842286941242,0.013583842286941242,false
255,true,0.9996081325372522,-901539.6459266184,908916.7713803118,-0.27937079791445285,-0.29708314209710807,8,false,0.013583842286941242,0.013583842286941242,false
255,true,0.8459610521886537,-901698.2769987435,908979.2500353048,0.31172753125429153,0.3657678969902918,8,false,0.013583842286941242,0.013583842286941242,false
255,true,0.968341815937884,-901607.5405891396,908989.662988799,0.1281691569602117,-0.32361174758989364,8,false,0.013583842286941242,0.013583842286941242,false
255,true,0.9737745170742861,-901505.9438640947,908838.1232742519,-0.005898569477722049,-0.4466222684131935,8,false,0.013583842286941242,0.013583842286941242,false
255,true,0.9187290412245743,-901497.7336668198,908774.1873555348,-0.02705705596599728,-0.4513464692281559,8,false,0.013583842286941242,0.013583842286941242,false
255,true,0.9992056127963018,-901561.1403765449,908754.0359040013,-0.027233237633481622,-0.4236245109932497,8,false,0.013583842286941242,0.013583842286941242,false
255,true,0.9950668809714035,-901473.7062399291,908786.7229093906,-0.24122322141192853,-0.3963293106062338,8,false,0.013583842286941242,0.013583842286941242,false
255,true,0.966082468495947,-901487.3013101714,908999.9231809694,-0.03252847620751709,0.15627147839404643,8,false,0.013583842286941242,0.013583842286941242,false
255,true,0.9705755560904318,-901550.4111788978,908797.2023676041,0.08937284257262945,0.14117529254872352,8,false,0.013583842286941242,0.013583842286941242,false
255,true,0.9995430663611417,-901591.1103230221,908875.2718726028,-0.16025746590457857,-0.20438393100630492,8,false,0.013583842286941242,0.013583842286941242,false
255,true,0.958336638752274,-901621.6193445683,908946.2941410578,0.038737867143936455,0.12772307661361992,8,false,0.013583842286941242,0.013583842286941242,false
255,true,0.857750075459564,-901595.2110586568,909037.397139793,0.17303080426063389,0.3912128994707018,8,false,0.013583842286941242,0.013583842286941242,false
255,true,0.725471860022428,-901463.2528471113,908784.6349498869,-0.20316012692637742,0.9130155452294275,8,false,0.013583842286941242,0.013583842286941242,false
255,true,0.9971007087140953,-901372.4766029031,908597.7506360827,-0.024405700620263815,-0.07230709039140493,8,false,0.013583842286941242,0.013583842286941242,false
255,true,0.9868125952244563,-901669.9053147216,908871.2340772932,0.027678656508214772,0.05373138305731118,8,false,0.013583842286941242,0.013583842286941242,false
255,true,0.7084256621755824,-901666.8799271116,908965.4833454293,0.014418877777643502,0.7777587193995714,8,false,0.013583842286941242,0.013583842286941242,false
255,true,0.9856788799041539,-901590.994040503,909112.1891156825,0.051761007867753506,0.08049694902729243,8,false,0.013583842286941242,0.013583842286941242,false
255,true,0.9770703610994741,-901525.2614582742,909040.8350864169,0.023315351572819054,0.132047297549434,8,false,0.013583842286941242,0.013583842286941242,false
255,true,0.8665731653875927,-901567.7193374394,908928.5797855151,-0.024573515402153134,0.398502899101004,8,false,0.013583842286941242,0.013583842286941242,false
255,true,0.9617619464167977,-901725.5416700151,909021.6536203258,0.03812713851220906,0.1429124337155372,8,false,0.013583842286941242,0.013583842286941242,false
255,true,0.9994379380779336,-901652.6462572527,909017.467943456,-0.044701370294205844,-0.1599033244419843,8,false,0.013583842286941242,0.013583842286941242,false
255,true,0.9995289611928501,-901575.3059408863,908884.9965120205,-0.09056161355692893,-0.12623247946612537,8,false,0.013583842286941242,0.013583842286941242,false
255,true,0.8364617329363038,-901588.3650152822,908950.4148537294,0.3399435682222247,0.3778996057808399,8,false,0.013583842286941242,0.013583842286941242,false
255,true,0.9690915830049729,-901582.4187438464,909042.2774167547,0.031690117553807795,-0.36802037328016013,8,false,0.013583842286941242,0.013583842286941242,false
255,true,0.9422157688672655,-901463.033146544,908861.332554566,0.06944492144975811,-0.37897195329423994,8,false,0.013583842286941242,0.013583842286941242,false
255,true,0.9921824938164074,-901529.9279099851,908722.3523261352,-0.03435189859010279,-0.46071708865929395,8,false,0.013583842286941242,0.013583842286941242,false
255,true,0.9974596647821875,-901438.0544650101,908795.3532191081,-0.3596703642979264,-0.4202675523702055,8,false,0.013583842286941242,0.013583842286941242,false
255,true,0.99480078493667,-901544.5067244604,908817.4819703816,-0.00646441662684083,-0.07524992118123919,8,false,0.013583842286941242,0.013583842286941242,false
255,true,0.8769435920143919,-901630.3552397968,908943.2053940798,0.21288575942162424,0.31920805061236024,8,false,0.013583842286941242,0.013583842286941242,false
255,true,0.9966326874077619,-901675.8189365747,909020.9488790324,-0.07279966841451824,-0.2825955987209454,8,false,0.013583842286941242,0.013583842286941242,false
255,true,0.9941753533200284,-901550.3106551658,909015.0681691113,-0.060649165068753064,-0.20066179370041937,8,false,0.013583842286941242,0.013583842286941242,false
255,true,0.9028774594888844,-901660.6807223074,908974.4326468678,0.08028926549013704,0.32835742144379765,8,false,0.013583842286941242,0.013583842286941242,false
255,true,0.9747390606128319,-901657.2639328913,909106.7088622408,0.0008806410478428006,-0.21607598522678018,8,false,0.013583842286941242,0.013583842286941242,false
255,true,0.9993758981724084,-901661.8595097685,909069.6570064418,-0.06831993674859405,-0.21934465854428709,8,false,0.013583842286941242,0.013583842286941242,false
255,true,0.9824755337888452,-901713.712604358,909042.573331576,-0.011104327160865068,-0.16031886893324554,8,false,0.013583842286941242,0.013583842286941242,false
255,true,0.8830636446104049,-901316.523655604,908770.8783851853,0.2602437917375937,0.3545787532348186,8,false,0.013583842286941242,0.013583842286941242,false
255,true,0.9929736974761646,-901539.2682950675,908663.4205422369,-0.3404019463341683,-0.421480521094054,8,false,0.013583842286941242,0.013583842286941242,false
255,true,0.89302185655202,-901670.010163289,908910.8519812835,0.17809975403361022,0.26454993861261755,8,false,0.013583842286941242,0.013583842286941242,false
255,true,0.9858675189364804,-901551.9517465878,908999.426248615,0.02299921214580536,-0.23373575450386852,8,false,0.013583842286941242,0.013583842286941242,false
255,true,0.9858315995661387,-901579.9273756465,908951.8147675954,-0.0745596899650991,-0.2513844044879079,8,false,0.013583842286941242,0.013583842286941242,false
255,true,0.9020052540781229,-901503.4626156612,908835.3260482977,-0.01571255933959037,0.34307764866389334,8,false,0.013583842286941242,0.013583842286941242,false
255,true,0.9943969327019134,-901613.7700107037,908915.9000941069,-0.1256694927578792,-0.14174850808922201,8,false,0.013583842286941242,0.013583842286941242,false
255,true,0.8780765328049049,-901624.8662633968,908908.1817883349,0.13111834309529513,0.313599145389162,8,false,0.013583842286941242,0.013583842286941242,false
255,true,0.8913792769028818,-901620.1198211474,909001.2732924491,-0.05903322866652161,0.34132891125045717,8,false,0.013583842286941242,0.013583842286941242,false
255,true,0.996527930334429,-901632.7869850579,908959.6349790358,-0.00856189418118447,-0.12224198423791677,8,false,0.013583842286941242,0.013583842286941242,false
255,true,0.7553532694374053,-901587.8207511829,908996.14101592,-0.04255068430211395,0.7112918437924236,8,false,0.013583842286941242,0.013583842286941242,false
255,true,0.9931057540848286,-901471.7418710757,908773.8844296304,-0.013301943545229733,-0.07036223309114575,8,false,0.013583842286941242,0.013583842286941242,false
255,true,0.9455700781185727,-901621.8214619422,908861.1872850853,0.02009148884098977,0.14139283052645624,8,false,0.013583842286941242,0.013583842286941242,false
255,true,0.9722946201643928,-901535.3451521001,908892.4424096427,0.013662212644703686,0.11724186385981739,8,false,0.013583842286941242,0.013583842286941242,false
255,true,0.8710590555317114,-901508.5529870153,908928.2404559636,-0.055617013247683644,0.3458654466085136,8,false,0.013583842286941242,0.013583842286941242,false
255,true,0.7577052419309868,-901565.9525803599,908842.428149112,0.018252381938509643,0.6230212667724118,8,false,0.013583842286941242,0.013583842286941242,false
255,true,0.6541021884377126,-901566.3169108053,908971.4611820859,-0.06334494159091264,1.0153276413911954,8,false,0.013583842286941242,0.013583842286941242,false
255,true,0.9834728391450259,-901547.0303692231,908882.5361739878,0.021615559002384543,0.04127484292257577,8,false,0.013583842286941242,0.013583842286941242,false
255,true,0.9511629516724399,-901496.8248652718,908903.9381780691,0.061956648831255734,0.10480955836828798,8,false,0.013583842286941242,0.013583842286941242,false
255,true,0.9958633862423156,-901524.2616446901,908806.7112152395,-0.025402996805496514,-0.06844651175197214,8,false,0.013583842286941242,0.013583842286941242,false
255,true,0.6774833547085097,-901527.903102589,908872.1506421223,0.8580890467856079,0.9263328219531104,8,false,0.013583842286941242,0.013583842286941242,false
255,true,0.9984581582757212,-901665.3351801918,908999.1750858871,-0.18138467031531036,-0.904520919197239,8,false,0.013583842286941242,0.013583842286941242,false
255,true,0.9058963208534458,-901718.0187626021,909199.997048089,-0.6184410718269646,-0.7125749945407733,8,false,0.013583842286941242,0.013583842286941242,false
255,true,0.9913934385095904,-901570.8124812358,909037.938930642,-0.04984159243758768,-0.10953067208174616,8,false,0.013583842286941242,0.013583842286941242,false
255,true,0.6724766358774116,-901588.6498381443,908879.3371065167,0.0024306605337187648,0.9232888695551082,8,false,0.013583842286941242,0.013583842286941242,false
255,true,0.8936864740416196,-901634.2918213587,908976.0614588175,0.014098163112066686,0.2697227543685585,8,false,0.013583842286941242,0.013583842286941242,false
255,true,0.9890198073545631,-901419.6784347598,908838.8873856445,0.015291910502128303,-0.07032052404247224,8,false,0.013583842286941242,0.013583842286941242,false
255,true,0.9899290334016582,-901515.835688235,908726.7437098784,-0.020413889084011316,-0.07974284398369491,8,false,0.013583842286941242,0.013583842286941242,false
255,true,0.8763431358629813,-901563.0366290316,908832.3962632081,-0.02505474421195686,0.33938338211737573,8,false,0.013583842286941242,0.013583842286941242,false
255,true,0.7205444250813949,-901669.4132880152,908851.1728919321,0.5375744878547266,0.7581065257545561,8,false,0.013583842286941242,0.013583842286941242,false
255,true,0.9998133731113008,-901422.088024905,908887.5404934468,-0.43790500541217625,-0.5689736772328615,8,false,0.013583842286941242,0.013583842286941242,false
255,true,0.9592898541665343,-901525.2833675788,908804.4458474797,0.10681688087061048,0.18323450221214443,8,false,0.013583842286941242,0.013583842286941242,false
255,true,0.8157639721513542,-901638.3574230919,909015.2029168245,-0.17247044993564487,0.6116636784281582,8,false,0.013583842286941242,0.013583842286941242,false
255,true,0.9102860074050146,-901604.1569098268,909021.9304960768,0.17498962522950023,0.2528699163813144,8,false,0.013583842286941242,0.013583842286941242,false
255,true,0.9957047889804527,-901550.8334040795,908896.7765996741,-0.03320449101738632,-0.24580839357804507,8,false,0.013583842286941242,0.013583842286941242,false
255,true,0.9980244105574835,-901488.0573531355,908883.7040487116,-0.0022452707635238767,-0.2237759563140571,8,false,0.013583842286941242,0.013583842286941242,false
255,true,0.9616676730837694,-901587.5884594034,908966.6288194526,0.05707494844682515,-0.21746529487427324,8,false,0.013583842286941242,0.013583842286941242,false
255,true,0.9325725169477291,-901602.6314105107,908910.6468328716,-0.20446173299569637,-0.28201796230860054,8,false,0.013583842286941242,0.013583842286941242,false
255,true,0.9954953282041293,-901556.9910524247,908875.0740451268,-0.05601256899535656,-0.08142116805538535,8,false,0.013583842286941242,0.013583842286941242,false
255,true,0.715348221916433,-901629.5082805789,908934.1421295227,0.02372267609462142,0.7486459551146254,8,false,0.013583842286941242,0.013583842286941242,false
255,true,0.9504769843396011,-901649.5013249511,909034.1136684293,0.06237619766034186,0.12077998206950724,8,false,0.013583842286941242,0.013583842286941242,false
255,true,0.9962971005707763,-901632.5191781156,909002.2825887568,-0.06161882961168885,-0.10797396651469171,8,false,0.013583842286941242,0.013583842286941242,false
255,true,0.8869379278011553,-901448.6961825624,908857.5297565027,0.08337665314320475,0.2737669147318229,8,false,0.013583842286941242,0.013583842286941242,false
255,true,0.848636636943583,-901632.0766801189,908890.8359218825,-0.0747530119260773,0.44596057711169124,8,false,0.013583842286941242,0.013583842286941242,false
255,true,0.9648611843827829,-901615.3281894486,909067.5733134345,-0.00014870241284370422,0.11484214861411601,8,false,0.013583842286941242,0.013583842286941242,false
255,true,0.921702836615957,-901603.4132358434,909036.5640672622,0.06395696895197034,0.2061101085273549,8,false,0.013583842286941242,0.013583842286941242,false
255,true,0.9608443868885171,-901518.7078256283,908859.127426841,0.04967954312451184,0.1640315562253818,8,false,0.013583842286941242,0.013583842286941242,false
255,true,0.9419846280132763,-901562.5287544504,908863.301248884,-0.02656134986318648,0.2249926730291918,8,false,0.013583842286941242,0.013583842286941242,false
255,true,0.999554493256919,-901788.9645036905,909038.9278651102,-0.03834983229171485,-0.13107735116500407,8,false,0.013583842286941242,0.013583842286941242,false
255,true,0.9703390700223665,-901765.5552316165,909060.5707342644,-0.00031479960307478905,0.12538297183346003,8,false,0.013583842286941242,0.013583842286941242,false
255,true,0.9741125938937021,-901516.9036391447,909073.0034131862,0.07312924577854574,0.12074247084092349,8,false,0.013583842286941242,0.013583842286941242,false
255,true,0.9420553364339761,-901451.9243689817,908728.4357846874,0.07297422853298485,0.2376067377626896,8,false,0.013583842286941242,0.013583842286941242,false
255,true,0.9961203032183987,-901416.9566520228,908768.1590920959,-0.048178865341469646,-0.2513213079655543,8,false,0.013583842286941242,0.013583842286941242,false
255,true,0.9985375497652386,-901534.3639623662,908755.7900976987,-0.11969265842344612,-0.19098601955920458,8,false,0.013583842286941242,0.013583842286941242,false
255,true,0.9620283050230953,-901662.9527524713,908957.3118340865,0.08636148739606142,0.1427664888324216,8,false,0.013583842286941242,0.013583842286941242,false
255,true,0.9976175369755674,-901641.178148054,909085.1950797923,-0.027641185326501727,-0.16086385096423328,8,false,0.013583842286941242,0.013583842286941242,false
255,true,0.7560660526965655,-901716.5760864015,909053.8602145533,0.31937055697198957,0.7291447317693383,8,false,0.013583842286941242,0.013583842286941242,false
255,true,0.9865736199226509,-901777.0138018514,909275.5513028835,-0.18893309636041522,-0.42856845527421683,8,false,0.013583842286941242,0.013583842286941242,false
255,true,0.9999573305727413,-901698.9230875046,909110.7929877762,-0.061992375063709915,-0.24793115293141454,8,false,0.013583842286941242,0.013583842286941242,false
255,true,0.9928826786549629,-901470.7491811763,908937.2037931208,-0.04085435892920941,-0.196857767412439,8,false,0.013583842286941242,0.013583842286941242,false
255,true,0.998537651814269,-901479.5469387274,908835.2195228647,-0.16232545871753246,-0.16878604388330132,8,false,0.013583842286941242,0.013583842286941242,false
255,true,0.9449066081150582,-901563.0659774764,908912.5170749369,0.08140350657049567,0.11047948757186532,8,false,0.013583842286941242,0.013583842286941242,false
255,true,0.9871005956190728,-901476.0057973329,908892.260540026,-0.013631713693030179,-0.08420893549919128,8,false,0.013583842286941242,0.013583842286941242,false
255,true,0.9966032819163168,-901435.3722562136,908759.8023649555,-0.05365116451866925,-0.08089289569761604,8,false,0.013583842286941242,0.013583842286941242,false
255,true,0.8060094813307592,-901683.7875827167,908891.609561765,0.43541367806028575,0.48157143767457455,8,false,0.013583842286941242,0.013583842286941242,false
255,true,0.9863421988030902,-901679.7373282849,908963.1611967365,0.04075407073833048,-0.4348350251093507,8,false,0.013583842286941242,0.013583842286941242,false
255,true,0.9942730971640521,-901625.8898187468,909044.9877837405,-0.3234061874682084,-0.48622563399840146,8,false,0.013583842286941242,0.013583842286941242,false
255,true,0.9907272442826935,-901534.5026505445,908956.8359913719,0.03395443351473659,-0.1577472521457821,8,false,0.013583842286941242,0.013583842286941242,false
255,true,0.9949282698975884,-901769.2841476897,909004.4336838529,-0.015848565148189664,-0.20751098194159567,8,false,0.013583842286941242,0.013583842286941242,false
255,true,0.9916617696788979,-901595.6394395813,909112.0543740022,-0.03419850626960397,-0.18385847960598767,8,false,0.013583842286941242,0.013583842286941242,false
255,true,0.7865551551748968,-901654.8474824154,908971.782714175,0.07473916735034436,0.6341265476075932,8,false,0.013583842286941242,0.013583842286941242,false
255,true,0.8888651948876639,-901696.8257320094,909089.709883551,0.341037243953906,0.3746029958128929,8,false,0.013583842286941242,0.013583842286941242,false
255,true,0.9041980971337726,-901586.3731140351,909050.7695379582,-0.4935114402323961,-0.5501760600600392,8,false,0.013583842286941242,0.013583842286941242,false
255,true,0.9897823544089563,-901592.7741936017,908938.2898810647,0.0011679282179102302,0.07053198723588139,8,false,0.013583842286941242,0.013583842286941242,false
255,true,0.9575994957018256,-901481.1043791281,908883.2766291539,0.02660051779821515,0.14618366200011224,8,false,0.013583842286941242,0.013583842286941242,false
255,true,0.8801131123294511,-901495.0921917495,908721.1074942717,0.26695397088769823,0.34383369877468795,8,false,0.013583842286941242,0.013583842286941242,false
255,true,0.9984797631758547,-901649.6443404622,908886.9406348703,-0.15773883450310677,-0.36797460669185966,8,false,0.013583842286941242,0.013583842286941242,false
255,true,0.999559340710526,-901639.8586692279,909000.6780053749,-0.16260676609817892,-0.20685236435383558,8,false,0.013583842286941242,0.013583842286941242,false
255,true,0.9954278653193189,-901789.9319495021,909059.0892501918,0.004407126340083778,-0.045791199430823326,8,false,0.013583842286941242,0.013583842286941242,false
255,true,0.9999499776278905,-901749.6532244231,909141.4413892142,-0.023375718854367733,-0.0559984432766214,8,false,0.013583842286941242,0.013583842286941242,false
255,true,0.933260169064892,-901594.0284487011,909155.705129903,0.14019010844640434,0.17519425321370363,8,false,0.013583842286941242,0.013583842286941242,false
255,true,0.9740505001562276,-901543.7449470173,908885.6679342902,-0.10086146532557905,-0.1785098211839795,8,false,0.013583842286941242,0.013583842286941242,false
255,true,0.9979997808987855,-901523.415403813,908831.5195948496,0.01465132087469101,-0.08467645419295877,8,false,0.013583842286941242,0.013583842286941242,false
255,true,0.9891188002938455,-901578.4266965435,908979.4636462297,0.033041734830476344,-0.08828513394109905,8,false,0.013583842286941242,0.013583842286941242,false
255,true,0.9671401424020397,-901586.9662896253,908958.3193649043,-0.06011665356345475,0.1494341796496883,8,false,0.013583842286941242,0.013583842286941242,false
255,true,0.8271500119152595,-901688.2206582077,908994.2123791896,0.11780351214110851,0.43083747650962323,8,false,0.013583842286941242,0.013583842286941242,false
255,true,0.9870188419408696,-901762.0317987178,909215.6956026088,0.08349944557994604,-0.16138864133972675,8,false,0.013583842286941242,0.013583842286941242,false
255,true,0.9578470978450119,-901777.6138542801,909180.6638081176,0.10950589796993881,-0.2447625705972314,8,false,0.013583842286941242,0.013583842286941242,false
255,true,0.9976942769203817,-901722.2431888978,909192.838593445,-0.030463921721093357,-0.35604191618040204,8,false,0.013583842286941242,0.013583842286941242,false
255,true,0.8768134762250055,-901561.3647115851,908982.8432031824,0.027928501716814935,0.49568194057792425,8,false,0.013583842286941242,0.013583842286941242,false
255,true,0.9961069675806404,-901552.0695276704,908917.2103863822,-0.16102496604435146,-0.3572569398675114,8,false,0.013583842286941242,0.013583842286941242,false
255,true,0.9987350908880281,-901466.8877253621,908771.1050126603,-0.15846885461360216,-0.20277791761327535,8,false,0.013583842286941242,0.013583842286941242,false
255,true,0.9955821948730352,-901553.2297685156,908893.1278168543,0.007361253025010228,-0.05447514611296356,8,false,0.013583842286941242,0.013583842286941242,false
255,true,0.9646925528898154,-901510.2966848785,908998.7318276135,-0.024738550768233836,0.12342198297847062,8,false,0.013583842286941242,0.013583842286941242,false
255,true,0.9849348798470703,-901594.8559623753,908883.8939453461,0.01431179663632065,0.05895824811886996,8,false,0.013583842286941242,0.013583842286941242,false
255,true,0.6911691112143376,-901596.6957851388,908940.8519483126,0.40010121918749064,0.869864420616068,8,false,0.013583842286941242,0.013583842286941242,false
255,true,0.954144880939756,-901503.023586494,908875.4991307867,-0.31288157077506185,-0.45160198444500566,8,false,0.013583842286941242,0.013583842286941242,false
255,true,0.8475531242248252,-901570.9428183644,908920.6943273442,0.40414999693166465,0.4414807731518522,8,false,0.013583842286941242,0.013583842286941242,false
255,true,0.9899232932757073,-901600.1567356371,908927.8770696113,0.07981813547667116,-0.5307035801233724,8,false,0.013583842286941242,0.013583842286941242,false
255,true,0.9984553506442287,-901508.8908044543,908899.9968018709,-0.051729462342336774,-0.6085079389158636,8,false,0.013583842286941242,0.013583842286941242,false
255,true,0.7938188836207197,-901531.6003069223,908860.5326657571,0.764969915500842,0.7824169296072796,8,false,0.013583842286941242,0.013583842286941242,false
255,true,0.9988481174599384,-901744.545897869,908986.1820374508,-1.0055641575017944,-1.302366788382642,8,false,0.013583842286941242,0.013583842286941242,false
255,true,0.98231123596825,-901708.9029181519,909075.5538935489,-0.16006432042922825,-0.30460487643722445,8,false,0.013583842286941242,0.013583842286941242,false
255,true,0.9994537363575975,-901756.7853302578,909157.562480422,-0.1090269391424954,-0.1445775501197204,8,false,0.013583842286941242,0.013583842286941242,false
255,true,0.9785222793311029,-901648.8150348068,909001.2855381082,0.005736747290939093,0.0850627541076392,8,false,0.013583842286941242,0.013583842286941242,false
255,true,0.9740357326198679,-901579.3025848329,908934.5958402466,0.0007425924995914102,0.10054993187077343,8,false,0.013583842286941242,0.013583842286941242,false
255,true,0.806522600116257,-901453.9935605706,908771.2618890915,0.4115047650411725,0.49291252717375755,8,false,0.013583842286941242,0.013583842286941242,false
255,true,0.9910146048301637,-901615.7929892356,908852.7115482237,-0.11272050917614251,-0.4542878804495558,8,false,0.013583842286941242,0.013583842286941242,false
255,true,0.9965500460552533,-901554.3235846247,908871.3180472819,0.051853222073987126,-0.3581642092904076,8,false,0.013583842286941242,0.013583842286941242,false
255,true,0.981740697966833,-901569.1616759569,908894.2801127658,0.044854656676761806,-0.40440377627965063,8,false,0.013583842286941242,0.013583842286941242,false
255,true,0.9891853791711213,-901506.6204926361,908820.7142211756,-0.01170680532231927,-0.44768269697669894,8,false,0.013583842286941242,0.013583842286941242,false
255,true,0.9915735117910137,-901540.9702247828,908886.5417863795,0.011462245136499405,-0.42007009591907263,8,false,0.013583842286941242,0.013583842286941242,false
255,true,0.997068218635912,-901391.9656903862,908763.6416437125,-0.3270339542068541,-0.4478093838552013,8,false,0.013583842286941242,0.013583842286941242,false
255,true,0.9868843029985004,-901442.3093646878,908815.3766774406,-0.12973444256931543,-0.12973444256931543,8,false,0.013583842286941242,0.013583842286941242,false
255,true,0.9642534836956449,-901578.7573929573,908854.8949529858,0.03524068428669125,0.08096532698255032,8,false,0.013583842286941242,0.013583842286941242,false
255,true,0.9720630269765747,-901515.810747146,908870.3595645992,-0.010278430301696062,0.08884664077777416,8,false,0.013583842286941242,0.013583842286941242,false
255,true,0.9177691700139902,-901503.195796025,908782.2168908955,0.02304892858956009,0.1940987011184916,8,false,0.013583842286941242,0.013583842286941242,false
255,true,0.9799385756751748,-901407.847862293,908772.1110557022,0.04086367681156844,0.07295506866648793,8,false,0.013583842286941242,0.013583842286941242,false
255,true,0.9875082669760358,-901453.1530357214,908752.9131860746,0.03607576841022819,0.08027821849100292,8,false,0.013583842286941242,0.013583842286941242,false
255,true,0.6614292130572053,-901499.3065558333,908725.8700682028,-0.0744471704820171,1.0433366226498038,8,false,0.013583842286941242,0.013583842286941242,false
255,true,0.9875011902933102,-901672.1831678463,908935.0802605047,0.027991720475256443,0.0666521288221702,8,false,0.013583842286941242,0.013583842286941242,false
255,true,0.9104784960275434,-901414.9461188581,908916.2013254445,0.049763545277528465,0.2440807371167466,8,false,0.013583842286941242,0.013583842286941242,false
255,true,0.9583571008942838,-901430.174174763,908785.9235103724,-0.04592893260996789,0.1755162957124412,8,false,0.013583842286941242,0.013583842286941242,false
255,true,0.9725541616641571,-901515.2719622949,908880.9623281569,0.0670152916572988,0.11198312172200531,8,false,0.013583842286941242,0.013583842286941242,false
255,true,0.7070298377647762,-901569.8381438146,908911.9291155577,0.8025154646020383,0.8998713073087856,8,false,0.013583842286941242,0.013583842286941242,false
255,true,0.9999656597546247,-901577.9635961377,908918.6148535395,-0.06745796569157392,-0.919328372576274,8,false,0.013583842286941242,0.013583842286941242,false
255,true,0.948699154008232,-901606.6156537762,909004.4582829672,-0.7622706736437976,-0.8704617334296927,8,false,0.013583842286941242,0.013583842286941242,false
255,true,0.9930919756578147,-901605.5441349224,908933.0390354638,-0.07707400666549802,-0.12338349164929241,8,false,0.013583842286941242,0.013583842286941242,false
255,true,0.8498023008888816,-901735.6252671678,909084.4832154688,0.276558272424154,0.3628762944135815,8,false,0.013583842286941242,0.013583842286941242,false
255,true,0.988544737181142,-901680.0921199123,909083.3641550817,-0.05064967286307365,-0.28775700903497636,8,false,0.013583842286941242,0.013583842286941242,false
255,true,0.9509324816793655,-901567.7766988188,908969.6432070539,-0.16597480734344572,-0.24356807430740446,8,false,0.013583842286941242,0.013583842286941242,false
255,true,0.9989366824411153,-901652.9188543551,908909.2272234613,-0.015637323609553277,-0.09051796712446958,8,false,0.013583842286941242,0.013583842286941242,false
255,true,0.9741489519679978,-901546.7357925518,908879.6483132058,0.06016065913718194,0.10574001295026392,8,false,0.013583842286941242,0.013583842286941242,false
255,true,0.9836192520501582,-901617.9954148254,909134.1044406036,0.03188240737654269,-0.13114805612713099,8,false,0.013583842286941242,0.013583842286941242,false
255,true,0.9354919997466256,-901586.7344769881,908935.6124242804,0.037647325778380036,0.2357705027097836,8,false,0.013583842286941242,0.013583842286941242,false
255,true,0.9933948927583479,-901558.5373817396,908911.5651349119,0.04181309207342565,-0.18509906658437103,8,false,0.013583842286941242,0.013583842286941242,false
255,true,0.9507038432350172,-901481.6680880189,908743.4911669594,0.13330758607480675,-0.2528966579120606,8,false,0.013583842286941242,0.013583842286941242,false
255,true,0.9994297531936887,-901586.0695641268,908790.7084853833,-0.25522627402096987,-0.38124130747746676,8,false,0.013583842286941242,0.013583842286941242,false
255,true,0.9832252234726505,-901522.0919075072,908880.2176508228,0.0670993720414117,-0.12519155908375978,8,false,0.013583842286941242,0.013583842286941242,false
255,true,0.9979567663785182,-901561.8267151617,908835.1066158047,0.0028754883678629994,-0.21608812105841935,8,false,0.013583842286941242,0.013583842286941242,false
255,true,0.9699015287140107,-901601.0746076923,908937.0705887056,-0.13603067677468061,-0.19505515950731933,8,false,0.013583842286941242,0.013583842286941242,false
255,true,0.9585203681266363,-901646.6480272085,908990.9791642511,0.06419622572138906,0.13832541892770678,8,false,0.013583842286941242,0.013583842286941242,false
255,true,0.8799008319765763,-901515.6062623841,908911.1079199099,0.32229525758884847,0.3526289281435311,8,false,0.013583842286941242,0.013583842286941242,false
255,true,0.9921060295567847,-901598.166131061,908919.8231518483,0.08273589378222823,-0.4315411016577855,8,false,0.013583842286941242,0.013583842286941242,false
255,true,0.9987621749780696,-901649.7915862398,909024.3080365395,-0.3992769920732826,-0.5403014641487971,8,false,0.013583842286941242,0.013583842286941242,false
255,true,0.9470460459191501,-901684.492223953,909179.3159160166,-0.014139975537545979,0.19654209504369646,8,false,0.013583842286941242,0.013583842286941242,false
255,true,0.9903026159649705,-901396.7437521451,908844.7312642043,-0.06880051014013588,-0.11637623829301447,8,false,0.013583842286941242,0.013583842286941242,false
255,true,0.9935551115927157,-901536.7274393949,908822.6634664243,0.017077934578992426,-0.061357987695373595,8,false,0.013583842286941242,0.013583842286941242,false
255,true,0.9550621968800804,-901500.829768106,908901.3747663664,0.019066902925260365,0.1538200988434255,8,false,0.013583842286941242,0.013583842286941242,false
255,true,0.9409822670418414,-901577.8496581796,908946.5887899599,0.07705300790257752,0.18142313021235168,8,false,0.013583842286941242,0.013583842286941242,false
255,true,0.9677730710663568,-901672.7646433887,909036.96390956,-0.08210805931594223,-0.1573497096542269,8,false,0.013583842286941242,0.013583842286941242,false
255,true,0.9964837327148239,-901541.6196109483,908970.7752411816,-0.046143245534040034,-0.08048925269395113,8,false,0.013583842286941242,0.013583842286941242,false
255,true,0.985264987759907,-901637.7567946456,908941.4843613453,0.019822311005555093,0.06256582878995687,8,false,0.013583842286941242,0.013583842286941242,false
255,true,0.9905175789746009,-901659.7555568024,908982.0402993612,0.025872645084746182,-0.06091764476150274,8,false,0.013583842286941242,0.013583842286941242,false
255,true,0.9998317678224675,-901529.509732217,908931.5413653016,-0.036650078487582505,-0.08746954193338752,8,false,0.013583842286941242,0.013583842286941242,false
255,true,0.9782251857537684,-901480.5397191929,908785.788964164,-0.01154939248226583,0.08251944079529494,8,false,0.013583842286941242,0.013583842286941242,false
255,true,0.9342251032894218,-901536.9453878385,908771.9468805217,0.14615452208090574,0.1689051860012114,8,false,0.013583842286941242,0.013583842286941242,false
255,true,0.9952573070901192,-901624.2775634946,908949.2287903151,0.03703725559171289,-0.17288566299248487,8,false,0.013583842286941242,0.013583842286941242,false
255,true,0.7376676527646491,-901515.7719479628,908896.2584340024,0.7208167082862929,0.8404690681491047,8,false,0.013583842286941242,0.013583842286941242,false
255,true,0.9330324862708773,-901595.1310030682,908890.4975834104,-0.8264898611232638,-0.9328361103544012,8,false,0.013583842286941242,0.013583842286941242,false
255,true,0.9998542047557258,-901636.4295507453,908990.3476219277,-0.02397153538186103,-0.09951040125451982,8,false,0.013583842286941242,0.013583842286941242,false
255,true,0.9989072357613731,-901630.8683876923,909004.3116458997,-0.016846373211592436,-0.09257884987164289,8,false,0.013583842286941242,0.013583842286941242,false
255,true,0.9684246712530904,-901701.3921912181,909099.5554190155,0.09708336053881794,0.11869953933637589,8,false,0.013583842286941242,0.013583842286941242,false
255,true,0.8863444435572024,-901627.3338706691,909118.8370679927,0.23260988818947226,0.35526316484902054,8,false,0.013583842286941242,0.013583842286941242,false
255,true,0.969623131828943,-901493.6162242747,908823.5073630572,0.10537279979325831,-0.3869349356973544,8,false,0.013583842286941242,0.013583842286941242,false
255,true,0.9472196103084736,-901741.6979161554,908973.4344449199,-0.3032528809271753,-0.4679943065857515,8,false,0.013583842286941242,0.013583842286941242,false
255,true,0.9987376891736888,-901551.7270357846,909078.2098050796,-0.16755994653794914,-0.20782940066419542,8,false,0.013583842286941242,0.013583842286941242,false
255,true,0.9982465694347509,-901547.847944341,908900.6084160939,-0.004987776163034141,-0.045793442288413644,8,false,0.013583842286941242,0.013583842286941242,false
255,true,0.9926004440223611,-901598.4690759255,908921.8818990487,0.01025525969453156,0.04015345638617873,8,false,0.013583842286941242,0.013583842286941242,false
255,true,0.9669852183909927,-901665.3790875361,909011.322655881,-0.022949559846892953,0.10179034015163779,8,false,0.013583842286941242,0.013583842286941242,false
255,true,0.985882975710711,-901575.2896764345,909119.4717228616,0.018742554704658687,0.0560814089840278,8,false,0.013583842286941242,0.013583842286941242,false
255,true,0.9916786051563979,-901598.4865500063,908965.4696416892,0.011626443592831492,-0.043001360492780805,8,false,0.013583842286941242,0.013583842286941242,false
255,true,0.93016308019954,-901591.6410535175,908945.3183579947,0.046052953926846385,0.178184709046036,8,false,0.013583842286941242,0.013583842286941242,false
255,true,0.8175571781029984,-901611.3481346861,908965.6985539882,0.0821283181430772,0.5120810789521784,8,false,0.013583842286941242,0.013583842286941242,false
255,true,0.8152574569300882,-901697.5530200807,908938.1973919066,0.0528953461907804,0.5526737429900095,8,false,0.013583842286941242,0.013583842286941242,false
255,true,0.99470187852117,-901662.4734271889,909132.1638324966,-0.19287081819493324,-0.2037793023046106,8,false,0.013583842286941242,0.013583842286941242,false
255,true,0.9972349504467538,-901678.9839223616,909013.2962802975,0.018642474431544542,-0.03724066575523466,8,false,0.013583842286941242,0.013583842286941242,false
255,true,0.8282784511385624,-901603.2125796739,909065.654632504,0.10215313022490591,0.4156993645010516,8,false,0.013583842286941242,0.013583842286941242,false
255,true,0.9883361648245179,-901544.4479958486,908882.3735177872,-0.11146488226950169,-0.1389011061983183,8,false,0.013583842286941242,0.013583842286941242,false
255,true,0.86347466239505,-901586.738527405,909044.7294275247,0.01975107390899211,0.341568426694721,8,false,0.013583842286941242,0.013583842286941242,false
255,true,0.925456757487499,-901511.0402199224,908895.2464583754,-0.054936880711466074,0.21707872778642923,8,false,0.013583842286941242,0.013583842286941242,false
255,true,0.9372010205814668,-901595.6670563191,908811.1104582349,0.02448085369542241,0.15696129575371742,8,false,0.013583842286941242,0.013583842286941242,false
255,true,0.9539325667164645,-901525.6414909512,908938.681900555,0.02066201961133629,0.13519142754375935,8,false,0.013583842286941242,0.013583842286941242,false
255,true,0.9583331700177684,-901487.9837870282,908774.4212029057,-0.002004062640480697,0.12886131380219012,8,false,0.013583842286941242,0.013583842286941242,false
255,true,0.8665142871743412,-901465.7903884212,908865.7447200038,-0.036990779102779925,0.3397495651151985,8,false,0.013583842286941242,0.013583842286941242,false
255,true,0.6683714843279321,-901589.909639354,908802.0455745207,0.11849055497441441,0.9045949394349009,8,false,0.013583842286941242,0.013583842286941242,false
255,true,0.9989246750916583,-901595.2079076115,908914.4226106604,-0.07490626152139157,-0.13150331494398415,8,false,0.013583842286941242,0.013583842286941242,false
255,true,0.8627826947404894,-901580.153421096,908975.4669534544,0.0812238632934168,0.3536515854066238,8,false,0.013583842286941242,0.013583842286941242,false
255,true,0.9996253404081054,-901645.1954177892,909009.4562935219,-0.06650069623719901,-0.14903108892031014,8,false,0.013583842286941242,0.013583842286941242,false
255,true,0.7520276725903745,-901609.1247148353,909010.0436602809,0.4279162725433707,0.6631576926447451,8,false,0.013583842286941242,0.013583842286941242,false
255,true,0.9854263410359084,-901491.7357290528,909025.6525788017,-0.36016077490057796,-0.5162809920730069,8,false,0.013583842286941242,0.013583842286941242,false
255,true,0.9980073182680008,-901616.3545797155,908900.8035570524,-0.11417845485266298,-0.14297619683202356,8,false,0.013583842286941242,0.013583842286941242,false
255,true,0.8198415654923422,-901623.258238673,908871.4863766663,0.17627156304661185,0.41905231145210564,8,false,0.013583842286941242,0.013583842286941242,false
255,true,0.9905367834376834,-901513.6542353132,908992.07361482,-0.11921976297162473,-0.20808694581501186,8,false,0.013583842286941242,0.013583842286941242,false
255,true,0.9662780966669594,-901563.6315931815,908883.1428320735,-0.08410347218159586,0.12699549866374582,8,false,0.013583842286941242,0.013583842286941242,false
255,true,0.9653605650048949,-901558.5507597427,908899.102813508,0.03991921793203801,0.07718841952737421,8,false,0.013583842286941242,0.013583842286941242,false
255,true,0.9869873210485698,-901486.5794649844,908807.1855057076,0.006622849497944117,0.05836607178207487,8,false,0.013583842286941242,0.013583842286941242,false
255,true,0.9843946165358235,-901611.9543985563,908874.6462522795,0.016628001583740115,0.07018204464111477,8,false,0.013583842286941242,0.013583842286941242,false
255,true,0.9739614501274444,-901588.3775586915,908809.2857972127,0.04068179486785084,0.09334285033401102,8,false,0.013583842286941242,0.013583842286941242,false
255,true,0.9713330888683746,-901577.448563769,908910.6542688722,0.04579852940514684,0.11751037486828864,8,false,0.013583842286941242,0.013583842286941242,false
255,true,0.9986458671721246,-901597.2307010352,908912.2341916638,-0.011710627237334847,-0.143410342046991,8,false,0.013583842286941242,0.013583842286941242,false
255,true,0.984200929927179,-901497.1000611872,908858.828540046,0.015734965563751757,-0.1313767178216949,8,false,0.013583842286941242,0.013583842286941242,false
255,true,0.9314164222784828,-901624.53574151,908869.9357650441,0.18891854910179973,0.23618054122198373,8,false,0.013583842286941242,0.013583842286941242,false
255,true,0.9282348669423003,-901582.6172924022,908960.7657905087,-0.1258912195917219,-0.3196151265874505,8,false,0.013583842286941242,0.013583842286941242,false
255,true,0.8473530786941924,-901570.3956825295,908970.7130192299,-0.07880793733056635,0.48519975144881755,8,false,0.013583842286941242,0.013583842286941242,false
255,true,0.9837207852439004,-901546.4266851469,908929.6069518708,0.04817720246501267,-0.14685317175462842,8,false,0.013583842286941242,0.013583842286941242,false
255,true,0.9562225226214993,-901583.3118413835,908939.4494343711,0.017318810219876468,-0.18398133455775678,8,false,0.013583842286941242,0.013583842286941242,false
255,true,0.9870307169272334,-901549.8738755455,908927.6218846557,-0.16594354319386184,-0.17825799284037203,8,false,0.013583842286941242,0.013583842286941242,false
255,true,0.9397109517389276,-901498.626564894,908826.2524682796,0.05619153205770999,0.1531796648632735,8,false,0.013583842286941242,0.013583842286941242,false
255,true,0.994975277413527,-901463.229022356,908746.79229137,-0.024692082894034684,-0.10449626029003412,8,false,0.013583842286941242,0.013583842286941242,false
255,true,0.9550115249999078,-901467.8615164347,908794.8495282354,0.08783611131366342,0.14984926010947675,8,false,0.013583842286941242,0.013583842286941242,false
255,true,0.8029563836936735,-901489.1104737201,908723.7594311899,-0.11709110136143863,0.5868354846024886,8,false,0.013583842286941242,0.013583842286941242,false
255,true,0.9651509446437879,-901527.6661768723,908795.532574177,0.04827759740874171,0.11682598083280027,8,false,0.013583842286941242,0.013583842286941242,false
255,true,0.9526529861170814,-901559.1314264149,908988.0678085515,0.01417999411933124,0.18550544942263514,8,false,0.013583842286941242,0.013583842286941242,false
255,true,0.8175344230186776,-901544.6909054179,908842.7041163817,0.2913765737321228,0.5178469837410375,8,false,0.013583842286941242,0.013583842286941242,false
255,true,0.9921723054685019,-901516.1919659332,908866.6948422883,-0.28891485114581883,-0.40016059146728367,8,false,0.013583842286941242,0.013583842286941242,false
255,true,0.9307741589605966,-901507.8862115083,908805.7128738017,0.12334424711298198,0.20751920365728438,8,false,0.013583842286941242,0.013583842286941242,false
255,true,0.9881875019926336,-901537.1391168379,908986.5751226186,-0.11277013598009944,-0.22706576727796346,8,false,0.013583842286941242,0.013583842286941242,false
255,true,0.8226432768477984,-901736.780938816,909010.6197991755,-0.06789473991375417,0.5030720412032679,8,false,0.013583842286941242,0.013583842286941242,false
255,true,0.9870977419481022,-901737.7546008101,909218.8447893572,-0.012386446818709373,0.05703910696320236,8,false,0.013583842286941242,0.013583842286941242,false
255,true,0.8944181642713387,-901487.2308395372,909010.5138815953,0.21744691324420273,0.2564380371477455,8,false,0.013583842286941242,0.013583842286941242,false
255,true,0.9257224840711096,-901478.9646661674,908748.9637094112,-0.10621512634679675,0.2788795647211373,8,false,0.013583842286941242,0.013583842286941242,false
255,true,0.9927929595644975,-901621.7315928023,908813.3415748009,-0.00840424804482609,-0.13429150532465428,8,false,0.013583842286941242,0.013583842286941242,false
255,true,0.9955167136739925,-901430.5380096704,908828.7573300514,-0.05965199391357601,-0.12821017566602677,8,false,0.013583842286941242,0.013583842286941242,false
255,true,0.5955000293979283,-901514.7014905903,908701.4392564484,1.0271834215382114,1.2879016323713586,8,false,0.013583842286941242,0.013583842286941242,false
255,true,0.9298771932087528,-901537.4828666782,908900.3427096448,-1.0156761191319674,-1.0980783853447065,8,false,0.013583842286941242,0.013583842286941242,false
255,true,0.9987437815583854,-901618.4269586405,908894.5010505491,-0.041128287208266556,-0.08974467893131077,8,false,0.013583842286941242,0.013583842286941242,false
255,true,0.9671722276381006,-901542.4616821287,908892.6540277657,0.06235635792836547,0.11471076495945454,8,false,0.013583842286941242,0.013583842286941242,false
255,true,0.9861211733407735,-901548.3676938387,908914.9728542117,-0.055604200228117406,-0.12196154880803078,8,false,0.013583842286941242,0.013583842286941242,false
255,true,0.9743377382410122,-901402.1686923439,908829.6406491232,0.027158762444742024,0.09551980486139655,8,false,0.013583842286941242,0.013583842286941242,false
255,true,0.9940926888954947,-901573.5252836045,908708.6783228874,0.03190094488672912,-0.08604365447536111,8,false,0.013583842286941242,0.013583842286941242,false
255,true,0.8257042253093048,-901577.5322863366,908957.3546407853,0.4700166586553678,0.4960009064525366,8,false,0.013583842286941242,0.013583842286941242,false
255,true,0.9458526717364443,-901540.5508321264,908911.1167471878,-0.33389759866986424,-0.5611523593543097,8,false,0.013583842286941242,0.013583842286941242,false
255,true,0.9786088535514001,-901509.0600642839,908792.7646631385,0.012873592902906239,-0.25635583128314465,8,false,0.013583842286941242,0.013583842286941242,false
255,true,0.9976442360205102,-901550.0071881497,908787.3205507118,0.04791103373281658,-0.2618902388494462,8,false,0.013583842286941242,0.013583842286941242,false
255,true,0.9669287928354856,-901594.9424075977,909047.5502027246,0.035871932515874505,-0.2871683653211221,8,false,0.013583842286941242,0.013583842286941242,false
255,true,0.8642768696001417,-901651.5362421823,908888.1532296018,0.3108004267560318,0.4886917615076527,8,false,0.013583842286941242,0.013583842286941242,false
255,true,0.9976844818407625,-901451.8982855775,908851.7141028374,-0.6572907140944153,-0.6617480760905892,8,false,0.013583842286941242,0.013583842286941242,false
255,true,0.9536212810403498,-901792.2786160327,908978.105959655,0.055383244063705206,0.09737314248923212,8,false,0.013583842286941242,0.013583842286941242,false
255,true,0.9257743552936422,-901776.3607318455,909250.1197832923,0.16612191463354975,0.19630670396145433,8,false,0.013583842286941242,0.013583842286941242,false
255,true,0.9985519548606953,-901621.5156677929,909103.0340664233,-0.10182921914383769,-0.2094669551588595,8,false,0.013583842286941242,0.013583842286941242,false
255,true,0.9758577477318099,-901551.0814555498,908883.997715193,-0.0027012693462893367,0.11828162695746869,8,false,0.013583842286941242,0.013583842286941242,false
255,true,0.986598544602288,-901571.142936541,908961.5706778999,0.015545424888841808,-0.11791102983988822,8,false,0.013583842286941242,0.013583842286941242,false
255,true,0.9605524345568301,-901571.4035951972,908889.3613123831,0.05141157051548362,0.15981331944931298,8,false,0.013583842286941242,0.013583842286941242,false
255,true,0.9951189429032635,-901644.0512990378,908983.0487671421,-0.03122524917125702,-0.17033470084425062,8,false,0.013583842286941242,0.013583842286941242,false
255,true,0.9580302121108545,-901731.8603553284,909032.2482591381,-0.046441012527793646,0.15922956611029804,8,false,0.013583842286941242,0.013583842286941242,false
255,true,0.9522633348310997,-901557.0949905092,909067.1678811638,-0.010143419029191136,0.16943392937537283,8,false,0.013583842286941242,0.013583842286941242,false
255,true,0.9452154956948178,-901562.7190633513,908885.5581238446,0.04390730441082269,0.17538498737849295,8,false,0.013583842286941242,0.013583842286941242,false
255,true,0.9898747826635227,-901569.3636609073,909104.8818973715,-0.06944477348588407,-0.12716626760084182,8,false,0.013583842286941242,0.013583842286941242,false
255,true,0.9041360345964462,-901566.8141162472,908913.3773676689,0.21981689089443535,0.25010703841689974,8,false,0.013583842286941242,0.013583842286941242,false
255,true,0.9043214333290402,-901714.9382559418,908902.6658722068,-0.11663371277973056,0.3464840855449438,8,false,0.013583842286941242,0.013583842286941242,false
255,true,0.7670918311701667,-901583.0897394702,909089.8493534443,-0.1196450141724199,0.7035966602852568,8,false,0.013583842286941242,0.013583842286941242,false
255,true,0.9972071274582154,-901617.3931765234,909031.5391447193,-0.001763159059919417,-0.05356634908821434,8,false,0.013583842286941242,0.013583842286941242,false
255,true,0.980279289549511,-901590.5037538533,908956.1017351762,0.03623760968912393,0.07575853227172047,8,false,0.013583842286941242,0.013583842286941242,false
255,true,0.9556682271101304,-901639.3616932294,909022.8012687364,0.1148404983105138,0.15751976508181542,8,false,0.013583842286941242,0.013583842286941242,false
255,true,0.9937265331155755,-901630.8698813822,909023.7846305904,-0.034393612178973854,-0.1930504881311208,8,false,0.013583842286941242,0.013583842286941242,false
255,true,0.9929827272466513,-901657.3673081388,909048.671940957,0.06269098841585219,-0.15612463664729148,8,false,0.013583842286941242,0.013583842286941242,false
255,true,0.9419638022463738,-901618.7180490593,909036.7505480164,-0.16904769837856293,0.2434139426331967,8,false,0.013583842286941242,0.013583842286941242,false
255,true,0.9959261309564088,-901583.18052895,908998.2839325734,-0.02798008592799306,-0.06611338723450899,8,false,0.013583842286941242,0.013583842286941242,false
255,true,0.9814975381750044,-901577.6077735352,908972.1667019087,0.0036016564117744565,0.06812089332379401,8,false,0.013583842286941242,0.013583842286941242,false
255,true,0.9769896999943758,-901738.7987252824,909117.3629894729,-0.028876523952931166,0.07841564272530377,8,false,0.013583842286941242,0.013583842286941242,false
255,true,0.7249316014441445,-901631.4784006499,909121.3122884124,0.6577810900053009,0.6649165143026039,8,false,0.013583842286941242,0.013583842286941242,false
255,true,0.8221123704045944,-901605.3596180509,909033.8980090292,-0.5067335423082113,0.7281595586100593,8,false,0.013583842286941242,0.013583842286941242,false
255,true,0.9838638657987685,-901648.7305180116,908950.5937988935,-0.0546010066755116,-0.14100017002783716,8,false,0.013583842286941242,0.013583842286941242,false
255,true,0.851680118522085,-901541.4618924382,908842.2210359448,0.19404801074415445,0.4297496504150331,8,false,0.013583842286941242,0.013583842286941242,false
255,true,0.9994482200882986,-901717.3786971751,908987.8676361097,-0.010302432347089052,-0.29588503297418356,8,false,0.013583842286941242,0.013583842286941242,false
255,true,0.9070122843911064,-901589.4620839908,909069.9055214465,0.15273988957051188,0.3886155205545947,8,false,0.013583842286941242,0.013583842286941242,false
255,true,0.9975419157667951,-901658.9074502321,908992.6134085996,-0.07016960496548563,-0.4327165160793811,8,false,0.013583842286941242,0.013583842286941242,false
255,true,0.9963138735939174,-901523.2792339405,908997.4360389117,-0.2125232828548178,-0.3637913739075884,8,false,0.013583842286941242,0.013583842286941242,false
255,true,0.9777742649298038,-901538.7737048825,908817.9233205966,0.07269666693173349,-0.15635296737309545,8,false,0.013583842286941242,0.013583842286941242,false
255,true,0.9852493167783328,-901624.3938127221,908911.6312020432,0.0466605422552675,-0.21646944992244244,8,false,0.013583842286941242,0.013583842286941242,false
255,true,0.96743359235869,-901611.067874331,909057.3012821949,-0.11762486502993852,-0.26243835233617574,8,false,0.013583842286941242,0.013583842286941242,false
255,true,0.7186288594241417,-901679.6993080406,909054.8434570386,0.7968646635999903,0.8501610368257388,8,false,0.013583842286941242,0.013583842286941242,false
255,true,0.9620637769539964,-901681.8949840133,909075.697192359,-0.9086462096311152,-0.9467890802770853,8,false,0.013583842286941242,0.013583842286941242,false
255,true,0.9970303328768707,-901653.8362416636,909079.860791234,0.013794006896205246,-0.059144358267076313,8,false,0.013583842286941242,0.013583842286941242,false
255,true,0.9832259506933562,-901719.8368411001,909112.7031200087,0.022537587210536003,0.08471920061856508,8,false,0.013583842286941242,0.013583842286941242,false
255,true,0.9972554374347815,-901615.6913669851,909060.0289273096,-0.00880843517370522,-0.07630578079260886,8,false,0.013583842286941242,0.013583842286941242,false
255,true,0.8088307900931442,-901528.8487392387,908929.4345285374,0.45266113663092256,0.5106948780594394,8,false,0.013583842286941242,0.013583842286941242,false
255,true,0.984300394281301,-901505.1061175475,908830.5908720148,-0.11708951648324728,-0.5422869181493297,8,false,0.013583842286941242,0.013583842286941242,false
255,true,0.9944779583642834,-901646.9889922002,909071.4703023052,-0.08104076469317079,-0.40434510388877243,8,false,0.013583842286941242,0.013583842286941242,false
255,true,0.9837739944295393,-901640.3799110866,909023.5926024404,-0.15286718460265547,-0.33680091984570026,8,false,0.013583842286941242,0.013583842286941242,false
255,true,0.8843800033177505,-901678.1134374903,909020.1173739068,-0.10397748893592507,0.37020832661073655,8,false,0.013583842286941242,0.013583842286941242,false
255,true,0.9606664510478041,-901636.9577266019,909072.7864167718,0.04844717134255916,0.14295636117458344,8,false,0.013583842286941242,0.013583842286941242,false
255,true,0.98781418391787,-901435.6316224628,908830.7659464163,0.05202424817252904,-0.12266987713519484,8,false,0.013583842286941242,0.013583842286941242,false
255,true,0.8309788813678801,-901641.8348072914,908832.9528902811,-0.1707318153930828,0.5375182791613042,8,false,0.013583842286941242,0.013583842286941242,false
255,true,0.9874584686391292,-901660.9146583473,909060.17860237,0.005029389285482466,0.034954198519699275,8,false,0.013583842286941242,0.013583842286941242,false
255,true,0.8927136664243777,-901726.0603910371,909044.462401107,0.1949100981000811,0.24406260915566236,8,false,0.013583842286941242,0.013583842286941242,false
255,true,0.9840118989392015,-901656.5711284638,909176.8685592834,-0.17836475267540663,-0.1953335937578231,8,false,0.013583842286941242,0.013583842286941242,false
255,true,0.9665960175082474,-901619.5217983627,909022.7938543054,0.050401701242662966,0.08999759401194751,8,false,0.013583842286941242,0.013583842286941242,false
255,true,0.9871829139046943,-901605.0691020249,908993.6248051502,0.048293958068825305,0.0778744004201144,8,false,0.013583842286941242,0.013583842286941242,false
255,true,0.9997693649233287,-901574.7310996401,909005.1541946473,-0.0340863325400278,-0.1258105169981718,8,false,0.013583842286941242,0.013583842286941242,false
255,true,0.9530521734030328,-901569.4975057852,909037.5252254317,-0.05342019081581384,0.1631602180423215,8,false,0.013583842286941242,0.013583842286941242,false
255,true,0.8607917311699959,-901554.3532129442,908911.7445443473,0.26677456754259765,0.342902370961383,8,false,0.013583842286941242,0.013583842286941242,false
255,true,0.9869868384077214,-901453.8259361623,908870.9353534298,-0.19698097638320178,-0.29646635334938765,8,false,0.013583842286941242,0.013583842286941242,false
255,true,0.7976464343137675,-901459.5583267079,908813.1845686878,0.4774504778906703,0.578793499735184,8,false,0.013583842286941242,0.013583842286941242,false
255,true,0.9789505803117635,-901536.5975902269,908860.8918141081,-0.06444269837811589,-0.5440174614777789,8,false,0.013583842286941242,0.013583842286941242,false
255,true,0.9941315894767092,-901612.4466297707,908963.7465806871,-0.43437035335227847,-0.5018708134302869,8,false,0.013583842286941242,0.013583842286941242,false
255,true,0.9497800043095694,-901481.1439906126,908847.5316093104,0.0011693399865180254,0.16487301280722022,8,false,0.013583842286941242,0.013583842286941242,false
255,true,0.9291029765387014,-901527.58954053,908792.8057959246,0.10132546501699835,0.23664909868966788,8,false,0.013583842286941242,0.013583842286941242,false
255,true,0.9991256416129799,-901558.5505900561,908886.3735893891,-0.1608109730295837,-0.20548170153051615,8,false,0.013583842286941242,0.013583842286941242,false
255,true,0.6537279827285754,-901509.7414489448,908866.2376709465,-0.02478046528995037,0.9864981616847217,8,false,0.013583842286941242,0.013583842286941242,false
255,true,0.9899774265047091,-901617.2370202974,908882.5790223021,0.03286761848721653,0.0419828318990767,8,false,0.013583842286941242,0.013583842286941242,false
255,true,0.9951858839842681,-901637.3948497118,908966.3018276801,0.011886519845575094,0.03988682327326387,8,false,0.013583842286941242,0.013583842286941242,false
255,true,0.5912487765376082,-901642.8418783995,909137.6034652253,0.028815933968871832,1.241880786139518,8,false,0.013583842286941242,0.013583842286941242,false
255,true,0.9990058561506688,-901719.3385317338,909080.3955985666,-0.010985492262989283,-0.07480769872199744,8,false,0.013583842286941242,0.013583842286941242,false
255,true,0.9810000021319063,-901695.8527023217,909226.1220896132,-0.014562868047505617,0.0807580251712352,8,false,0.013583842286941242,0.013583842286941242,false
255,true,0.9459504383599621,-901617.5186623934,909023.4162614787,0.021023797220550478,0.16278131562285125,8,false,0.013583842286941242,0.013583842286941242,false
255,true,0.918240396089786,-901728.872269476,909123.1228102528,0.19197997672017664,0.22300938214175403,8,false,0.013583842286941242,0.013583842286941242,false
255,true,0.8267127977496223,-901625.8277522647,909103.9606207274,0.5101411248324439,0.5877661041449755,8,false,0.013583842286941242,0.013583842286941242,false
255,true,0.9923261367975009,-901661.8293224082,909053.3573043582,-0.2862062813946977,-0.7634585693012923,8,false,0.013583842286941242,0.013583842286941242,false
255,true,0.9871617383316674,-901671.3957626625,909061.5771690172,-0.3985064273001626,-0.460296482546255,8,false,0.013583842286941242,0.013583842286941242,false
255,true,0.999215540323362,-901555.0030849854,909051.533718937,-0.0386965440120548,-0.08806775871198624,8,false,0.013583842286941242,0.013583842286941242,false
255,true,0.890824589267165,-901497.5671823157,908858.0771905647,0.022520972415804863,0.28313942067325115,8,false,0.013583842286941242,0.013583842286941242,false
255,true,0.9795497506822651,-901590.5424077782,908948.9512556203,0.03842602972872555,0.09240133326966316,8,false,0.013583842286941242,0.013583842286941242,false
255,true,0.9705308419934029,-901491.7247480097,908835.1175566424,-0.06670645449776202,0.13226392772048712,8,false,0.013583842286941242,0.013583842286941242,false
255,true,0.8914060351516883,-901589.1805395803,909035.364049626,0.0007103916723281145,0.2500415948452428,8,false,0.013583842286941242,0.013583842286941242,false
255,true,0.9779080615911949,-901625.1038559108,909069.6907213967,-0.01071208342909813,0.07839775481261313,8,false,0.013583842286941242,0.013583842286941242,false
255,true,0.9560593412625903,-901531.3333867884,908915.7824678427,0.029971498646773398,0.1192912682890892,8,false,0.013583842286941242,0.013583842286941242,false
255,true,0.854949981341808,-901500.1449069893,908995.8585905732,0.13701220019720495,0.3545434104744345,8,false,0.013583842286941242,0.013583842286941242,false
255,true,0.996869807897174,-901603.3871951284,908983.1662892867,-0.1307464784476906,-0.18377650913316756,8,false,0.013583842286941242,0.013583842286941242,false
255,true,0.8552289384459468,-901629.9832947851,909108.313040866,0.32787404919508845,0.38101076253224164,8,false,0.013583842286941242,0.013583842286941242,false
255,true,0.9922767601866828,-901580.9283470814,908985.8373946224,-0.030033704009838402,-0.3741244275588542,8,false,0.013583842286941242,0.013583842286941242,false
255,true,0.9996336167950243,-901558.7444269224,908910.3196924871,-0.25706379185430706,-0.34761409799102694,8,false,0.013583842286941242,0.013583842286941242,false
255,true,0.9485567712510491,-901654.3486362585,908980.6504518529,0.023770443280227482,0.18128639739006758,8,false,0.013583842286941242,0.013583842286941242,false
255,true,0.967542734441851,-901479.6751239169,908951.1187074692,-0.11417491803877056,-0.14722331252414733,8,false,0.013583842286941242,0.013583842286941242,false
255,true,0.9290745135314873,-901473.8825155569,908743.2857674923,-0.038748123100958765,0.17407928849570453,8,false,0.013583842286941242,0.013583842286941242,false
255,true,0.9540446264200368,-901449.7227171632,908793.8295404197,0.0898189025465399,0.09626115020364523,8,false,0.013583842286941242,0.013583842286941242,false
255,true,0.9597589897004422,-901472.7977339147,908737.2974922335,0.01595778448972851,0.1364280479028821,8,false,0.013583842286941242,0.013583842286941242,false
255,true,0.9410020365346764,-901516.0594377702,908730.2071442413,0.14053403865545988,0.19435661379247904,8,false,0.013583842286941242,0.013583842286941242,false
255,true,0.9171384542077703,-901525.5833721888,908883.6308608876,-0.09299661254044622,0.30138196516782045,8,false,0.013583842286941242,0.013583842286941242,false
255,true,0.9788730564137241,-901658.0546763814,908951.0402158658,-0.05396956542972475,-0.14180086250416934,8,false,0.013583842286941242,0.013583842286941242,false
255,true,0.9782568943660673,-901663.6843975147,909029.53452217,0.06841287680435926,0.10430205939337611,8,false,0.013583842286941242,0.013583842286941242,false
255,true,0.9524305380697713,-901605.7949628391,908988.4188072846,-0.00012508092913776636,0.19932340097147971,8,false,0.013583842286941242,0.013583842286941242,false
255,true,0.9824653733762916,-901523.4764391708,908926.3735656075,0.000504283350892365,-0.1475852649891749,8,false,0.013583842286941242,0.013583842286941242,false
255,true,0.9869564008336519,-901508.9789770065,908786.1587300708,-0.05773176020011306,-0.15298757993150502,8,false,0.013583842286941242,0.013583842286941242,false
255,true,0.8466576229896878,-901661.0372966697,908951.7407399443,-0.08922701119445264,0.4364265752956271,8,false,0.013583842286941242,0.013583842286941242,false
255,true,0.9254289542895183,-901492.4357148048,908961.6293892679,0.028303577564656734,0.1727328640408814,8,false,0.013583842286941242,0.013583842286941242,false
255,true,0.6699106080668541,-901638.7575089819,909012.3687747277,0.7111089803511277,0.9387863596202806,8,false,0.013583842286941242,0.013583842286941242,false
255,true,0.9409315956427448,-901603.299802871,909015.1979708934,-0.6084525452461094,-0.716399641125463,8,false,0.013583842286941242,0.013583842286941242,false
255,true,0.9866705508975785,-901475.1509544828,908868.5213098887,-0.10879733483307064,-0.11689291091170162,8,false,0.013583842286941242,0.013583842286941242,false
255,true,0.9496043163511664,-901554.365492299,908883.3020767382,0.027715677279047668,0.1330144830280915,8,false,0.013583842286941242,0.013583842286941242,false
255,true,0.9952761050106684,-901493.489487951,909006.4485709524,-0.02386042266152799,-0.05177620693575591,8,false,0.013583842286941242,0.013583842286941242,false
255,true,0.9948780145144634,-901493.3647663172,908894.5054011502,0.00589072797447443,-0.04061831650324166,8,false,0.013583842286941242,0.013583842286941242,false
255,true,0.9462668933917473,-901606.9653688497,908868.9998692651,0.01239356945734471,0.14032424136530608,8,false,0.013583842286941242,0.013583842286941242,false
255,true,0.9627598430193651,-901631.1428805857,908996.3991278638,0.06205002672504634,0.11287208297289908,8,false,0.013583842286941242,0.013583842286941242,false
255,true,0.8144604773261035,-901641.6301679211,909010.0776151131,0.49497699714265764,0.5258320675930008,8,false,0.013583842286941242,0.013583842286941242,false
255,true,0.9937348845862111,-901592.0384367971,908962.1348488875,-0.07041114754974842,-0.5936450276058167,8,false,0.013583842286941242,0.013583842286941242,false
255,true,0.9999092650752027,-901569.7614876514,908902.947648943,-0.42138549825176597,-0.535529317567125,8,false,0.013583842286941242,0.013583842286941242,false
255,true,0.9600981777246254,-901624.2119898158,908994.5032780556,-0.023812307161279023,0.14388818386942148,8,false,0.013583842286941242,0.013583842286941242,false
255,true,0.9388980293453327,-901656.9969115099,909041.172547019,0.12024037598166615,0.18693703901953995,8,false,0.013583842286941242,0.013583842286941242,false
255,true,0.9842466572390718,-901647.9958531648,909018.3771780584,0.08361613389570266,-0.18944537627976388,8,false,0.013583842286941242,0.013583842286941242,false
255,true,0.9916713431978293,-901684.1622422229,909161.1710826774,-0.023024566587992013,-0.2847417372977361,8,false,0.013583842286941242,0.013583842286941242,false
255,true,0.9585299461147309,-901653.2478012287,908994.6674975895,0.033763007959350944,-0.256013302016072,8,false,0.013583842286941242,0.013583842286941242,false
255,true,0.9687759191653964,-901686.1250548336,909079.5483118292,-0.10039070819038898,-0.26895971479825675,8,false,0.013583842286941242,0.013583842286941242,false
255,true,0.9919236385866607,-901485.6718207189,908934.0849072342,-0.09093687974382192,-0.1969804196851328,8,false,0.013583842286941242,0.013583842286941242,false
255,true,0.9981220110022907,-901529.807386583,908853.6948352552,-0.08338945149444044,-0.10670965735334903,8,false,0.013583842286941242,0.013583842286941242,false
255,true,0.8528407578228849,-901498.0790876984,908762.7221307809,0.008366548572666943,0.34639015479478985,8,false,0.013583842286941242,0.013583842286941242,false
255,true,0.9070260314582099,-901400.5699112826,908635.4462719478,0.163171079242602,0.22967547178268433,8,false,0.013583842286941242,0.013583842286941242,false
255,true,0.9182700515895026,-901671.4502465904,908855.0375620369,0.11989177006762475,0.2915971439797431,8,false,0.013583842286941242,0.013583842286941242,false
255,true,0.9947651309600755,-901711.9501828174,909114.3291811161,-0.2310506774811074,-0.31776455335784703,8,false,0.013583842286941242,0.013583842286941242,false
255,true,0.9943591631025543,-901681.1623826139,909069.6867611321,0.013792927842587233,-0.09677109320182353,8,false,0.013583842286941242,0.013583842286941242,false
255,true,0.9657457506016515,-901668.1982634292,909164.3412020335,-0.046662636450491846,0.15520519891288131,8,false,0.013583842286941242,0.013583842286941242,false
255,true,0.9675695063587685,-901710.9023775625,909052.8562589779,0.059915510239079595,0.11998927092645317,8,false,0.013583842286941242,0.013583842286941242,false
255,true,0.998415106538257,-901485.3786218268,908991.3063478528,-0.04421410115901381,-0.1217612149193883,8,false,0.013583842286941242,0.013583842286941242,false
255,true,0.9112286334284186,-901636.2112156405,908949.7439611411,0.1908084909664467,0.2446440844796598,8,false,0.013583842286941242,0.013583842286941242,false
255,true,0.8445382620900002,-901635.0254417106,909078.9659873382,-0.14140879223123193,0.5059214128414169,8,false,0.013583842286941242,0.013583842286941242,false
255,true,0.7356858323743733,-901674.9656698239,908934.423022949,0.5142564028501511,0.7778809083392844,8,false,0.013583842286941242,0.013583842286941242,false
255,true,0.997462358334828,-901512.3143516743,908954.1440657577,-0.3836163862142712,-0.622403152869083,8,false,0.013583842286941242,0.013583842286941242,false
255,true,0.8657740365646064,-901636.2485745177,908928.8059198002,0.40678374271374196,0.47580574022140354,8,false,0.013583842286941242,0.013583842286941242,false
255,true,0.9935221383332548,-901597.3737210232,909002.6882874006,-0.2446469614515081,-0.6552024276461452,8,false,0.013583842286941242,0.013583842286941242,false
255,true,0.8615389845702202,-901583.0267507619,908930.6737708197,0.09604560595471412,0.517997165909037,8,false,0.013583842286941242,0.013583842286941242,false
255,true,0.9999340598269109,-901546.3354096008,909045.0847086202,-0.38998812437057495,-0.5202893059467897,8,false,0.013583842286941242,0.013583842286941242,false
255,true,0.9771402571551976,-901638.2672015929,909028.5284636132,-0.08808888809289783,0.1392203961731866,8,false,0.013583842286941242,0.013583842286941242,false
255,true,0.926678768981307,-901683.2175620006,908922.1117753858,0.017100651748478413,0.1862306665861979,8,false,0.013583842286941242,0.013583842286941242,false
255,true,0.980566567092821,-901757.1973505804,909181.3453477916,-0.007876339484937489,0.07645133417099714,8,false,0.013583842286941242,0.013583842286941242,false
255,true,0.9365245051960611,-901519.7378497767,908981.1937850784,0.11497440282255411,0.1754980382975191,8,false,0.013583842286941242,0.013583842286941242,false
255,true,0.9527839426199225,-901515.9068823704,908958.4787683476,0.06015958427451551,0.2059911540709436,8,false,0.013583842286941242,0.013583842286941242,false
255,true,0.9773273154637815,-901412.4551306138,908742.6388373055,-0.13456346560269594,-0.2266761955106631,8,false,0.013583842286941242,0.013583842286941242,false
255,true,0.835635078924639,-901490.8062854821,908668.3290116774,0.16978392330929637,0.4649280027952045,8,false,0.013583842286941242,0.013583842286941242,false
255,true,0.9982732489538613,-901597.6500083515,908845.2744518977,-0.20973707700613886,-0.2650114082498476,8,false,0.013583842286941242,0.013583842286941242,false
255,true,0.9163385083000041,-901573.9349008161,908881.335038311,0.04318329785019159,0.21985369722824544,8,false,0.013583842286941242,0.013583842286941242,false
255,true,0.9410514217142171,-901593.1271264899,908862.5070713583,0.1223018632736057,0.18263929116073996,8,false,0.013583842286941242,0.013583842286941242,false
255,true,0.9903908522259367,-901583.0794920203,908944.7931630149,-0.21648825891315937,-0.21648825891315937,8,false,0.013583842286941242,0.013583842286941242,false
255,true,0.9019288730243493,-901455.1646383038,908829.238565931,0.17323662049602717,0.21489220182411373,8,false,0.013583842286941242,0.013583842286941242,false
255,true,0.8154282133875905,-901452.3278278195,908645.0804971759,0.45551020721904933,0.5723259764490649,8,false,0.013583842286941242,0.013583842286941242,false
255,true,0.9996509808150703,-901381.3614331762,908756.4710232916,-0.6015651992056519,-0.6277497203554958,8,false,0.013583842286941242,0.013583842286941242,false
255,true,0.9022655625513978,-901632.4037273003,908861.5661473225,0.21305000269785523,0.25670870719477534,8,false,0.013583842286941242,0.013583842286941242,false
255,true,0.8912011289301883,-901693.8751210386,909004.6732584656,0.09772420930676162,0.4055551803903654,8,false,0.013583842286941242,0.013583842286941242,false
255,true,0.9999547760902432,-901543.0131598779,908846.4459098649,-0.11451883881818503,-0.336637320346199,8,false,0.013583842286941242,0.013583842286941242,false
255,true,0.9479851662127007,-901525.2952118103,908881.902688439,0.09638892731163651,0.23315401189029217,8,false,0.013583842286941242,0.013583842286941242,false
255,true,0.999425942468777,-901563.0771937781,909001.4816210527,-0.06565122201573104,-0.31881294131744653,8,false,0.013583842286941242,0.013583842286941242,false
255,true,0.9905055375350471,-901489.3729926735,908873.1255225085,0.05988385807722807,-0.25761678838171065,8,false,0.013583842286941242,0.013583842286941242,false
255,true,0.9176543366922357,-901671.3026030952,908920.284007317,-0.21079796785488725,0.3416853139642626,8,false,0.013583842286941242,0.013583842286941242,false
255,true,0.9320740933762284,-901543.5536924693,909031.1176904545,0.037854360649362206,0.2095919286366552,8,false,0.013583842286941242,0.013583842286941242,false
255,true,0.8716543158861756,-901583.8592228753,908929.0118385466,0.28703510796185583,0.38447867101058364,8,false,0.013583842286941242,0.013583842286941242,false
255,true,0.9999661322505522,-901609.8009963989,908921.0238958705,-0.279052167548798,-0.4213569511193782,8,false,0.013583842286941242,0.013583842286941242,false
255,true,0.9809478315882008,-901526.1920449343,909122.1589952318,0.05269338109064847,-0.13800581695977598,8,false,0.013583842286941242,0.013583842286941242,false
255,true,0.9693857903256847,-901498.5169295284,908868.1420797828,0.012709493399597704,-0.19860829890239984,8,false,0.013583842286941242,0.013583842286941242,false
255,true,0.8845943226669163,-901636.4159252039,908909.4659799691,0.26711643242742866,0.3940849893260747,8,false,0.013583842286941242,0.013583842286941242,false
255,true,0.9994868535118385,-901708.7677089011,909104.772464205,-0.04342631727922708,-0.464216080494225,8,false,0.013583842286941242,0.013583842286941242,false
255,true,0.996183855617197,-901706.7385393642,909198.2083057676,-3.416999243199825e-5,-0.4272069502621889,8,false,0.013583842286941242,0.013583842286941242,false
255,true,0.9223714392285804,-901657.7662384384,908919.8425305769,-0.3587447367608547,-0.4302153257885948,8,false,0.013583842286941242,0.013583842286941242,false
255,true,0.9455862167534091,-901682.1855147597,908985.9851158803,0.11478911235462874,0.17376644082833081,8,false,0.013583842286941242,0.013583842286941242,false
255,true,0.9963389599507977,-901671.4503676046,909146.7376861059,0.0028769582277163863,-0.17359932290855795,8,false,0.013583842286941242,0.013583842286941242,false
255,true,0.9985473828747407,-901582.5272787814,909168.7650639319,-0.18077137763611972,-0.19804125546943396,8,false,0.013583842286941242,0.013583842286941242,false
255,true,0.9417766380318745,-901601.7713427859,908919.1910890825,0.10590053501073271,0.14381493837572634,8,false,0.013583842286941242,0.013583842286941242,false
255,true,0.9596648631498366,-901588.1473842886,909123.4756833676,-0.025402490748092532,0.14667980140075088,8,false,0.013583842286941242,0.013583842286941242,false
255,true,0.998416884139462,-901710.3788048878,909005.405117383,0.0016139165963977575,-0.10315150464884937,8,false,0.013583842286941242,0.013583842286941242,false
255,true,0.9991419534141326,-901520.2574227324,909007.0042900356,-0.08098723983857781,-0.09124236018396914,8,false,0.013583842286941242,0.013583842286941242,false
255,true,0.9706997379005561,-901593.484680644,908905.1266543707,0.04788550245575607,0.07567348587326705,8,false,0.013583842286941242,0.013583842286941242,false
255,true,0.9066488842326517,-901541.2112997544,909038.9050991797,0.17556930833961815,0.23756062285974622,8,false,0.013583842286941242,0.013583842286941242,false
255,true,0.9998742221578679,-901532.7452374966,908737.3383435964,-0.18505438324064016,-0.25321897317189723,8,false,0.013583842286941242,0.013583842286941242,false
255,true,0.8726250408004019,-901611.3810297647,908938.2274982317,0.2349964374443516,0.3224058890482411,8,false,0.013583842286941242,0.013583842286941242,false
255,true,0.9981435296954484,-901446.391736271,908865.585671411,-0.27205166255589575,-0.2808590342756361,8,false,0.013583842286941242,0.013583842286941242,false
255,true,0.9499133705459689,-901494.0903657905,908790.5714363689,0.023204507189802825,0.10395529982633889,8,false,0.013583842286941242,0.013583842286941242,false
255,true,0.9873323961282305,-901525.6934745687,908788.7420041236,0.04214958369266242,0.056645331787876785,8,false,0.013583842286941242,0.013583842286941242,false
255,true,0.9977769272071213,-901732.7872394496,909013.3917338505,-0.007905199425294995,-0.08403501054272056,8,false,0.013583842286941242,0.013583842286941242,false
255,true,0.8169570589446106,-901585.2362392336,909016.886964163,-0.03699649451300502,0.4981261903885752,8,false,0.013583842286941242,0.013583842286941242,false
255,true,0.9921182317990961,-901655.3370821896,909014.4286866626,-0.0026611884823068976,-0.04708100075367838,8,false,0.013583842286941242,0.013583842286941242,false
255,true,0.7977058521713051,-901526.4609535703,908912.3985583554,0.05696412350516766,0.5171915434766561,8,false,0.013583842286941242,0.013583842286941242,false
255,true,0.9932973658451912,-901715.8108332257,908943.5211181251,-0.029855772969312966,-0.09522375732194632,8,false,0.013583842286941242,0.013583842286941242,false
255,true,0.9850197031498181,-901701.4035221356,909129.5448851001,0.012001508846879005,0.06901638500858098,8,false,0.013583842286941242,0.013583842286941242,false
255,true,0.9664005565955922,-901586.8342247101,909050.5322505635,0.05727526848204434,0.1218039650702849,8,false,0.013583842286941242,0.013583842286941242,false
255,true,0.9872453112239873,-901568.8541771772,908875.6424733102,0.05179679999127984,-0.12775575031992048,8,false,0.013583842286941242,0.013583842286941242,false
255,true,0.9674197269053219,-901555.3147828311,908968.0415718771,-0.010414883843623102,-0.16235083364881575,8,false,0.013583842286941242,0.013583842286941242,false
255,true,0.9467701533514867,-901515.1627516164,908871.4131196096,-0.12160823680460453,0.20829030533786863,8,false,0.013583842286941242,0.013583842286941242,false
255,true,0.9760206458765069,-901575.2042812736,908833.1205460338,0.047051292611286044,0.09502750530373305,8,false,0.013583842286941242,0.013583842286941242,false
255,true,0.9990890880066513,-901456.2930501562,908782.2776730736,0.005122130387462676,-0.10476799006573856,8,false,0.013583842286941242,0.013583842286941242,false
255,true,0.9847472594817334,-901601.6260543591,908853.9218108432,0.018586934078484774,-0.11346229049377143,8,false,0.013583842286941242,0.013583842286941242,false
255,true,0.7296310394763657,-901672.1355486219,908959.2588890807,0.527331039425917,0.7870634181890637,8,false,0.013583842286941242,0.013583842286941242,false
255,true,0.9539382765695085,-901588.4091996374,908968.1758774169,-0.41444271442014724,-0.6542210170300677,8,false,0.013583842286941242,0.013583842286941242,false
255,true,0.9842959904270819,-901623.1066713934,908883.9583766294,-0.17910003289580345,-0.22975972958374768,8,false,0.013583842286941242,0.013583842286941242,false
255,true,0.8710610874871725,-901665.4668441364,909003.6864387613,-0.03358085639774799,0.33496200933586806,8,false,0.013583842286941242,0.013583842286941242,false
255,true,0.9175011745625803,-901613.8174484656,908988.7607846438,0.16397568909451365,0.1918926399666816,8,false,0.013583842286941242,0.013583842286941242,false
255,true,0.983060587188664,-901660.540835562,908892.1563098672,0.017683731159195304,-0.20337763417046517,8,false,0.013583842286941242,0.013583842286941242,false
255,true,0.9935264102189314,-901578.62883589,909025.2768527402,-0.005993247963488102,-0.19873791898135096,8,false,0.013583842286941242,0.013583842286941242,false
255,true,0.9875673020397423,-901601.8616655082,908958.1012281036,0.05146253481507301,-0.18390887486748397,8,false,0.013583842286941242,0.013583842286941242,false
255,true,0.9999013873334293,-901714.5255217605,909005.9869914056,-0.14992773719131947,-0.2526485063135624,8,false,0.013583842286941242,0.013583842286941242,false
255,true,0.9901513471415263,-901623.7444530838,909033.0742878107,0.045940460287965834,-0.1046062377281487,8,false,0.013583842286941242,0.013583842286941242,false
255,true,0.9693473607645817,-901582.3174401554,908957.9203497085,-0.08817617641761899,-0.14325261616613716,8,false,0.013583842286941242,0.013583842286941242,false
255,true,0.997649217168626,-901602.0621414465,908919.0227483218,-0.02324003668036312,-0.07220170088112354,8,false,0.013583842286941242,0.013583842286941242,false
255,true,0.7993227320864137,-901577.9746915457,909016.8295410784,0.41889890213496983,0.49147058313246816,8,false,0.013583842286941242,0.013583842286941242,false
255,true,0.9932751576630893,-901618.905440031,908945.8091231744,-0.28947308217175305,-0.44831596896983683,8,false,0.013583842286941242,0.013583842286941242,false
255,true,0.9991169362563788,-901585.6878565679,908974.9306651183,-0.009101106668822467,-0.15961544821038842,8,false,0.013583842286941242,0.013583842286941242,false
255,true,0.7613008743952184,-901554.830196771,908704.4469274256,0.05757689941674471,0.7284355125157163,8,false,0.013583842286941242,0.013583842286941242,false
255,true,0.9972508095973032,-901612.1458271131,908851.0193136143,-0.05738567281514406,-0.207489694817923,8,false,0.013583842286941242,0.013583842286941242,false
255,true,0.9637080570152762,-901633.060886925,908840.2567512512,-0.0297858890844509,0.1803539771353826,8,false,0.013583842286941242,0.013583842286941242,false
255,true,0.9771129122639909,-901547.8289235476,908928.6765554973,0.045654943911358714,-0.11807107808999717,8,false,0.013583842286941242,0.013583842286941242,false
255,true,0.9681056990314068,-901651.7969273023,908978.4880216309,-0.059013523161411285,-0.17125691496767104,8,false,0.013583842286941242,0.013583842286941242,false
255,true,0.9929653155688555,-901663.8333587341,909080.4403501287,-0.04160514404065907,-0.10772917093709111,8,false,0.013583842286941242,0.013583842286941242,false
255,true,0.8853691821032309,-901546.4171115747,909052.1941904082,-0.057539332658052444,0.32177868578583,8,false,0.013583842286941242,0.013583842286941242,false
255,true,0.8890398938208464,-901562.052832937,908944.77166114,-0.01012788515072316,0.265249487827532,8,false,0.013583842286941242,0.013583842286941242,false
255,true,0.9332024257191712,-901643.2578367649,908982.0820987215,0.08710748422890902,0.15782246040180326,8,false,0.013583842286941242,0.013583842286941242,false
255,true,0.9390554320193185,-901713.051216571,909066.5067875161,-0.023484012694098055,0.20496400468982756,8,false,0.013583842286941242,0.013583842286941242,false
255,true,0.9677715983495253,-901659.7984990686,909098.7423303653,0.03194783499930054,0.11966189893428236,8,false,0.013583842286941242,0.013583842286941242,false
255,true,0.9619909163103867,-901553.6577110635,908910.7127039526,-0.012236670358106494,0.1493372084805742,8,false,0.013583842286941242,0.013583842286941242,false
255,true,0.9943846425262176,-901663.6744478487,908835.7585057922,0.01255867222789675,-0.10409065149724483,8,false,0.013583842286941242,0.013583842286941242,false
255,true,0.9379430184595163,-901723.5664620464,908998.5662545318,0.03284926759079099,0.20214538543950766,8,false,0.013583842286941242,0.013583842286941242,false
255,true,0.9989618491401648,-901559.2453062641,908979.9913464399,0.0016959391068667173,-0.13391637860331684,8,false,0.013583842286941242,0.013583842286941242,false
255,true,0.9008611894376385,-901598.5061653971,908930.6333511247,-0.05070032936055213,0.309457543422468,8,false,0.013583842286941242,0.013583842286941242,false
255,true,0.9510759372745868,-901694.4563238067,909045.2863411299,-0.007262073457241058,0.16113465803209692,8,false,0.013583842286941242,0.013583842286941242,false
255,true,0.6598376217407725,-901757.9314746348,909251.7478164631,0.42526776622980833,0.9003013396868482,8,false,0.013583842286941242,0.013583842286941242,false
255,true,0.9994792492607378,-901380.6556856177,908888.3617580533,-0.2729292419971898,-0.4824317607562989,8,false,0.013583842286941242,0.013583842286941242,false
255,true,0.9477821617128215,-901416.2177376614,908557.1522598575,0.15110128314699978,0.24012129532638937,8,false,0.013583842286941242,0.013583842286941242,false
255,true,0.9987694258577577,-901372.165856405,908691.1887486018,-0.0948137742234394,-0.38549111713655293,8,false,0.013583842286941242,0.013583842286941242,false
255,true,0.9636008229469568,-901551.2834861391,908677.4786559603,0.14127459516748786,-0.2815705471439287,8,false,0.013583842286941242,0.013583842286941242,false
255,true,0.9989896750558142,-901554.7935607414,908861.1949613689,-0.313743693404831,-0.41057545377407223,8,false,0.013583842286941242,0.013583842286941242,false
255,true,0.9173562505334911,-901644.1843323051,908929.370150712,0.10906215035356581,0.2420138439629227,8,false,0.013583842286941242,0.013583842286941242,false
255,true,0.9990950153844675,-901660.3133413885,909028.1517121576,-0.16027052607387304,-0.22488339093979448,8,false,0.013583842286941242,0.013583842286941242,false
255,true,0.9720952815762429,-901689.8982540873,909024.4847073453,-0.016364628681913018,0.1098121526883915,8,false,0.013583842286941242,0.013583842286941242,false
255,true,0.7432262290312486,-901571.5460815625,909089.0235122915,0.053562591318041086,0.6963822192046791,8,false,0.013583842286941242,0.013583842286941242,false
255,true,0.943724160135337,-901701.895363983,908888.6914763022,-0.06329912692308426,0.18369328777771443,8,false,0.013583842286941242,0.013583842286941242,false
255,true,0.9999761145288126,-901629.447523856,909077.3489569569,-0.025148476823233068,-0.04495024913921952,8,false,0.013583842286941242,0.013583842286941242,false
255,true,0.927632559349484,-901713.7848680576,909157.1947327157,0.011410748236812651,0.16732825501821935,8,false,0.013583842286941242,0.013583842286941242,false
255,true,0.9450820058578386,-901716.3124799881,909192.7090284042,0.10642429883591831,0.13605038030073047,8,false,0.013583842286941242,0.013583842286941242,false
255,true,0.9556578596473049,-901621.2571588758,909057.4061532033,0.10676315077580512,0.16421031719073653,8,false,0.013583842286941242,0.013583842286941242,false
255,true,0.9429258082411066,-901569.831954294,908889.3933560267,-0.14169946894980967,0.25376130477525294,8,false,0.013583842286941242,0.013583842286941242,false
255,true,0.9998884612115579,-901554.996755968,908826.8071596305,-0.022805477143265307,-0.08327680197544396,8,false,0.013583842286941242,0.013583842286941242,false
255,true,0.9981280753045165,-901543.7779404062,908940.2426894777,-0.03439689090009779,-0.07457658334169537,8,false,0.013583842286941242,0.013583842286941242,false
255,true,0.9889180552926907,-901611.2260381469,908939.3921042891,0.030099066090770066,0.056563144200481474,8,false,0.013583842286941242,0.013583842286941242,false
255,true,0.9174597897222286,-901442.9452915627,908724.6793270049,0.09268461936153471,0.22378916142042726,8,false,0.013583842286941242,0.013583842286941242,false
255,true,0.7490431711250263,-901684.5763729909,908922.8951794307,0.21150178788229823,0.7569489217130467,8,false,0.013583842286941242,0.013583842286941242,false
255,true,0.9836476660787024,-901497.4151059887,909007.3538364591,0.03431193169672042,-0.3578415308147669,8,false,0.013583842286941242,0.013583842286941242,false
255,true,0.9993033074242255,-901462.6812518521,908829.8108584072,-0.16554855089634657,-0.39309577899985015,8,false,0.013583842286941242,0.013583842286941242,false
255,true,0.9998714812978076,-901574.4774106126,908816.5118025934,-0.09237837838009,-0.24113108043093234,8,false,0.013583842286941242,0.013583842286941242,false
255,true,0.9230945911174968,-901710.1742499666,909083.953102842,-0.07123758073430508,0.269562590518035,8,false,0.013583842286941242,0.013583842286941242,false
255,true,0.8879063753368229,-901599.3628982417,909087.1507123021,0.12648655730299652,0.3133880828972906,8,false,0.013583842286941242,0.013583842286941242,false
255,true,0.9625185748255329,-901580.1454567992,908965.8490141297,-0.1163134261732921,0.19464842148590833,8,false,0.013583842286941242,0.013583842286941242,false
255,true,0.9981428306658344,-901608.9870612198,908948.7398983719,-0.0005637338617816567,-0.07879636716097593,8,false,0.013583842286941242,0.013583842286941242,false
255,true,0.9977117153304192,-901775.0411732536,909000.9023908072,-0.057491402607411146,-0.08161922974977642,8,false,0.013583842286941242,0.013583842286941242,false
255,true,0.9647025752871984,-901583.68889877,908997.8670816171,-0.010490786633454263,0.10766562260687351,8,false,0.013583842286941242,0.013583842286941242,false
255,true,0.9880469000751569,-901603.8651336024,908830.4236754725,-0.02793791110161692,0.05313007324002683,8,false,0.013583842286941242,0.013583842286941242,false
255,true,0.795085193566136,-901611.7005388192,908953.4018638711,0.07360641320701689,0.4910799793433398,8,false,0.013583842286941242,0.013583842286941242,false
255,true,0.9654140173868011,-901523.5711783037,908891.1160995351,0.02465526235755533,0.12829669134225696,8,false,0.013583842286941242,0.013583842286941242,false
255,true,0.9874443910453433,-901500.5683375912,908828.031440348,-0.029504974489100277,0.09308771369978786,8,false,0.013583842286941242,0.013583842286941242,false
255,true,0.8099479228983936,-901529.1142879138,908817.2323283977,0.37456205836497247,0.49190963606815785,8,false,0.013583842286941242,0.013583842286941242,false
255,true,0.8006586340959739,-901657.7058855417,908938.4170731632,-0.3499573968583718,0.7296700725564733,8,false,0.013583842286941242,0.013583842286941242,false
255,true,0.7882991582170709,-901477.6095551079,908969.1935802274,0.1142399279633537,0.5780534574296325,8,false,0.013583842286941242,0.013583842286941242,false
255,true,0.9996718779221331,-901604.2963592573,908829.6626853603,-0.11512111150659621,-0.21386228734627366,8,false,0.013583842286941242,0.013583842286941242,false
255,true,0.9925500727748461,-901618.449712257,909075.4021265734,0.009271514019928873,-0.08395546418614686,8,false,0.013583842286941242,0.013583842286941242,false
255,true,0.9822834243983388,-901538.6359847579,908937.3048379164,-0.05826897011138499,-0.09034981951117516,8,false,0.013583842286941242,0.013583842286941242,false
255,true,0.9376716572090992,-901549.8197498797,908968.4791308859,0.12948659667745233,0.16543075838126242,8,false,0.013583842286941242,0.013583842286941242,false
255,true,0.9610458044154546,-901604.2769135786,908963.3428562478,-0.13075137231498957,0.17193524120375514,8,false,0.013583842286941242,0.013583842286941242,false
255,true,0.7538262345882552,-901711.2481430949,908894.6889455736,0.16844272892922163,0.6385148575063795,8,false,0.013583842286941242,0.013583842286941242,false
255,true,0.9116944347054685,-901581.1380101005,909066.7014731348,0.04736748372670263,0.29847215162590146,8,false,0.013583842286941242,0.013583842286941242,false
255,true,0.9196038148784318,-901556.152901357,908977.2726435194,0.27288138354197145,0.3369280609767884,8,false,0.013583842286941242,0.013583842286941242,false
255,true,0.9887939392219002,-901494.3952559588,908760.7718035554,-0.236146790208295,-0.5312523343600333,8,false,0.013583842286941242,0.013583842286941242,false
255,true,0.9364917235156665,-901633.2213266143,908891.8618683218,0.02430660475511104,0.30288470711093396,8,false,0.013583842286941242,0.013583842286941242,false
255,true,0.9992471426654802,-901430.0343182079,908823.6761766983,-0.16051875753328204,-0.28252536710351706,8,false,0.013583842286941242,0.013583842286941242,false
255,true,0.9968342126274963,-901606.4467269235,908800.8682761162,0.00601281737908721,-0.13841569714713842,8,false,0.013583842286941242,0.013583842286941242,false
255,true,0.9269331723658166,-901611.0859268274,908864.2907748856,0.08597534999717027,0.2676991706248373,8,false,0.013583842286941242,0.013583842286941242,false
255,true,0.9974786386668156,-901416.5639923883,908749.9035439375,-0.06683821300975978,-0.21999003773089498,8,false,0.013583842286941242,0.013583842286941242,false
255,true,0.9319759314497155,-901494.5402520889,908795.4974918705,-0.15035387012176216,0.24389326304662973,8,false,0.013583842286941242,0.013583842286941242,false
255,true,0.9397733001307045,-901468.6751447481,908848.7557530117,0.07604619197081774,0.14211312914267182,8,false,0.013583842286941242,0.013583842286941242,false
255,true,0.9827845218994778,-901447.9456300891,908798.1825152962,0.040016065700910985,0.11227095383219421,8,false,0.013583842286941242,0.013583842286941242,false
255,true,0.9993637444869043,-901609.6861822783,908820.171210439,-0.06973428244236857,-0.14464183209929615,8,false,0.013583842286941242,0.013583842286941242,false
255,true,0.999412988971034,-901589.2448248216,908970.1939167543,-0.053919666330330074,-0.0847145818406716,8,false,0.013583842286941242,0.013583842286941242,false
255,true,0.9822129257598827,-901618.520610191,908955.1472879122,0.041497353347949684,0.06335598579607904,8,false,0.013583842286941242,0.013583842286941242,false
255,true,0.9998801657395318,-901679.325502022,908936.960370921,-0.023965022061020136,-0.06843044341076165,8,false,0.013583842286941242,0.013583842286941242,false
255,true,0.9083176136397991,-901682.2818337881,909043.4635185574,0.06240123091265559,0.2248630109243095,8,false,0.013583842286941242,0.013583842286941242,false
255,true,0.7616240527876326,-901632.0134910473,909031.8182950611,0.18254039797466248,0.6803336788434535,8,false,0.013583842286941242,0.013583842286941242,false
255,true,0.7842711924529023,-901762.5198434168,909112.2038565186,0.6020838038530201,0.7162127679912373,8,false,0.013583842286941242,0.013583842286941242,false
255,true,0.9985055890795985,-901541.5285087179,909084.2024668473,-0.7342409135308117,-0.8653406425146386,8,false,0.013583842286941242,0.013583842286941242,false
255,true,0.9942937561184861,-901691.570195964,908981.0026406263,-0.07841948547866195,-0.14972330443561077,8,false,0.013583842286941242,0.013583842286941242,false
255,true,0.991284108485922,-901728.7828104898,909177.0982660379,-0.007108365185558796,-0.05939744191709906,8,false,0.013583842286941242,0.013583842286941242,false
255,true,0.9997103713615283,-901489.1589368344,908974.4709594203,-0.002347330213524401,-0.08248580957297236,8,false,0.013583842286941242,0.013583842286941242,false
255,true,0.9621161015878313,-901519.023227505,908840.0420513601,-0.010813817847520113,0.12909665529150516,8,false,0.013583842286941242,0.013583842286941242,false
255,true,0.8579797145231374,-901575.1025686932,908887.8990166528,0.020624992554076016,0.3673976316349581,8,false,0.013583842286941242,0.013583842286941242,false
255,true,0.976396294899833,-901691.7949708268,908814.807263008,-0.037207724526524544,0.10479783895425498,8,false,0.013583842286941242,0.013583842286941242,false
255,true,0.7388095331826637,-901590.2375254974,908997.8164830402,0.5934687865665182,0.6563990094000474,8,false,0.013583842286941242,0.013583842286941242,false
255,true,0.9765006576918112,-901660.5578304026,909046.6324780133,-0.39257976098451763,-0.6158099829917774,8,false,0.013583842286941242,0.013583842286941242,false
255,true,0.9902631017314724,-901489.9421302037,908958.1313024596,-0.1785164054017514,-0.23884531378280371,8,false,0.013583842286941242,0.013583842286941242,false
255,true,0.9698735633552917,-901601.2829027933,908835.0165425057,-0.020058201858773828,0.11586680286563933,8,false,0.013583842286941242,0.013583842286941242,false
255,true,0.8894543845555067,-901515.5907416705,908900.0415449378,-0.022389588062651455,0.2759481274988502,8,false,0.013583842286941242,0.013583842286941242,false
255,true,0.9215016524718526,-901556.578787831,908993.4325797604,0.1318640197860077,0.19287856272421777,8,false,0.013583842286941242,0.013583842286941242,false
255,true,0.9912774154031663,-901607.244580539,908971.4245020602,-0.06474826962221414,-0.13741232606116682,8,false,0.013583842286941242,0.013583842286941242,false
255,true,0.8478134338610055,-901531.2774894452,908991.7568680863,-0.029429387534037232,0.4112183718243614,8,false,0.013583842286941242,0.013583842286941242,false
255,true,0.9658036704707937,-901615.2901481998,908880.8489564522,0.002965741674415767,0.11362287576775998,8,false,0.013583842286941242,0.013583842286941242,false
255,true,0.9822688291773052,-901599.2153054863,908995.0417246526,0.014649028307758272,0.07477679033763707,8,false,0.013583842286941242,0.013583842286941242,false
255,true,0.9752773891093125,-901655.7501882442,909080.3792548651,-0.007881487254053354,0.10208958643488586,8,false,0.013583842286941242,0.013583842286941242,false
255,true,0.491894755863445,-901565.0878440486,909009.0677362033,0.15762147982604802,1.8277658962178975,8,false,0.013583842286941242,0.013583842286941242,false
255,true,0.9970168359363913,-901611.0449983499,908931.9927714057,-0.054814689327031374,-0.2115039402851835,8,false,0.013583842286941242,0.013583842286941242,false
255,true,0.9949314646662116,-901603.0727071582,908947.5564734585,-0.006747292703948915,-0.1577232111012563,8,false,0.013583842286941242,0.013583842286941242,false
255,true,0.950881798799132,-901602.7874145426,908984.3203233544,0.0948362359777093,0.18614159291610122,8,false,0.013583842286941242,0.013583842286941242,false
255,true,0.9931899598958127,-901656.5150205466,909095.3821128643,-0.19232063321396708,-0.25936873722821474,8,false,0.013583842286941242,0.013583842286941242,false
255,true,0.9985784694522037,-901663.6335430386,908984.3146248391,0.021636304911226034,-0.056161688175052404,8,false,0.013583842286941242,0.013583842286941242,false
255,true,0.9691107845076146,-901523.1662148098,908968.7551710241,0.07446761534083635,0.1072176406159997,8,false,0.013583842286941242,0.013583842286941242,false
255,true,0.9742437643930122,-901611.4739847023,908871.2422419919,-0.10708892368711531,0.13310663390439004,8,false,0.013583842286941242,0.013583842286941242,false
255,true,0.8057674851264314,-901570.8943256864,908865.3665809297,0.06216290558222681,0.48635644116438925,8,false,0.013583842286941242,0.013583842286941242,false
255,true,0.9904180828225884,-901498.2192900903,908943.9682537956,-0.035738864564336836,-0.10306754836346954,8,false,0.013583842286941242,0.013583842286941242,false
255,true,0.8948311104598473,-901566.1490489113,908662.2924861568,0.17394377931486815,0.300527689862065,8,false,0.013583842286941242,0.013583842286941242,false
255,true,0.8914043155682707,-901518.7268435352,908831.7526433365,0.05161462933756411,0.3768494476098567,8,false,0.013583842286941242,0.013583842286941242,false
255,true,0.942796380479648,-901580.5787217052,908847.6189860117,-0.22912586003076285,-0.2864156279247254,8,false,0.013583842286941242,0.013583842286941242,false
255,true,0.9202662753211045,-901590.4933261344,908936.7465627948,-0.038373754592612386,0.2252436268609017,8,false,0.013583842286941242,0.013583842286941242,false
255,true,0.9903929027835219,-901578.0201134334,908885.1274865549,-0.021690948400646448,0.05164370534475893,8,false,0.013583842286941242,0.013583842286941242,false
255,true,0.7767075196806817,-901482.3058462389,908836.146482333,0.5267753908410668,0.5572904360014945,8,false,0.013583842286941242,0.013583842286941242,false
255,true,0.9830628680315158,-901491.6922611976,908866.8276738056,-0.21176846220623702,-0.5422416169894859,8,false,0.013583842286941242,0.013583842286941242,false
255,true,0.9993566184318834,-901471.459465515,908724.619804017,-0.006822306546382606,-0.3361833750968799,8,false,0.013583842286941242,0.013583842286941242,false
255,true,0.9969255761874829,-901500.4310795142,908752.498300267,-0.11345488054212183,-0.33206608693581074,8,false,0.013583842286941242,0.013583842286941242,false
255,true,0.8158059435675837,-901645.0154845172,908932.0774218322,0.29967155819758773,0.5790248960256577,8,false,0.013583842286941242,0.013583842286941242,false
255,true,0.9945642020985549,-901491.8124445197,908938.511610296,-0.07997845788486302,-0.5015564776258543,8,false,0.013583842286941242,0.013583842286941242,false
255,true,0.9561679541277829,-901489.2519365643,908751.8548806603,-0.1233614282682538,-0.42347338097169995,8,false,0.013583842286941242,0.013583842286941242,false
255,true,0.8602912216598088,-901455.3635217475,908810.3405813874,0.41438141849357635,0.46682318311650306,8,false,0.013583842286941242,0.013583842286941242,false
255,true,0.9301547684517713,-901472.6319594798,908822.6387520584,0.11673900648020208,-0.6743032351369038,8,false,0.013583842286941242,0.013583842286941242,false
255,true,0.9915255496620955,-901632.9320911348,908881.4204897934,-0.7793820210499689,-0.8301572737982497,8,false,0.013583842286941242,0.013583842286941242,false
255,true,0.7400471791461443,-901577.3231741291,908966.060012217,0.398546441225335,0.6941517170052975,8,false,0.013583842286941242,0.013583842286941242,false
255,true,0.7346821557885153,-901556.9404249451,909015.9020505326,0.05742303538136184,0.9618967707501724,8,false,0.013583842286941242,0.013583842286941242,false
255,true,0.9817701231525303,-901542.4656629469,908879.6772850197,-0.43858049786649644,-0.5062415972352028,8,false,0.013583842286941242,0.013583842286941242,false
255,true,0.9840218368917152,-901609.8959414299,908969.3871579913,-0.03979838720988482,-0.07879188586957753,8,false,0.013583842286941242,0.013583842286941242,false
255,true,0.9982017126845503,-901681.6747349859,908931.6188905839,0.00377183745149523,-0.039573224377818406,8,false,0.013583842286941242,0.013583842286941242,false
255,true,0.9959874096397007,-901571.1983103188,909013.4334788934,-0.004395273746922612,-0.05976211291272193,8,false,0.013583842286941242,0.013583842286941242,false
255,true,0.9846789641044015,-901610.5605287724,908866.9153785885,0.017211894504725933,0.05332624935545027,8,false,0.013583842286941242,0.013583842286941242,false
255,true,0.9244200434276966,-901545.3177841902,908955.2819207648,0.0687046644743532,0.2001020300667733,8,false,0.013583842286941242,0.013583842286941242,false
255,true,0.9624372591265266,-901607.8896720512,908850.9452476999,-0.044963913154788315,0.15130815852899104,8,false,0.013583842286941242,0.013583842286941242,false
255,true,0.9394753014460757,-901570.259446694,908850.1370910286,0.053124556434340775,0.18768244434613734,8,false,0.013583842286941242,0.013583842286941242,false
255,true,0.9319903602978803,-901454.0242933283,908833.5905040748,-0.04085901379585266,0.2300525512546301,8,false,0.013583842286941242,0.013583842286941242,false
255,true,0.9893141176829807,-901467.6397336292,908696.6680603845,-0.01202180446125567,-0.08606501237954944,8,false,0.013583842286941242,0.013583842286941242,false
255,true,0.7837861279723554,-901434.157847942,908813.014185742,0.4946729829534888,0.579093826469034,8,false,0.013583842286941242,0.013583842286941242,false
255,true,0.9994124581490801,-901552.2010926642,908741.3756939991,-0.2486066403798759,-0.554458279395476,8,false,0.013583842286941242,0.013583842286941242,false
255,true,0.978061840373933,-901551.9498639031,908965.5817283255,0.08940577995963395,-0.31596108991652727,8,false,0.013583842286941242,0.013583842286941242,false
255,true,0.9923667633136626,-901530.0070318425,908851.2396263706,-0.14896267163567245,-0.3845878657884896,8,false,0.013583842286941242,0.013583842286941242,false
255,true,0.9992576132469543,-901503.6766160378,908769.4063422089,-0.11454152804799378,-0.25138829823117703,8,false,0.013583842286941242,0.013583842286941242,false
255,true,0.9988905906574902,-901462.9867320406,908679.7645885814,-0.10916355403605849,-0.13943048613145947,8,false,0.013583842286941242,0.013583842286941242,false
255,true,0.9892923443894461,-901510.113654068,908967.8929983396,-0.0012618028558790684,0.055437123286537826,8,false,0.013583842286941242,0.013583842286941242,false
255,true,0.9472688391220153,-901485.212857965,908789.3397635214,0.11710178025532514,0.1466029732255265,8,false,0.013583842286941242,0.013583842286941242,false
255,true,0.9990579091219495,-901653.9511064836,908928.8929818089,-0.009227244299836457,-0.15732087346259505,8,false,0.013583842286941242,0.013583842286941242,false
255,true,0.9939175212204777,-901638.8353142417,908981.538914744,-0.07036393508315086,-0.1337795725557953,8,false,0.013583842286941242,0.013583842286941242,false
255,true,0.8290643177357117,-901687.0973692276,909042.9878975946,-0.0008994813542813063,0.440788907231763,8,false,0.013583842286941242,0.013583842286941242,false
255,true,0.8071838366052411,-901586.9533257867,909038.6054230473,0.4742923959856853,0.5208023760933429,8,false,0.013583842286941242,0.013583842286941242,false
255,true,0.998346237676876,-901335.2525160257,908801.114759077,-0.5287112665828317,-0.5361567974323407,8,false,0.013583842286941242,0.013583842286941242,false
255,true,0.8200318074746245,-901465.222699342,908653.5842678583,0.2679174024378881,0.43716885324101895,8,false,0.013583842286941242,0.013583842286941242,false
255,true,0.9961441749153558,-901552.6899807716,908871.1005221087,-0.23257872578687966,-0.29443775315303355,8,false,0.013583842286941242,0.013583842286941242,false
255,true,0.9797677817795932,-901529.2342954241,908868.3378542021,-0.00788331707008183,0.08307900000363588,8,false,0.013583842286941242,0.013583842286941242,false
255,true,0.9866476138453352,-901617.9011442189,908909.0255091817,-0.0018592774868011475,0.061903499881736934,8,false,0.013583842286941242,0.013583842286941242,false
255,true,0.896552718478929,-901622.5173069866,909005.2630333074,0.23971512366551906,0.27001079078763723,8,false,0.013583842286941242,0.013583842286941242,false
255,true,0.9922350704448051,-901500.3018463851,909009.6557966082,-0.18726857856381685,-0.29942454025149345,8,false,0.013583842286941242,0.013583842286941242,false
255,true,0.9985936770027434,-901587.7102827708,908831.4117143771,0.013041109894402325,-0.11009804264176637,8,false,0.013583842286941242,0.013583842286941242,false
255,true,0.9978848826740853,-901555.4468601376,908958.9273801565,0.01109852222725749,-0.1100018322467804,8,false,0.013583842286941242,0.013583842286941242,false
255,true,0.9987373410524372,-901641.9027030754,908914.0585818554,0.011357503826729953,-0.11212792596779764,8,false,0.013583842286941242,0.013583842286941242,false
255,true,0.969405908031023,-901499.142696096,908926.8621524876,-0.11116641759872437,0.13504656485747546,8,false,0.013583842286941242,0.013583842286941242,false
255,true,0.820413548099213,-901441.1169160021,908787.349805646,0.43531515228096396,0.4557485490804538,8,false,0.013583842286941242,0.013583842286941242,false
255,true,0.9867957175716113,-901566.9173059847,908840.4399822209,-0.3136553689837456,-0.4591870062286034,8,false,0.013583842286941242,0.013583842286941242,false
255,true,0.9985457991322724,-901483.8996061587,908818.7762725955,-0.08333585236687213,-0.1330875406274572,8,false,0.013583842286941242,0.013583842286941242,false
255,true,0.9289848229572497,-901543.1534741148,908793.6553175873,0.015373949543572962,0.20240190159529448,8,false,0.013583842286941242,0.013583842286941242,false
255,true,0.9851706102472804,-901455.809287455,908759.973297108,-0.02662491030059755,-0.08418413461185992,8,false,0.013583842286941242,0.013583842286941242,false
255,true,0.6818874582829568,-901417.6120852839,908855.6227957597,-0.023687004926614463,0.8997786386171356,8,false,0.013583842286941242,0.013583842286941242,false
255,true,0.9687107190508635,-901419.7406521662,908865.1722066324,0.0211714532924816,0.08720892306882888,8,false,0.013583842286941242,0.013583842286941242,false
255,true,0.9058471448996869,-901586.9182934503,908763.7686958426,0.23673725896514952,0.25776452815625817,8,false,0.013583842286941242,0.013583842286941242,false
255,true,0.9938410215321398,-901566.7314496042,908931.986889808,-0.1756244901334867,-0.2763600992038846,8,false,0.013583842286941242,0.013583842286941242,false
255,true,0.9962879148381737,-901598.8956986909,908943.9049799289,-0.06959966255817562,-0.11640412639826536,8,false,0.013583842286941242,0.013583842286941242,false
255,true,0.9526970264548791,-901666.265975078,909026.8942536446,-0.005212016520090401,0.12012680969201028,8,false,0.013583842286941242,0.013583842286941242,false
255,true,0.9595931050264394,-901618.7866373821,909053.7789215306,-0.0019582026870921254,0.10484673862811178,8,false,0.013583842286941242,0.013583842286941242,false
255,true,0.9848302909259398,-901718.542055837,909010.0200582767,0.00659726676531136,0.0708853822434321,8,false,0.013583842286941242,0.013583842286941242,false
255,true,0.8991992571267355,-901689.7117254101,909168.8984576236,0.24530035257339478,0.2502903318963945,8,false,0.013583842286941242,0.013583842286941242,false
255,true,0.9803424988400739,-901670.8614180076,909125.0607181105,-0.20367243164218962,-0.25214495381806046,8,false,0.013583842286941242,0.013583842286941242,false
255,true,0.8268351707537822,-901723.745636388,909231.4021091145,0.3004981643753126,0.4521961157443002,8,false,0.013583842286941242,0.013583842286941242,false
255,true,0.9978413960185109,-901660.4246546734,909069.8580845656,-0.24848910316359252,-0.37656057730782777,8,false,0.013583842286941242,0.013583842286941242,false
255,true,0.8454648124825145,-901586.6124458252,908927.6552889432,0.22095879400148988,0.45970464986748993,8,false,0.013583842286941242,0.013583842286941242,false
255,true,0.9736047576250718,-901499.6772570438,908869.2082874912,0.103813411667943,-0.36598683916963637,8,false,0.013583842286941242,0.013583842286941242,false
255,true,0.9884555389850878,-901523.9820141376,908754.0247733069,-0.1215108745964244,-0.4581150063313544,8,false,0.013583842286941242,0.013583842286941242,false
255,true,0.8406114629777841,-901406.5648753842,908722.0202839429,-0.1705328073585406,0.5879616055171937,8,false,0.013583842286941242,0.013583842286941242,false
255,true,0.9674461483780844,-901469.1586324108,908841.9922047353,0.11108608567155898,0.16286629589740187,8,false,0.013583842286941242,0.013583842286941242,false
255,true,0.999905681264402,-901495.6878870632,908735.3528058599,-0.15035585674922913,-0.26477918354794383,8,false,0.013583842286941242,0.013583842286941242,false
255,true,0.9461043769613178,-901561.5696361111,908809.2625519203,0.047531196498312056,0.21750071039423347,8,false,0.013583842286941242,0.013583842286941242,false
255,true,0.8675168117434229,-901548.7285426857,908900.3173929097,0.30202271579764783,0.4303083762060851,8,false,0.013583842286941242,0.013583842286941242,false
255,true,0.9996325781518135,-901478.8566146613,908815.2325750547,-0.1325090213213116,-0.4707687010522932,8,false,0.013583842286941242,0.013583842286941242,false
255,true,0.9096780927974343,-901441.4893322259,908742.5208111655,0.2913790949387476,0.37558508792426437,8,false,0.013583842286941242,0.013583842286941242,false
255,true,0.8610189647185585,-901523.7135112581,908694.8903626399,-0.2723084657918662,-0.6408612406812608,8,false,0.013583842286941242,0.013583842286941242,false
255,true,0.9983352447965811,-901493.7430543145,908781.3412909391,-0.04262903600465506,-0.3577758524334058,8,false,0.013583842286941242,0.013583842286941242,false
255,true,0.9995260949997518,-901418.9739277258,908733.49853012,-0.2798490108689293,-0.31809811934363097,8,false,0.013583842286941242,0.013583842286941242,false
255,true,0.9107501502227133,-901463.8170761918,908786.2252402961,-0.02941911993548274,0.22385251661762595,8,false,0.013583842286941242,0.013583842286941242,false
255,true,0.9733746015569259,-901515.0559137465,908861.2189064724,0.014084819238632917,0.07124314841348678,8,false,0.013583842286941242,0.013583842286941242,false
255,true,0.9358449479501512,-901618.3462666812,908916.1088195937,0.09361806453671306,0.14672312117181718,8,false,0.013583842286941242,0.013583842286941242,false
255,true,0.9671226364675843,-901631.3917069988,908948.3043977077,0.02215604786761105,0.14007540186867118,8,false,0.013583842286941242,0.013583842286941242,false
255,true,0.9966984566922031,-901557.7901810266,908931.165791951,-0.1067445317748934,-0.1370213571935892,8,false,0.013583842286941242,0.013583842286941242,false
255,true,0.9858200109536709,-901597.6163518662,908875.4510380006,-0.00967341591604054,0.05758594709914178,8,false,0.013583842286941242,0.013583842286941242,false
255,true,0.9778406855501263,-901373.0024774641,908791.2692295886,0.04681743762921542,0.07701068301685154,8,false,0.013583842286941242,0.013583842286941242,false
255,true,0.9646967886166748,-901567.8669149354,908689.6089726151,0.05841965158469975,0.1275317071704194,8,false,0.013583842286941242,0.013583842286941242,false
255,true,0.9650404329265225,-901613.8732195278,908989.1264962221,0.06253365520387888,0.16209165786858648,8,false,0.013583842286941242,0.013583842286941242,false
255,true,0.8766817270976004,-901545.2900784512,909048.3715751026,-0.09658387093804777,0.3752366657136008,8,false,0.013583842286941242,0.013583842286941242,false
255,true,0.7547890744496583,-901419.3649292118,908849.2275147575,0.637345549534075,0.6986650903709233,8,false,0.013583842286941242,0.013583842286941242,false
255,true,0.9884829675061532,-901646.3496645963,908837.8312282556,-0.6764509468339384,-0.7189814443700016,8,false,0.013583842286941242,0.013583842286941242,false
255,true,0.9894233648948688,-901586.0077610271,909008.4332299558,0.022634080611169338,0.05212982336524874,8,false,0.013583842286941242,0.013583842286941242,false
255,true,0.9830995170216241,-901558.6703963691,908836.2036404423,0.03230086306575686,0.08005720097571611,8,false,0.013583842286941242,0.013583842286941242,false
255,true,0.9998020165961244,-901546.6798160938,908720.3423206701,-0.05988665693439543,-0.11141476454213262,8,false,0.013583842286941242,0.013583842286941242,false
255,true,0.8677842620470575,-901529.0005696716,908865.3177394236,0.0012386958114802837,0.3280981605639681,8,false,0.013583842286941242,0.013583842286941242,false
255,true,0.9075748723761378,-901568.7345657276,908940.8391416846,0.000749151804484427,0.24361491622403264,8,false,0.013583842286941242,0.013583842286941242,false
255,true,0.9669986335303283,-901673.7723368545,909068.5584904192,0.03180907969363034,0.10657777835149318,8,false,0.013583842286941242,0.013583842286941242,false
255,true,0.9382023485247135,-901603.6165131907,909076.1534573323,0.022972649545408785,0.19904369243886322,8,false,0.013583842286941242,0.013583842286941242,false
255,true,0.6644812769773818,-901488.5632673594,909035.9657261441,0.7982648146571591,1.016606084536761,8,false,0.013583842286941242,0.013583842286941242,false
255,true,0.909826253486499,-901545.6534353403,908887.2220893479,-0.27173767320346087,-0.8675786579260603,8,false,0.013583842286941242,0.013583842286941242,false
255,true,0.9561982816372337,-901487.4959625994,908810.8180647732,0.22340230247937143,-0.62209945730865,8,false,0.013583842286941242,0.013583842286941242,false
255,true,0.968242600165593,-901538.9406722479,908724.3453076847,-0.3458321141079068,-0.8468934436095878,8,false,0.013583842286941242,0.013583842286941242,false
255,true,0.9987456786261153,-901646.2027669663,908905.9084533126,-0.4039404751965776,-0.5061688442947343,8,false,0.013583842286941242,0.013583842286941242,false
255,true,0.9464527997336928,-901655.3110042708,908980.9834375103,0.09028116799890995,0.20145803957711905,8,false,0.013583842286941242,0.013583842286941242,false
255,true,1.0,-901427.8734789869,908841.0713989445,-0.08981631847564131,-0.17934840079396963,8,false,0.013583842286941242,0.013583842286941242,false
255,true,0.9982957493237259,-901511.402521915,908782.6898316949,-0.0035563333658501506,-0.08338238892611116,8,false,0.013583842286941242,0.013583842286941242,false
255,true,0.999151920747746,-901624.9262775715,908925.5837186422,-0.03753382957074791,-0.09042894572485238,8,false,0.013583842286941242,0.013583842286941242,false
255,true,0.9012228436910825,-901487.744158348,908894.8273096958,0.16888963000383228,0.2640092510264367,8,false,0.013583842286941242,0.013583842286941242,false
255,true,0.995974763268718,-901581.810053374,908863.7992061729,-0.03675470978487283,-0.237214888446033,8,false,0.013583842286941242,0.013583842286941242,false
255,true,0.9886942675292874,-901607.025654233,908959.6101753607,0.0744749290170148,-0.18937242624815553,8,false,0.013583842286941242,0.013583842286941242,false
255,true,0.9615107873010418,-901710.848191738,908977.1657666757,0.123709921608679,-0.25072993023786694,8,false,0.013583842286941242,0.013583842286941242,false
255,true,0.9565692280094901,-901567.9356420027,909039.8980261218,-0.14630371681414545,-0.37868502107448876,8,false,0.013583842286941242,0.013583842286941242,false
255,true,0.954405875736169,-901618.2686839047,908954.6035117077,0.15396491321735084,-0.23742971138563007,8,false,0.013583842286941242,0.013583842286941242,false
255,true,0.9181506696087012,-901524.341066967,908912.3424053962,0.27840656612534076,-0.38438563817180693,8,false,0.013583842286941242,0.013583842286941242,false
255,true,0.9934668717968388,-901528.1848296205,908861.6448085358,-0.5206390781095251,-0.6756646311841905,8,false,0.013583842286941242,0.013583842286941242,false
255,true,0.9981418240003463,-901500.1518311719,908897.6240216076,-0.041788521222770214,-0.16160095296800137,8,false,0.013583842286941242,0.013583842286941242,false
255,true,0.938425937784149,-901408.6811265656,908767.2291012208,0.023219747585244477,0.21134810929652303,8,false,0.013583842286941242,0.013583842286941242,false
255,true,0.9345162628835905,-901542.8711916921,908759.9531818498,0.0029771350091323256,0.214627081528306,8,false,0.013583842286941242,0.013583842286941242,false
255,true,0.9998070661251146,-901599.9167338806,908990.1379035071,-0.031196261872537434,-0.14550741773564368,8,false,0.013583842286941242,0.013583842286941242,false
255,true,0.9985911263267547,-901614.1275863054,908830.3979477251,-0.10279810754582286,-0.13613033771980554,8,false,0.013583842286941242,0.013583842286941242,false
255,true,0.6611115307602602,-901569.5153583827,909160.3503735585,0.5882980012102053,0.9290958418278024,8,false,0.013583842286941242,0.013583842286941242,false
255,true,0.9991707352345583,-901578.0043822208,908857.5432389971,-0.3844319444615394,-0.596525901928544,8,false,0.013583842286941242,0.013583842286941242,false
255,true,0.8961589813154058,-901549.8194048164,908777.8587029122,0.10925686289556324,0.35869300412014127,8,false,0.013583842286941242,0.013583842286941242,false
255,true,0.9400472518180918,-901461.0731152146,908778.2655174403,-0.1934917209437117,-0.3244720296934247,8,false,0.013583842286941242,0.013583842286941242,false
255,true,0.942070706195716,-901445.4646199086,908770.9398860115,0.08141894941218197,0.21501765388529748,8,false,0.013583842286941242,0.013583842286941242,false
255,true,0.9834717280772306,-901554.7203097815,908795.4087031608,-0.1304116789251566,-0.21028410724829882,8,false,0.013583842286941242,0.013583842286941242,false
255,true,0.9226849619268317,-901652.0928516784,909016.0716276865,-0.043812595889903605,0.22717715264298022,8,false,0.013583842286941242,0.013583842286941242,false
255,true,0.9653296140620243,-901603.1850581671,909010.3580583215,0.011578584788367152,0.10532702459022403,8,false,0.013583842286941242,0.013583842286941242,false
255,true,0.7501192355797172,-901582.2076572344,908988.7435631541,0.21643373824190348,0.6697423682780936,8,false,0.013583842286941242,0.013583842286941242,false
255,true,0.8830956632067593,-901470.5921267305,908823.5242716218,-0.2045215986436233,0.3924317352939397,8,false,0.013583842286941242,0.013583842286941242,false
255,true,0.8401652328100541,-901510.3301970474,908873.4215957827,0.0938453758135438,0.42473393795080483,8,false,0.013583842286941242,0.013583842286941242,false
255,true,0.9882310580422674,-901610.312787987,908786.9492605391,-0.041013964102603495,-0.1586569652426988,8,false,0.013583842286941242,0.013583842286941242,false
255,true,0.8339173256737145,-901536.321629269,908909.6824705829,0.017682949430309236,0.4668148432392627,8,false,0.013583842286941242,0.013583842286941242,false
255,true,0.9485141326129733,-901646.3529342605,908918.2587496605,-0.03735727944876999,0.19270863838028163,8,false,0.013583842286941242,0.013583842286941242,false
255,true,0.9194336108904094,-901595.5375101577,909000.6146466513,0.18006310879718512,0.24947231321129948,8,false,0.013583842286941242,0.013583842286941242,false
255,true,0.9854841465082748,-901454.9158086249,908787.7498107402,-0.15977320459205657,-0.3015500905457884,8,false,0.013583842286941242,0.013583842286941242,false
255,true,0.9776122618542815,-901486.0219285242,908682.1549686115,0.03619382041506469,-0.12455294176470488,8,false,0.013583842286941242,0.013583842286941242,false
255,true,0.9960436910845512,-901588.5237740929,908851.817814654,-0.14399910788051784,-0.1618768721818924,8,false,0.013583842286941242,0.013583842286941242,false
255,true,0.9780583048398381,-901540.9685643642,908967.4749136313,0.021037595812231302,0.05576580867636949,8,false,0.013583842286941242,0.013583842286941242,false
255,true,0.9691705367935282,-901721.9214920242,909018.1184587729,0.013508337899111211,0.09051415405701846,8,false,0.013583842286941242,0.013583842286941242,false
255,true,0.8906295748185364,-901720.0930086017,909105.183972143,0.17454658169299364,0.2710403894307092,8,false,0.013583842286941242,0.013583842286941242,false
255,true,0.9874821974439162,-901555.9779101992,908966.411548313,-0.040725336177274585,-0.21544358821120113,8,false,0.013583842286941242,0.013583842286941242,false
255,true,0.9681979663349018,-901548.4792464416,908803.5164248482,-0.012454919749870896,-0.18277233291883022,8,false,0.013583842286941242,0.013583842286941242,false
255,true,0.9986815944447424,-901585.8760650238,908896.4634918384,-0.05839932360686362,-0.15595584153197706,8,false,0.013583842286941242,0.013583842286941242,false
255,true,0.9992694057274691,-901640.9563195356,909001.051239581,-0.0619218013016507,-0.10300674359314144,8,false,0.013583842286941242,0.013583842286941242,false
255,true,0.9171872009789915,-901710.8774056139,908952.8121972795,0.15320564818102866,0.21308760554529727,8,false,0.013583842286941242,0.013583842286941242,false
255,true,0.9177084837146576,-901763.5143983383,909033.6658660512,0.12081984721589833,0.2981656838674098,8,false,0.013583842286941242,0.013583842286941242,false
255,true,0.9999807067037721,-901596.4595535239,909092.6035250403,-0.10628849733620882,-0.3089438723400235,8,false,0.013583842286941242,0.013583842286941242,false
255,true,0.9956791703362232,-901493.3622536268,908885.6900128495,-0.09476534160785377,-0.21433371701277792,8,false,0.013583842286941242,0.013583842286941242,false
255,true,0.9924047521192606,-901495.440286325,908846.758094536,-0.0647723397705704,-0.124044198426418,8,false,0.013583842286941242,0.013583842286941242,false
255,true,0.9849258659459458,-901444.9701970641,908754.6583797493,0.017515090527012944,-0.0680629019625485,8,false,0.013583842286941242,0.013583842286941242,false
255,true,0.9692245828804316,-901565.1247500445,908821.8885949714,-0.07282391958869994,0.12101615685969591,8,false,0.013583842286941242,0.013583842286941242,false
255,true,0.8786117161087212,-901730.1662896754,908993.6143629275,0.033712117467075586,0.26434912672266364,8,false,0.013583842286941242,0.013583842286941242,false
255,true,0.8378728042142966,-901635.3317628731,909055.9189880227,-0.0126827007625252,0.39771605166606605,8,false,0.013583842286941242,0.013583842286941242,false
255,true,0.9521163953863371,-901550.7243395717,908964.2362929389,0.016577770933508873,0.11309186392463744,8,false,0.013583842286941242,0.013583842286941242,false
255,true,0.9745547135141271,-901699.4512430645,909007.4115377537,0.03790427290368825,0.07907388126477599,8,false,0.013583842286941242,0.013583842286941242,false
255,true,0.9983714439806758,-901425.5831761346,908921.9466175205,-0.015748139703646302,-0.062015006435103714,8,false,0.013583842286941242,0.013583842286941242,false
255,true,0.9913535293290585,-901227.7175146489,908699.664502659,-0.02992510434705764,0.0655078690033406,8,false,0.013583842286941242,0.013583842286941242,false
255,true,0.9789736334916023,-901203.5729803495,908462.5935848523,-0.017368596279993653,0.0851146480999887,8,false,0.013583842286941242,0.013583842286941242,false
255,true,0.7397336760454247,-901572.6012920021,908585.1769123491,0.4748778585344553,0.6165961012011394,8,false,0.013583842286941242,0.013583842286941242,false
255,true,0.9995822845115239,-901673.1331089844,908993.9181677417,-0.42114218953065574,-0.4579735682345927,8,false,0.013583842286941242,0.013583842286941242,false
255,true,0.9872161870628507,-901639.4819852642,909061.9004560568,0.016877646674402058,0.08108311740215868,8,false,0.013583842286941242,0.013583842286941242,false
255,true,0.8037598916571901,-901605.0082250892,908884.7632492633,0.46002787293400615,0.5342764910310507,8,false,0.013583842286941242,0.013583842286941242,false
255,true,0.8919909592883951,-901578.1561075865,908891.0295349839,-0.5193156515015289,-0.5291909881634638,8,false,0.013583842286941242,0.013583842286941242,false
255,true,0.9212821135607371,-901713.6341920525,909014.427715522,0.1457589624915272,0.19622361299116164,8,false,0.013583842286941242,0.013583842286941242,false
255,true,0.9727315746349003,-901628.1519949809,909111.1038332877,-0.10680281196255237,-0.15632329077925533,8,false,0.013583842286941242,0.013583842286941242,false
255,true,0.9363917769192452,-901588.5974222074,908947.5587567876,0.16710346785839647,0.18645153800025582,8,false,0.013583842286941242,0.013583842286941242,false
255,true,0.9951531748403759,-901510.2398826956,908888.7401531286,-0.08822032774332911,-0.22083215159364045,8,false,0.013583842286941242,0.013583842286941242,false
255,true,0.8176929519350639,-901704.9920945257,909040.5931360166,-0.05515197606291622,0.5130754036363214,8,false,0.013583842286941242,0.013583842286941242,false
255,true,0.9501954683749176,-901714.438354338,909047.7069547316,0.0598747922340408,0.15166000148747116,8,false,0.013583842286941242,0.013583842286941242,false
255,true,0.9592780449201647,-901629.034277716,909115.5916751532,0.058622185490094125,0.15619007288478315,8,false,0.013583842286941242,0.013583842286941242,false
255,true,0.9967003306184683,-901597.1879550937,908976.4761543064,-0.15189483319409192,-0.2089641927741468,8,false,0.013583842286941242,0.013583842286941242,false
255,true,0.8774099597700263,-901594.1433883056,908881.7809048509,0.048148621805012226,0.31061707646586,8,false,0.013583842286941242,0.013583842286941242,false
255,true,0.9891571153085537,-901647.1319898767,908934.3773363447,-0.06753823370672762,-0.09899252047762275,8,false,0.013583842286941242,0.013583842286941242,false
255,true,0.8788038378271992,-901563.5490350777,908998.9318850383,0.0024049655767157674,0.28393805806990713,8,false,0.013583842286941242,0.013583842286941242,false
255,true,0.9853123673424179,-901810.1337054318,909142.2266488787,-0.014897117274813354,0.0632134274346754,8,false,0.013583842286941242,0.013583842286941242,false
255,true,0.9788395266125215,-901536.5996566516,909048.5554938666,0.0013580749509856105,0.07025738060474396,8,false,0.013583842286941242,0.013583842286941242,false
255,true,0.9339610004837313,-901554.7513517201,908848.7340249671,0.03831151453778148,0.16859826678410172,8,false,0.013583842286941242,0.013583842286941242,false
255,true,0.9437514005539137,-901643.1276631278,908965.1456188636,0.1187492657918483,0.16301162296440452,8,false,0.013583842286941242,0.013583842286941242,false
255,true,0.9790362690908889,-901639.1768001529,908998.5642475015,0.07108325103763491,-0.1696978744585067,8,false,0.013583842286941242,0.013583842286941242,false
255,true,0.958084370129513,-901551.744715908,908938.313681934,0.06177989614661783,-0.25918682024348527,8,false,0.013583842286941242,0.013583842286941242,false
255,true,0.9798157459815602,-901525.2359505799,908930.4121083362,-0.2889509027590975,-0.31858696043491364,8,false,0.013583842286941242,0.013583842286941242,false
255,true,0.9750790590732789,-901624.1874921859,908968.8964707438,-0.015064964420162141,0.07465508475434035,8,false,0.013583842286941242,0.013583842286941242,false
255,true,0.960610304539655,-901682.3533181255,908970.5623901098,0.04566593770869076,0.09143771964590997,8,false,0.013583842286941242,0.013583842286941242,false
255,true,0.9965293937889129,-901586.7465641118,908982.3177272431,-0.00594494363758713,-0.052918408531695604,8,false,0.013583842286941242,0.013583842286941242,false
255,true,0.9641614691901618,-901679.7474482919,909010.4998933938,0.08099101833067834,0.11535544390790164,8,false,0.013583842286941242,0.013583842286941242,false
255,true,0.9983738091486098,-901674.494821236,909121.6891227948,-0.10667627642396837,-0.1286017200909555,8,false,0.013583842286941242,0.013583842286941242,false
255,true,0.9832050621813279,-901551.2182858809,908995.2730439533,-0.004619602230377495,0.06380535487551242,8,false,0.013583842286941242,0.013583842286941242,false
255,true,0.8497379373794758,-901620.8005877219,908869.1559442275,0.33292107935994864,0.3486786298453808,8,false,0.013583842286941242,0.013583842286941242,false
255,true,0.9988473847635052,-901469.8817438458,908861.2586368859,-0.326839568791911,-0.352342163794674,8,false,0.013583842286941242,0.013583842286941242,false
255,true,0.8998171428857297,-901603.0615994977,908869.6234740159,0.012057230691425502,0.2290867669507861,8,false,0.013583842286941242,0.013583842286941242,false
255,true,0.7784331325724441,-901610.1555185991,908946.5027241118,0.37452740990556777,0.5566264360677451,8,false,0.013583842286941242,0.013583842286941242,false
255,true,0.99714848666512,-901641.8610367134,909033.2898411086,0.0029373588040471077,-0.4003670100355521,8,false,0.013583842286941242,0.013583842286941242,false
255,true,0.9896438803451887,-901619.8740476667,908860.9967245691,0.04410289914812893,-0.4147372560109943,8,false,0.013583842286941242,0.013583842286941242,false
255,true,0.9926387400989404,-901626.4377801679,908941.4820185854,-0.06770825292915106,-0.4463726580142975,8,false,0.013583842286941242,0.013583842286941242,false
255,true,0.9968233608155007,-901575.8050137487,908965.2170925596,-0.3277420566882938,-0.3801238239975646,8,false,0.013583842286941242,0.013583842286941242,false
255,true,0.9511008355239269,-901610.9882666892,908922.6300561527,-0.025271425140090287,0.15394749911502004,8,false,0.013583842286941242,0.013583842286941242,false
255,true,0.9699233715082074,-901527.7184441598,909026.1000419109,0.041180080617778,0.10022091423161328,8,false,0.013583842286941242,0.013583842286941242,false
255,true,0.9920365396483759,-901645.1264898209,908947.8985155831,0.02065841353032738,-0.08183938718866557,8,false,0.013583842286941242,0.013583842286941242,false
255,true,0.9986518703327326,-901593.5350837067,908923.7322991595,-0.005791835021227598,-0.10643196105957031,8,false,0.013583842286941242,0.013583842286941242,false
255,true,0.8988281523891328,-901579.0917518365,908888.8796166542,-0.047011685906909406,0.29419962235260755,8,false,0.013583842286941242,0.013583842286941242,false
255,true,0.9934452511813104,-901683.7504928139,909179.5068493603,-0.01739501440897584,-0.04457814758643508,8,false,0.013583842286941242,0.013583842286941242,false
255,true,0.9775530015443226,-901642.5850299693,909057.7108752041,0.03638375992886722,0.06877831742167473,8,false,0.013583842286941242,0.013583842286941242,false
255,true,0.9943605919394994,-901695.5372231269,909099.6639960234,0.021166547085158527,-0.060363809927366674,8,false,0.013583842286941242,0.013583842286941242,false
255,true,0.827237206986256,-901599.1420648912,909001.0745598978,-0.05561692360788584,0.45696854044217616,8,false,0.013583842286941242,0.013583842286941242,false
255,true,0.9696797664507056,-901580.9897265554,908871.0023965534,0.0433133477345109,0.09657459682784975,8,false,0.013583842286941242,0.013583842286941242,false
255,true,0.9772546667033378,-901540.5160332435,908811.0027307862,0.02003346267156303,0.09167443099431694,8,false,0.013583842286941242,0.013583842286941242,false
255,true,0.9976698065830107,-901474.6152182495,908806.0514053506,-0.0970242468174547,-0.10318987863138318,8,false,0.013583842286941242,0.013583842286941242,false
255,true,0.9006614668572361,-901471.4153282926,908820.8207968066,0.16033274703659117,0.22818966780323535,8,false,0.013583842286941242,0.013583842286941242,false
255,true,0.9958260476831375,-901669.3120322917,908905.5304835236,-0.0745282928692177,-0.16905023902654648,8,false,0.013583842286941242,0.013583842286941242,false
255,true,0.9263361273325545,-901707.7385115147,909007.7416852029,0.17468108492903411,0.21842686494346708,8,false,0.013583842286941242,0.013583842286941242,false
255,true,0.9253654849460006,-901542.0100806552,909017.5410710699,0.04509034915827215,0.28338095312938094,8,false,0.013583842286941242,0.013583842286941242,false
255,true,0.998326519777488,-901420.9229605997,908725.7809043545,-0.1554302687291056,-0.31001416547223926,8,false,0.013583842286941242,0.013583842286941242,false
255,true,0.6866620201823027,-901431.4298237441,908606.5563916299,-0.08674537530168891,1.0174713436281309,8,false,0.013583842286941242,0.013583842286941242,false
255,true,0.9086575370212943,-901325.5412478099,908543.8360317319,-0.04971547715831548,0.24968055554199964,8,false,0.013583842286941242,0.013583842286941242,false
255,true,0.7454958838338558,-901457.1466490128,908603.502460792,0.0686456939438358,0.6292253484716639,8,false,0.013583842286941242,0.013583842286941242,false
255,true,0.9814326358343324,-901581.818509098,908603.184496001,-0.04691751976497471,0.09318062150850892,8,false,0.013583842286941242,0.013583842286941242,false
255,true,0.9907828913817603,-901491.2658035883,909028.2651528005,-0.03855611477047205,0.04756240337155759,8,false,0.013583842286941242,0.013583842286941242,false
255,true,0.9778374374478028,-901683.1057848191,908902.4588046013,0.044019630062393844,0.04947291500866413,8,false,0.013583842286941242,0.013583842286941242,false
255,true,0.9347768061226573,-901577.4263203802,908938.7745145643,0.1292505693854764,0.17214986949693412,8,false,0.013583842286941242,0.013583842286941242,false
255,true,0.9992412811387876,-901689.5709293304,909051.3099197157,-0.05465776671189815,-0.17196370428428054,8,false,0.013583842286941242,0.013583842286941242,false
255,true,0.994631506331945,-901630.1950385561,909122.7952716207,0.04002923995722085,-0.11972218076698482,8,false,0.013583842286941242,0.013583842286941242,false
255,true,0.9988064182093307,-901558.6656430813,908982.5433042261,-0.0107127595692873,-0.15318992035463452,8,false,0.013583842286941242,0.013583842286941242,false
255,true,0.9127878862659257,-901538.2378793337,909006.5244012985,-0.029780486947856843,0.2871462556067854,8,false,0.013583842286941242,0.013583842286941242,false
255,true,0.9996957646257139,-901474.1452263286,908750.8164442474,-0.07743639580439776,-0.11303632659837604,8,false,0.013583842286941242,0.013583842286941242,false
255,true,0.8689402841687429,-901514.8618819668,908787.565980787,0.07555968756787479,0.2929234713083133,8,false,0.013583842286941242,0.013583842286941242,false
255,true,0.9969114329574126,-901519.4067586317,908755.4105833696,-0.03160239278804511,-0.10714235727209598,8,false,0.013583842286941242,0.013583842286941242,false
255,true,0.9774628724030718,-901530.2760394957,908809.9902948047,0.08552832156419754,0.10088224697392434,8,false,0.013583842286941242,0.013583842286941242,false
255,true,0.9981507557291615,-901695.2671966391,909018.9262400737,-0.06227804743684828,-0.16111463657580316,8,false,0.013583842286941242,0.013583842286941242,false
255,true,0.9119560501088848,-901698.6408776516,909023.8362531652,-0.022885283106006682,0.26848099404014647,8,false,0.013583842286941242,0.013583842286941242,false
255,true,0.8798414994957264,-901607.3093847396,909056.4980777837,0.21576448192354292,0.32990411028731614,8,false,0.013583842286941242,0.013583842286941242,false
255,true,0.9963538975001426,-901581.443974695,908890.9553219669,-0.04200614080764353,-0.2994819839950651,8,false,0.013583842286941242,0.013583842286941242,false
255,true,0.9996547871310268,-901529.4359092822,908837.4225433792,0.0087568435119465,-0.25203280698042363,8,false,0.013583842286941242,0.013583842286941242,false
255,true,0.9999463523211768,-901500.8624538947,908823.7931139059,-0.21915969578549266,-0.26006418967153877,8,false,0.013583842286941242,0.013583842286941242,false
255,true,0.9048295202098157,-901546.4793703009,908852.8868665857,0.034348329761996865,0.24175112089142203,8,false,0.013583842286941242,0.013583842286941242,false
255,true,0.9633966811774013,-901531.4461865205,908862.2775355758,0.07711653364822268,0.1295387641293928,8,false,0.013583842286941242,0.013583842286941242,false
255,true,0.9773314329464903,-901502.7927536209,908879.8475413508,0.039442278211936355,-0.1475581347476691,8,false,0.013583842286941242,0.013583842286941242,false
255,true,0.9352994830135803,-901425.9722367924,908726.3912062151,0.13357476412784308,0.24528142681811005,8,false,0.013583842286941242,0.013583842286941242,false
255,true,0.9985908269774666,-901575.291879592,908750.5465132064,-0.17265148041769862,-0.34144603821914643,8,false,0.013583842286941242,0.013583842286941242,false
255,true,0.9619336990201388,-901570.2291135025,908904.8912835303,0.012912575039081275,-0.16811811982188374,8,false,0.013583842286941242,0.013583842286941242,false
255,true,0.9751701367059943,-901655.6902194228,909006.9008235119,-0.03803704399615526,-0.1751711539691314,8,false,0.013583842286941242,0.013583842286941242,false
255,true,0.836335487913127,-901669.4821432787,909098.4358677843,0.3264095560880378,0.47733119525946677,8,false,0.013583842286941242,0.013583842286941242,false
255,true,0.9995714513269484,-901479.9803990877,908902.1142101255,-0.3500144744757563,-0.44365296594332904,8,false,0.013583842286941242,0.013583842286941242,false
255,true,0.8756001162051942,-901519.3246332088,908775.5482490823,0.11289246613159776,0.3616410649847239,8,false,0.013583842286941242,0.013583842286941242,false
255,true,0.988996205853942,-901352.8760961338,908714.2811350551,-0.12642042827792466,-0.22005743731278926,8,false,0.013583842286941242,0.013583842286941242,false
255,true,0.9926398870562823,-901327.8364403014,908752.4346444802,0.014389607822522521,-0.09519946167711169,8,false,0.013583842286941242,0.013583842286941242,false
255,true,0.9865726980660424,-901527.846115961,908657.1479130039,-0.036596392397768795,-0.10157385724596679,8,false,0.013583842286941242,0.013583842286941242,false
255,true,0.9985819899055359,-901585.7708384981,908918.7452358276,-0.06889060523826629,-0.07158149511087686,8,false,0.013583842286941242,0.013583842286941242,false
255,true,0.9702336804626089,-901535.7275549723,908928.8809740139,0.023702052189037204,0.06745206052437425,8,false,0.013583842286941242,0.013583842286941242,false
255,true,0.8992755884660076,-901577.2691766736,908851.701727337,0.06657840684056282,0.23558444366790354,8,false,0.013583842286941242,0.013583842286941242,false
255,true,0.9954520305345212,-901457.4395484339,908809.817248011,-0.0777639108709991,-0.09752062300685793,8,false,0.013583842286941242,0.013583842286941242,false
255,true,0.931904202798049,-901678.4474667641,908896.799669386,0.05577047017868608,0.1435416059102863,8,false,0.013583842286941242,0.013583842286941242,false
255,true,0.8657241531160301,-901608.079705944,909137.398057552,0.32125101517885923,0.3466089761350304,8,false,0.013583842286941242,0.013583842286941242,false
255,true,0.9997185556641601,-901497.9547749866,908857.5664995274,-0.3453224030090496,-0.38529410073533654,8,false,0.013583842286941242,0.013583842286941242,false
255,true,0.7295884917808222,-901466.0977773366,908764.5076359322,0.05260934017132968,0.7230208106338978,8,false,0.013583842286941242,0.013583842286941242,false
255,true,0.9841317747160253,-901672.0915288009,908874.551995417,0.02610207989346236,0.10117555176839232,8,false,0.013583842286941242,0.013583842286941242,false
255,true,0.8114622900945525,-901748.1494773292,909153.8708811178,0.46883632405661047,0.5506923667853698,8,false,0.013583842286941242,0.013583842286941242,false
255,true,0.9824506391978224,-901478.5142337789,909036.1904397799,-0.1398062880616635,-0.5712228022748604,8,false,0.013583842286941242,0.013583842286941242,false
255,true,0.9983564165221415,-901575.3310991928,908852.5149105358,-0.29606470034923404,-0.4493644752074033,8,false,0.013583842286941242,0.013583842286941242,false
255,true,0.9442059745563761,-901601.1923106239,908973.2013969691,0.13791878754273057,0.1916135729989037,8,false,0.013583842286941242,0.013583842286941242,false
255,true,0.971618803024546,-901646.0269922582,908993.548401387,0.10732007783371955,-0.2685975794447586,8,false,0.013583842286941242,0.013583842286941242,false
255,true,0.9279651306580178,-901596.1505943451,909022.6734209696,-0.344476476428099,-0.3895613782806322,8,false,0.013583842286941242,0.013583842286941242,false
255,true,0.9093874911885543,-901631.4299470219,909030.9812924468,0.11435199563857168,0.2419352161232382,8,false,0.013583842286941242,0.013583842286941242,false
255,true,0.6876028023084338,-901587.2571535351,908954.4684755021,0.33781828777864575,1.0116204603109509,8,false,0.013583842286941242,0.013583842286941242,false
255,true,0.899095841413872,-901554.3326489653,908935.0306779437,0.2828572243452072,-0.4978306278353557,8,false,0.013583842286941242,0.013583842286941242,false
255,true,0.8594067392278305,-901548.6507988172,908963.9353068208,-0.29182288341689855,-0.7750720644835383,8,false,0.013583842286941242,0.013583842286941242,false
255,true,0.9999700958097684,-901487.5146775132,908853.4827040053,-0.26665387861430645,-0.4946875798050314,8,false,0.013583842286941242,0.013583842286941242,false
255,true,0.9997345989893945,-901459.9088312428,908708.3170165115,-0.06937171227764338,-0.2233014911180362,8,false,0.013583842286941242,0.013583842286941242,false
255,true,0.8850018866728137,-901592.2428461484,908893.6649512388,0.18585283192805946,0.3741644391557202,8,false,0.013583842286941242,0.013583842286941242,false
255,true,0.9542511420649727,-901624.7389988268,909006.905856851,-0.23014608607627451,-0.3458465989679098,8,false,0.013583842286941242,0.013583842286941242,false
255,true,0.9816475566319274,-901627.7713715789,908974.8786919371,-0.0020859246142208576,-0.1269213380292058,8,false,0.013583842286941242,0.013583842286941242,false
255,true,0.9482508038430936,-901605.9306200308,909031.2072773117,0.01399886840954423,0.20043698453810066,8,false,0.013583842286941242,0.013583842286941242,false
255,true,0.9710172208468622,-901723.8153982607,909051.7865767662,-0.08786401432007551,0.133159568766132,8,false,0.013583842286941242,0.013583842286941242,false
255,true,0.974787264699888,-901678.8009895674,909065.8738643405,0.0346202322980389,0.09320984198711812,8,false,0.013583842286941242,0.013583842286941242,false
255,true,0.9942755430934777,-901628.7824437814,909096.8597992576,-0.022266000043600798,-0.08207100874278694,8,false,0.013583842286941242,0.013583842286941242,false
255,true,0.9964201354040532,-901677.3786675595,908928.9284301298,0.0025266428710892797,-0.05869393760804087,8,false,0.013583842286941242,0.013583842286941242,false
255,true,0.9381107463151167,-901553.6547595441,908953.3225158284,-0.013750127400271595,0.1685237371129915,8,false,0.013583842286941242,0.013583842286941242,false
255,true,0.9985408369253933,-901582.0474608846,908890.0181094224,-0.016065667266957462,-0.03970755380578339,8,false,0.013583842286941242,0.013583842286941242,false
255,true,0.9383993712455995,-901570.7236722481,909028.5599097376,0.04863899201154709,0.1500161587027833,8,false,0.013583842286941242,0.013583842286941242,false
255,true,0.9673761763720948,-901613.9429965747,908955.7960758393,-0.049534226884134114,0.1264503865968436,8,false,0.013583842286941242,0.013583842286941242,false
255,true,0.9906756254705059,-901569.8340329113,908962.3749403993,-0.013849038165062666,0.05161906301509589,8,false,0.013583842286941242,0.013583842286941242,false
255,true,0.9858458211806481,-901611.9780983736,908968.1767340665,-0.0007318458519876003,0.04682191018946469,8,false,0.013583842286941242,0.013583842286941242,false
255,true,0.971708227209761,-901596.0918794706,908910.4861146329,0.024259635829366744,0.0762780534569174,8,false,0.013583842286941242,0.013583842286941242,false
255,true,0.989590782502284,-901636.0066145821,909081.7918412322,-0.02546100621111691,0.05625621078070253,8,false,0.013583842286941242,0.013583842286941242,false
255,true,0.9592545991919982,-901652.205043874,909045.0515618388,-0.0016581895761191845,0.1026620176853612,8,false,0.013583842286941242,0.013583842286941242,false
255,true,0.8169914766870529,-901696.1394113214,909109.5193408434,0.18204529327340424,0.43032792129088193,8,false,0.013583842286941242,0.013583842286941242,false
255,true,0.9260894496538034,-901732.2729801243,909070.3528853836,0.2337842818815261,0.26090742740780115,8,false,0.013583842286941242,0.013583842286941242,false
255,true,0.9955851352520477,-901542.0959707869,909012.2501971279,-0.0002652116818353534,-0.4330918767955154,8,false,0.013583842286941242,0.013583842286941242,false
255,true,0.9179391226644362,-901594.0409278157,908936.2068636605,-0.339791614562273,-0.42616375151555985,8,false,0.013583842286941242,0.013583842286941242,false
255,true,0.982146755674681,-901561.8268447085,908939.7837581866,0.03678234666585922,0.08419827278703451,8,false,0.013583842286941242,0.013583842286941242,false
255,true,0.8730735622718124,-901518.7041274762,908716.9933178119,-0.05386321234982461,0.3780605582287535,8,false,0.013583842286941242,0.013583842286941242,false
255,true,0.8957140540299444,-901534.1406514314,908959.1974394433,0.11887014959938824,0.2748452010564506,8,false,0.013583842286941242,0.013583842286941242,false
255,true,0.9410098443637737,-901708.1054560354,909012.8564893955,-0.1766509844455868,0.24824181233998388,8,false,0.013583842286941242,0.013583842286941242,false
255,true,0.9477682397306062,-901562.9042199296,909012.687005872,0.021769982762634754,0.12520882033277303,8,false,0.013583842286941242,0.013583842286941242,false
255,true,0.8142822813195171,-901530.5658991152,908858.8925398107,0.1821764128981158,0.4445773824118078,8,false,0.013583842286941242,0.013583842286941242,false
255,true,0.9998741561233587,-901528.6041087714,908883.2980606095,-0.1853704497916624,-0.2101221950724721,8,false,0.013583842286941242,0.013583842286941242,false
255,true,0.9170414557775577,-901428.2986448685,908799.9991514724,0.16011031961534172,0.2077711671590805,8,false,0.013583842286941242,0.013583842286941242,false
255,true,0.9735519616817275,-901639.3335503382,908863.1319913857,-0.03855070727877319,-0.19109810958616436,8,false,0.013583842286941242,0.013583842286941242,false
255,true,0.9995551562900513,-901533.2020941615,908979.8272442615,-0.015847141155973077,-0.14716069854330271,8,false,0.013583842286941242,0.013583842286941242,false
255,true,0.9998806186896171,-901399.7427011904,908775.0586406131,-0.07513091620057821,-0.1431908920640126,8,false,0.013583842286941242,0.013583842286941242,false
255,true,0.9498710680201891,-901616.836259041,908793.8147418577,0.0665637117344886,0.15247178415302187,8,false,0.013583842286941242,0.013583842286941242,false
255,true,0.9911811157944829,-901577.7940872239,909031.5709655136,-0.05886207800358534,-0.12766818795353174,8,false,0.013583842286941242,0.013583842286941242,false
255,true,0.9916024055763336,-901688.7248070975,908988.5962975349,-0.0028037310112267733,-0.07696769409812987,8,false,0.013583842286941242,0.013583842286941242,false
255,true,0.9916870687486242,-901654.94654858,909099.2314851638,0.02162547060288489,-0.07667522446718067,8,false,0.013583842286941242,0.013583842286941242,false
255,true,0.9995112780459419,-901446.7522589511,908932.8096803323,-0.011801030253991485,-0.09975236107129604,8,false,0.013583842286941242,0.013583842286941242,false
255,true,0.8617616428855359,-901537.6968484159,908756.170991138,-0.058810967952013016,0.3793700720416382,8,false,0.013583842286941242,0.013583842286941242,false
255,true,0.9435627796718735,-901594.2138956414,908940.1299868326,0.07110928592737764,0.13345111696980894,8,false,0.013583842286941242,0.013583842286941242,false
255,true,0.9670174089895444,-901797.1685656697,909254.6274119222,0.04593741719145328,0.12242683337535709,8,false,0.013583842286941242,0.013583842286941242,false
255,true,0.9140113993075294,-901788.5850184236,909227.7972633729,-0.11601718841120601,0.263724125106819,8,false,0.013583842286941242,0.013583842286941242,false
255,true,0.939164680119215,-901490.1533338245,909029.5563391832,0.04585465742275119,0.15237868123222142,8,false,0.013583842286941242,0.013583842286941242,false
255,true,0.8947041302477933,-901552.1702047857,908847.3806604906,0.15669893857557327,0.27990377717651427,8,false,0.013583842286941242,0.013583842286941242,false
255,true,0.998208817490186,-901491.960036485,908885.8578548899,-0.05662093486171216,-0.2100733055267483,8,false,0.013583842286941242,0.013583842286941242,false
255,true,0.9040354461764345,-901534.8186421994,908810.3743347002,-0.10990059969481081,0.31625487934798,8,false,0.013583842286941242,0.013583842286941242,false
255,true,0.9725531512255647,-901539.9467245849,908883.00837749,-0.032147216610610485,0.1018938358174637,8,false,0.013583842286941242,0.013583842286941242,false
255,true,0.559017846280216,-901521.7058407078,908902.0212065957,1.3750743102282286,1.4107798459008336,8,false,0.013583842286941242,0.013583842286941242,false
255,true,0.9090898148264911,-901534.3601016847,908796.9596598102,-1.2684011831879616,-1.3680552076548338,8,false,0.013583842286941242,0.013583842286941242,false
255,true,0.9600205234514624,-901461.7735909087,908762.9608131393,0.12515999795868993,0.16115179541520774,8,false,0.013583842286941242,0.013583842286941242,false
255,true,0.9894397439443362,-901537.0525070059,908708.1590341291,-0.23490363778546453,-0.2412398817250505,8,false,0.013583842286941242,0.013583842286941242,false
255,true,0.9187754916897359,-901353.169445332,908733.726998945,0.03297465038485825,0.1782743304502219,8,false,0.013583842286941242,0.013583842286941242,false
255,true,0.9802353583570823,-901438.1751123391,908614.7284776447,-0.00042745843529701233,0.08647428324911743,8,false,0.013583842286941242,0.013583842286941242,false
255,true,0.945770965733564,-901487.051627534,908687.1286970159,0.10589232319034636,0.1659198165871203,8,false,0.013583842286941242,0.013583842286941242,false
255,true,0.8175974675706553,-901576.1727357529,908779.1895237976,-0.1288121488178149,0.5488952702144161,8,false,0.013583842286941242,0.013583842286941242,false
255,true,0.9800298303823459,-901568.162865848,908971.5121513209,-0.010648374212905765,0.0735063721658662,8,false,0.013583842286941242,0.013583842286941242,false
255,true,0.9934423370179104,-901558.3652337029,908989.9917426065,-0.020095382817089558,0.04128992895130068,8,false,0.013583842286941242,0.013583842286941242,false
255,true,0.995959707837865,-901486.9071366569,908824.7084196545,0.007057572947815061,0.02701361756771803,8,false,0.013583842286941242,0.013583842286941242,false
255,true,0.9008562128320647,-901623.8595161553,908904.2716472428,0.13619705406017601,0.2191857066936791,8,false,0.013583842286941242,0.013583842286941242,false
255,true,0.8903383617724079,-901611.4283980934,909038.4765801275,0.05850588728208095,0.3362628932809457,8,false,0.013583842286941242,0.013583842286941242,false
255,true,0.6952420107484929,-901571.1215096539,908940.1515841467,0.15494988416321576,0.9878797214478254,8,false,0.013583842286941242,0.013583842286941242,false
255,true,0.9890913526744798,-901601.5057716537,908941.5071626287,-0.26662916352506727,-0.35102094803005457,8,false,0.013583842286941242,0.013583842286941242,false
255,true,0.9813426278051717,-901517.990863743,908919.6332967576,0.048236696631647646,0.09229996311478317,8,false,0.013583842286941242,0.013583842286941242,false
255,true,0.8772178370126891,-901425.1207818885,908675.2604452067,0.15589656215161085,0.38737294415477663,8,false,0.013583842286941242,0.013583842286941242,false
255,true,0.9994911337426615,-901476.864023308,908769.8719205386,-0.2292562178336084,-0.29392209462821484,8,false,0.013583842286941242,0.013583842286941242,false
255,true,0.9996760088931737,-901524.5162469691,908846.2953007354,-0.0554537057178095,-0.07740327611099929,8,false,0.013583842286941242,0.013583842286941242,false
255,true,0.8262514985025461,-901587.3913262065,908849.4917947359,0.13157937419600785,0.40189705428201705,8,false,0.013583842286941242,0.013583842286941242,false
255,true,0.8355926083270246,-901562.222342565,908983.524982358,0.45521519833710045,0.48173729702830315,8,false,0.013583842286941242,0.013583842286941242,false
255,true,0.9818469759613992,-901373.5316099483,908792.9987098238,0.0335850944975391,-0.5756182043114677,8,false,0.013583842286941242,0.013583842286941242,false
255,true,0.9765427838897244,-901559.2869195609,908715.7279912627,-0.2584710657829419,-0.6306829570094123,8,false,0.013583842286941242,0.013583842286941242,false
255,true,0.9733062958051166,-901458.0972308811,908852.4448697508,0.13825054047629237,-0.3737743797246367,8,false,0.013583842286941242,0.013583842286941242,false
255,true,0.9764954173513638,-901577.1517023746,908863.9536098507,-0.4642062574857846,-0.47887123620603234,8,false,0.013583842286941242,0.013583842286941242,false
255,true,0.9856632110542562,-901467.6455376185,908894.7884429367,-0.012425551423802972,0.06031014129985124,8,false,0.013583842286941242,0.013583842286941242,false
255,true,0.9840517512180875,-901619.943402819,908855.4913660757,-0.014125327463261783,0.06127134675625712,8,false,0.013583842286941242,0.013583842286941242,false
255,true,0.8264873713063261,-901533.4395270091,908867.4508434993,0.28799208416603506,0.41677715873811394,8,false,0.013583842286941242,0.013583842286941242,false
255,true,0.9934817866761481,-901715.4979538566,909056.331142302,-0.2553515186300501,-0.2814256779383868,8,false,0.013583842286941242,0.013583842286941242,false
255,true,0.943492159883219,-901653.4161037968,909109.6195407154,0.02891549374908209,0.16366026957985014,8,false,0.013583842286941242,0.013583842286941242,false
255,true,0.9911061486097646,-901677.9732063954,909112.8399748165,-0.035216527176089585,-0.08113291044719517,8,false,0.013583842286941242,0.013583842286941242,false
255,true,0.9628474423350811,-901614.9190001016,908940.8553195429,0.05790289992000908,0.11648065561894327,8,false,0.013583842286941242,0.013583842286941242,false
255,true,0.9899392796289732,-901657.1360309946,908898.8693090507,-0.04316031781490892,-0.11052469769492745,8,false,0.013583842286941242,0.013583842286941242,false
255,true,0.983011689399452,-901569.6816163007,908967.8016921094,0.04895162442699075,-0.07695471111219376,8,false,0.013583842286941242,0.013583842286941242,false
255,true,0.9865897706604801,-901566.4060914915,908953.1390712437,-0.0009470238583162427,-0.11005368130281568,8,false,0.013583842286941242,0.013583842286941242,false
255,true,0.9807102358869848,-901458.4437394446,908798.9376430537,-0.09557366592343897,-0.1163850266020745,8,false,0.013583842286941242,0.013583842286941242,false
255,true,0.9895931820419097,-901470.817247404,908748.7555411444,0.004490216611884534,0.04364631010685116,8,false,0.013583842286941242,0.013583842286941242,false
255,true,0.9187767118772894,-901535.4951644923,908801.077380422,0.08502663054969162,0.19215844420250505,8,false,0.013583842286941242,0.013583842286941242,false
255,true,0.9729791234610704,-901484.8254199337,908830.1284470081,0.0771872327895835,0.12197089823894203,8,false,0.013583842286941242,0.013583842286941242,false
255,true,0.9885385128160117,-901507.6537745767,908860.5788642793,0.045814664917998016,-0.19130213442258537,8,false,0.013583842286941242,0.013583842286941242,false
255,true,0.9995982084698085,-901479.817303455,908894.5679590835,-0.19311960646882653,-0.22645091719459742,8,false,0.013583842286941242,0.013583842286941242,false
255,true,0.9912612497802391,-901603.6331970177,908869.1710087938,-0.020320348907262087,-0.04342546488624066,8,false,0.013583842286941242,0.013583842286941242,false
255,true,0.9868610074181554,-901695.1143406165,909062.011580998,0.01210780383553356,0.03971923503559083,8,false,0.013583842286941242,0.013583842286941242,false
255,true,0.9206302977623246,-901532.4226402006,909005.4467804513,0.07470423297490925,0.19813717168290168,8,false,0.013583842286941242,0.013583842286941242,false
255,true,0.9780741060569899,-901638.139881389,908967.6487801087,-0.04963066754862666,0.11931150674354285,8,false,0.013583842286941242,0.013583842286941242,false
255,true,0.9954333037621814,-901631.6154360847,909074.341882249,-0.02419574116356671,-0.058765480760484934,8,false,0.013583842286941242,0.013583842286941242,false
255,true,0.9815786409955154,-901538.5173922965,908972.2316088513,0.03574234328698367,0.06017698301002383,8,false,0.013583842286941242,0.013583842286941242,false
255,true,0.5789441009965378,-901511.190891466,908867.9093956467,0.11998958454933017,1.348535336786881,8,false,0.013583842286941242,0.013583842286941242,false
255,true,0.7469805194979624,-901578.2914777199,908835.3672595896,-0.10667644254863262,0.8000742079457268,8,false,0.013583842286941242,0.013583842286941242,false
255,true,0.736670159801441,-901630.2222685931,909025.8100929311,0.19643412251025438,0.7281606300966814,8,false,0.013583842286941242,0.013583842286941242,false
255,true,0.9929635230911849,-901563.0205402191,908959.8448638346,-0.11286614125128835,-0.27774344489444047,8,false,0.013583842286941242,0.013583842286941242,false
255,true,0.9565083345417723,-901717.265128392,909013.6245735398,-0.11839355633128434,0.1763981276890263,8,false,0.013583842286941242,0.013583842286941242,false
255,true,0.9514262939893238,-901652.0456265699,909088.2120888068,0.03152488463092595,0.13594298996031284,8,false,0.013583842286941242,0.013583842286941242,false
255,true,0.9994507857615375,-901518.0913105928,908861.6201886592,-0.024026346625760198,-0.0728515776572749,8,false,0.013583842286941242,0.013583842286941242,false
255,true,0.9718519419250122,-901689.0622814441,908995.3275412505,0.00519883434753865,0.09555529418867081,8,false,0.013583842286941242,0.013583842286941242,false
255,true,0.9873736880401796,-901430.8383238526,908931.7527686881,-0.0014267171500250697,0.06377717584837228,8,false,0.013583842286941242,0.013583842286941242,false
255,true,0.8716710787357854,-901529.8173935835,908742.5674741818,0.2876825741259381,0.3319441733183339,8,false,0.013583842286941242,0.013583842286941242,false
255,true,0.9669101550257074,-901558.8784442841,908860.3693646323,0.09258721256628633,-0.3374339380534366,8,false,0.013583842286941242,0.013583842286941242,false
255,true,0.7910684875412552,-901614.8797487566,908940.7053799953,-0.4213172576855868,0.7524503953754902,8,false,0.013583842286941242,0.013583842286941242,false
255,true,0.9834274373790977,-901415.2992234883,908747.8881514915,0.011430375277996063,0.05394225718919188,8,false,0.013583842286941242,0.013583842286941242,false
255,true,0.9955759910875307,-901503.490442418,908720.385133894,0.013406786136329174,-0.037848863983526826,8,false,0.013583842286941242,0.013583842286941242,false
255,true,0.9093062308060912,-901572.1723888615,908941.0894799621,0.10583708516787738,0.2246164387324825,8,false,0.013583842286941242,0.013583842286941242,false
255,true,0.9117913474538508,-901661.5015851343,909024.7547765883,0.03236445062793791,0.28639790799934417,8,false,0.013583842286941242,0.013583842286941242,false
255,true,0.9959513541337813,-901620.5503032706,908996.7131791268,-0.0036729867570102215,-0.16689341282472014,8,false,0.013583842286941242,0.013583842286941242,false
255,true,0.8506806214274752,-901515.3128021567,908891.8252097798,0.3149590298999101,0.46056670090183616,8,false,0.013583842286941242,0.013583842286941242,false
255,true,0.9939148887241004,-901458.4756146643,908752.3472092471,-0.05955766164697707,-0.4548500991659239,8,false,0.013583842286941242,0.013583842286941242,false
255,true,0.9985865514268284,-901490.1257888771,908719.1663195423,-0.07495466282125562,-0.40881743549834937,8,false,0.013583842286941242,0.013583842286941242,false
255,true,0.9503835476146704,-901425.9245471242,908738.3545453035,-0.26188418979290873,-0.3497946719871834,8,false,0.013583842286941242,0.013583842286941242,false
255,true,0.9995360795420742,-901490.7862253994,908762.0420764559,-0.051499891094863415,-0.08433114236686379,8,false,0.013583842286941242,0.013583842286941242,false
255,true,0.5259295503408891,-901442.5582073643,908722.2050595131,0.10802805691491812,1.589965105522424,8,false,0.013583842286941242,0.013583842286941242,false
255,true,0.9708736114637899,-901478.7987289015,908691.6586656206,-0.00032551446929574013,0.13640521466732025,8,false,0.013583842286941242,0.013583842286941242,false
255,true,0.9998688426884078,-901433.6860066063,908826.433043478,-0.09782490460202098,-0.14805319160223007,8,false,0.013583842286941242,0.013583842286941242,false
255,true,0.9666252599540518,-901547.1337652331,908913.8827490552,-0.047785015194676816,0.1132396407192573,8,false,0.013583842286941242,0.013583842286941242,false
255,true,0.8419106525621863,-901635.05461707,908919.6059289114,0.20349422190338373,0.34406622976530343,8,false,0.013583842286941242,0.013583842286941242,false
255,true,0.7920697419684275,-901616.953580043,909010.7462101222,0.5536642805673182,0.6332390927709639,8,false,0.013583842286941242,0.013583842286941242,false
255,true,0.9522142151785189,-901607.2244508958,909018.9225498938,-0.6666728747077286,-0.7404902244452387,8,false,0.013583842286941242,0.013583842286941242,false
255,true,0.9728283310059008,-901586.3613273819,908979.0193228637,-0.007379249087534845,0.10899941599927843,8,false,0.013583842286941242,0.013583842286941242,false
255,true,0.9935444889594893,-901453.4874020161,908880.800137102,-0.014889883692376316,-0.08539089723490179,8,false,0.013583842286941242,0.013583842286941242,false
255,true,0.6431127163343401,-901575.3363240636,908724.5221974998,0.6426722985925153,1.0639736308949068,8,false,0.013583842286941242,0.013583842286941242,false
255,true,0.987721687813903,-901827.9134007161,909084.645877176,-0.02207954158075154,-0.7039284269558266,8,false,0.013583842286941242,0.013583842286941242,false
255,true,0.9708812788789402,-901829.3490640565,909138.3938767891,-0.30786926427390426,-0.682536770356819,8,false,0.013583842286941242,0.013583842286941242,false
255,true,0.9276035601794936,-901584.7494605962,909149.8267392829,0.1358390541281551,-0.3592595043592155,8,false,0.013583842286941242,0.013583842286941242,false
255,true,0.9972129840089327,-901660.2157334411,908988.8077797758,-0.40489086345769465,-0.5095854214159772,8,false,0.013583842286941242,0.013583842286941242,false
255,true,0.9602390580232474,-901603.9075810583,908962.9472217326,-0.014708545175381005,0.15285351662896574,8,false,0.013583842286941242,0.013583842286941242,false
255,true,0.8709890871776433,-901538.9529937747,908976.0978044546,0.16912701877299696,0.37423637858591974,8,false,0.013583842286941242,0.013583842286941242,false
255,true,0.8477468566781914,-901668.7464459738,909003.4084410203,-0.1804437394021079,0.5032524482812732,8,false,0.013583842286941242,0.013583842286941242,false
255,true,0.9829736552088947,-901549.4700835759,908875.8058687997,0.003761341329663992,-0.08410129440017045,8,false,0.013583842286941242,0.013583842286941242,false
255,true,0.9948226392005479,-901576.0818357766,908878.862047132,-0.006332390126772225,-0.09080191084649414,8,false,0.013583842286941242,0.013583842286941242,false
255,true,0.9339348347832486,-901579.282432119,908848.1347412398,0.05373733420856297,0.21011492959223688,8,false,0.013583842286941242,0.013583842286941242,false
255,true,0.987837890562024,-901545.4136976934,908885.370647151,-0.11104929144494236,-0.1361504823435098,8,false,0.013583842286941242,0.013583842286941242,false
255,true,0.9797770325206632,-901538.8866602589,908901.1893321079,0.011870326823554933,0.05890400311909616,8,false,0.013583842286941242,0.013583842286941242,false
255,true,0.9993011915712732,-901551.5607306277,908756.9064814175,-0.02440515859052539,-0.055914998170919716,8,false,0.013583842286941242,0.013583842286941242,false
255,true,0.9877740937232952,-901518.4034859104,908808.985598171,0.014467177097685635,0.040093713090755045,8,false,0.013583842286941242,0.013583842286941242,false
255,true,0.9267444947320228,-901561.1196925218,908858.8896634394,0.0983039076672867,0.1823959113098681,8,false,0.013583842286941242,0.013583842286941242,false
255,true,0.6399915493964974,-901602.3852423573,908957.5866363028,-0.11368628963828087,1.1581742411945015,8,false,0.013583842286941242,0.013583842286941242,false
255,true,0.881971571170337,-901537.798313548,908919.2138545504,0.1337219731649384,0.27049226372037083,8,false,0.013583842286941242,0.013583842286941242,false
255,true,0.7446695984889333,-901588.2042174399,908821.2299303459,0.09268797596450895,0.7734344028867781,8,false,0.013583842286941242,0.013583842286941242,false
255,true,0.9996315967960707,-901679.6869930871,909066.8036498073,0.005653952481225133,-0.21041242755018175,8,false,0.013583842286941242,0.013583842286941242,false
255,true,0.8059658122360684,-901670.6287318903,908995.1077197809,0.11117605934850872,0.6282139581162483,8,false,0.013583842286941242,0.013583842286941242,false
255,true,0.8103322013196286,-901571.6318419597,909007.2635248551,-0.18304759438615292,0.6629312925506383,8,false,0.013583842286941242,0.013583842286941242,false
255,true,0.999885611340302,-901556.5875955847,908818.9317181975,-0.06303294480312616,-0.17235538666136563,8,false,0.013583842286941242,0.013583842286941242,false
255,true,0.9992020746555097,-901643.11477207,908945.2483284504,-0.015592993586324155,-0.12498540105298162,8,false,0.013583842286941242,0.013583842286941242,false
255,true,0.9918390322821825,-901638.6758733538,908931.1648253162,-0.0041320325108245015,-0.09256178722716868,8,false,0.013583842286941242,0.013583842286941242,false
255,true,0.9984220813519481,-901701.4962791527,909139.6882328605,-0.044205260812304914,-0.08770508877933025,8,false,0.013583842286941242,0.013583842286941242,false
255,true,0.9640767424989686,-901606.111444771,909056.7913375188,0.06271037005353719,0.10910984931979328,8,false,0.013583842286941242,0.013583842286941242,false
255,true,0.9975842239148198,-901543.1538325807,908979.388957157,-0.00309401610866189,-0.10927864536643028,8,false,0.013583842286941242,0.013583842286941242,false
255,true,0.962861209481862,-901500.6288521567,908809.1825211997,-0.010939361061900854,0.14061860053334385,8,false,0.013583842286941242,0.013583842286941242,false
255,true,0.9983104694119405,-901585.8593827622,908794.1899423322,-0.02257052343338728,-0.08755716728046536,8,false,0.013583842286941242,0.013583842286941242,false
255,true,0.9357860229452042,-901525.4541945087,908852.4570086532,0.09136383712757379,0.1884895726107061,8,false,0.013583842286941242,0.013583842286941242,false
255,true,0.9993369560758747,-901456.9548297772,908770.3978730433,-0.013419301016256213,-0.16639183566439897,8,false,0.013583842286941242,0.013583842286941242,false
255,true,0.9922636889032135,-901485.031741587,908826.8709321157,-0.09114160283934325,-0.1401236498495564,8,false,0.013583842286941242,0.013583842286941242,false
255,true,0.9951508478294705,-901666.7125001338,908880.629130933,-0.012194350128993392,-0.0536098467418924,8,false,0.013583842286941242,0.013583842286941242,false
255,true,0.9336958418347316,-901552.897323456,909039.8161210888,0.1094339961418882,0.18283230857923627,8,false,0.013583842286941242,0.013583842286941242,false
255,true,0.9842614196272809,-901634.6295473493,908951.6287519234,-0.10560436523519456,-0.15460237977094948,8,false,0.013583842286941242,0.013583842286941242,false
255,true,0.9646514375427081,-901577.0040094502,908807.8254193432,-0.04962699383031577,0.11584174376912415,8,false,0.013583842286941242,0.013583842286941242,false
255,true,0.9267241767108927,-901753.7613973004,909079.5818776212,0.08156873180996627,0.15584856120403856,8,false,0.013583842286941242,0.013583842286941242,false
255,true,0.94727887977066,-901618.3694278263,909152.7169233076,0.11155352008063346,0.17605860577896237,8,false,0.013583842286941242,0.013583842286941242,false
255,true,0.9988507087542554,-901611.4457388496,908968.112934089,-0.049959367141127586,-0.19045210373587906,8,false,0.013583842286941242,0.013583842286941242,false
255,true,0.9971125979108786,-901660.5110954401,909041.7669777707,-0.10838421422522515,-0.13298848958220333,8,false,0.013583842286941242,0.013583842286941242,false
255,true,0.9793362571054137,-901565.8207252447,908996.5028382662,0.01297600765246898,0.07939637219533324,8,false,0.013583842286941242,0.013583842286941242,false
255,true,0.9704606272572148,-901591.7891105019,908856.6999509321,0.008547923876903951,0.10785234544891864,8,false,0.013583842286941242,0.013583842286941242,false
255,true,0.7885369520321729,-901650.5559826284,909001.9628203529,0.0072781945345923305,0.5569571146043018,8,false,0.013583842286941242,0.013583842286941242,false
255,true,0.989867415519773,-901448.7781037686,908930.5097026342,-0.014367364696227014,0.06635446031577885,8,false,0.013583842286941242,0.013583842286941242,false
255,true,0.8762038175401536,-901593.6084121815,908804.8081495969,-0.03677599597722292,0.3114017586922273,8,false,0.013583842286941242,0.013583842286941242,false
255,true,0.8223623128728301,-901548.7947745854,908912.2186882063,0.08100416325032711,0.42745269800070673,8,false,0.013583842286941242,0.013583842286941242,false
255,true,0.9989000857367678,-901641.4374980362,909049.9602910605,0.0034294347278773785,-0.09754605160560459,8,false,0.013583842286941242,0.013583842286941242,false
255,true,0.950600552373334,-901691.2929709208,909092.217564534,-0.03784494684077799,0.17082164238672704,8,false,0.013583842286941242,0.013583842286941242,false
255,true,0.8338851861233517,-901601.785451439,908970.6294218953,0.07551847293507308,0.44349127635359764,8,false,0.013583842286941242,0.013583842286941242,false
255,true,0.9846294510407474,-901419.1846142306,908822.6962205487,-0.07927486742846668,-0.14215549163054675,8,false,0.013583842286941242,0.013583842286941242,false
255,true,0.9295277866422539,-901439.0663906317,908703.3862007922,0.13056565157603472,0.20921196939889342,8,false,0.013583842286941242,0.013583842286941242,false
255,true,0.7908238220597926,-901715.6986449321,908901.9880124081,-0.008010461810044944,0.6436476386152208,8,false,0.013583842286941242,0.013583842286941242,false
255,true,0.9065008626148693,-901642.497489935,909119.8711221382,-0.03272211947478354,0.3265007543377578,8,false,0.013583842286941242,0.013583842286941242,false
255,true,0.789708557495688,-901664.955236646,909046.464354714,0.32158786593936384,0.6000603338470683,8,false,0.013583842286941242,0.013583842286941242,false
255,true,0.9981508963989697,-901597.8521514332,909057.2619579631,-0.3839853814570233,-0.44470521819312125,8,false,0.013583842286941242,0.013583842286941242,false
255,true,0.851960475750871,-901465.3316915492,908871.3491415222,-0.041290723136626184,0.4089391471352428,8,false,0.013583842286941242,0.013583842286941242,false
255,true,0.9948357975159827,-901648.9933277427,908851.0638129084,-0.023414062918163836,-0.05541665421333164,8,false,0.013583842286941242,0.013583842286941242,false
255,true,0.730771597993439,-901595.7522255761,909084.7148228065,0.634590593050234,0.6895009379368275,8,false,0.013583842286941242,0.013583842286941242,false
255,true,0.9926924110170344,-901581.5403988572,908877.3659342902,-0.3954019403317943,-0.662091656238772,8,false,0.013583842286941242,0.013583842286941242,false
255,true,0.9217581538429579,-901614.5580918473,908939.5157924785,0.2004101355560124,0.28075845271814615,8,false,0.013583842286941242,0.013583842286941242,false
255,true,0.9502738609637809,-901656.8028903609,909032.0860754694,-0.37484566145576537,-0.45077763113658875,8,false,0.013583842286941242,0.013583842286941242,false
255,true,0.9911228433614203,-901644.0823349628,908911.5771399593,-0.031125891022384167,-0.08709729567635804,8,false,0.013583842286941242,0.013583842286941242,false
255,true,0.9339855682416476,-901521.4542430491,908916.205070762,0.038760967436246574,0.17982635216321796,8,false,0.013583842286941242,0.013583842286941242,false
255,true,0.9373199872901187,-901575.61930979,908904.8755619079,-0.007264484651386738,0.19506582629401237,8,false,0.013583842286941242,0.013583842286941242,false
255,true,0.9609317587363986,-901599.507375267,908961.4167048766,0.06691823387518525,0.1335594905540347,8,false,0.013583842286941242,0.013583842286941242,false
255,true,0.9917072051837467,-901652.5429222843,909030.7323328251,-0.02894069708418101,-0.14847581495996565,8,false,0.013583842286941242,0.013583842286941242,false
255,true,0.9304426916496455,-901469.6116015995,908874.2774186736,0.09293762466404587,0.25010830792598426,8,false,0.013583842286941242,0.013583842286941242,false
255,true,0.9931599546431513,-901668.5085056948,908859.922324199,0.013661904609762132,-0.21981956029776484,8,false,0.013583842286941242,0.013583842286941242,false
255,true,0.9229702362450539,-901609.5877309603,908942.95021623,0.18362367968074977,0.2979735927656293,8,false,0.013583842286941242,0.013583842286941242,false
255,true,0.9992473384853259,-901533.1689747544,908902.0851342938,-0.32530045753810555,-0.3776640444993973,8,false,0.013583842286941242,0.013583842286941242,false
255,true,0.996211092847541,-901488.7757311186,908758.6306942452,-0.005772839183919132,-0.08903239038772881,8,false,0.013583842286941242,0.013583842286941242,false
255,true,0.9466623382092859,-901584.8026141046,908823.1155460773,0.11562623572535813,0.17123721889220178,8,false,0.013583842286941242,0.013583842286941242,false
255,true,0.9265894519915788,-901630.9780990182,908885.544850451,-0.13291077932808548,0.2645565989660099,8,false,0.013583842286941242,0.013583842286941242,false
255,true,0.9768958489471349,-901528.2423671398,908983.9690398832,-0.005948050995357335,0.09950073680374771,8,false,0.013583842286941242,0.013583842286941242,false
255,true,0.7273090359486561,-901636.5570113072,908946.2724187952,0.1719532087445259,0.7083501172019169,8,false,0.013583842286941242,0.013583842286941242,false
255,true,0.9999084020371592,-901532.9541438498,908939.5139797231,-0.1550866711186245,-0.23095441982150078,8,false,0.013583842286941242,0.013583842286941242,false
255,true,0.9238161001248367,-901555.972416844,908885.5895689598,0.1618477285373956,0.21268311783205718,8,false,0.013583842286941242,0.013583842286941242,false
255,true,0.999964533683185,-901666.051958376,908878.8307319828,-0.2082847097190097,-0.24496849323622882,8,false,0.013583842286941242,0.013583842286941242,false
255,true,0.9751516582988375,-901705.0244657989,909211.6911165678,0.02284423157107085,0.07864917546976358,8,false,0.013583842286941242,0.013583842286941242,false
255,true,0.6738788991445718,-901665.6782520529,909123.5875634619,0.3273665652377531,0.9291925992583856,8,false,0.013583842286941242,0.013583842286941242,false
255,true,0.6979503593639408,-901676.7471623009,909061.1402332905,-0.298890367266722,1.107356237480417,8,false,0.013583842286941242,0.013583842286941242,false
255,true,0.9909169576534106,-901648.3008635369,909106.5767343822,-0.0026671047089621425,-0.07124681083951145,8,false,0.013583842286941242,0.013583842286941242,false
255,true,0.9976185888110409,-901571.6259175357,908981.4266228856,-0.02028788172174245,-0.07952041365206242,8,false,0.013583842286941242,0.013583842286941242,false
255,true,0.9974240684742485,-901580.4625815281,908853.2731035952,-0.019354776246473193,-0.06536301295273006,8,false,0.013583842286941242,0.013583842286941242,false
255,true,0.782825047839769,-901552.9687266377,908854.515891333,0.1830214011715725,0.5512376280967146,8,false,0.013583842286941242,0.013583842286941242,false
255,true,0.9785082249443897,-901647.1985151657,908921.0859327221,-0.18093664769548923,-0.20744151924736798,8,false,0.013583842286941242,0.013583842286941242,false
255,true,0.9575769587213167,-901614.5781246795,909137.1336221816,0.013896999415010214,0.12135948077775538,8,false,0.013583842286941242,0.013583842286941242,false
255,true,0.9487047558607912,-901568.7878888051,908975.887375475,0.11570131394546479,0.14300124626606703,8,false,0.013583842286941242,0.013583842286941242,false
255,true,0.9112350370447164,-901719.457975319,909056.996248185,-8.323369547724724e-5,0.30022240174002945,8,false,0.013583842286941242,0.013583842286941242,false
255,true,0.9104318860721714,-901577.7830846165,909037.012331485,-0.015431420877575874,0.2907173896674067,8,false,0.013583842286941242,0.013583842286941242,false
255,true,0.9985970360683775,-901626.8377949283,908960.7565140199,-0.028966763173229992,-0.15501492912881076,8,false,0.013583842286941242,0.013583842286941242,false
255,true,0.9975189567987697,-901538.5194796294,908881.8083785094,0.005167254479601979,-0.12419703660998493,8,false,0.013583842286941242,0.013583842286941242,false
255,true,0.9983916858667156,-901475.4710874656,908879.4981211561,-0.12502171727828681,-0.13430449983570725,8,false,0.013583842286941242,0.013583842286941242,false
255,true,0.6906916155839442,-901519.1603775211,908890.075543013,0.7082105373265222,0.7975818164413795,8,false,0.013583842286941242,0.013583842286941242,false
255,true,0.9998182056178238,-901568.4706522214,908850.3977185152,-0.628361051552929,-0.7179275387898088,8,false,0.013583842286941242,0.013583842286941242,false
255,true,0.8838125214684784,-901552.6648163269,908841.7511186957,0.07151937566231936,0.3188298774184659,8,false,0.013583842286941242,0.013583842286941242,false
255,true,0.9949669329889902,-901785.0700566692,909081.5335874544,0.02796294109430164,-0.15575475757941604,8,false,0.013583842286941242,0.013583842286941242,false
255,true,0.9823605612412335,-901857.3254897345,909154.386717235,-0.085614193812944,-0.17896476131863892,8,false,0.013583842286941242,0.013583842286941242,false
255,true,0.9830794953008628,-901531.3625135837,909151.9546438735,-0.0409928074805066,0.10165026306640357,8,false,0.013583842286941242,0.013583842286941242,false
255,true,0.9558356355302478,-901489.0273203877,908814.1244827029,0.03043358970899135,0.1410906040109694,8,false,0.013583842286941242,0.013583842286941242,false
255,true,0.999281777542579,-901529.8780610934,908903.3869472629,-0.015194942359812558,-0.09214018809143454,8,false,0.013583842286941242,0.013583842286941242,false
255,true,0.94090823701967,-901668.7488565627,909024.7195736796,-0.013250214396975935,0.17478772962931544,8,false,0.013583842286941242,0.013583842286941242,false
255,true,0.9871708095229748,-901673.4048500736,909054.1647221344,-0.004394210409373045,0.06361930770799518,8,false,0.013583842286941242,0.013583842286941242,false
255,true,0.9852667989304761,-901613.8316438555,908910.7059806961,-0.016563197947107255,0.07880792743526399,8,false,0.013583842286941242,0.013583842286941242,false
255,true,0.9924336046024784,-901583.8905611851,908909.1086256244,0.02838361356407404,0.045525861787609756,8,false,0.013583842286941242,0.013583842286941242,false
255,true,0.9643228848994063,-901693.6826365822,909025.7145664067,0.003748880117200315,0.12080790859181434,8,false,0.013583842286941242,0.013583842286941242,false
255,true,0.8071765205424688,-901489.7955775302,908909.2948460679,0.4684575174469501,0.5133396976161748,8,false,0.013583842286941242,0.013583842286941242,false
255,true,0.9922916948499731,-901528.9911619072,908905.056846574,0.08368848985992372,-0.5464522282127291,8,false,0.013583842286941242,0.013583842286941242,false
255,true,0.9495147391884402,-901535.8709009876,908789.1234189715,-0.10345980909187347,-0.6180979278869927,8,false,0.013583842286941242,0.013583842286941242,false
255,true,0.9796689394174521,-901555.638521278,908878.0386351926,-0.4575014333240688,-0.48249621177092195,8,false,0.013583842286941242,0.013583842286941242,false
255,true,0.997065269248586,-901444.5510745727,908882.228481828,-0.03474845760501921,-0.06374865816906095,8,false,0.013583842286941242,0.013583842286941242,false
255,true,0.9402935592475898,-901651.9133905068,908973.4950244013,0.09792474971618503,0.14550759678240865,8,false,0.013583842286941242,0.013583842286941242,false
255,true,0.8812792222932513,-901687.4885124402,909036.9610510134,0.05013421212788671,0.3529481813311577,8,false,0.013583842286941242,0.013583842286941242,false
255,true,0.9909302275529458,-901549.151354727,908983.851615142,-0.11810758791398257,-0.1787037766771391,8,false,0.013583842286941242,0.013583842286941242,false
255,true,0.9920594157403518,-901558.535148621,908940.0201679672,-0.030981788993813097,-0.06698585185222328,8,false,0.013583842286941242,0.013583842286941242,false
255,true,0.978289217560127,-901465.3385888488,908890.6443742474,-0.013153502950444818,0.07432772812899202,8,false,0.013583842286941242,0.013583842286941242,false
255,true,0.9105649521268826,-901397.3620877102,908683.1370957309,0.12100249296054244,0.199947903980501,8,false,0.013583842286941242,0.013583842286941242,false
255,true,0.9970803828827753,-901407.4473109082,908700.4567860165,-0.0857739585917443,-0.14057097944896668,8,false,0.013583842286941242,0.013583842286941242,false
255,true,0.923541461937337,-901424.9449219812,908645.2709944014,0.11875096242874861,0.2056929002283141,8,false,0.013583842286941242,0.013583842286941242,false
255,true,0.8590404142805562,-901514.9164406499,908771.2407066444,0.08738120016641915,0.4286839971318841,8,false,0.013583842286941242,0.013583842286941242,false
255,true,0.855394923956028,-901528.8533112437,908860.8125098973,0.008329208591021597,0.47977271024137735,8,false,0.013583842286941242,0.013583842286941242,false
255,true,0.9954601369052823,-901592.7575131073,908919.194607807,-0.1982411469798535,-0.26287440687883645,8,false,0.013583842286941242,0.013583842286941242,false
255,true,0.9717955638316906,-901615.6371080852,909026.070586121,0.01709505298640579,0.10260438662953675,8,false,0.013583842286941242,0.013583842286941242,false
255,true,0.9738230374185413,-901685.9430775339,909066.8408401603,0.07934374234173447,0.10096638195682317,8,false,0.013583842286941242,0.013583842286941242,false
255,true,0.9533739609956159,-901758.6328005465,909139.5479018227,0.19004375394433737,0.20945883996319026,8,false,0.013583842286941242,0.013583842286941242,false
255,true,0.9999897580351881,-901555.47066345,909066.7704550712,-0.2852752000326291,-0.32175660028588027,8,false,0.013583842286941242,0.013583842286941242,false
255,true,0.9933282016284587,-901532.4032943111,908908.9533575963,-0.0053789024241268635,-0.0746540108229965,8,false,0.013583842286941242,0.013583842286941242,false
255,true,0.9958389181393462,-901573.9397457369,908820.5481449752,-0.03614765498787165,-0.0672700759023428,8,false,0.013583842286941242,0.013583842286941242,false
255,true,0.9913905902909254,-901537.1392969061,908889.5915972055,0.009311779285781085,0.0380895558046177,8,false,0.013583842286941242,0.013583842286941242,false
255,true,0.9632568509450902,-901585.7050908915,908826.6861768973,0.06868703640066087,0.10885359183885157,8,false,0.013583842286941242,0.013583842286941242,false
255,true,0.9884556800901364,-901640.8475921722,908991.8333534509,0.0038442964432761073,-0.10900559986475855,8,false,0.013583842286941242,0.013583842286941242,false
255,true,0.9673361433176297,-901393.9476035074,908810.9395985518,-0.01082649314776063,0.13692963612265885,8,false,0.013583842286941242,0.013583842286941242,false
255,true,0.9661551399908725,-901541.8606181095,908707.2787833794,0.0716146492632106,0.13011120399460196,8,false,0.013583842286941242,0.013583842286941242,false
255,true,0.9890797874482743,-901490.4719324383,908903.9429960672,0.04215404624119401,-0.17712761869188398,8,false,0.013583842286941242,0.013583842286941242,false
255,true,0.886589261416049,-901547.8117576767,908962.5121903616,0.30139873817097396,0.374932391801849,8,false,0.013583842286941242,0.013583842286941242,false
255,true,0.9893399600880629,-901596.2137220175,908941.2168754579,-0.2942458444740623,-0.49829211307223886,8,false,0.013583842286941242,0.013583842286941242,false
255,true,0.8553278400898876,-901555.494821997,908860.284271994,-0.18868480587843806,0.46086672705132514,8,false,0.013583842286941242,0.013583842286941242,false
255,true,0.8920505450550568,-901468.5833286924,908793.6611859209,0.10949165048077703,0.266313437721692,8,false,0.013583842286941242,0.013583842286941242,false
255,true,0.9914650363550342,-901524.5308128948,908889.1928794599,-0.0021932286908850074,-0.13531096768565476,8,false,0.013583842286941242,0.013583842286941242,false
255,true,0.8291076374345643,-901681.2738949358,908935.5661343163,0.2688152539776638,0.4979818696156144,8,false,0.013583842286941242,0.013583842286941242,false
255,true,0.9905156769640187,-901582.3962996387,909034.3166271873,-0.10219857911579311,-0.40042124094907194,8,false,0.013583842286941242,0.013583842286941242,false
255,true,0.994026888327592,-901596.7208318231,908818.1397017109,-0.24702761811204255,-0.3126900721108541,8,false,0.013583842286941242,0.013583842286941242,false
255,true,0.8044512187560421,-901577.8251406652,908997.0650996157,0.4632849015761167,0.4969655885361135,8,false,0.013583842286941242,0.013583842286941242,false
255,true,0.8932452535638383,-901582.3386882861,909010.5694420962,0.19586445426102728,-0.487317256629467,8,false,0.013583842286941242,0.013583842286941242,false
255,true,0.9788186394518638,-901510.8579029631,908853.2144669654,-0.11064316215924919,-0.6876614758512005,8,false,0.013583842286941242,0.013583842286941242,false
255,true,0.9958801353561295,-901510.4655087705,908967.5579270018,-0.44848847028333694,-0.5732853047084063,8,false,0.013583842286941242,0.013583842286941242,false
255,true,0.9945123433335695,-901547.4379105625,908805.8096241768,-0.13185935479123145,-0.145083207054995,8,false,0.013583842286941242,0.013583842286941242,false
255,true,0.9226178892394349,-901529.2389041467,908928.4621691059,0.06396430195309222,0.18746444198768586,8,false,0.013583842286941242,0.013583842286941242,false
255,true,0.987256050169606,-901473.0045867647,908829.5141242396,0.04323522828053683,-0.09240787907037884,8,false,0.013583842286941242,0.013583842286941242,false
255,true,0.9355735697828098,-901415.0359739644,908609.5680664241,-0.0063677007565274835,0.23859943076968193,8,false,0.013583842286941242,0.013583842286941242,false
255,true,0.9971241550686636,-901726.4470015863,908887.9885725954,0.030105823185294867,-0.1260765726910904,8,false,0.013583842286941242,0.013583842286941242,false
255,true,0.9731811738184399,-901746.5706600412,909055.449483214,-0.09733944293111563,-0.15708526282105595,8,false,0.013583842286941242,0.013583842286941242,false
255,true,0.9515740700876882,-901554.605253941,909120.0764970725,0.042408218840137124,0.14773253304883838,8,false,0.013583842286941242,0.013583842286941242,false
255,true,0.9241280009528177,-901467.8343285177,908775.8645286909,0.015235470025800169,0.245045481948182,8,false,0.013583842286941242,0.013583842286941242,false
255,true,0.9659325543340895,-901484.5606295806,908694.837259421,-0.06128987984266132,0.1348328635795042,8,false,0.013583842286941242,0.013583842286941242,false
255,true,0.9687168409133727,-901531.8507357726,908862.7902616414,0.017671456444077194,0.11206388880964369,8,false,0.013583842286941242,0.013583842286941242,false
255,true,0.997341655932872,-901566.4985968184,908831.1479145726,-0.03806874225847423,-0.09053494362160563,8,false,0.013583842286941242,0.013583842286941242,false
255,true,0.894165835830807,-901688.7957297078,909029.7447615401,0.014046635362319648,0.26517359248828143,8,false,0.013583842286941242,0.013583842286941242,false
255,true,0.9384059062594224,-901600.2782317174,909046.2320887807,0.06978531426284462,0.16927209380082786,8,false,0.013583842286941242,0.013583842286941242,false
255,true,0.8687507239648744,-901435.0008935577,908797.447220848,0.0477399054216221,0.39757636468857527,8,false,0.013583842286941242,0.013583842286941242,false
255,true,0.9400338614026406,-901486.3476640768,908860.5590736881,0.0818143398500979,0.2267828353215009,8,false,0.013583842286941242,0.013583842286941242,false
255,true,0.9823392330828209,-901493.7352052071,908816.7420732086,-0.18960748158860952,-0.2562081436626613,8,false,0.013583842286941242,0.013583842286941242,false
255,true,0.9665435129810275,-901569.5592214767,908910.3471201591,0.0688959218095988,0.1149455348495394,8,false,0.013583842286941242,0.013583842286941242,false
255,true,0.9741851037693213,-901648.9017688002,909029.993612607,0.06068418128415942,-0.13254569354467094,8,false,0.013583842286941242,0.013583842286941242,false
255,true,0.9958512969816808,-901616.0290020998,909042.4638532753,-0.006370051763951778,-0.1738032492576167,8,false,0.013583842286941242,0.013583842286941242,false
255,true,0.9998153583336337,-901601.3643891527,908938.6278115455,-0.05199714342597872,-0.1850886569591239,8,false,0.013583842286941242,0.013583842286941242,false
255,true,0.987538883514188,-901430.4977257596,908796.0525976579,0.020363202434964478,-0.1285694407997653,8,false,0.013583842286941242,0.013583842286941242,false
255,true,0.9973529020023469,-901489.8307920536,908912.9352147778,-0.15176628937479109,-0.15176628937479109,8,false,0.013583842286941242,0.013583842286941242,false
255,true,0.9444092492842536,-901472.7549166026,908813.9322976354,0.07676872482988983,0.11157465970609337,8,false,0.013583842286941242,0.013583842286941242,false
255,true,0.9964565446607875,-901527.9805657323,908920.1509182545,-0.05171613651327789,-0.08324244280811399,8,false,0.013583842286941242,0.013583842286941242,false
255,true,0.9843123937987791,-901826.4885048334,909117.4166097887,0.039463957073166966,0.06096645339857787,8,false,0.013583842286941242,0.013583842286941242,false
255,true,0.9969848018133713,-901535.653261407,909118.1308850185,-0.04839920985978097,-0.06840102409478277,8,false,0.013583842286941242,0.013583842286941242,false
255,true,0.8651756897938561,-901627.7620712813,908903.1543492214,0.16541844548191875,0.3122920497553423,8,false,0.013583842286941242,0.013583842286941242,false
255,true,0.9995798751437541,-901642.4639414864,908822.4493792545,0.0021567255025729537,-0.17839023971464485,8,false,0.013583842286941242,0.013583842286941242,false
255,true,0.661728684235264,-901632.5609962663,909084.9527437052,-0.079240437829867,1.1061392378760502,8,false,0.013583842286941242,0.013583842286941242,false
255,true,0.9465863371546495,-901579.3446363398,909004.88272699,-0.08552784635685384,0.17971550801303238,8,false,0.013583842286941242,0.013583842286941242,false
255,true,0.9792476034063772,-901589.3804942344,908766.4232105864,0.03249587200116366,0.07188566646073014,8,false,0.013583842286941242,0.013583842286941242,false
255,true,0.7993922070682501,-901725.2139171929,909095.4092118744,0.4398973968345672,0.5206124563701451,8,false,0.013583842286941242,0.013583842286941242,false
255,true,0.9765463409885623,-901716.7099628777,909088.576929422,-0.30812016455456614,-0.46061747788917273,8,false,0.013583842286941242,0.013583842286941242,false
255,true,0.9941207846353366,-901714.9307948827,909068.3997469264,-0.006175189628265798,-0.17442230053711683,8,false,0.013583842286941242,0.013583842286941242,false
255,true,0.8207490471602286,-901605.6734787466,908969.8223465638,0.1268852010834962,0.5537502313964069,8,false,0.013583842286941242,0.013583842286941242,false
255,true,0.9934143444832316,-901530.0388109778,908976.597262621,-0.2215034100227058,-0.2906632204540074,8,false,0.013583842286941242,0.013583842286941242,false
255,true,0.9992365638575774,-901656.9045684974,908862.762900426,-0.06048512668348849,-0.08085719682276249,8,false,0.013583842286941242,0.013583842286941242,false
255,true,0.8907551626332398,-901713.5369303356,909177.818750269,0.24473735655192286,0.2571474149590358,8,false,0.013583842286941242,0.013583842286941242,false
255,true,0.8117057423640232,-901754.3730471398,909150.6676309543,-0.09185235691256821,0.61994128592778,8,false,0.013583842286941242,0.013583842286941242,false
255,true,0.9813802022699794,-901578.1266674859,909072.8431762354,-0.09842267085332423,-0.14176373404916376,8,false,0.013583842286941242,0.013583842286941242,false
255,true,0.7962609111784912,-901700.2592368228,908902.2551076778,-0.02559909806586802,0.5472652863245457,8,false,0.013583842286941242,0.013583842286941242,false
255,true,0.9871885205682271,-901673.6594231642,908996.5206016636,0.0030645295046269894,0.07004247710574418,8,false,0.013583842286941242,0.013583842286941242,false
255,true,0.9876997522135355,-901508.4249803146,908888.5199986479,-0.04107208701316267,0.06711045210249722,8,false,0.013583842286941242,0.013583842286941242,false
255,true,0.9475274310733841,-901458.5081605492,908730.1451700993,0.09021471708547324,0.12934404192492366,8,false,0.013583842286941242,0.013583842286941242,false
255,true,0.8967577327989246,-901476.0471732591,908676.4582753514,0.009871913003735244,0.316069099586457,8,false,0.013583842286941242,0.013583842286941242,false
255,true,0.94847367045938,-901503.8870916133,908791.3679276394,-0.05318128038197756,0.18007449037395418,8,false,0.013583842286941242,0.013583842286941242,false
255,true,0.9551727924360212,-901605.6072590298,908796.0385097663,-0.04538318084087223,0.1457961625419557,8,false,0.013583842286941242,0.013583842286941242,false
255,true,0.963589539109789,-901498.6370942324,908852.3594411376,0.05108270572964102,0.09569572645705193,8,false,0.013583842286941242,0.013583842286941242,false
255,true,0.9425803535304211,-901447.131433362,908726.1665448723,-0.030362281133420765,0.17920846363995224,8,false,0.013583842286941242,0.013583842286941242,false
255,true,0.9160581447190485,-901514.0535581085,908721.2653904126,0.15962075011339039,0.20857991091907024,8,false,0.013583842286941242,0.013583842286941242,false
255,true,0.9925538163386921,-901472.7052921476,908707.8257035187,-0.11289314471650869,-0.1983987947460264,8,false,0.013583842286941242,0.013583842286941242,false
255,true,0.9625093732248206,-901650.9596720425,908874.7472530942,0.014142720960080624,0.14222007780335844,8,false,0.013583842286941242,0.013583842286941242,false
255,true,0.9998374667581093,-901671.9561939209,909066.4153995138,-0.05531700898427516,-0.10157518938649446,8,false,0.013583842286941242,0.013583842286941242,false
255,true,0.9752163689576457,-901701.1122512904,909025.8570329115,0.01561194029636681,0.07754294062033296,8,false,0.013583842286941242,0.013583842286941242,false
255,true,0.9040950098503014,-901663.9380633525,909071.0532000756,0.03979448275640607,0.22688128682784736,8,false,0.013583842286941242,0.013583842286941242,false
255,true,0.9863024155781699,-901589.385953537,908944.5506400847,-0.047291365335695446,0.09282159572467208,8,false,0.013583842286941242,0.013583842286941242,false
255,true,0.5758038282969349,-901595.6197001961,908879.7378093307,0.019318072590976954,1.34914905205369,8,false,0.013583842286941242,0.013583842286941242,false
255,true,0.9928075806026707,-901527.1842457106,908948.456183489,-0.02040459052659571,-0.0791144595714286,8,false,0.013583842286941242,0.013583842286941242,false
255,true,0.9998410656943539,-901386.0140681773,908621.3677982009,-0.010049133212305605,-0.05701794754713774,8,false,0.013583842286941242,0.013583842286941242,false
255,true,0.9725771962354374,-901427.0249656999,908756.419267732,-0.01653611660003662,0.09722845547366887,8,false,0.013583842286941242,0.013583842286941242,false
255,true,0.9556110219704929,-901441.2415078436,908810.1042993926,-0.01742455514613539,0.10552209592424333,8,false,0.013583842286941242,0.013583842286941242,false
255,true,0.9317396658931695,-901663.8361145663,908877.4250233005,0.05718345078639686,0.15491645992733538,8,false,0.013583842286941242,0.013583842286941242,false
255,true,0.9598449798856467,-901672.4627006825,909092.1465518413,0.026932442095130682,0.13242415629792958,8,false,0.013583842286941242,0.013583842286941242,false
255,true,0.991560653522686,-901631.0033031601,908938.9887196543,-0.03924143733456731,-0.08858331840019673,8,false,0.013583842286941242,0.013583842286941242,false
255,true,0.9728999023277191,-901467.593417674,908891.3154350491,0.06296875677071512,0.10513689427170902,8,false,0.013583842286941242,0.013583842286941242,false
255,true,0.9945367897040713,-901359.4459684556,908697.4266441608,-0.036624835105612874,-0.1177318551344797,8,false,0.013583842286941242,0.013583842286941242,false
255,true,0.9570830991354318,-901434.5198912623,908865.4840432885,0.11614228750113398,0.13165952486451715,8,false,0.013583842286941242,0.013583842286941242,false
255,true,0.9710795548871711,-901628.8979897735,908821.7200720757,0.06728337926324457,-0.16658185934647918,8,false,0.013583842286941242,0.013583842286941242,false
255,true,0.9615927159850236,-901678.6713777975,908902.3050912227,0.1348975709406659,-0.2586196002084762,8,false,0.013583842286941242,0.013583842286941242,false
255,true,0.9988095270581158,-901613.1496756993,909025.0080881753,-0.18789788044523448,-0.3680420733289793,8,false,0.013583842286941242,0.013583842286941242,false
255,true,0.9901086167754852,-901541.9843068296,908894.7843832511,-0.07222263200674206,-0.20958718738984317,8,false,0.013583842286941242,0.013583842286941242,false
255,true,0.9752977712903346,-901673.1166242568,908951.8261762038,0.055143523029983044,-0.11266285856254399,8,false,0.013583842286941242,0.013583842286941242,false
255,true,0.9970873065253737,-901584.6184135443,908977.9561974758,-0.12945280282292515,-0.1793592821341008,8,false,0.013583842286941242,0.013583842286941242,false
255,true,0.9556339683825655,-901670.3342779058,908962.4297653175,0.07958646595943719,0.13815223425626755,8,false,0.013583842286941242,0.013583842286941242,false
255,true,0.9849367061289591,-901669.0253535919,909060.2940640046,-0.03806076885666698,-0.12050915230065584,8,false,0.013583842286941242,0.013583842286941242,false
255,true,0.9996619566439422,-901526.508682158,908915.9991518932,-0.019540939130820334,-0.09310561674647033,8,false,0.013583842286941242,0.013583842286941242,false
255,true,0.9992255005181764,-901702.7900811502,908976.3158148755,-0.028727113385684788,-0.06712965620681643,8,false,0.013583842286941242,0.013583842286941242,false
255,true,0.9944667120989724,-901597.174372952,908966.2944961983,0.02831942110788077,-0.04843929910566658,8,false,0.013583842286941242,0.013583842286941242,false
255,true,0.960379186864066,-901639.7260082845,909009.9004219275,0.04691865050699562,0.12948412238620222,8,false,0.013583842286941242,0.013583842286941242,false
255,true,0.8445508998334873,-901551.1964326979,909047.0543134722,0.3920957021182403,0.4415056083817035,8,false,0.013583842286941242,0.013583842286941242,false
255,true,0.999987334920305,-901504.3806173769,908965.0695950652,-0.035880844574421644,-0.5045417017536238,8,false,0.013583842286941242,0.013583842286941242,false
255,true,0.9987020342089656,-901514.8635875528,908705.6085803555,-0.018058045185171068,-0.46883424872066826,8,false,0.013583842286941242,0.013583842286941242,false
255,true,0.6734604299324312,-901567.8892840665,908899.7072161682,-0.09348323720041662,1.284638170269318,8,false,0.013583842286941242,0.013583842286941242,false
255,true,0.9729720139638153,-901565.7837058783,909012.2265578737,-0.2734099958324805,-0.356635803822428,8,false,0.013583842286941242,0.013583842286941242,false
255,true,0.9752648033571071,-901617.4520345831,908982.2681677056,0.02596940053626895,0.12434595567174256,8,false,0.013583842286941242,0.013583842286941242,false
255,true,0.9766370755229037,-901628.1168683631,908995.9696543565,-0.04244115331675857,-0.12761933670844883,8,false,0.013583842286941242,0.013583842286941242,false
255,true,0.8399243531787413,-901528.6758124408,908923.4166331475,0.19171780662145466,0.4286382367135957,8,false,0.013583842286941242,0.013583842286941242,false
255,true,0.9872574260138763,-901493.0716325059,908766.1756078542,0.02721189777366817,-0.27106031554285437,8,false,0.013583842286941242,0.013583842286941242,false
255,true,0.9042628248987344,-901546.8280496603,908797.3151955103,0.3144708489999175,0.3335543036228046,8,false,0.013583842286941242,0.013583842286941242,false
255,true,0.9952346413136225,-901602.6619860297,909055.4290340302,-0.03266890603117645,-0.5979515288490802,8,false,0.013583842286941242,0.013583842286941242,false
255,true,0.9899784347413408,-901601.1033251755,908996.4141470426,-0.5396678588585928,-0.5583097266498953,8,false,0.013583842286941242,0.013583842286941242,false
255,true,0.932811250715535,-901574.0838509622,908883.9350896335,0.0192238554591313,0.18465700175147504,8,false,0.013583842286941242,0.013583842286941242,false
255,true,0.9523248787905986,-901534.21892372,908824.2274652866,-0.00751809764187783,0.15097244700882584,8,false,0.013583842286941242,0.013583842286941242,false
255,true,0.9816058554688046,-901513.577222354,908841.329961529,-0.039585267659276724,0.08860389608889818,8,false,0.013583842286941242,0.013583842286941242,false
255,true,0.9709836583507974,-901545.3436606328,908866.857120638,0.05627084011211991,0.08061480859760195,8,false,0.013583842286941242,0.013583842286941242,false
255,true,0.9983247885581075,-901550.603847696,908768.6365475862,-0.010189204243943095,-0.06838772271294147,8,false,0.013583842286941242,0.013583842286941242,false
255,true,0.9934506314902949,-901698.6583165957,909016.95505054,-0.0014088527532294393,-0.05991781805641949,8,false,0.013583842286941242,0.013583842286941242,false
255,true,0.9599682579023026,-901488.6379526446,908880.3724906798,0.041441629524342716,0.1324345514876768,8,false,0.013583842286941242,0.013583842286941242,false
255,true,0.8694672735303495,-901423.1124628813,908693.9786607733,-0.09222379699349403,0.37834066967479885,8,false,0.013583842286941242,0.013583842286941242,false
255,true,0.9564579694106841,-901741.1593081793,908866.8324509448,0.07087878219317645,0.10913765686564147,8,false,0.013583842286941242,0.013583842286941242,false
255,true,0.9891140066763424,-901595.755370909,909053.9193048894,0.014237169874832034,0.07819307793397456,8,false,0.013583842286941242,0.013583842286941242,false
255,true,0.9434645031381602,-901553.8139285077,908918.7808466236,0.09090645855758339,0.18439403036609292,8,false,0.013583842286941242,0.013583842286941242,false
255,true,0.983856214512695,-901674.9743544821,908887.9613187119,-0.14754210505634546,-0.18383321445435286,8,false,0.013583842286941242,0.013583842286941242,false
255,true,0.9992053400890755,-901622.6338188524,909001.984104611,-0.019093311857432127,-0.04376345651689917,8,false,0.013583842286941242,0.013583842286941242,false
255,true,0.5645256249638237,-901591.5432468116,908940.6091694733,0.22652603802271187,1.349721469101496,8,false,0.013583842286941242,0.013583842286941242,false
255,true,0.9788799506711279,-901566.6795156187,909022.8633289838,-0.16415963997133076,-0.2079606504412368,8,false,0.013583842286941242,0.013583842286941242,false
255,true,0.9921002159711377,-901545.1262011623,908932.1344176527,-0.010134067153558135,-0.07988480979111046,8,false,0.013583842286941242,0.013583842286941242,false
255,true,0.9273208937258653,-901569.9513979562,908892.7973788031,0.12214065506123006,0.22342707309871912,8,false,0.013583842286941242,0.013583842286941242,false
255,true,0.9742092081985069,-901467.7356592233,908830.268135483,-0.117534767719917,-0.17200145963579416,8,false,0.013583842286941242,0.013583842286941242,false
255,true,0.9900685532114287,-901607.1349618622,908824.4196424078,-0.04395632247906178,-0.06871120724827051,8,false,0.013583842286941242,0.013583842286941242,false
255,true,0.8226638169360274,-901597.5611191,909065.1670966736,0.019178356043994427,0.43434237700421363,8,false,0.013583842286941242,0.013583842286941242,false
255,true,0.925007695253404,-901561.2139540068,908757.3593154574,-0.01762874668929726,0.21159842528868467,8,false,0.013583842286941242,0.013583842286941242,false
255,true,0.9456985067848408,-901439.7131301505,908727.7379854906,0.04761539783794433,0.1492340681143105,8,false,0.013583842286941242,0.013583842286941242,false
255,true,0.9714635042300674,-901532.3169604447,908778.0016264833,-0.00724536890629679,0.11887682578526437,8,false,0.013583842286941242,0.013583842286941242,false
255,true,0.8433930908334774,-901571.5614207789,908931.6881071326,0.03307658666744828,0.4230346482945606,8,false,0.013583842286941242,0.013583842286941242,false
255,true,0.9837368861527256,-901534.2100636866,908877.775651661,-0.0061481575248762965,-0.10741221811622381,8,false,0.013583842286941242,0.013583842286941242,false
255,true,0.9739483586764084,-901436.8710152147,908779.2170176086,0.0430779674788937,0.11827790923416615,8,false,0.013583842286941242,0.013583842286941242,false
255,true,0.8044216867241886,-901563.6646590829,908752.6751410153,0.46180145838297904,0.5687734156381339,8,false,0.013583842286941242,0.013583842286941242,false
255,true,0.9351219477160291,-901557.8631963229,908879.9412425319,0.13492862391285598,-0.5754278675885871,8,false,0.013583842286941242,0.013583842286941242,false
255,true,0.9970534934334742,-901589.0202893801,908975.8746590975,-0.02165782533120364,-0.7348488748539239,8,false,0.013583842286941242,0.013583842286941242,false
255,true,0.9961900803626492,-901643.7056021276,908830.6434614941,-0.3683269291650504,-0.7105142325162888,8,false,0.013583842286941242,0.013583842286941242,false
255,true,0.996586645586919,-901600.7614814581,909010.8507772844,-0.157250095740892,-0.3458257223246619,8,false,0.013583842286941242,0.013583842286941242,false
255,true,0.9737742536205899,-901674.3141102806,909006.4058299384,-0.04078223672695458,-0.1869163631927222,8,false,0.013583842286941242,0.013583842286941242,false
255,true,0.9969449060876477,-901544.5153037098,909056.5797115577,-0.08581863576546311,-0.15538010094314814,8,false,0.013583842286941242,0.013583842286941242,false
255,true,0.8297800132356901,-901542.2073386018,908912.3372550769,0.10599672875832766,0.4393489642534405,8,false,0.013583842286941242,0.013583842286941242,false
255,true,0.8865834171670405,-901460.7689493988,908822.6431822234,0.02791708696167916,0.378167410264723,8,false,0.013583842286941242,0.013583842286941242,false
255,true,0.920853714543087,-901617.2898597071,908780.4372541837,0.21884103899355978,0.2975809230701998,8,false,0.013583842286941242,0.013583842286941242,false
255,true,0.8743640792351459,-901589.8903204493,908887.7310914332,-0.23295955872163177,0.4962484157877043,8,false,0.013583842286941242,0.013583842286941242,false
255,true,0.8885333918735763,-901613.9571544584,908924.536134876,0.11859867942985147,0.36294060852378607,8,false,0.013583842286941242,0.013583842286941242,false
255,true,0.7608598159163419,-901643.119653453,909035.9835424776,0.7796140256104991,0.8124824735568836,8,false,0.013583842286941242,0.013583842286941242,false
255,true,0.8134668830031346,-901701.3526308798,909153.2930669839,0.7991665196605027,-1.069344408228062,8,false,0.013583842286941242,0.013583842286941242,false
255,true,0.9873617020030419,-901601.8272727239,908971.3792297456,-1.8687973386840895,-1.8960291881812736,8,false,0.013583842286941242,0.013583842286941242,false
255,true,0.9863567208682706,-901619.1799415147,908956.7214207161,0.008503477554768324,0.05810210120398551,8,false,0.013583842286941242,0.013583842286941242,false
255,true,0.9303487676125427,-901533.7056001,908985.5928103295,0.01114333642181009,0.1722806504694745,8,false,0.013583842286941242,0.013583842286941242,false
255,true,0.8404762325169307,-901528.0756537908,908863.9776964269,-0.01106298970989883,0.39745234744623303,8,false,0.013583842286941242,0.013583842286941242,false
255,true,0.959577101009085,-901575.1008330698,908767.0534542389,-0.015724014374427497,0.10993497946765274,8,false,0.013583842286941242,0.013583842286941242,false
255,true,0.9150743244765968,-901721.4519085558,909056.7877213428,0.10303808038588613,0.19141699105966836,8,false,0.013583842286941242,0.013583842286941242,false
255,true,0.9790945917961082,-901619.927664855,909125.9761338515,0.004551234538666904,0.11131183709949255,8,false,0.013583842286941242,0.013583842286941242,false
255,true,0.9975118494287644,-901716.8240033307,908835.9848548765,-0.045177271822467446,-0.11454033956397325,8,false,0.013583842286941242,0.013583842286941242,false
255,true,0.9989073098057824,-901535.7098172324,909036.238805354,-0.034117355244234204,-0.06753959925845265,8,false,0.013583842286941242,0.013583842286941242,false
255,true,0.9818470361972782,-901690.0444616473,909007.1668495806,0.043994438368827105,0.07412153482437134,8,false,0.013583842286941242,0.013583842286941242,false
255,true,0.9853192437855725,-901475.3069150391,908876.6275877161,0.01880934019573033,-0.09582840255461633,8,false,0.013583842286941242,0.013583842286941242,false
255,true,0.8771953056037177,-901613.3818749195,908778.681692253,0.2914735620142892,0.34388309821952134,8,false,0.013583842286941242,0.013583842286941242,false
255,true,0.8371173188630325,-901658.4976316142,908988.273838139,0.12140524468850344,0.5919406758621335,8,false,0.013583842286941242,0.013583842286941242,false
255,true,0.9993321777120108,-901552.432579105,908935.3570283694,-0.22948518174234778,-0.487469649175182,8,false,0.013583842286941242,0.013583842286941242,false
255,true,0.7643391865609747,-901510.6452614716,908847.3625322292,-0.013010450638830662,0.7971493895165622,8,false,0.013583842286941242,0.013583842286941242,false
255,true,0.9990727701162367,-901673.5658062384,908982.419612999,-0.2159415918868035,-0.2519189646700397,8,false,0.013583842286941242,0.013583842286941242,false
255,true,0.9732209900894284,-901561.977851299,909008.4161916621,0.04353040223941207,0.10528271459043026,8,false,0.013583842286941242,0.013583842286941242,false
255,true,0.9846192778320446,-901427.9575535071,908763.6776984994,-0.06321502954233438,-0.10000329662580043,8,false,0.013583842286941242,0.013583842286941242,false
255,true,0.9615300744559812,-901638.5298021082,908852.9329160786,0.09627162152901292,0.10890698758885264,8,false,0.013583842286941242,0.013583842286941242,false
255,true,0.9657322198949819,-901649.1931605631,909086.5697570151,0.003993612248450518,0.14994485885836184,8,false,0.013583842286941242,0.013583842286941242,false
255,true,0.9242044106094309,-901694.9459065587,909120.6907478527,-0.03894548024982214,0.24697047122754157,8,false,0.013583842286941242,0.013583842286941242,false
255,true,0.8223565525091131,-901624.3742606827,909173.8274976219,0.41187149682082236,0.4822454119566828,8,false,0.013583842286941242,0.013583842286941242,false
255,true,0.9887076254997053,-901686.8267675097,909001.7321909951,-0.4770783473504707,-0.5012324214912951,8,false,0.013583842286941242,0.013583842286941242,false
255,true,0.8010299154007251,-901521.4471876079,908959.5852387523,0.26062014675699174,0.495163616607897,8,false,0.013583842286941242,0.013583842286941242,false
255,true,0.9837940648609425,-901740.3755650446,909080.3035846564,-0.16821942385286093,-0.2739652182208374,8,false,0.013583842286941242,0.013583842286941242,false
255,true,0.9488793633222539,-901632.6459593369,909181.5334307649,0.14716382406186312,0.17104956589173526,8,false,0.013583842286941242,0.013583842286941242,false
255,true,0.9993518308562037,-901556.5590566231,908953.1630470313,0.016609951620921493,-0.263692696695216,8,false,0.013583842286941242,0.013583842286941242,false
255,true,0.9529462052534663,-901515.5127381415,908861.1202023587,-0.15211690834257752,-0.2574541831854731,8,false,0.013583842286941242,0.013583842286941242,false
255,true,0.9363052722005857,-901565.2774686802,908872.7424310339,0.09965602937154472,0.23657921038102359,8,false,0.013583842286941242,0.013583842286941242,false
255,true,0.9812907874051642,-901591.8814769557,908899.9653409467,0.007328230072744191,-0.22520298534072936,8,false,0.013583842286941242,0.013583842286941242,false
255,true,0.917451710562835,-901627.9635671616,908935.730575571,-0.032408672966994345,0.32366138126235455,8,false,0.013583842286941242,0.013583842286941242,false
255,true,0.9991869737622938,-901476.2773095736,908856.0391038624,-0.015022887382656336,-0.2152155959047377,8,false,0.013583842286941242,0.013583842286941242,false
255,true,0.999657762405487,-901492.0506946116,908847.6220856338,-0.1849251298699528,-0.2025974093703553,8,false,0.013583842286941242,0.013583842286941242,false
255,true,0.798017543792187,-901547.5552532582,908940.3461518413,0.24864662322215736,0.46723949047736824,8,false,0.013583842286941242,0.013583842286941242,false
255,true,0.7678263224546473,-901521.3984240696,908872.7248438757,0.16866339067928493,0.7723267679102719,8,false,0.013583842286941242,0.013583842286941242,false
255,true,0.9979940467016739,-901616.9355104928,908899.8486933522,-0.11472569277975708,-0.40578804281540215,8,false,0.013583842286941242,0.013583842286941242,false
255,true,0.9886981519269866,-901536.9420535512,908952.2759652066,-0.29503346560522914,-0.3016710694646463,8,false,0.013583842286941242,0.013583842286941242,false
255,true,0.8398136877525328,-901636.4236386517,908968.695042472,0.14732457231730223,0.3936949783237651,8,false,0.013583842286941242,0.013583842286941242,false
255,true,0.9884118006448781,-901545.2107833679,909029.0834015739,0.05409209616482258,-0.17306145653128624,8,false,0.013583842286941242,0.013583842286941242,false
255,true,0.9641469150934971,-901520.0116757463,908896.6529956342,0.04547255614306778,-0.22169037233106792,8,false,0.013583842286941242,0.013583842286941242,false
255,true,0.8772247597149115,-901478.9399224013,908933.3842984098,-0.12062818324193358,0.41970269568264484,8,false,0.013583842286941242,0.013583842286941242,false
255,true,0.7890958498362213,-901461.5614759624,908837.2614486273,-0.07442261022515595,0.614501889096573,8,false,0.013583842286941242,0.013583842286941242,false
255,true,0.7927482742568529,-901582.1846109179,908867.8903707988,0.33405471476726234,0.5517747446428984,8,false,0.013583842286941242,0.013583842286941242,false
255,true,0.9320000870408142,-901587.1260709821,908890.6622094779,-0.18828022805973887,-0.3666627303464338,8,false,0.013583842286941242,0.013583842286941242,false
255,true,0.9996757905647615,-901511.3358730675,908861.4198482151,-0.17345096881035715,-0.1943196589127183,8,false,0.013583842286941242,0.013583842286941242,false
255,true,0.6046477066489957,-901515.789091794,908936.0728229838,0.10883836471475661,1.1837280339095742,8,false,0.013583842286941242,0.013583842286941242,false
255,true,0.9998061335616267,-901575.2754694744,908915.7377270374,-0.07835044246166945,-0.14488918078131974,8,false,0.013583842286941242,0.013583842286941242,false
255,true,0.9854587468108884,-901647.0412424293,909043.0857783873,0.03086847218219191,-0.07778543571475893,8,false,0.013583842286941242,0.013583842286941242,false
255,true,0.9600727416183762,-901613.8281895884,908961.7179803876,0.008378136903047562,0.14602293039206415,8,false,0.013583842286941242,0.013583842286941242,false
255,true,0.955126137017169,-901641.4120472148,908921.107598792,0.16560471174307168,0.16935772076249123,8,false,0.013583842286941242,0.013583842286941242,false
255,true,0.9999669691900328,-901537.4882428459,908964.5938372074,-0.18464592308737338,-0.25593726348597556,8,false,0.013583842286941242,0.013583842286941242,false
255,true,0.9919407205789045,-901525.8438040722,908808.7991789129,0.03217789763584733,-0.09844094049185514,8,false,0.013583842286941242,0.013583842286941242,false
255,true,0.9954515267652734,-901521.3794635611,908791.5751735778,0.013003691798076034,-0.11677493900060654,8,false,0.013583842286941242,0.013583842286941242,false
255,true,0.9740932300656197,-901628.7956121291,908977.0693446082,0.0442387645598501,0.14039337320718914,8,false,0.013583842286941242,0.013583842286941242,false
255,true,0.9996816683844433,-901509.5041792637,908868.0688363049,-0.05317006912082434,-0.1872145866509527,8,false,0.013583842286941242,0.013583842286941242,false
255,true,0.9693578722995895,-901618.4656025621,908914.6402839731,0.10533752699848264,-0.138635010458529,8,false,0.013583842286941242,0.013583842286941242,false
255,true,0.9919499620727961,-901554.8163397831,908840.9623033683,-0.21072000509593636,-0.24377421115059406,8,false,0.013583842286941242,0.013583842286941242,false
255,true,0.8175259549215342,-901528.6690240164,908889.7759487362,0.06706433137878776,0.4318258923012763,8,false,0.013583842286941242,0.013583842286941242,false
255,true,0.9387639468387541,-901616.7252050777,908932.1491370493,0.06055270531214774,0.20073171856347471,8,false,0.013583842286941242,0.013583842286941242,false
255,true,0.9936814038893899,-901492.867954207,908908.5766149819,-0.12840060761664063,-0.15348239510785788,8,false,0.013583842286941242,0.013583842286941242,false
255,true,0.8679939410898068,-901661.232713478,908937.9079633167,0.21911936346441507,0.2990529949311167,8,false,0.013583842286941242,0.013583842286941242,false
255,true,0.997424372427701,-901620.9429911014,909022.8842553048,-0.10988738690502942,-0.21792320627719164,8,false,0.013583842286941242,0.013583842286941242,false
255,true,0.9708931941116464,-901758.3083517182,909002.0846683825,0.03769992745947093,0.1308874060632661,8,false,0.013583842286941242,0.013583842286941242,false
255,true,0.916990923435836,-901764.6300612517,909073.9856653644,-0.13010034803301096,0.2659110794775188,8,false,0.013583842286941242,0.013583842286941242,false
255,true,0.9997983549482323,-901689.5859123062,909008.3796893742,-0.006056457990780473,-0.04523574805352837,8,false,0.013583842286941242,0.013583842286941242,false
255,true,0.9122064054366235,-901543.3221216009,908999.0045110849,0.13788556214421988,0.21056462300475687,8,false,0.013583842286941242,0.013583842286941242,false
255,true,0.9921571015328349,-901562.3992070071,908885.3604158143,0.004618032602593303,-0.16935540025588125,8,false,0.013583842286941242,0.013583842286941242,false
255,true,0.9545833306946453,-901692.0865801161,908953.4670682073,0.025572424405254424,0.20035237143747509,8,false,0.013583842286941242,0.013583842286941242,false
255,true,0.8325310761345949,-901679.3359576282,909116.6152953834,0.07867035618983209,0.5199636311735958,8,false,0.013583842286941242,0.013583842286941242,false
255,true,0.9068236172819517,-901695.9957703871,909123.2789488115,0.12304968817625195,0.357489294023253,8,false,0.013583842286941242,0.013583842286941242,false
255,true,0.9808146796298559,-901704.4778559563,909066.824482116,-0.3310278534190729,-0.38586292299441993,8,false,0.013583842286941242,0.013583842286941242,false
255,true,0.9818930542873734,-901523.6582035668,908923.7329147551,-0.018815633142367005,0.0917150127934292,8,false,0.013583842286941242,0.013583842286941242,false
255,true,0.992554615479747,-901481.2312798789,908781.1294316554,-0.02158442826475948,-0.06140896619763225,8,false,0.013583842286941242,0.013583842286941242,false
255,true,0.9991666085533998,-901618.1993916387,908896.9322619893,0.001869774074293673,-0.04242078436072916,8,false,0.013583842286941242,0.013583842286941242,false
255,true,0.9699475663928584,-901529.3497251744,908952.7540794923,0.007749308017082512,0.08226665260735899,8,false,0.013583842286941242,0.013583842286941242,false
255,true,0.6959228392174012,-901643.1178301731,908885.8115350567,0.6864608871983364,0.8512372639961541,8,false,0.013583842286941242,0.013583842286941242,false
255,true,0.9998280575285529,-901576.9418668768,908964.7520261536,-0.562048077234067,-0.7122280498733744,8,false,0.013583842286941242,0.013583842286941242,false
255,true,0.9744750729980087,-901688.8236086558,909036.2348573514,0.06114667118526995,-0.14081605290994048,8,false,0.013583842286941242,0.013583842286941242,false
255,true,0.9996213232566374,-901597.2586877712,909044.5591328702,-0.02781703881919384,-0.2007642590906471,8,false,0.013583842286941242,0.013583842286941242,false
255,true,0.9461145830144023,-901602.9165071918,909000.5958522382,0.1733038550009951,0.20617986854631454,8,false,0.013583842286941242,0.013583842286941242,false
255,true,0.9968378607456646,-901703.9768177613,909124.808061368,-0.23828493140172213,-0.347058916464448,8,false,0.013583842286941242,0.013583842286941242,false
255,true,0.8781290453208251,-901700.6920710489,909001.1340798814,0.19229913200251758,0.36060844804160297,8,false,0.013583842286941242,0.013583842286941242,false
255,true,0.8653013143687747,-901717.1017084686,909197.5583098184,0.29935590410605073,0.48891807498876005,8,false,0.013583842286941242,0.013583842286941242,false
255,true,0.979849497723245,-901536.655080178,909027.1258000063,-0.35415675991680473,-0.602713234256953,8,false,0.013583842286941242,0.013583842286941242,false
255,true,0.999420898360894,-901653.3879605167,909000.2694631235,-0.19746109133120626,-0.24963793263304979,8,false,0.013583842286941242,0.013583842286941242,false
255,true,0.9299855126334151,-901507.0158827695,908916.8928380011,0.052166073000989854,0.20350508764386177,8,false,0.013583842286941242,0.013583842286941242,false
255,true,0.5846072285761594,-901419.1492102295,908747.7332339026,0.8596510749775916,1.3968119856435806,8,false,0.013583842286941242,0.013583842286941242,false
255,true,0.9476678299495143,-901548.6276289206,908731.4544905596,-0.9556049547391012,-0.9701037857448682,8,false,0.013583842286941242,0.013583842286941242,false
255,true,0.9726757156972458,-901555.7387438507,908874.1087406913,0.008379808627068996,0.08461158268619329,8,false,0.013583842286941242,0.013583842286941242,false
255,true,0.978205927066486,-901473.0511944013,908815.0511499301,-0.00526819855440408,0.07439670176245272,8,false,0.013583842286941242,0.013583842286941242,false
255,true,0.9869311477638422,-901587.4362246676,908860.6379737804,-0.020531924325041473,0.05809556785970926,8,false,0.013583842286941242,0.013583842286941242,false
255,true,0.9654633460462123,-901548.1769627326,908906.6864900707,0.014309854595921934,0.07486133486963809,8,false,0.013583842286941242,0.013583842286941242,false
255,true,0.7901184986404438,-901457.4809965567,908801.0460748114,0.13265553500968963,0.49892600788734853,8,false,0.013583842286941242,0.013583842286941242,false
255,true,0.9987799328865555,-901732.9501090148,908979.1775041341,-0.07475746690761298,-0.14698509918525815,8,false,0.013583842286941242,0.013583842286941242,false
255,true,0.870950922954611,-901738.4304019664,909258.100175837,0.24423601757735014,0.33852164749987423,8,false,0.013583842286941242,0.013583842286941242,false
255,true,0.99922625799606,-901561.3437347516,908931.8110695797,-0.14551548101007938,-0.32036724605131894,8,false,0.013583842286941242,0.013583842286941242,false
255,true,0.9822653036121841,-901694.0110773174,908964.1530551143,-0.14863888011313975,-0.1888593096518889,8,false,0.013583842286941242,0.013583842286941242,false
255,true,0.9862435420908342,-901635.4812838575,909102.402393031,0.01683169649913907,0.054020835319533944,8,false,0.013583842286941242,0.013583842286941242,false
255,true,0.9759184469061926,-901520.9659778309,908921.2841501533,0.03520825586747378,0.08722270000725985,8,false,0.013583842286941242,0.013583842286941242,false
255,true,0.9749112860454365,-901500.653477344,908909.2710340227,-0.03428132401313633,0.1221795016899705,8,false,0.013583842286941242,0.013583842286941242,false
255,true,0.8991459771400859,-901584.104584926,909051.105724283,0.2134810364805162,0.26754522195551544,8,false,0.013583842286941242,0.013583842286941242,false
255,true,0.9518229504883279,-901620.2374948275,909004.9925472839,-0.034046746673993766,-0.2688261801376939,8,false,0.013583842286941242,0.013583842286941242,false
255,true,0.7996839166093394,-901659.6283742463,909024.9921350013,0.45647485996596515,0.6465154044562951,8,false,0.013583842286941242,0.013583842286941242,false
255,true,0.9736556708199648,-901568.6182080266,909013.3447096902,-0.5945549119496718,-0.6797573666553944,8,false,0.013583842286941242,0.013583842286941242,false
255,true,0.9891340027554235,-901596.584274451,908943.0696802267,-0.02629403257742524,-0.0821884663309902,8,false,0.013583842286941242,0.013583842286941242,false
255,true,0.8655725727970294,-901529.9620278471,908861.1037938582,0.12790988385677338,0.35074758681003004,8,false,0.013583842286941242,0.013583842286941242,false
255,true,0.9832793133742237,-901535.5081003602,908848.6244044033,0.017199578462168574,-0.16444261383730918,8,false,0.013583842286941242,0.013583842286941242,false
255,true,0.8642440916230082,-901719.2016056613,909021.1259052039,-0.16792671976145357,0.41732142062392086,8,false,0.013583842286941242,0.013583842286941242,false
255,true,0.8744890825971867,-901671.8377393854,909152.0891848934,-0.00257821346167475,0.30150737008079886,8,false,0.013583842286941242,0.013583842286941242,false
255,true,0.9832853830153988,-901693.6567080233,909216.620609567,0.005471556098200381,0.05615178879816085,8,false,0.013583842286941242,0.013583842286941242,false
255,true,0.8537197364876943,-901772.4867046975,909220.2274574926,0.244461047812365,0.3481049578404054,8,false,0.013583842286941242,0.013583842286941242,false
255,true,0.9739475182493142,-901668.6375958502,909199.0162089595,-0.03734186326619238,-0.2525796393165365,8,false,0.013583842286941242,0.013583842286941242,false
255,true,0.7325820505836449,-901629.3304426236,909079.5993029749,-0.0957988960435614,0.8821520956698805,8,false,0.013583842286941242,0.013583842286941242,false
255,true,0.9186795411638473,-901487.8447283135,908919.5560070492,0.23981458670459688,0.28668578062206507,8,false,0.013583842286941242,0.013583842286941242,false
255,true,0.9791430003608015,-901610.2388592857,908914.659811297,-0.05962631793227047,-0.38593456719536334,8,false,0.013583842286941242,0.013583842286941242,false
255,true,0.9981483293734655,-901584.9164355838,909008.1414035816,-0.022110963356681168,-0.31346239103004336,8,false,0.013583842286941242,0.013583842286941242,false
255,true,0.9816680280161104,-901555.023153275,908926.1994854161,-0.009779495652765036,-0.2989811593433842,8,false,0.013583842286941242,0.013583842286941242,false
255,true,0.9324196955334663,-901635.6463263041,908974.0131654702,-0.20581996976397932,0.311335532926023,8,false,0.013583842286941242,0.013583842286941242,false
255,true,0.9533046579467915,-901435.2948660912,908874.2271275206,-0.042514962144196033,0.14723054273054004,8,false,0.013583842286941242,0.013583842286941242,false
255,true,0.8514855735068282,-901479.082851556,908759.727937702,0.09462304541375488,0.375454249442555,8,false,0.013583842286941242,0.013583842286941242,false
255,true,0.9943538318484394,-901592.4525149586,908846.5055514378,0.028444949071854353,-0.15980262856464833,8,false,0.013583842286941242,0.013583842286941242,false
255,true,0.9972249215632354,-901582.4850207913,908899.2006618958,-0.1349026442039758,-0.17863081430550665,8,false,0.013583842286941242,0.013583842286941242,false
255,true,0.9597523403040188,-901653.1750783374,908823.6345311485,0.039376001339405775,0.12573731737211347,8,false,0.013583842286941242,0.013583842286941242,false
255,true,0.8661364995350842,-901543.1057765081,909012.5924767528,0.2854336407035589,0.3551368024200201,8,false,0.013583842286941242,0.013583842286941242,false
255,true,0.9998262550092187,-901518.1867987366,908818.0396230279,0.0019746451871469617,-0.3620333484141156,8,false,0.013583842286941242,0.013583842286941242,false
255,true,0.784752621396142,-901551.5037388392,908869.3337338368,-0.28623262175824493,0.750692825880833,8,false,0.013583842286941242,0.013583842286941242,false
255,true,0.9313189837253423,-901654.0411199274,908985.3653026925,0.17945434362627566,0.2011585432337597,8,false,0.013583842286941242,0.013583842286941242,false
255,true,0.989431379677488,-901737.4622045248,909121.9261306336,0.005697343149222434,-0.22316647903062403,8,false,0.013583842286941242,0.013583842286941242,false
255,true,0.968728272771027,-901678.0282224301,909037.715344909,0.06967845896724612,-0.24849155824631453,8,false,0.013583842286941242,0.013583842286941242,false
255,true,0.990076253894759,-901559.4926063746,909005.5140656637,-0.08451489685103297,-0.3498205749783665,8,false,0.013583842286941242,0.013583842286941242,false
255,true,0.8675185727743321,-901563.8014287078,908722.2458612199,0.3893004198325798,0.4485751580214128,8,false,0.013583842286941242,0.013583842286941242,false
255,true,0.990432289927278,-901571.4857783836,908936.8199985772,0.04328587499912828,-0.6165830297395587,8,false,0.013583842286941242,0.013583842286941242,false
255,true,0.9259486577697971,-901511.6435083767,908852.765576542,0.2871885037748143,-0.6781814253190532,8,false,0.013583842286941242,0.013583842286941242,false
255,true,0.9991172534358543,-901576.5200679284,908931.0572300729,-0.15840739605482668,-0.974406712106429,8,false,0.013583842286941242,0.013583842286941242,false
255,true,0.989392735297136,-901357.667196486,908749.9455952091,0.06952730333432555,-0.8233193299965933,8,false,0.013583842286941242,0.013583842286941242,false
255,true,0.9219672607473961,-901531.5308307104,908654.0422134667,-0.559529097052291,-0.8700302607612684,8,false,0.013583842286941242,0.013583842286941242,false
255,true,0.9807984053851997,-901469.8914094463,908811.7020892838,-0.1741670035989955,-0.32277637207880616,8,false,0.013583842286941242,0.013583842286941242,false
255,true,0.993621862269431,-901486.0313185287,908890.3077311132,-0.03192753833718598,-0.14727501524612308,8,false,0.013583842286941242,0.013583842286941242,false
255,true,0.9620756665934778,-901538.5436990948,908899.2930882036,0.09882105642464012,0.1430151768727228,8,false,0.013583842286941242,0.013583842286941242,false
255,true,0.6725782040860986,-901740.7574861702,909045.0562491068,0.593689038651064,1.0507375460583717,8,false,0.013583842286941242,0.013583842286941242,false
255,true,0.9884597720207426,-901711.3995293159,909210.9368510721,-0.6410276008537039,-0.777833035797812,8,false,0.013583842286941242,0.013583842286941242,false
255,true,0.9990704912304299,-901587.9982310316,909060.9418496593,-0.03760742931626737,-0.1629033706849441,8,false,0.013583842286941242,0.013583842286941242,false
255,true,0.9574794274703617,-901638.8483436718,909011.7914736333,0.0690049008699134,0.17669674870558083,8,false,0.013583842286941242,0.013583842286941242,false
255,true,0.9998653962865744,-901640.0668143918,909056.3856601549,-0.022192115313373506,-0.19719338475260884,8,false,0.013583842286941242,0.013583842286941242,false
255,true,0.7775939849468563,-901509.4248173295,908946.5481111425,0.46401891962159425,0.668527897563763,8,false,0.013583842286941242,0.013583842286941242,false
255,true,0.9745534475932043,-901651.6746260275,908951.4725708562,-0.25032418442424387,-0.6075058345450088,8,false,0.013583842286941242,0.013583842286941242,false
255,true,0.9675273073886368,-901611.565322678,909055.6109332391,-0.12708748748991638,-0.40545956417918205,8,false,0.013583842286941242,0.013583842286941242,false
255,true,0.9961604573038046,-901592.5759811036,908992.7640769589,0.015718107111752033,-0.26372267433907837,8,false,0.013583842286941242,0.013583842286941242,false
255,true,0.9965278004456057,-901636.583572224,909003.3053836701,-0.013562597217969596,-0.28622755827382207,8,false,0.013583842286941242,0.013583842286941242,false
255,true,0.9999758823902639,-901643.3785321452,908895.497260072,-0.20302922884002328,-0.2827917500399053,8,false,0.013583842286941242,0.013583842286941242,false
255,true,0.9659846654360785,-901497.7176048373,908935.2487394229,0.02957785443868488,0.11615895212162286,8,false,0.013583842286941242,0.013583842286941242,false
255,true,0.992429102639424,-901565.294284172,908732.584962188,0.03396149131003767,-0.10185215843375772,8,false,0.013583842286941242,0.013583842286941242,false
255,true,0.999273842275537,-901606.2944624065,908926.3799431364,-0.029808503575623035,-0.12258049822412431,8,false,0.013583842286941242,0.013583842286941242,false
255,true,0.7774016503113446,-901722.1438139605,909101.5509815685,0.11625932762399316,0.6091620477382094,8,false,0.013583842286941242,0.013583842286941242,false
255,true,0.8851901410000337,-901645.5233883552,909086.3191481634,0.3536774239037186,0.4052021956304088,8,false,0.013583842286941242,0.013583842286941242,false
255,true,0.9912225475364955,-901505.80529339,908895.1378200329,0.026545974775217474,-0.5620712502859533,8,false,0.013583842286941242,0.013583842286941242,false
255,true,0.9992934114032901,-901498.1544623534,908962.1241343555,0.03147786553017795,-0.5906566330231726,8,false,0.013583842286941242,0.013583842286941242,false
255,true,0.9966595099403353,-901403.0859704013,908753.117839437,-0.18515291344374418,-0.6113374077249318,8,false,0.013583842286941242,0.013583842286941242,false
255,true,0.9998708487206645,-901489.8677732121,908827.9068884893,-0.3615224468521774,-0.4311138621997088,8,false,0.013583842286941242,0.013583842286941242,false
255,true,0.9049861716666546,-901743.7268227505,908998.5529202536,0.24745712080039084,0.2735795924672857,8,false,0.013583842286941242,0.013583842286941242,false
255,true,0.9698908235279255,-901589.8856457322,909097.0151722603,-0.03499798628035933,-0.3350933116162196,8,false,0.013583842286941242,0.013583842286941242,false
255,true,0.9991672305672531,-901732.4919762586,909101.4281372881,-0.16470729827415198,-0.28371903707738966,8,false,0.013583842286941242,0.013583842286941242,false
255,true,0.921642749035721,-901519.0753986143,908997.7677110657,0.19333388598170131,0.2533263140358031,8,false,0.013583842286941242,0.013583842286941242,false
255,true,0.9984294601707069,-901428.362959957,908725.6594779657,-0.2798170136520639,-0.3239602674730122,8,false,0.013583842286941242,0.013583842286941242,false
255,true,0.9943446504237736,-901366.7206402204,908765.1903463119,-0.056777570163831115,-0.056777570163831115,8,false,0.013583842286941242,0.013583842286941242,false
255,true,0.8268053616426022,-901547.8829310373,908701.3407187103,0.1974270276259631,0.38405911857262254,8,false,0.013583842286941242,0.013583842286941242,false
255,true,0.9942533354444425,-901647.5162703458,908894.5147705644,-0.13317079760599881,-0.18348407745361328,8,false,0.013583842286941242,0.013583842286941242,false
255,true,0.9814964327361819,-901491.290834239,908887.7664966907,0.015285067958757281,0.07216004421934485,8,false,0.013583842286941242,0.013583842286941242,false
255,true,0.9934343888091755,-901711.2202455727,909038.9114590624,-0.011042464058846235,-0.05946123192552477,8,false,0.013583842286941242,0.013583842286941242,false
255,true,0.9645785636076641,-901717.7529376466,909095.27285028,-0.006715388037264347,0.10686151194386184,8,false,0.013583842286941242,0.013583842286941242,false
255,true,0.8295353694871952,-901577.803867709,909000.3431174686,0.3637410585070029,0.4284516277257353,8,false,0.013583842286941242,0.013583842286941242,false
255,true,0.998798245952648,-901791.3655643136,909036.4688871921,-0.3506974946940318,-0.4131385881919414,8,false,0.013583842286941242,0.013583842286941242,false
255,true,0.9163698266091718,-901472.9379330282,909055.5430783628,0.11339450266677886,0.23351978755090386,8,false,0.013583842286941242,0.013583842286941242,false
255,true,0.889443832060626,-901487.4426098075,908773.2606690235,0.30961174331605434,0.33471971948165447,8,false,0.013583842286941242,0.013583842286941242,false
255,true,0.9773556150758397,-901630.7695943596,908898.1158666373,-0.38112319202627987,-0.4699756553163752,8,false,0.013583842286941242,0.013583842286941242,false
255,true,0.9141897224731018,-901631.9408913016,909040.0617356652,0.017928455490618944,0.27311010495759547,8,false,0.013583842286941242,0.013583842286941242,false
255,true,0.9117724749076541,-901697.9121418956,909083.5953060348,-0.055248533841222525,0.2597840290982276,8,false,0.013583842286941242,0.013583842286941242,false
255,true,0.9440793296278419,-901629.0479004983,909193.335473876,0.12951774918474257,0.14899524010252208,8,false,0.013583842286941242,0.013583842286941242,false
255,true,0.9944757661768485,-901554.9996898479,909036.215249971,-0.09621420269832015,-0.1861665559699759,8,false,0.013583842286941242,0.013583842286941242,false
255,true,0.9902922537518202,-901376.6975455352,908711.9702901226,-0.03640388115309179,-0.11050604074262083,8,false,0.013583842286941242,0.013583842286941242,false
255,true,0.9894944484518845,-901494.1917549777,908824.4563434123,-0.00035387324169278145,-0.06892380258068442,8,false,0.013583842286941242,0.013583842286941242,false
255,true,0.9869314085978684,-901579.5862720256,908860.3542611287,0.01897202676627785,0.06598651222884655,8,false,0.013583842286941242,0.013583842286941242,false
255,true,0.9636878420964675,-901569.3273040338,908913.3652450358,-0.0476287278579548,0.12688591075129807,8,false,0.013583842286941242,0.013583842286941242,false
255,true,0.973310535648714,-901510.2923163675,908770.9443744331,-0.015500607201829553,0.08344211732037365,8,false,0.013583842286941242,0.013583842286941242,false
255,true,0.8953024920662724,-901533.3177351366,908857.721795355,0.19772547285538167,0.24125178204849362,8,false,0.013583842286941242,0.013583842286941242,false
255,true,0.9892609628636252,-901489.8348300073,908780.4419948949,-0.07038597902283072,-0.21166167070623487,8,false,0.013583842286941242,0.013583842286941242,false
255,true,0.9633562418942314,-901529.2096125038,908860.9628336069,-0.06064604863058776,0.14998346124775708,8,false,0.013583842286941242,0.013583842286941242,false
255,true,0.9968756274782086,-901507.2388662547,908756.2123037494,-0.03815500356722623,-0.09407344937790185,8,false,0.013583842286941242,0.013583842286941242,false
255,true,0.9854482470630969,-901526.9393665983,908881.9489232737,0.04760586773045361,0.0668870221124962,8,false,0.013583842286941242,0.013583842286941242,false
255,true,0.9501786812971135,-901584.9292238823,908930.7199800636,0.015147490659728646,0.16250592248979956,8,false,0.013583842286941242,0.013583842286941242,false
255,true,0.9972744874658082,-901457.7658394156,908805.5399959799,-0.004671873291954398,-0.12050519010517746,8,false,0.013583842286941242,0.013583842286941242,false
255,true,0.9989843041917739,-901410.0777736498,908766.1099311186,-0.06447466893587261,-0.10181798890698701,8,false,0.013583842286941242,0.013583842286941242,false
255,true,0.6388764299096875,-901368.2839719526,908734.8387793363,0.16604725108481944,1.0780590360518545,8,false,0.013583842286941242,0.013583842286941242,false
255,true,0.7487136595039804,-901469.0919435993,908617.1087029019,0.7036028254078701,0.78087529737968,8,false,0.013583842286941242,0.013583842286941242,false
255,true,0.9506512548644076,-901626.4612524661,908914.8485377147,-0.7547957369824871,-0.8948744895169511,8,false,0.013583842286941242,0.013583842286941242,false
255,true,0.8722282928960821,-901540.2551387026,909040.7284710036,0.05097806651610881,0.37664060771930963,8,false,0.013583842286941242,0.013583842286941242,false
255,true,0.9739078449511096,-901718.4226035884,909013.2057170352,0.042938178637996316,-0.18099588772747666,8,false,0.013583842286941242,0.013583842286941242,false
255,true,0.9640569661862501,-901841.9115383567,909330.2898240105,-0.2208626657957211,-0.24555900401901454,8,false,0.013583842286941242,0.013583842286941242,false
255,true,0.9593492845878987,-901557.6621978988,909154.7965840476,0.06643235392402858,0.11046460131183267,8,false,0.013583842286941242,0.013583842286941242,false
255,true,0.9939611274751822,-901450.1574745096,908766.4111847737,-0.05481936747673899,-0.0972622629487887,8,false,0.013583842286941242,0.013583842286941242,false
255,true,0.9710436416771276,-901587.4318693038,908844.3441765375,0.02118448808323592,0.09019334276672453,8,false,0.013583842286941242,0.013583842286941242,false
255,true,0.9722566553025802,-901588.00314297,908966.9412259122,-0.02793565287720412,0.10778397042304277,8,false,0.013583842286941242,0.013583842286941242,false
255,true,0.9742147228446969,-901638.27880906,908877.4724963759,0.020750632393173873,0.09289426798932254,8,false,0.013583842286941242,0.013583842286941242,false
255,true,0.9344269362912836,-901568.0950033125,908959.2567943603,0.14503844641149044,0.1838604969670996,8,false,0.013583842286941242,0.013583842286941242,false
255,true,0.9973552480658094,-901569.2763466376,908958.6397911536,-0.10231000557541847,-0.1894890716066584,8,false,0.013583842286941242,0.013583842286941242,false
255,true,0.9209462812396998,-901565.9803080711,908825.5120462817,-0.010863077943213284,0.23579196783248335,8,false,0.013583842286941242,0.013583842286941242,false
255,true,0.9306896182289999,-901674.2958697273,908988.4285672912,-0.001903340918943286,0.21658234111964703,8,false,0.013583842286941242,0.013583842286941242,false
255,true,0.9996484958078876,-901589.6500618464,909037.0702832408,-0.031499045668169856,-0.08454647357575595,8,false,0.013583842286941242,0.013583842286941242,false
255,true,0.9710632806236791,-901718.1341232283,909034.3849890725,-0.025427402812056243,0.0938901319168508,8,false,0.013583842286941242,0.013583842286941242,false
255,true,0.7323444917644133,-901593.8943508376,909083.6007450324,0.3204317210474983,0.6807249069679528,8,false,0.013583842286941242,0.013583842286941242,false
255,true,0.9990522428736424,-901592.8765705264,908955.5303986281,0.03323098970577121,-0.3292449415894225,8,false,0.013583842286941242,0.013583842286941242,false
255,true,0.7768152334441026,-901609.4760268392,908946.8398335988,-0.14658844971563667,0.7936649827752262,8,false,0.013583842286941242,0.013583842286941242,false
255,true,0.9967175721162556,-901510.2769155971,908877.5051147467,-0.01566354080568999,-0.21663690370041877,8,false,0.013583842286941242,0.013583842286941242,false
255,true,0.9711057945327817,-901547.3521858617,908840.1130609838,0.10916592204011977,-0.2015744938980788,8,false,0.013583842286941242,0.013583842286941242,false
255,true,0.9834409862977869,-901491.4819658357,908941.3216212566,0.010577434906736016,-0.31268009857740253,8,false,0.013583842286941242,0.013583842286941242,false
255,true,0.9812228296237121,-901602.8256030336,908856.4716065117,-0.31087866076268256,-0.33412141259759665,8,false,0.013583842286941242,0.013583842286941242,false
255,true,0.9140102708832203,-901505.8213140038,908819.4289443594,0.00127464160323143,0.21659376833122224,8,false,0.013583842286941242,0.013583842286941242,false
255,true,0.975369362342028,-901468.3344078104,908717.7704845503,0.05392925557680428,0.082072370685637,8,false,0.013583842286941242,0.013583842286941242,false
255,true,0.999041525493989,-901487.9506706768,908907.2555926411,-0.05348857759963721,-0.09396073513198644,8,false,0.013583842286941242,0.013583842286941242,false
255,true,0.777234472020229,-901602.9909682096,908835.9183276265,0.32405664294492453,0.5523924748413265,8,false,0.013583842286941242,0.013583842286941242,false
255,true,0.908212652241864,-901575.1516480213,909001.3041183887,0.14771739149000496,0.3702453604200855,8,false,0.013583842286941242,0.013583842286941242,false
255,true,0.9978821206900877,-901639.0362431715,908948.026814691,-0.45825675793457776,-0.48739904712419957,8,false,0.013583842286941242,0.013583842286941242,false
255,true,0.9546415774416779,-901617.7066158378,908919.8295421811,0.06363194400910288,0.13698942470364273,8,false,0.013583842286941242,0.013583842286941242,false
255,true,0.779583887554025,-901731.9577661278,909101.8656698453,-0.0668952320702374,0.6266170107992366,8,false,0.013583842286941242,0.013583842286941242,false
255,true,0.9874705904309068,-901533.1552601253,909002.593750212,0.02541141107212752,0.05379533162340522,8,false,0.013583842286941242,0.013583842286941242,false
255,true,0.958622927731082,-901621.11754051,908947.01210721,0.05235429015010595,0.13776135828811675,8,false,0.013583842286941242,0.013583842286941242,false
255,true,0.9885493804753515,-901692.5664681024,909035.3649728681,0.04278147907461971,-0.10418851929716766,8,false,0.013583842286941242,0.013583842286941242,false
255,true,0.9899789804980064,-901442.778235562,908908.7320784923,-0.06799027952365577,-0.15245639730710536,8,false,0.013583842286941242,0.013583842286941242,false
255,true,0.9957411714883443,-901483.0453261681,908712.3900043768,-0.029804660356603563,-0.10221178736537695,8,false,0.013583842286941242,0.013583842286941242,false
255,true,0.9519908574223374,-901480.300091518,908756.5149281588,0.053380858269520104,0.13980208546854556,8,false,0.013583842286941242,0.013583842286941242,false
255,true,0.6650619689820934,-901512.7829028645,908747.3828591146,-0.09403490333352238,1.0305702344048768,8,false,0.013583842286941242,0.013583842286941242,false
255,true,0.7986965742555633,-901582.0372528781,908845.5145259043,0.45604079973418266,0.4859124356880784,8,false,0.013583842286941242,0.013583842286941242,false
255,true,0.9128862062486632,-901632.5033343193,908989.8628284589,-0.4077365779085085,-0.47112028510309756,8,false,0.013583842286941242,0.013583842286941242,false
255,true,0.9490379712762445,-901696.916501912,909064.5488659405,-0.02228454255964607,0.14830972685012966,8,false,0.013583842286941242,0.013583842286941242,false
255,true,0.9984946776643618,-901539.3369143293,909002.4435055302,-0.010516448062844574,-0.0429349277401343,8,false,0.013583842286941242,0.013583842286941242,false
255,true,0.8067462662647306,-901522.4530842047,908931.6782048419,0.47257979633286595,0.47858444321900606,8,false,0.013583842286941242,0.013583842286941242,false
255,true,0.8905068304354458,-901687.4507129724,908994.0004663581,-0.2936021959176287,-0.47383150353562087,8,false,0.013583842286941242,0.013583842286941242,false
255,true,0.9276176368621615,-901558.7249154003,908917.3429588145,-0.0796978248981759,0.29452060151379555,8,false,0.013583842286941242,0.013583842286941242,false
255,true,0.986676063525055,-901541.1811509248,908813.8176678991,0.02165262377820909,-0.13937290234025568,8,false,0.013583842286941242,0.013583842286941242,false
255,true,0.9996086009594594,-901591.0598832576,908930.7591085462,-0.12225849775131792,-0.14927740523125976,8,false,0.013583842286941242,0.013583842286941242,false
255,true,0.9752199185731142,-901552.8811618722,908927.9642578048,0.019721279735676944,0.07091090735048056,8,false,0.013583842286941242,0.013583842286941242,false
255,true,0.9900860058327277,-901596.2682364096,908897.5907368695,-0.015334783238358796,0.05588034063111991,8,false,0.013583842286941242,0.013583842286941242,false
255,true,0.9480429962496523,-901562.1702968875,908862.865228625,0.1320577779551968,0.14546728134155273,8,false,0.013583842286941242,0.013583842286941242,false
255,true,0.9981912482265102,-901578.3157540194,908774.6206106349,-0.09940328320953995,-0.18068261619191617,8,false,0.013583842286941242,0.013583842286941242,false
255,true,0.9296186401072358,-901374.6210201546,908717.2431652738,0.02398064045701176,0.20247699541505426,8,false,0.013583842286941242,0.013583842286941242,false
255,true,0.9957858673913553,-901585.0279512813,908711.2972515529,0.05154220818076283,-0.09676894708536565,8,false,0.013583842286941242,0.013583842286941242,false
255,true,0.9990659831833352,-901558.8645982286,908885.0046890788,-0.04638931108638644,-0.1488578001735732,8,false,0.013583842286941242,0.013583842286941242,false
255,true,0.851655683840347,-901585.9139520695,908923.3891493002,0.02113289723638445,0.3890602096216753,8,false,0.013583842286941242,0.013583842286941242,false
255,true,0.9619363001383507,-901763.1658279817,909157.9439300154,0.1378561503952369,0.14933260751422495,8,false,0.013583842286941242,0.013583842286941242,false
255,true,0.9994762736372405,-901548.391785475,909024.8009846418,-0.05847426666878164,-0.25317096104845405,8,false,0.013583842286941242,0.013583842286941242,false
255,true,0.720177996967973,-901528.8111707822,908789.8587216508,-0.11612762010190636,0.8753008318599313,8,false,0.013583842286941242,0.013583842286941242,false
255,true,0.9710041939542777,-901656.8446456285,908977.3185956336,0.0018754283664748073,0.12707900255918503,8,false,0.013583842286941242,0.013583842286941242,false
255,true,0.988760770728788,-901628.5013701791,909117.8247267031,0.06555257365107536,-0.07134821161162108,8,false,0.013583842286941242,0.013583842286941242,false
255,true,0.988881251969172,-901615.7807211014,909018.5591646085,0.01682957145385444,-0.134626277606003,8,false,0.013583842286941242,0.013583842286941242,false
255,true,0.9998725268276595,-901715.7777325709,908874.8651654719,-0.10483403748366982,-0.1878097236622125,8,false,0.013583842286941242,0.013583842286941242,false
255,true,0.8448100835097018,-901691.3613827323,909158.7281092044,0.045303832506760955,0.4055857112398371,8,false,0.013583842286941242,0.013583842286941242,false
255,true,0.9790849492116496,-901658.6724367487,908992.2706659832,0.04651826247572899,-0.11429274023976177,8,false,0.013583842286941242,0.013583842286941242,false
255,true,0.9895929097652965,-901581.9328586702,909054.6284302309,-0.10178896586876363,-0.13024920667521656,8,false,0.013583842286941242,0.013583842286941242,false
255,true,0.8935933288276251,-901707.7546854136,909055.8507469493,0.18427653645630926,0.27278108650352806,8,false,0.013583842286941242,0.013583842286941242,false
255,true,0.9153847243768549,-901555.6390547857,908997.0484579181,-0.18348638410679996,0.3417029393604025,8,false,0.013583842286941242,0.013583842286941242,false
255,true,0.9602732851802078,-901486.6187442826,908848.4941620486,0.014884953503496945,0.11901565140578896,8,false,0.013583842286941242,0.013583842286941242,false
255,true,0.9702151355742807,-901524.1799047654,908840.4437068006,0.09620378806721419,0.13056010229047388,8,false,0.013583842286941242,0.013583842286941242,false
255,true,0.9908809148678507,-901408.155295318,908900.5629478778,0.027360042789950967,-0.14090827747713774,8,false,0.013583842286941242,0.013583842286941242,false
255,true,0.997759779701045,-901449.3139640392,908786.4764484065,-0.024130451609380543,-0.15958870446775109,8,false,0.013583842286941242,0.013583842286941242,false
255,true,0.9968312763824335,-901469.1127675667,908868.8477197323,-0.011018451303243637,-0.16089304955676198,8,false,0.013583842286941242,0.013583842286941242,false
255,true,0.9943648102955445,-901464.5272548231,908834.6683843675,-0.04163619701284915,-0.14937061385717243,8,false,0.013583842286941242,0.013583842286941242,false
255,true,0.9744304520380348,-901463.7090668485,908686.5916771655,-0.07971067528706044,0.11851955857127905,8,false,0.013583842286941242,0.013583842286941242,false
255,true,0.8675206563144439,-901498.8248315455,908705.9779995093,0.019137593102641404,0.32743570127058774,8,false,0.013583842286941242,0.013583842286941242,false
255,true,0.9529537480955993,-901562.9133787737,908853.0753274559,0.014179017744027078,0.1387087277835235,8,false,0.013583842286941242,0.013583842286941242,false
255,true,0.7261595031682857,-901476.8816712429,908856.652304405,0.3630080106668174,0.7762148114852607,8,false,0.013583842286941242,0.013583842286941242,false
255,true,0.9933071794604251,-901516.871962968,908800.4380939034,-0.28663468069862574,-0.427699479740113,8,false,0.013583842286941242,0.013583842286941242,false
255,true,0.9890297984059325,-901512.9340360542,908837.7772050194,-0.13053433212917298,-0.1519568379735574,8,false,0.013583842286941242,0.013583842286941242,false
255,true,0.9294802287379117,-901479.423595908,908803.1496171254,0.11274231772404164,0.17403163737617433,8,false,0.013583842286941242,0.013583842286941242,false
255,true,0.6981998627004281,-901546.8435877158,908829.5664327833,0.4108420737320557,0.9232177454978228,8,false,0.013583842286941242,0.013583842286941242,false
255,true,0.9514287443532794,-901415.5532058282,908710.3801688884,-0.15075478551443666,-0.5280759612796828,8,false,0.013583842286941242,0.013583842286941242,false
255,true,0.9988982802180063,-901569.5611799895,908753.3329544018,-0.09612706920597702,-0.3705565211130306,8,false,0.013583842286941242,0.013583842286941242,false
255,true,0.9719754886704343,-901585.8318919415,908953.1532009854,-0.19252957263961434,-0.2743281048024073,8,false,0.013583842286941242,0.013583842286941242,false
255,true,0.9965177420339171,-901650.7403579778,908997.3844627191,-0.0026170307537540793,-0.08532286901026964,8,false,0.013583842286941242,0.013583842286941242,false
255,true,0.9799486519664653,-901598.1720224713,909025.7176163085,-0.0652926032198593,0.09979461668990552,8,false,0.013583842286941242,0.013583842286941242,false
255,true,0.953380594585633,-901658.8170233305,909018.0028034279,0.040036369930021465,0.1184938969090581,8,false,0.013583842286941242,0.013583842286941242,false
255,true,0.9786825601591801,-901547.7436720559,908930.0119204107,-0.004260137211531401,0.08510984957683831,8,false,0.013583842286941242,0.013583842286941242,false
255,true,0.9567264079076053,-901632.9146492558,908911.9139377028,0.11916378769092262,0.1414446639828384,8,false,0.013583842286941242,0.013583842286941242,false
255,true,0.978832547140584,-901702.3455604082,908940.1378293193,-0.06150893121957779,-0.17185173300094903,8,false,0.013583842286941242,0.013583842286941242,false
255,true,0.7790264334047275,-901650.6107639344,909052.6572484926,0.054033687338232994,0.6496372551191598,8,false,0.013583842286941242,0.013583842286941242,false
255,true,0.997748714205848,-901548.6196777829,908803.0357645527,-0.10755452828016132,-0.1647536352975294,8,false,0.013583842286941242,0.013583842286941242,false
255,true,0.9590666511668438,-901515.6128068327,908935.1511653025,-0.0070915070828050375,0.1288302296306938,8,false,0.013583842286941242,0.013583842286941242,false
255,true,0.9988763345119591,-901606.1833101467,908891.2125828712,-0.045191248413175344,-0.07193191861733794,8,false,0.013583842286941242,0.013583842286941242,false
255,true,0.990286965811368,-901640.3870673496,909053.1124522404,0.028318680473603308,0.037029360653832555,8,false,0.013583842286941242,0.013583842286941242,false
255,true,0.9365940272857124,-901663.1560890536,908995.0513850738,-0.0011936310911551118,0.16183739970438182,8,false,0.013583842286941242,0.013583842286941242,false
255,true,0.9021949669924625,-901439.6856239878,908871.02853183,0.011022721882909536,0.26270307251252234,8,false,0.013583842286941242,0.013583842286941242,false
255,true,0.9799602657590367,-901581.168411751,908773.757113485,0.03894426696933806,0.07690282014664263,8,false,0.013583842286941242,0.013583842286941242,false
255,true,0.9419347056208126,-901539.0515091408,908910.7144116737,0.1469067968428135,0.17176965018734336,8,false,0.013583842286941242,0.013583842286941242,false
255,true,0.9063540373766341,-901552.9103701472,908748.2832992175,0.25932668533641845,0.3360530254431069,8,false,0.013583842286941242,0.013583842286941242,false
255,true,0.9914544677130381,-901755.2138226483,908942.1138707041,-0.4070048403227702,-0.4793118997476995,8,false,0.013583842286941242,0.013583842286941242,false
255,true,0.9476956931955023,-901475.0387089954,909038.3851413707,-0.02793676219880581,0.1666858596727252,8,false,0.013583842286941242,0.013583842286941242,false
255,true,0.9049741792599936,-901519.3837429608,908771.1787066889,0.23431790445465595,0.2626143874367699,8,false,0.013583842286941242,0.013583842286941242,false
255,true,0.9997724421084254,-901549.5801518994,908850.7559452194,-0.1601903011323884,-0.2952302887570113,8,false,0.013583842286941242,0.013583842286941242,false
255,true,0.9905380127245661,-901634.7630093145,908974.7318543495,-0.08802939183078706,-0.13583256991114467,8,false,0.013583842286941242,0.013583842286941242,false
255,true,0.9833660230464669,-901816.2693232358,909152.4154190613,0.025616836734116077,0.06601709243841469,8,false,0.013583842286941242,0.013583842286941242,false
255,true,0.9346602831698141,-901743.4460243729,909206.3759375246,0.09697619243524969,0.1911135973641649,8,false,0.013583842286941242,0.013583842286941242,false
255,true,0.9888668312727238,-901689.2056782629,908910.2306013328,0.08168915961869061,-0.16079285100568086,8,false,0.013583842286941242,0.013583842286941242,false
255,true,0.9604929834461935,-901626.0556513064,909067.5857573281,0.17633163125719875,-0.23043511295691133,8,false,0.013583842286941242,0.013583842286941242,false
255,true,0.9442669506630448,-901637.5917303808,908900.0101248416,-0.12273884541355073,-0.4018980754772201,8,false,0.013583842286941242,0.013583842286941242,false
255,true,0.9868712482334204,-901681.8008059467,909013.2699543922,-0.21339074044954032,-0.2954139041248709,8,false,0.013583842286941242,0.013583842286941242,false
255,true,0.9900769971961282,-901544.3360615545,909010.530286491,-0.04378579428885132,-0.09396767779253423,8,false,0.013583842286941242,0.013583842286941242,false
255,true,0.9831833254503758,-901544.7547163701,908833.0373287041,-0.009216007660143077,0.06992835935670882,8,false,0.013583842286941242,0.013583842286941242,false
255,true,0.7765441772752727,-901632.0843940565,908943.2094866378,0.06654151261318475,0.5544133780058473,8,false,0.013583842286941242,0.013583842286941242,false
255,true,0.9803903595627347,-901666.0511033145,909076.9274167276,-0.06572814576793462,-0.10699249478057027,8,false,0.013583842286941242,0.013583842286941242,false
255,true,0.982422587431203,-901556.4797425861,908995.0497311705,0.001303491648286581,0.06986098131164908,8,false,0.013583842286941242,0.013583842286941242,false
255,true,0.892070464021279,-901670.6218621237,908972.2761921932,0.2416291853878647,0.2691428760299459,8,false,0.013583842286941242,0.013583842286941242,false
255,true,0.9997487992530153,-901710.7982156086,909099.4130126045,-0.24315013049636036,-0.2570454329252243,8,false,0.013583842286941242,0.013583842286941242,false
255,true,0.9681686653547195,-901605.4843122625,908996.9837604037,0.08454765228088945,0.1038601656910032,8,false,0.013583842286941242,0.013583842286941242,false
255,true,0.9876496515780787,-901617.510664879,908866.0321686466,-0.01689141057431698,-0.12971757631748915,8,false,0.013583842286941242,0.013583842286941242,false
255,true,0.995693028232968,-901539.6494888848,908991.2497984074,-0.003933307947590947,-0.10430942208040506,8,false,0.013583842286941242,0.013583842286941242,false
255,true,0.9919803166432553,-901612.7474926326,908965.3251186662,-0.06144996208604425,-0.10138978611212224,8,false,0.013583842286941242,0.013583842286941242,false
255,true,0.9955199908583309,-901637.19960371,909051.5108183359,0.006617107079364359,-0.045771372970193624,8,false,0.013583842286941242,0.013583842286941242,false
255,true,0.9554859582928477,-901488.1037777598,908919.2424979273,0.124321348965168,0.13520665897522122,8,false,0.013583842286941242,0.013583842286941242,false
255,true,0.9611725757943875,-901508.9337905393,908873.7414720706,-0.04606663447339088,-0.17559937201440334,8,false,0.013583842286941242,0.013583842286941242,false
255,true,0.9813242557523058,-901543.7702283674,908864.3769761804,-0.049644469167105854,-0.12038422713521868,8,false,0.013583842286941242,0.013583842286941242,false
255,true,0.989595810012816,-901399.528187886,908690.1008844256,0.027986058848910034,-0.06846561026759446,8,false,0.013583842286941242,0.013583842286941242,false
255,true,0.9262524422838702,-901465.5237874668,908661.4685612262,0.1564352010609582,0.23045049246866256,8,false,0.013583842286941242,0.013583842286941242,false
255,true,0.9926777636578124,-901537.257195775,908790.2379310676,-0.00254759076051414,-0.23058810213115066,8,false,0.013583842286941242,0.013583842286941242,false
255,true,0.9993557531737794,-901615.2232328705,908940.802490466,-0.08303010486997664,-0.2633579975226894,8,false,0.013583842286941242,0.013583842286941242,false
255,true,0.9119990671335467,-901595.0774928958,908812.000410143,0.004204490105621517,0.2987687315326184,8,false,0.013583842286941242,0.013583842286941242,false
255,true,0.9851290426727293,-901633.0035645047,909074.2180075073,0.004516383516602218,-0.166307880776003,8,false,0.013583842286941242,0.013583842286941242,false
255,true,0.9982690558124111,-901577.9107714839,908969.5055931042,-0.03980876412242651,-0.19848592160269618,8,false,0.013583842286941242,0.013583842286941242,false
255,true,0.902990863048792,-901543.265052917,908861.2911245499,-0.06617652799468488,0.2988070478895679,8,false,0.013583842286941242,0.013583842286941242,false
255,true,0.9843722216955981,-901532.256791697,908896.7863144436,0.04252472904045135,0.08859664062038064,8,false,0.013583842286941242,0.013583842286941242,false
255,true,0.9887469697804164,-901643.122268445,908935.5810719287,0.0232552420347929,-0.12173431308474392,8,false,0.013583842286941242,0.013583842286941242,false
255,true,0.9850730868818235,-901621.960538516,908952.7380627452,0.01540358632337302,-0.130472865072079,8,false,0.013583842286941242,0.013583842286941242,false
255,true,0.9766104791868834,-901600.0915172634,908916.3061325796,-0.05619166966062039,-0.16678419755771756,8,false,0.013583842286941242,0.013583842286941242,false
255,true,0.9635924295605223,-901574.8586563314,908957.1569195789,0.01973276084754616,0.15133058850187808,8,false,0.013583842286941242,0.013583842286941242,false
255,true,0.9997979678267216,-901496.4482416543,908740.7881337408,-0.08090325829107314,-0.13140722562093288,8,false,0.013583842286941242,0.013583842286941242,false
255,true,0.9905487559084588,-901545.7638392075,908838.0016827459,-0.036387779749929905,0.05785742693115026,8,false,0.013583842286941242,0.013583842286941242,false
255,true,0.9600617253899827,-901539.981598009,908851.1276515488,0.05136558995582163,0.09334859147202224,8,false,0.013583842286941242,0.013583842286941242,false
255,true,0.9702874123812111,-901667.9325956426,908892.1155072056,0.0656965853413567,0.10051078489050269,8,false,0.013583842286941242,0.013583842286941242,false
255,true,0.7861761063981583,-901401.400751581,908853.3109848559,0.4188598804175854,0.6170313014881685,8,false,0.013583842286941242,0.013583842286941242,false
255,true,0.9940527612131606,-901499.8145862925,908871.9418187614,-0.14106331067159772,-0.5248347362503409,8,false,0.013583842286941242,0.013583842286941242,false
255,true,0.9997622567920706,-901632.7788450477,908835.6813075629,-0.36806724965572357,-0.4014677805826068,8,false,0.013583842286941242,0.013583842286941242,false
255,true,0.9422414717579214,-901770.4492549833,909087.9967540787,0.06525258498732,0.14602054934948683,8,false,0.013583842286941242,0.013583842286941242,false
255,true,0.9568285231792497,-901591.2344247736,909128.5922715841,0.10386750777252018,0.1640090256696567,8,false,0.013583842286941242,0.013583842286941242,false
255,true,0.9987277196436871,-901649.9891995378,909026.0008494671,-0.1294076762860641,-0.19479198660701513,8,false,0.013583842286941242,0.013583842286941242,false
255,true,0.5626631474338523,-901494.8576216463,908870.3606113393,0.8175521184457466,1.4701037150807679,8,false,0.013583842286941242,0.013583842286941242,false
255,true,0.9977523300262513,-901788.4097286762,909065.744198829,-0.6232216822681949,-0.8868565951706842,8,false,0.013583842286941242,0.013583842286941242,false
255,true,0.9985333616571015,-901589.3560271978,909092.4963641542,-0.01777820335701108,-0.25985710008535534,8,false,0.013583842286941242,0.013583842286941242,false
255,true,0.9747945611565257,-901641.0646035629,908951.5474059012,-0.14615028677508235,-0.24416551121976227,8,false,0.013583842286941242,0.013583842286941242,false
255,true,0.9643343491287316,-901556.7430221484,908930.9439162869,0.020741369109600782,0.14816665835678577,8,false,0.013583842286941242,0.013583842286941242,false
255,true,0.9386574756043635,-901585.5212314945,908961.1420247898,0.02056310197804123,0.20170294516719878,8,false,0.013583842286941242,0.013583842286941242,false
255,true,0.940307797678348,-901491.6085500766,908856.603175911,-0.032264281529933214,0.21442859910894185,8,false,0.013583842286941242,0.013583842286941242,false
255,true,0.970992793917632,-901568.6486781369,908877.6425567713,0.0051125186728313565,0.12849099235609174,8,false,0.013583842286941242,0.013583842286941242,false
255,true,0.9995162692468538,-901584.956803926,908860.297552184,-0.05611429736018181,-0.11295841448009014,8,false,0.013583842286941242,0.013583842286941242,false
255,true,0.9736656149578691,-901601.0686002324,909076.2862474836,0.06780616519972682,0.10449437913484871,8,false,0.013583842286941242,0.013583842286941242,false
255,true,0.955472131591594,-901573.2275475735,908988.207527459,-0.10684677492827177,0.15391034609638155,8,false,0.013583842286941242,0.013583842286941242,false
255,true,0.8970404981381979,-901569.683639648,908955.1695530866,0.06758164253551513,0.2225654716603458,8,false,0.013583842286941242,0.013583842286941242,false
255,true,0.9951482464531534,-901709.1891848576,909041.3782050724,-0.027474085916765034,-0.07465718523599207,8,false,0.013583842286941242,0.013583842286941242,false
255,true,0.9738331246455995,-901664.4741807902,908972.9306285479,0.04429052968043834,0.11128782120067626,8,false,0.013583842286941242,0.013583842286941242,false
255,true,0.9906122844849834,-901578.2360421203,908980.0663773331,-0.0058726901188492775,-0.10913300572428852,8,false,0.013583842286941242,0.013583842286941242,false
255,true,0.8797397333589341,-901779.909905973,909135.0463081233,-0.05848285078536719,0.3520909589715302,8,false,0.013583842286941242,0.013583842286941242,false
255,true,0.9963308527981829,-901765.1343829172,909120.2166112822,-0.02003542031161487,-0.035572249558754265,8,false,0.013583842286941242,0.013583842286941242,false
255,true,0.953405409994627,-901657.8290105051,909115.1307042307,-0.022572249174118042,0.11858030850999057,8,false,0.013583842286941242,0.013583842286941242,false
255,true,0.874563422606745,-901766.1560589062,909122.8490646014,0.11683994496706873,0.27347878902219236,8,false,0.013583842286941242,0.013583842286941242,false
255,true,0.9655830208960658,-901514.5804138526,909108.9033418893,-0.06180460948962718,0.13502135314047337,8,false,0.013583842286941242,0.013583842286941242,false
255,true,0.9774110805722388,-901506.1748986199,908780.2408903593,0.06383045029360801,0.08684823918156326,8,false,0.013583842286941242,0.013583842286941242,false
255,true,0.9950232844900702,-901580.6274371876,908862.8654633992,-0.06680399319157004,-0.11474854336120188,8,false,0.013583842286941242,0.013583842286941242,false
255,true,0.9928446420459505,-901562.6159770993,908930.1389975814,-0.0222218168200925,-0.05373533454257995,8,false,0.013583842286941242,0.013583842286941242,false
255,true,0.91819228200794,-901508.748464025,908901.6909416466,0.10765381529927254,0.20539855118840933,8,false,0.013583842286941242,0.013583842286941242,false
255,true,0.961060985233506,-901619.5566308897,908906.2748858831,-0.06254495948087424,0.1592882035765797,8,false,0.013583842286941242,0.013583842286941242,false
255,true,0.997266485838576,-901710.133758066,908936.8658052381,0.033603431773371994,-0.07028375484514982,8,false,0.013583842286941242,0.013583842286941242,false
255,true,0.9948615042012255,-901649.4620858728,909106.3532220357,-0.04026238957885653,-0.08851053507532924,8,false,0.013583842286941242,0.013583842286941242,false
255,true,0.9667471899074472,-901651.0039424339,909089.0325086385,0.0526868412271142,0.10760476265568286,8,false,0.013583842286941242,0.013583842286941242,false
255,true,0.8632612370327734,-901449.9379922965,908851.3589971723,0.2865117921028286,0.3841710385167971,8,false,0.013583842286941242,0.013583842286941242,false
255,true,0.9634722762924935,-901496.6757575923,908817.6614871564,0.10245273041073233,-0.4067586256423965,8,false,0.013583842286941242,0.013583842286941242,false
255,true,0.9987779395965042,-901534.4112250366,908911.0733407165,-0.27717718738131225,-0.4917884626192972,8,false,0.013583842286941242,0.013583842286941242,false
255,true,0.9725891459785129,-901704.0372949254,909027.1382337599,-0.1927625184180215,-0.19916579395066947,8,false,0.013583842286941242,0.013583842286941242,false
255,true,0.9060232825290858,-901558.141271576,908852.027049481,0.017774607986211777,0.2476876728469506,8,false,0.013583842286941242,0.013583842286941242,false
255,true,0.9915473727740325,-901483.7216759657,908785.894743477,0.015393275185488164,-0.055028253234922886,8,false,0.013583842286941242,0.013583842286941242,false
255,true,0.9973226171886389,-901597.5029886278,908871.4812653507,0.02583324839361012,-0.07019398594275117,8,false,0.013583842286941242,0.013583842286941242,false
255,true,0.8398612451924705,-901617.0746539842,908969.2271558137,0.3755620274459943,0.45254641643259674,8,false,0.013583842286941242,0.013583842286941242,false
255,true,0.9770463476431562,-901555.3646540813,908985.8016643439,0.12043611134868115,-0.4491152355913073,8,false,0.013583842286941242,0.013583842286941242,false
255,true,0.9996489063683037,-901670.9118305471,908906.8747761515,-0.43553829146549106,-0.5793612796114758,8,false,0.013583842286941242,0.013583842286941242,false
255,true,0.9842800142544532,-901448.0386022952,908895.0489708347,-0.13466494635213166,-0.152443642844446,8,false,0.013583842286941242,0.013583842286941242,false
255,true,0.8406717218757235,-901636.3614289596,908880.9977733502,0.12722191400825977,0.37784210429526865,8,false,0.013583842286941242,0.013583842286941242,false
255,true,0.9134399440599219,-901540.6415165388,908981.9267192181,-0.11540719459298998,0.26867157325614244,8,false,0.013583842286941242,0.013583842286941242,false
255,true,0.8956580481668038,-901622.8153159309,908913.2447469764,0.14437359874136746,0.2452150530880317,8,false,0.013583842286941242,0.013583842286941242,false
255,true,0.9999753116832094,-901375.9443054236,908780.5352530287,-0.043703395989723504,-0.1769481983501464,8,false,0.013583842286941242,0.013583842286941242,false
255,true,0.9902843323406196,-901573.2059480662,908715.1721055447,-0.023170842207036912,-0.12685616267845035,8,false,0.013583842286941242,0.013583842286941242,false
255,true,0.8966069755125201,-901592.7120419904,908927.945948195,-0.05311138730030507,0.3167794372420758,8,false,0.013583842286941242,0.013583842286941242,false
255,true,0.9631506086229744,-901588.7102692141,908879.297853503,0.044761489843949676,0.11608426494058222,8,false,0.013583842286941242,0.013583842286941242,false
255,true,0.9730851288235909,-901581.4092365038,908928.9048129182,0.0660982474219054,0.12222256534732878,8,false,0.013583842286941242,0.013583842286941242,false
255,true,0.8501489961419975,-901533.6322642779,908916.6103656119,0.011358850752003491,0.4695813729194924,8,false,0.013583842286941242,0.013583842286941242,false
255,true,0.9915870036936082,-901516.3119121877,908861.4832885617,-0.006904049892909825,-0.158480400335975,8,false,0.013583842286941242,0.013583842286941242,false
255,true,0.9161956459102996,-901769.2509171559,909064.0115757383,-0.03641364979557693,0.2869097451912239,8,false,0.013583842286941242,0.013583842286941242,false
255,true,0.9556604219222612,-901615.9167002985,909172.6170623958,-0.07201067463029176,0.16183993010781705,8,false,0.013583842286941242,0.013583842286941242,false
255,true,0.9995568680213082,-901590.2605918273,908850.3756940059,-0.03167186223436147,-0.060574002913199365,8,false,0.013583842286941242,0.013583842286941242,false
255,true,0.9686801129082402,-901526.295164682,908890.2822707897,0.07354786794167012,0.09199639817234129,8,false,0.013583842286941242,0.013583842286941242,false
255,true,0.990775053333172,-901551.6081243621,908879.5506717754,0.055067448993213475,-0.10350211965851486,8,false,0.013583842286941242,0.013583842286941242,false
255,true,0.9711825896131987,-901552.353553415,908811.7786025373,0.10005385999102145,0.16737932979594916,8,false,0.013583842286941242,0.013583842286941242,false
255,true,0.9381697247105723,-901653.0271313324,909005.2489354925,0.09009427297860384,0.2880388235207647,8,false,0.013583842286941242,0.013583842286941242,false
255,true,0.9701093424150444,-901634.5800877803,909112.697400477,-0.18925058317836374,-0.31431003438774496,8,false,0.013583842286941242,0.013583842286941242,false
255,true,0.999375350042919,-901679.0839226654,908937.5484709019,-0.062189187738113105,-0.14592390309553593,8,false,0.013583842286941242,0.013583842286941242,false
255,true,0.9656322947195216,-901583.8460826264,909089.7380473999,-0.04253056109882891,0.13884027057792991,8,false,0.013583842286941242,0.013583842286941242,false
255,true,0.9894852272561125,-901551.600646149,908924.041821116,0.022446341579779983,-0.06548070616554469,8,false,0.013583842286941242,0.013583842286941242,false
255,true,0.9391022708952095,-901530.375631876,908839.9503972059,0.006479422328993678,0.17500425374601036,8,false,0.013583842286941242,0.013583842286941242,false
255,true,0.9308940124937928,-901533.8800296178,908836.5168922063,0.13683892553672194,0.21810440463013947,8,false,0.013583842286941242,0.013583842286941242,false
255,true,0.9398427263252989,-901584.807208618,908986.0349595879,0.011655041598714888,0.24789719365071505,8,false,0.013583842286941242,0.013583842286941242,false
255,true,0.8797290606688982,-901462.8656400575,908831.349376436,-0.19973494776058942,0.41609922726638615,8,false,0.013583842286941242,0.013583842286941242,false
255,true,0.8738115988048881,-901601.2637194901,908850.6602712345,0.2935952943516895,0.3202214250341058,8,false,0.013583842286941242,0.013583842286941242,false
255,true,0.9870156282708071,-901486.4713751297,908932.055111465,-0.26966449699830264,-0.32133883133064955,8,false,0.013583842286941242,0.013583842286941242,false
255,true,0.8574885420830239,-901424.2150790888,908834.7864932541,0.2770373250823468,0.36171525134705007,8,false,0.013583842286941242,0.013583842286941242,false
255,true,0.9953107733620101,-901433.9036815934,908688.83885306,-0.29080373723991215,-0.35741884855087847,8,false,0.013583842286941242,0.013583842286941242,false
255,true,0.9920555727768201,-901488.8074843374,908679.2212709448,-0.006965745706111193,-0.053506862837821245,8,false,0.013583842286941242,0.013583842286941242,false
255,true,0.9885463718095028,-901409.5935860629,908795.1476829962,0.001993782934732735,0.06923624547198415,8,false,0.013583842286941242,0.013583842286941242,false
255,true,0.9792268813325136,-901470.7095545421,908764.5079218548,0.05661104083992541,0.0759590498637408,8,false,0.013583842286941242,0.013583842286941242,false
255,true,0.918036825534206,-901484.3425567922,908828.2733007295,-0.06464470992796123,0.25778255937621,8,false,0.013583842286941242,0.013583842286941242,false
255,true,0.9993994844052452,-901549.1909246194,908781.3307616826,-0.01217705977614969,-0.04591741936746985,8,false,0.013583842286941242,0.013583842286941242,false
255,true,0.9762826587238963,-901417.3266116072,908927.8535616326,0.036914536845870316,0.07287556549999863,8,false,0.013583842286941242,0.013583842286941242,false
255,true,0.9693397432443895,-901513.3400652497,908729.3743696329,0.055247382493689656,0.10992862691637129,8,false,0.013583842286941242,0.013583842286941242,false
255,true,0.9646661433776741,-901436.569685906,908931.4886469562,-0.029981832252815366,0.1547831342322752,8,false,0.013583842286941242,0.013583842286941242,false
255,true,0.9930094369894447,-901469.2250936412,908783.3619419062,0.012988586444407701,-0.07829061080701649,8,false,0.013583842286941242,0.013583842286941242,false
255,true,0.9987908425321311,-901610.0756269166,908922.6132290695,-0.04333481169305742,-0.1003655776148662,8,false,0.013583842286941242,0.013583842286941242,false
255,true,0.9069889816067187,-901444.9798714421,908858.2418919151,-0.011890341411344707,0.2351696117548272,8,false,0.013583842286941242,0.013583842286941242,false
255,true,0.7571744406207853,-901519.7553537871,908723.729327157,0.4207019453169778,0.6322143526049331,8,false,0.013583842286941242,0.013583842286941242,false
255,true,0.8966835024934569,-901549.0258350929,908984.2472608422,0.3557799275731668,-0.44829961471259594,8,false,0.013583842286941242,0.013583842286941242,false
255,true,0.9869478089517928,-901629.6372051027,908998.6109980112,-0.5414407142670825,-0.8132180391112342,8,false,0.013583842286941242,0.013583842286941242,false
255,true,0.9954999220407128,-901381.4329955424,908743.8095896742,-0.238459772313945,-0.2897757205646485,8,false,0.013583842286941242,0.013583842286941242,false
255,true,0.9816727264762648,-901398.0214640239,908560.4844902577,-0.01896399795077741,0.0690362190362066,8,false,0.013583842286941242,0.013583842286941242,false
255,true,0.9816703625091454,-901503.7499009188,908691.4194267117,0.027874545194208622,0.07288597943261266,8,false,0.013583842286941242,0.013583842286941242,false
255,true,0.800567137569855,-901523.9745401294,908780.9220288186,0.07243879698216915,0.4895167010836303,8,false,0.013583842286941242,0.013583842286941242,false
255,true,0.9956894232262526,-901601.9132483372,908924.7078537346,-0.07679805241059512,-0.1139417578233406,8,false,0.013583842286941242,0.013583842286941242,false
255,true,0.9945507620392698,-901514.8363473593,908910.5880441839,-0.03745764365885407,-0.0408025385113433,8,false,0.013583842286941242,0.013583842286941242,false
255,true,0.904960612477366,-901511.9669012673,908784.6446235029,0.1939116599969566,0.21629879344254732,8,false,0.013583842286941242,0.013583842286941242,false
255,true,0.9856200819615193,-901581.1798616701,908859.3604260023,-0.10040659608785063,-0.20293485198635608,8,false,0.013583842286941242,0.013583842286941242,false
255,true,0.9041159781570052,-901655.0996527193,909016.3126406635,0.23577139724511653,0.26835850172210485,8,false,0.013583842286941242,0.013583842286941242,false
255,true,0.8288149816305035,-901454.0433373916,908822.7122650938,0.5334146943641827,0.5736940713832155,8,false,0.013583842286941242,0.013583842286941242,false
255,true,0.9915879379307855,-901534.6977349177,908779.2196987619,-0.7891117297112942,-0.8568918198579922,8,false,0.013583842286941242,0.013583842286941242,false
255,true,0.78223422007763,-901565.7203730317,908842.1277881645,0.1923259022878483,0.5991370391566306,8,false,0.013583842286941242,0.013583842286941242,false
255,true,0.9936386639017618,-901537.7072402475,908823.9757741897,-0.25594249356072396,-0.2720879290718585,8,false,0.013583842286941242,0.013583842286941242,false
255,true,0.878379333951608,-901584.3439810413,909041.0495547282,0.07570692081935704,0.2719575058436021,8,false,0.013583842286941242,0.013583842286941242,false
255,true,0.9366188242501394,-901618.2188048213,909000.4670758744,-0.07867458660621196,0.19455652812030166,8,false,0.013583842286941242,0.013583842286941242,false
255,true,0.9973044155358527,-901404.8133796256,908974.6661772301,-0.008905786788091063,-0.03342225484084338,8,false,0.013583842286941242,0.013583842286941242,false
255,true,0.8187366632849491,-901425.4655435776,908802.4893169166,0.06957207038067281,0.41104782128240913,8,false,0.013583842286941242,0.013583842286941242,false
255,true,0.8258528524198745,-901506.0393399451,908663.3693627841,0.2727288065943867,0.44364420941565186,8,false,0.013583842286941242,0.013583842286941242,false
255,true,0.9280457632032615,-901501.7599014755,908808.4880949042,-0.26317919755820185,-0.32344409509096295,8,false,0.013583842286941242,0.013583842286941242,false
255,true,0.9845421317857735,-901503.2055460924,908795.0846551615,0.012634199229069054,0.0800744442967698,8,false,0.013583842286941242,0.013583842286941242,false
255,true,0.9990079524127115,-901584.9495163902,908883.9434577404,-0.01728693558834493,-0.09766356344334781,8,false,0.013583842286941242,0.013583842286941242,false
255,true,0.8528084966844135,-901469.0172366559,908850.1583477146,0.12432961852755398,0.38319203455466777,8,false,0.013583842286941242,0.013583842286941242,false
255,true,0.9394944865135991,-901714.0406025271,908897.5369577148,-0.1460745622171089,0.2179151902673766,8,false,0.013583842286941242,0.013583842286941242,false
255,true,0.641667643188884,-901728.1815046442,909064.0845649795,0.6137996256584302,1.0649710237048566,8,false,0.013583842286941242,0.013583842286941242,false
255,true,0.9630503847758998,-901573.2432188554,909084.4277206848,-0.5516879773931578,-0.6482767895795405,8,false,0.013583842286941242,0.013583842286941242,false
255,true,0.986261265956572,-901677.908323671,909097.7226423612,-0.01930544653441757,-0.0979317375458777,8,false,0.013583842286941242,0.013583842286941242,false
255,true,0.9558910381968597,-901671.7769800253,909091.4199512127,0.10795468627475202,0.14697659690864384,8,false,0.013583842286941242,0.013583842286941242,false
255,true,0.8830700610298654,-901451.1801129212,908962.3435699551,-0.15876430412754416,0.3813870524754748,8,false,0.013583842286941242,0.013583842286941242,false
255,true,0.9096204129061057,-901637.1682116298,908883.1512448695,0.0628744299756363,0.2359105551149696,8,false,0.013583842286941242,0.013583842286941242,false
255,true,0.985517816810484,-901597.8205787212,908973.8245202462,0.06867881515063345,-0.09865559404715896,8,false,0.013583842286941242,0.013583842286941242,false
255,true,0.9953741878551059,-901694.0245676639,909086.9588339156,-0.08642994496040046,-0.16029741044621915,8,false,0.013583842286941242,0.013583842286941242,false
255,true,0.9720911481762832,-901756.8686957728,909185.1296936818,0.0019343574531376362,0.11907619086559862,8,false,0.013583842286941242,0.013583842286941242,false
255,true,0.9003029222860278,-901597.7794095599,909142.0635495846,0.14463553321547806,0.28104158653877676,8,false,0.013583842286941242,0.013583842286941242,false
255,true,0.8589798539386513,-901593.9088905527,908927.5701311078,-0.16025930689647794,0.45937745610717684,8,false,0.013583842286941242,0.013583842286941242,false
255,true,0.8138290630410601,-901622.894040415,908940.3524696924,0.054817269439809024,0.49075472925323993,8,false,0.013583842286941242,0.013583842286941242,false
255,true,0.9599270692966603,-901463.554719699,908913.0533015442,0.07593694992829114,0.16016553028021008,8,false,0.013583842286941242,0.013583842286941242,false
255,true,0.9999822008114071,-901492.609629659,908738.4483923948,-0.03468258131761104,-0.21280732366722077,8,false,0.013583842286941242,0.013583842286941242,false
255,true,0.9930897197021303,-901622.9671227415,908885.4248984458,0.022918024798855186,-0.16884102043695748,8,false,0.013583842286941242,0.013583842286941242,false
255,true,0.8667677897717853,-901632.5316661715,908954.5943540849,0.04614244285039604,0.4249939110595733,8,false,0.013583842286941242,0.013583842286941242,false
255,true,0.7150357850247382,-901705.3485628886,909027.743741673,-0.0783146811882034,0.9504745007725433,8,false,0.013583842286941242,0.013583842286941242,false
255,true,0.9945066064207755,-901574.0577407132,909046.472849241,-0.1366617555031553,-0.1577703853836283,8,false,0.013583842286941242,0.013583842286941242,false
255,true,0.9401059845485022,-901520.4199524944,908784.1862976766,0.1071090578334406,0.14812200935557485,8,false,0.013583842286941242,0.013583842286941242,false
255,true,0.9853953767115552,-901597.8469442767,908892.7124623174,-0.04647071997169405,0.10683538881130517,8,false,0.013583842286941242,0.013583842286941242,false
255,true,0.8241339792597117,-901628.4649862449,908910.7098252998,0.3212064995896071,0.48300137592013925,8,false,0.013583842286941242,0.013583842286941242,false
255,true,0.9625230747896105,-901562.4736830302,909021.8379808931,-0.3732880976749584,-0.3902991092763841,8,false,0.013583842286941242,0.013583842286941242,false
255,true,0.9068326322412991,-901682.5501293713,908976.8786302726,0.21863143157679588,0.2209778861142695,8,false,0.013583842286941242,0.013583842286941242,false
255,true,0.7644483121579605,-901561.7137030915,909006.1296739428,0.5718976898351684,0.7690600842470303,8,false,0.013583842286941242,0.013583842286941242,false
255,true,0.9994125609053444,-901610.7041405133,909010.4911908545,-0.03297877113800496,-0.8106441935524344,8,false,0.013583842286941242,0.013583842286941242,false
255,true,0.997004741428578,-901587.8201319504,908963.9004209004,-0.6493215158116072,-0.752534820814617,8,false,0.013583842286941242,0.013583842286941242,false
255,true,0.9544262779085169,-901608.890611251,908991.6885410071,0.060225997818633914,0.18806892086286098,8,false,0.013583842286941242,0.013583842286941242,false
255,true,0.9705207277049923,-901617.5271662888,908992.606644675,-0.05474988406058401,-0.18533456593286246,8,false,0.013583842286941242,0.013583842286941242,false
255,true,0.9478471004460739,-901747.106948575,909116.7775007008,0.0796078706625849,0.2007072465494275,8,false,0.013583842286941242,0.013583842286941242,false
255,true,0.8990982495300487,-901701.6921517153,909106.555969021,-0.202387236058712,0.34166083694435656,8,false,0.013583842286941242,0.013583842286941242,false
255,true,0.9288009325671599,-901582.7133955355,908989.5792955284,0.13232716161292046,0.16354032000526786,8,false,0.013583842286941242,0.013583842286941242,false
255,true,0.7263909216714377,-901451.10918602,908787.9884374542,-0.03332374384626746,0.8557499704184011,8,false,0.013583842286941242,0.013583842286941242,false
255,true,0.9655929064893692,-901435.8192743047,908731.5599067666,-0.11398537887725979,0.14634468930307776,8,false,0.013583842286941242,0.013583842286941242,false
255,true,0.9060221718020991,-901345.6799575961,908534.5510587355,0.1335215801373124,0.22585436690133065,8,false,0.013583842286941242,0.013583842286941242,false
255,true,0.9731139498872436,-901403.995636631,908781.510022267,0.009399052476510406,-0.15755166788585484,8,false,0.013583842286941242,0.013583842286941242,false
255,true,0.920840697448554,-901375.6010796409,908687.7799478705,-0.03551759023685008,0.29258633765857667,8,false,0.013583842286941242,0.013583842286941242,false
255,true,0.9929970914094558,-901440.5132505731,908663.5043956743,-0.08142346725799143,-0.128041778691113,8,false,0.013583842286941242,0.013583842286941242,false
255,true,0.9321232002633014,-901484.1445285097,908856.8540916652,0.11469373852014542,0.17117906583007425,8,false,0.013583842286941242,0.013583842286941242,false
255,true,0.9937165615655524,-901588.8205882942,908862.9838393643,-0.021652175928466022,-0.1526734313229099,8,false,0.013583842286941242,0.013583842286941242,false
255,true,0.8212685234408977,-901453.7540304736,908831.8943975762,0.2284985166043043,0.5164929294260219,8,false,0.013583842286941242,0.013583842286941242,false
255,true,0.9969998085231621,-901383.3441580617,908590.7859972185,-0.16036570735741407,-0.34795269125606865,8,false,0.013583842286941242,0.013583842286941242,false
255,true,0.9470444219601908,-901383.2071606478,908677.3827139474,0.14211992372293025,0.2091468481812626,8,false,0.013583842286941242,0.013583842286941242,false
255,true,0.9990540049689981,-901628.32606321,908821.419773123,0.03185988392215222,-0.3318705934798345,8,false,0.013583842286941242,0.013583842286941242,false
255,true,1.0,-901633.1849823082,909060.6483691743,-0.2797901580343023,-0.36249132023658603,8,false,0.013583842286941242,0.013583842286941242,false
255,true,0.9686459928675117,-901566.798553672,908966.8812641823,-0.027019547764211893,0.12046242121141404,8,false,0.013583842286941242,0.013583842286941242,false
255,true,0.9631424653728599,-901656.5417051542,908982.3641920611,0.059741541277617216,0.12513958546333015,8,false,0.013583842286941242,0.013583842286941242,false
255,true,0.9717835830022141,-901472.9015545605,908888.759886568,0.08725310093723238,0.1438732927199453,8,false,0.013583842286941242,0.013583842286941242,false
255,true,0.9743615881458617,-901705.5387553216,908995.1874622697,-0.0971802023705095,-0.2045447682030499,8,false,0.013583842286941242,0.013583842286941242,false
255,true,0.9911872805198251,-901628.7109629539,909074.0545889323,-0.06767108687199652,-0.10668397590052336,8,false,0.013583842286941242,0.013583842286941242,false
255,true,0.974185635742704,-901719.3168343882,908932.2538759173,-0.004775728564709425,0.08179528079926968,8,false,0.013583842286941242,0.013583842286941242,false
255,true,0.8574049189929053,-901601.8112661215,909090.1859516525,0.11694454646203667,0.3501326022669673,8,false,0.013583842286941242,0.013583842286941242,false
255,true,0.9922408562979615,-901608.203553518,908950.4671896227,-0.07652118534315377,-0.15856113657355309,8,false,0.013583842286941242,0.013583842286941242,false
255,true,0.9273645925550219,-901614.6747154051,909005.8214980656,0.11980265541933477,0.20670592412352562,8,false,0.013583842286941242,0.013583842286941242,false
255,true,0.9994927239963398,-901577.543589174,908930.1628384545,-0.18098224431741983,-0.1918825174216181,8,false,0.013583842286941242,0.013583842286941242,false
255,true,0.910086437201531,-901692.450173133,908878.7968730136,0.06634316372219473,0.2042486044811085,8,false,0.013583842286941242,0.013583842286941242,false
255,true,0.9862189524928979,-901692.7495585269,909159.6106848223,-0.006314920610748231,-0.07610946346540004,8,false,0.013583842286941242,0.013583842286941242,false
255,true,0.9999986214809068,-901627.2295114764,909061.5921745091,-0.021309369360096753,-0.08264692558441311,8,false,0.013583842286941242,0.013583842286941242,false
255,true,0.9587543327447245,-901820.7535908807,909010.7704386227,0.05633099423721433,0.14841869217343628,8,false,0.013583842286941242,0.013583842286941242,false
255,true,0.9874752663773866,-901558.2639641394,909141.7319951964,-0.0803039981983602,-0.10230785387102515,8,false,0.013583842286941242,0.013583842286941242,false
255,true,0.9487490758981468,-901492.6431646735,908955.211556877,0.05848428641911596,0.130499430000782,8,false,0.013583842286941242,0.013583842286941242,false
255,true,0.9996275547442168,-901502.8387792165,908853.6818258851,-0.02398078888654709,-0.10684599040541798,8,false,0.013583842286941242,0.013583842286941242,false
255,true,0.9833387235525849,-901510.3668212849,908687.1718062891,0.03724409022834152,-0.09453838155604899,8,false,0.013583842286941242,0.013583842286941242,false
255,true,0.9779354076054395,-901493.4311132736,908933.4677785867,0.0015601931372657418,0.1079924643272534,8,false,0.013583842286941242,0.013583842286941242,false
255,true,0.9647027719443838,-901456.7917887472,908746.8746773904,-0.02315616759005934,0.14826546818949282,8,false,0.013583842286941242,0.013583842286941242,false
255,true,0.7388438868642069,-901691.450628639,908896.6867122855,0.00022067362442612648,0.7371654959861189,8,false,0.013583842286941242,0.013583842286941242,false
255,true,0.9846407324561748,-901631.3417773995,909093.2065912602,-0.04319449234753847,0.0838968011084944,8,false,0.013583842286941242,0.013583842286941242,false
255,true,0.9963562357210791,-901665.1977083123,908966.9009570782,-0.003806016407907009,-0.03530669759493321,8,false,0.013583842286941242,0.013583842286941242,false
255,true,0.8650477341857548,-901604.8715902196,909014.5027723204,0.29231632640585303,0.3322210661135614,8,false,0.013583842286941242,0.013583842286941242,false
255,true,0.9860662197224326,-901576.7579464068,908940.2009550995,-0.24522817565593868,-0.32280713913496584,8,false,0.013583842286941242,0.013583842286941242,false
255,true,0.7118112550709573,-901654.838986109,908971.537366042,0.4953835119958967,0.8233927261317149,8,false,0.013583842286941242,0.013583842286941242,false
255,true,0.999411434384702,-901616.4403579657,908891.856537541,-0.5372569790342823,-0.5539591911947355,8,false,0.013583842286941242,0.013583842286941242,false
255,true,0.6145920217064574,-901560.3168802137,908934.3805681138,1.0759677939349785,1.1154004747513682,8,false,0.013583842286941242,0.013583842286941242,false
255,true,0.99742441203772,-901654.5224735751,908953.7817682915,-0.1231559559237212,-1.1106999387266114,8,false,0.013583842286941242,0.013583842286941242,false
255,true,0.9588276135351556,-901693.5958847714,909117.3312286515,0.2058918415568769,-0.9603720431914553,8,false,0.013583842286941242,0.013583842286941242,false
255,true,0.9717100490283471,-901722.5947217161,909174.6506234296,-0.608821808360517,-1.171425694366917,8,false,0.013583842286941242,0.013583842286941242,false
255,true,0.9689167685733124,-901556.7812405238,909065.2808489375,-0.39097734284587204,-0.5474798427894711,8,false,0.013583842286941242,0.013583842286941242,false
255,true,0.9918713448661941,-901540.2567664699,908807.2144276821,-0.012944245128892362,-0.20662080822512507,8,false,0.013583842286941242,0.013583842286941242,false
255,true,0.9686952936642628,-901590.5961096027,908997.1419082286,0.0012368200113996863,0.1819612787803635,8,false,0.013583842286941242,0.013583842286941242,false
255,true,0.9388506521476307,-901665.9286130777,909014.9155474242,0.03744261304382235,0.25401918997522444,8,false,0.013583842286941242,0.013583842286941242,false
255,true,0.9689088359330951,-901549.8633474032,908895.3524610113,-0.18225518323015422,-0.21667663764674217,8,false,0.013583842286941242,0.013583842286941242,false
255,true,0.8932635177779573,-901417.0042927923,908697.6919303726,0.0490964389173314,0.2637243274366483,8,false,0.013583842286941242,0.013583842286941242,false
255,true,0.9247748974696749,-901580.9735283003,908773.8608397469,0.11585074453614652,0.22949592350050807,8,false,0.013583842286941242,0.013583842286941242,false
255,true,0.8777452808060656,-901599.6092129638,908908.5130857127,-0.14114998222794384,0.3964004011359066,8,false,0.013583842286941242,0.013583842286941242,false
255,true,0.928631876149994,-901551.0361418887,908944.7280183141,0.07761734374798834,0.2093260802794248,8,false,0.013583842286941242,0.013583842286941242,false
255,true,0.9015842323189931,-901656.1612047568,908981.78357331,-0.010335663799196482,0.3187974822940305,8,false,0.013583842286941242,0.013583842286941242,false
255,true,0.9957922121684845,-901748.0341030505,908963.0071920678,0.0433637221576646,-0.1100493804551661,8,false,0.013583842286941242,0.013583842286941242,false
255,true,0.869094629998953,-901555.8899725182,909056.2147088143,0.15953825623728335,0.40336841193493456,8,false,0.013583842286941242,0.013583842286941242,false
255,true,0.9984433791493006,-901622.5040809787,908955.6669850007,-0.2135173954302445,-0.309832671424374,8,false,0.013583842286941242,0.013583842286941242,false
255,true,0.9999700931661308,-901519.1112134025,908916.21324848,-0.04227178392466158,-0.1098196922102943,8,false,0.013583842286941242,0.013583842286941242,false
255,true,0.9898103779025985,-901389.2632548409,908660.9712536645,0.006361611885949969,-0.07017153780907393,8,false,0.013583842286941242,0.013583842286941242,false
255,true,0.972873550839962,-901684.8504498278,908837.1257155207,0.036443104851059616,0.11004520358983427,8,false,0.013583842286941242,0.013583842286941242,false
255,true,0.9982221981716938,-901687.4835540385,909030.6435104298,-0.09136756486259401,-0.12473763548769057,8,false,0.013583842286941242,0.013583842286941242,false
255,true,0.9993564299020251,-901497.4047180137,908948.7512246518,0.00022155989427119493,-0.04932620713952929,8,false,0.013583842286941242,0.013583842286941242,false
255,true,0.9840452789016572,-901640.2492260075,908853.1763692674,0.010394145268946886,0.057286123861558735,8,false,0.013583842286941242,0.013583842286941242,false
255,true,0.9750156876153011,-901558.0827544306,908814.7676911282,-0.03327467234339565,0.08209147094748914,8,false,0.013583842286941242,0.013583842286941242,false
255,true,0.987093396959915,-901518.9648790855,908872.5649511283,0.0283685039030388,0.04167156165931374,8,false,0.013583842286941242,0.013583842286941242,false
255,true,0.8954708327146597,-901546.546520577,908871.5887728598,0.1794075039215386,0.27471600915305316,8,false,0.013583842286941242,0.013583842286941242,false
255,true,0.9182004596038084,-901565.1732925508,908941.7778220252,0.10275500069838017,0.28391300642397255,8,false,0.013583842286941242,0.013583842286941242,false
255,true,0.9636688824607109,-901540.0469325494,908945.7860114194,0.13616035063751042,-0.3233213289640844,8,false,0.013583842286941242,0.013583842286941242,false
255,true,0.9989147298541973,-901490.3463471213,908861.463977164,-0.38376110210083425,-0.44653203641064465,8,false,0.013583842286941242,0.013583842286941242,false
255,true,0.9919648828891356,-901519.1155139621,908767.5188282349,-0.04281436954624951,-0.0746404220117256,8,false,0.013583842286941242,0.013583842286941242,false
255,true,0.9783316561673607,-901432.969491785,908697.4380565124,-0.004938004072755575,0.09051240317057818,8,false,0.013583842286941242,0.013583842286941242,false
255,true,0.8565806631900135,-901494.2150067196,908692.6368005034,0.29249810706824064,0.3283302081981674,8,false,0.013583842286941242,0.013583842286941242,false
255,true,0.99821411482757,-901534.9494514286,908809.911229183,-0.2399276876822114,-0.3027620295761153,8,false,0.013583842286941242,0.013583842286941242,false
255,true,0.9959040901771142,-901560.8057373412,908830.3504220039,-0.005931390216574073,-0.0821441785665229,8,false,0.013583842286941242,0.013583842286941242,false
255,true,0.9138830858595524,-901545.6105419634,908878.2990274371,0.04045352595858276,0.25623991002794355,8,false,0.013583842286941242,0.013583842286941242,false
255,true,0.9705222476693915,-901650.6267247503,908951.836686075,0.10240045783575624,0.11618444928899407,8,false,0.013583842286941242,0.013583842286941242,false
255,true,0.9993300774925724,-901708.6400121442,908983.9808504882,-0.16978485544677824,-0.2246263783890754,8,false,0.013583842286941242,0.013583842286941242,false
255,true,0.8663592863614032,-901735.941413954,909112.1232229479,0.008089566370472312,0.32187641342170537,8,false,0.013583842286941242,0.013583842286941242,false
255,true,0.9899478332730097,-901543.008762729,909040.9060513349,-0.007573686074465513,-0.05346327240113169,8,false,0.013583842286941242,0.013583842286941242,false
255,true,0.9346270682708548,-901694.2672970056,909006.8034314181,0.14908140478655696,0.1703230954008177,8,false,0.013583842286941242,0.013583842286941242,false
255,true,0.9882958733889132,-901554.478626359,908915.736971087,0.024050307692959905,-0.20076396316289902,8,false,0.013583842286941242,0.013583842286941242,false
255,true,0.8433939543882557,-901747.5391049123,909011.5570719125,0.48343641497194767,0.5018768841400743,8,false,0.013583842286941242,0.013583842286941242,false
255,true,0.9974017114263185,-901629.3234104287,909006.3847296404,-0.6453950451686978,-0.6974205778678879,8,false,0.013583842286941242,0.013583842286941242,false
255,true,0.9303090247265375,-901720.2577965659,908952.9105387334,0.024347495287656784,0.18665815657004714,8,false,0.013583842286941242,0.013583842286941242,false
255,true,0.9859314924774789,-901531.067447944,909031.6142752173,-0.04064928088337183,-0.08668390265665948,8,false,0.013583842286941242,0.013583842286941242,false
255,true,0.7054137884032917,-901595.7001858088,908922.6774142471,0.1429721808526665,0.8103628644021228,8,false,0.013583842286941242,0.013583842286941242,false
255,true,0.9948776695724689,-901457.4153710112,908842.6856791605,-0.08203870977740735,-0.1834995134267956,8,false,0.013583842286941242,0.013583842286941242,false
255,true,0.928422591831878,-901570.4675234011,908882.7961313832,0.09582135465461761,0.2179270623018965,8,false,0.013583842286941242,0.013583842286941242,false
255,true,0.9831262742329425,-901516.8667136832,908857.0225008272,-0.08520911273080856,-0.21220253000501543,8,false,0.013583842286941242,0.013583842286941242,false
255,true,0.923147545116784,-901538.3350309309,908796.4738735049,0.04429602948948741,0.2336252824170515,8,false,0.013583842286941242,0.013583842286941242,false
255,true,0.9786577844794179,-901593.7952176695,908984.1321848307,-0.007018364151008427,-0.1637999772792682,8,false,0.013583842286941242,0.013583842286941242,false
255,true,0.9798382188441714,-901429.7429976809,908802.3498218978,0.05440717446617782,-0.15637240814976394,8,false,0.013583842286941242,0.013583842286941242,false
255,true,0.965846182062772,-901494.0659295197,908802.5214744785,-0.05835792038124055,-0.20322057022713125,8,false,0.013583842286941242,0.013583842286941242,false
255,true,0.9928345952511092,-901359.117012829,908837.0211337879,0.04587564873509109,-0.1518150185002014,8,false,0.013583842286941242,0.013583842286941242,false
255,true,0.9976651559015665,-901384.5137918459,908811.303083519,-0.08606705185957253,-0.18576740263961256,8,false,0.013583842286941242,0.013583842286941242,false
255,true,0.8962401499496476,-901429.920545423,908609.4474144795,0.033311915351077914,0.3020216302247718,8,false,0.013583842286941242,0.013583842286941242,false
255,true,0.7894539625622979,-901473.9640230826,908673.4774099078,-0.0739377373829484,0.6001775332260877,8,false,0.013583842286941242,0.013583842286941242,false
255,true,0.9702548079856084,-901500.8150573608,908661.555252835,0.003044613404199481,0.10768948867917061,8,false,0.013583842286941242,0.013583842286941242,false
255,true,0.9701069269845245,-901594.7335679815,908872.7040051294,-0.011772046564146876,0.11583317024633288,8,false,0.013583842286941242,0.013583842286941242,false
255,true,0.9858654938169639,-901623.799531147,908989.0029849666,-0.047244366840459406,0.06864133360795677,8,false,0.013583842286941242,0.013583842286941242,false
255,true,0.8760564450278732,-901417.0506667774,908837.3326514466,0.22709691559430212,0.2835871768184006,8,false,0.013583842286941242,0.013583842286941242,false
255,true,0.9529066054868628,-901474.8305203449,908708.7426932779,0.08597541286144406,-0.24025885725859553,8,false,0.013583842286941242,0.013583842286941242,false
255,true,0.9987393897173231,-901612.5539676398,908836.02662883,-0.16536479629576206,-0.32296011049766093,8,false,0.013583842286941242,0.013583842286941242,false
255,true,0.9711301444584233,-901558.3970257189,908853.7020420457,0.037478073965758085,-0.14380710606928915,8,false,0.013583842286941242,0.013583842286941242,false
255,true,0.9809443746279712,-901557.7565446125,908898.4927179661,-0.050909358891658485,-0.17146236391272396,8,false,0.013583842286941242,0.013583842286941242,false
255,true,0.9940608228461842,-901607.6305168957,908960.3900961172,-0.106365489307791,-0.13556603947654366,8,false,0.013583842286941242,0.013583842286941242,false
255,true,0.9483366964960792,-901557.2733532378,908954.5500505787,0.008962712134234607,0.1381809072336182,8,false,0.013583842286941242,0.013583842286941242,false
255,true,0.9921212230670968,-901455.1715918618,908827.8707728414,0.011015827301889658,-0.049539875821210444,8,false,0.013583842286941242,0.013583842286941242,false
255,true,0.9701026575127749,-901588.9890111262,908907.1412207249,-0.01271109061781317,0.09796573617495596,8,false,0.013583842286941242,0.013583842286941242,false
255,true,0.917974329105994,-901569.897386146,908934.2357172847,0.03068520233500749,0.1990198059938848,8,false,0.013583842286941242,0.013583842286941242,false
255,true,0.958314956380554,-901493.7135182599,908855.3473469671,0.10648159263655543,0.13333197392057627,8,false,0.013583842286941242,0.013583842286941242,false
255,true,0.8618490944830849,-901566.1697176793,908828.8097792225,0.255650800652802,0.44115669967141,8,false,0.013583842286941242,0.013583842286941242,false
255,true,0.9766933163325,-901556.9287008495,908879.792560587,0.0788430324755609,-0.44379078736528754,8,false,0.013583842286941242,0.013583842286941242,false
255,true,0.9308820015674432,-901565.1988411373,908910.7707958054,-0.262374471523799,-0.5100794651079923,8,false,0.013583842286941242,0.013583842286941242,false
255,true,0.9808548727711381,-901526.8258839716,908844.9505473071,-0.18534732307307422,-0.25349905132316053,8,false,0.013583842286941242,0.013583842286941242,false
255,true,0.7220315634219139,-901452.1257757933,908711.3775355924,0.5922299266094342,0.7725425725802779,8,false,0.013583842286941242,0.013583842286941242,false
255,true,0.8194800498287428,-901569.0115366132,908783.2606808096,-0.28575545677449554,0.7487902325810865,8,false,0.013583842286941242,0.013583842286941242,false
255,true,0.964002506296349,-901533.7338515316,908947.1839070113,-0.23362098052166402,-0.3578997489530593,8,false,0.013583842286941242,0.013583842286941242,false
255,true,0.9791096704056789,-901533.7681488644,908839.4277742363,0.07036102516576648,-0.14088090136647224,8,false,0.013583842286941242,0.013583842286941242,false
255,true,0.9944244973107277,-901570.7228081302,908935.322855874,-0.07073453592602164,-0.21053296513855457,8,false,0.013583842286941242,0.013583842286941242,false
255,true,0.9981718935853209,-901566.0838290551,908909.5225208254,-0.0931815963704139,-0.1368265663040802,8,false,0.013583842286941242,0.013583842286941242,false
255,true,0.9349998073975692,-901535.5192124754,908848.295658253,0.14547891821712255,0.1740839061094448,8,false,0.013583842286941242,0.013583842286941242,false
255,true,0.7161402464228666,-901540.2049373182,908916.8931201969,0.59337096021045,0.8815014997962862,8,false,0.013583842286941242,0.013583842286941242,false
255,true,0.984364387496813,-901626.5042184234,908939.9972061759,-0.5342398678185418,-0.7822240974055603,8,false,0.013583842286941242,0.013583842286941242,false
255,true,0.9862423719543235,-901668.1749576696,908882.2489753343,0.034616105374880135,-0.24185945943463594,8,false,0.013583842286941242,0.013583842286941242,false
255,true,0.8403960796501395,-901592.7320621741,909050.1937877107,0.3291898960014805,0.5542267496930435,8,false,0.013583842286941242,0.013583842286941242,false
255,true,0.9586280700849501,-901611.0748618399,908988.8636821167,-0.2502154400572181,-0.5903602836187929,8,false,0.013583842286941242,0.013583842286941242,false
255,true,0.9949790869445226,-901584.9009824466,909055.5094835544,0.002005657530389726,-0.37082430394366384,8,false,0.013583842286941242,0.013583842286941242,false
255,true,0.9803326117095075,-901472.5622849903,908823.4264386577,0.04236815148033202,-0.3682630143593997,8,false,0.013583842286941242,0.013583842286941242,false
255,true,0.9986030773629372,-901613.7290001137,908898.5199374724,-0.39273264328949153,-0.4207762177102268,8,false,0.013583842286941242,0.013583842286941242,false
255,true,0.8873874317660967,-901486.4990543672,908885.764508798,0.010460519115440547,0.26247981283813715,8,false,0.013583842286941242,0.013583842286941242,false
255,true,0.8859867214717078,-901407.9436811332,908760.8306410827,0.0627967679174617,0.27940768166445196,8,false,0.013583842286941242,0.013583842286941242,false
255,true,0.9987534282454815,-901475.3990027962,908657.7824187473,-0.04439105372875929,-0.10382868128363043,8,false,0.013583842286941242,0.013583842286941242,false
255,true,0.5290960832427871,-901599.2889757837,908886.1709673558,0.3482481420505792,1.5604789674980566,8,false,0.013583842286941242,0.013583842286941242,false
255,true,0.9729910752254114,-901616.1945396536,908987.519281303,-0.37135644536465406,-0.3993700541323051,8,false,0.013583842286941242,0.013583842286941242,false
255,true,0.5749214347363719,-901618.2206645072,909048.908288226,0.07075666368473321,1.307775043998845,8,false,0.013583842286941242,0.013583842286941242,false
255,true,0.9899417565107719,-901382.5314885613,908751.4133476655,-0.0229707834077999,-0.08833603223320097,8,false,0.013583842286941242,0.013583842286941242,false
255,true,0.7815420216675584,-901452.9340196311,908613.9714538434,0.04623385891318321,0.5951474158791825,8,false,0.013583842286941242,0.013583842286941242,false
255,true,0.9276872435570409,-901523.8472036163,908851.1049781987,0.09678265207912773,0.22220020508393645,8,false,0.013583842286941242,0.013583842286941242,false
255,true,0.9620326023278235,-901382.9541778947,908694.7624098,-0.039248230517841876,-0.19558170856907964,8,false,0.013583842286941242,0.013583842286941242,false
255,true,0.8004711926298638,-901435.12424548,908925.9470562572,-0.12886209634598345,0.6094134526792914,8,false,0.013583842286941242,0.013583842286941242,false
255,true,0.8697786554522654,-901478.7962770407,908693.9684526715,0.06385047442745417,0.33900679217185825,8,false,0.013583842286941242,0.013583842286941242,false
255,true,0.9935572003722576,-901555.9688581224,908844.1419361706,-0.08749343280214816,-0.11689064593520015,8,false,0.013583842286941242,0.013583842286941242,false
255,true,0.9817285356419453,-901644.9076190016,908862.3144873731,0.011689161416143179,0.05709671333897859,8,false,0.013583842286941242,0.013583842286941242,false
255,true,0.9488641850417491,-901470.8897010046,908970.5864179488,-0.03227988025173545,0.127994395326823,8,false,0.013583842286941242,0.013583842286941242,false
255,true,0.9188695125116719,-901439.7386861444,908835.9131001799,0.11535620433278382,0.18730476743075997,8,false,0.013583842286941242,0.013583842286941242,false
255,true,0.9974221325791637,-901469.1162385956,908688.6913447102,-0.0674113096902147,-0.11741830874234438,8,false,0.013583842286941242,0.013583842286941242,false
255,true,0.9233450197061814,-901566.0822366863,908812.9296933525,0.08649792894721031,0.19715756666846573,8,false,0.013583842286941242,0.013583842286941242,false
255,true,0.9911925835324507,-901432.2906034598,908804.193751394,-0.106031030183658,-0.14680928573943675,8,false,0.013583842286941242,0.013583842286941242,false
255,true,0.91264512986786,-901552.763468375,908747.372292267,0.07993843534495682,0.21687593520618975,8,false,0.013583842286941242,0.013583842286941242,false
255,true,0.9500169601947857,-901677.2956812336,909000.6731217706,0.0036734379827976227,0.17949925537686795,8,false,0.013583842286941242,0.013583842286941242,false
255,true,0.9263702208364218,-901551.5967475029,908953.3891955776,-0.0193619541823864,0.23001936078071594,8,false,0.013583842286941242,0.013583842286941242,false
255,true,0.9726689637744345,-901444.1025737622,908776.4410657886,0.05719800340011716,0.11835952464025468,8,false,0.013583842286941242,0.013583842286941242,false
255,true,0.9907143754294018,-901518.01775919,908829.4719044508,-0.002526423428207636,-0.16159537294879556,8,false,0.013583842286941242,0.013583842286941242,false
255,true,0.9943001280175094,-901619.8263256417,909050.93995404,-0.045602957601659,-0.15097204805351794,8,false,0.013583842286941242,0.013583842286941242,false
255,true,0.9976411473656032,-901496.1203750675,908823.0205269421,0.0010930444113910198,-0.10618527967017144,8,false,0.013583842286941242,0.013583842286941242,false
255,true,0.9777909508465251,-901551.1797922252,908831.2294390188,-0.06587926798965782,0.10909879941027611,8,false,0.013583842286941242,0.013583842286941242,false
255,true,0.8090096423310276,-901614.6483057479,909050.5822396167,0.0009989362442865968,0.46191720734350383,8,false,0.013583842286941242,0.013583842286941242,false
255,true,0.866133987667206,-901603.2914712627,909082.1965942371,0.0593534295912832,0.3255981592228636,8,false,0.013583842286941242,0.013583842286941242,false
255,true,0.9478441519625458,-901605.5594078042,909016.3172952282,-0.03365105274133384,0.1611780074890703,8,false,0.013583842286941242,0.013583842286941242,false
255,true,0.9959310159690992,-901664.3578462722,908994.1067457781,-0.006276241037994623,-0.06674497772473842,8,false,0.013583842286941242,0.013583842286941242,false
255,true,0.7705074534766071,-901518.8368116681,908848.5210052099,0.479090073145926,0.6088737760437652,8,false,0.013583842286941242,0.013583842286941242,false
255,true,0.9741743832005709,-901533.177845939,908934.2676148477,-0.1319892923347652,-0.5273301335982978,8,false,0.013583842286941242,0.013583842286941242,false
255,true,0.9647309664428915,-901658.6305250052,908935.9800926358,0.054024187149479985,-0.391912141116336,8,false,0.013583842286941242,0.013583842286941242,false
255,true,0.9804983391780876,-901515.6618892148,908906.1360680409,-0.20135242061223835,-0.46639017679262906,8,false,0.013583842286941242,0.013583842286941242,false
255,true,0.9882249025718491,-901580.8155390675,908849.2711690709,-0.07319824059959501,-0.2444391812896356,8,false,0.013583842286941242,0.013583842286941242,false
255,true,0.9961625572539975,-901526.6773389739,908995.5917628332,-0.04297390358988196,-0.18050216767005622,8,false,0.013583842286941242,0.013583842286941242,false
255,true,0.9999029193404683,-901524.8907866335,908850.5078078534,-0.03953782154712826,-0.1529377739643678,8,false,0.013583842286941242,0.013583842286941242,false
