n_steps,is_accept,acceptance_rate,log_density,hamiltonian_energy,hamiltonian_energy_error,max_hamiltonian_energy_error,tree_depth,numerical_error,step_size,nom_step_size,is_adapt
255,true,1.0,-1.0320163757766384e6,1.0424474359130128e6,-1788.502731476794,-1789.2281125506852,8,false,0.0125,0.0125,true
1,true,0.0,-1.0320163757766384e6,1.0394835419460092e6,0.0,484035.3299594767,0,true,0.17981887619720974,0.17981887619720974,true
4,true,0.2500064923133188,-1.0318475255267674e6,1.0393745528158643e6,-15.733247069292702,2005.7885143765016,2,true,0.03038959180427677,0.03038959180427677,true
511,true,1.0,-1.0338427812889555e6,1.0393539024036105e6,-0.6959189026383683,-0.7649668701924384,9,false,0.005835345377845655,0.005835345377845655,true
511,true,1.0,-1.0335736573621826e6,1.0411126190968229e6,-0.3673205334926024,-0.5188213072251529,9,false,0.008281686013466228,0.008281686013466228,true
255,true,1.0,-1.033508295916199e6,1.041093831641421e6,-0.26537842443212867,-0.5356611874885857,8,false,0.013359999305715011,0.013359999305715011,true
5,true,0.16902169927490157,-1.0335103878782316e6,1.0410723005752742e6,0.2249612909508869,2825.669686894864,2,true,0.02320364591206675,0.02320364591206675,true
1023,true,0.967814429423737,-1.0336040604552672e6,1.041024250589822e6,0.008935081539675593,0.08723035419825464,10,false,0.0031656660941181713,0.0031656660941181713,true
1023,true,0.9994064022675317,-1.0336332722155314e6,1.0411275580595321e6,-0.017864355351775885,-0.09684869449120015,10,false,0.005177215063246398,0.005177215063246398,true
511,true,0.9503567501560695,-1.0335084615154448e6,1.0411011331581399e6,-0.19661663938313723,-0.2634825053391978,9,false,0.009569431610094761,0.009569431610094761,true
255,true,0.9988227205267233,-1.0334043081612536e6,1.0408857995040735e6,-0.02470443246420473,-0.23967751872260123,8,false,0.015340202471139508,0.015340202471139508,true
3,true,0.07356090235858916,-1.0334044318054407e6,1.040707094632202e6,1.511029323679395,1430.0324859110406,1,true,0.028814428129927575,0.028814428129927575,true
1023,true,0.9991334900683383,-1.033591823829791e6,1.0409345732437819e6,-0.020310579799115658,-0.022759522660635412,10,false,0.0029376297542813073,0.0029376297542813073,true
1023,true,0.977276636321875,-1.0335778611041948e6,1.0409096014321505e6,0.031872629071585834,0.05734058655798435,10,false,0.005576264654575568,0.005576264654575568,true
511,true,0.9796146084371343,-1.033539174390693e6,1.0410281260056e6,0.03508220589719713,0.12433774187229574,9,false,0.009858662329557899,0.009858662329557899,true
255,true,0.7856997090626571,-1.0336122268018553e6,1.0411647162050593e6,-0.2312083306023851,0.8184618320083246,8,false,0.017476934468469877,0.017476934468469877,true
255,true,0.9945942731473788,-1.0336129902583435e6,1.0411921985923289e6,-0.06137605581898242,-0.27341456804424524,8,false,0.016954108074196676,0.016954108074196676,true
3,true,0.017181232855397997,-1.0336155876275515e6,1.0412198405204387e6,2.965325315250084,8145.338323084172,1,true,0.031174967809140666,0.031174967809140666,true
1023,true,0.9971633336896891,-1.0335597683565875e6,1.0411249445552087e6,-0.013998858048580587,-0.03216471301857382,10,false,0.0029390609624496615,0.0029390609624496615,true
1023,true,0.9494160336725952,-1.0335189049200284e6,1.0411063482256477e6,0.12896191177424043,0.14945201680529863,10,false,0.005478804689967293,0.005478804689967293,true
511,true,0.9977950204323408,-1.0335246830829976e6,1.0408952209817065e6,-0.106671960093081,-0.5032768013188615,9,false,0.008776431099660762,0.008776431099660762,true
255,true,0.8576894506090821,-1.0335384548639556e6,1.0410151924122499e6,-0.9475215552374721,-1.2839767776895314,8,false,0.016103812675926032,0.016103812675926032,true
255,true,0.1235536057785177,-1.0334813439919212e6,1.0410733631278052e6,0.27714378212112933,26.93843035423197,8,false,0.019404308691845364,0.019404308691845364,true
1023,true,0.9979278126334297,-1.0335675596071399e6,1.0410021615182679e6,0.004427463980391622,-0.016448804060928524,10,false,0.0027599468665914,0.0027599468665914,true
1023,true,0.9389356072364244,-1.0335487620840125e6,1.0410308563883054e6,-0.04717632592655718,0.17395271349232644,10,false,0.005043705424906053,0.005043705424906053,true
511,true,0.9800005875493217,-1.0334103470391668e6,1.0409802964793363e6,0.013091291184537113,0.07577805803157389,9,false,0.007709970320306435,0.007709970320306435,true
255,true,0.9961098855206454,-1.033442982785295e6,1.0409254982258565e6,-0.14697863161563873,-0.17360782460309565,8,false,0.013146611723995541,0.013146611723995541,true
6,true,0.27040858454863864,-1.0334424974896531e6,1.0410122148573676e6,0.548983340500854,1356.2928717432078,2,true,0.02324547437503589,0.02324547437503589,true
1023,true,0.9972392451824127,-1.0334938952660385e6,1.0409702843449026e6,-0.027262534946203232,-0.035678688320331275,10,false,0.005394661162713894,0.005394661162713894,true
511,true,0.9852973301822961,-1.0334949880671528e6,1.0408006579399992e6,-0.021573923528194427,0.061208817292936146,9,false,0.009549540137718216,0.009549540137718216,true
255,true,0.36901720226013385,-1.0334354071041642e6,1.0409002352778001e6,0.2098841256229207,2.791833280469291,8,false,0.016205964807441936,0.016205964807441936,true
1023,true,0.9653245507128102,-1.0334142737653193e6,1.0410673439778655e6,0.05536129220854491,0.08723725471645594,10,false,0.005112656382206141,0.005112656382206141,true
511,true,0.9926780871937659,-1.0334869733064523e6,1.0408784066510196e6,-0.17789023846853524,-0.20517232769634575,9,false,0.00819266257498067,0.00819266257498067,true
255,true,0.910444594371629,-1.0335199237999697e6,1.0410870850481445e6,0.19629623170476407,0.254741893382743,8,false,0.014015420860491953,0.014015420860491953,true
255,true,0.39097522059531875,-1.0334249001008513e6,1.0409015985520041e6,-0.4608661363599822,3.707989923655987,8,false,0.01911467597818336,0.01911467597818336,true
511,true,0.9934733236302677,-1.0334170682564647e6,1.040807485892186e6,0.007148850476369262,0.023084697546437383,9,false,0.00661872924265804,0.00661872924265804,true
511,true,0.7505189187285357,-1.0335114192075802e6,1.0410062549435266e6,0.40783163195010275,0.6425210199085996,9,false,0.01122024078210371,0.01122024078210371,true
511,true,0.9989562981437455,-1.0334346503341731e6,1.0409113057048278e6,-0.06119061552453786,-0.35789033432956785,9,false,0.010058193940093059,0.010058193940093059,true
255,true,0.7067122892705788,-1.0333962023844862e6,1.0408913542400385e6,-0.7963103861548007,1.355568760074675,8,false,0.017094985532703815,0.017094985532703815,true
255,true,0.560914722384595,-1.0336939132616781e6,1.0410776747671365e6,1.2118401502957568,1.357683293055743,8,false,0.013682561906321342,0.013682561906321342,true
511,true,0.9971909198342771,-1.033538891305622e6,1.041165314965934e6,-0.018085584393702447,-0.3871831991709769,9,false,0.007598147685716179,0.007598147685716179,true
255,true,0.9461031247642706,-1.0334997330945829e6,1.0409960022202522e6,-0.9426908903988078,-0.9977055520284921,8,false,0.012728705635147613,0.012728705635147613,true
255,true,0.20494535055348714,-1.0335988827940272e6,1.0408846204063521e6,0.2566752294078469,8.648947415291332,8,false,0.01863065355266766,0.01863065355266766,true
1023,true,0.9937422564913733,-1.0336713872614122e6,1.0412165269553392e6,-0.012840686831623316,0.026277061668224633,10,false,0.004332545592530632,0.004332545592530632,true
511,true,0.9981982304162845,-1.0334246192308668e6,1.0410272515624069e6,0.004680932266637683,-0.03329309110995382,9,false,0.0071438021954043866,0.0071438021954043866,true
511,true,0.8673145416946026,-1.0335072758416316e6,1.0411062132070733e6,0.13898813293781132,0.36479233449790627,9,false,0.01182249687485217,0.01182249687485217,true
255,true,0.47100514437309926,-1.0334073547733288e6,1.0407815295246879e6,-0.17381936823949218,2.6847926658811048,8,false,0.014148040843500343,0.014148040843500343,true
511,true,0.9539552632142306,-1.0335282605500082e6,1.0408923335028113e6,0.016308996360749006,0.12488570611458272,9,false,0.00650950546904009,0.00650950546904009,true
511,true,0.9814864799993744,-1.0335248960449229e6,1.0409762777810481e6,-0.037588591454550624,0.10226904496084899,9,false,0.009595412794562169,0.009595412794562169,true
255,true,0.9567598304323028,-1.033557627321896e6,1.0409199104429645e6,-0.012596907676197588,0.1854127199621871,8,false,0.0150185909941737,0.0150185909941737,true
6,true,0.00040720990624519364,-1.033557627321896e6,1.0410841117152598e6,0.0,2066.414080862887,2,true,0.022041729281332134,0.022041729281332134,true
1023,true,0.9926633640145428,-1.0334099127696832e6,1.0409849658398204e6,-1.993146724998951e-6,0.02209605008829385,10,false,0.0034287417932895984,0.0034287417932895984,true
1023,true,0.9897949335973638,-1.0334192802330285e6,1.0409655980145513e6,0.016514318180270493,0.038136708782985806,10,false,0.0054950214048474924,0.0054950214048474924,true
511,true,0.9421035733247654,-1.033436913703742e6,1.0408619877853759e6,-0.02293269883375615,0.20366251363884658,9,false,0.008694196553533904,0.008694196553533904,true
255,true,0.6239747480564573,-1.033369480329895e6,1.040730085044193e6,0.5884624063037336,1.246956069371663,8,false,0.012255731549001454,0.012255731549001454,true
511,true,0.9915729205629351,-1.0333801125010431e6,1.0409088634411137e6,-0.006508273887448013,-0.3353374353609979,9,false,0.008322589035932465,0.008322589035932465,true
255,true,0.9949199337446701,-1.0333980083393026e6,1.04077283093814e6,-0.015268824878148735,-0.8143299098592252,8,false,0.013069750960504306,0.013069750960504306,true
11,true,0.1070406203963355,-1.0333938233595273e6,1.0411749724341e6,-1.8413234119070694,2073.176183942356,3,true,0.020563499744301997,0.020563499744301997,true
1023,true,0.998915405948912,-1.0334940587985931e6,1.0407754969526329e6,-0.003220924409106374,-0.009851253940723836,10,false,0.004403259637981532,0.004403259637981532,true
511,true,0.992420717363879,-1.0335512376556287e6,1.0409949788796447e6,0.01629054534714669,0.028126267716288567,9,false,0.0069964397051328195,0.0069964397051328195,true
511,true,0.9606713769602693,-1.0335060972945216e6,1.0409184754656353e6,-0.0061769746243953705,0.13832969940267503,9,false,0.010896670915229273,0.010896670915229273,true
255,true,0.9631281120999083,-1.0333686553443556e6,1.0408929219321641e6,0.07144084537867457,0.17305752844549716,8,false,0.015742229726821152,0.015742229726821152,true
7,true,0.07885377875238053,-1.0333669861994954e6,1.0408513456390356e6,0.5966611253097653,7673.300491698785,2,true,0.022765417857132847,0.022765417857132847,true
1023,true,0.998583909902317,-1.0334833747088924e6,1.0408293809961627e6,-0.04286601417697966,-0.04744048847351223,10,false,0.004791688252984171,0.004791688252984171,true
511,true,0.9764961921356762,-1.0334435643299617e6,1.0409329662445374e6,0.03488169307820499,0.05421357706654817,9,false,0.0074999230292526605,0.0074999230292526605,true
511,true,0.9875828229046432,-1.0334789801039702e6,1.0410353591878158e6,0.009209651267156005,0.08516462834086269,9,false,0.011136830966745307,0.011136830966745307,true
255,true,0.49669720691234837,-1.0335231407611837e6,1.0409030892555377e6,0.24320608761627227,1.9557910226285458,8,false,0.016857958255482815,0.016857958255482815,true
511,true,0.9994691096055455,-1.033536164127543e6,1.0410618441748522e6,-0.07630408892873675,-0.1114812568994239,9,false,0.00894483285512993,0.00894483285512993,true
255,true,0.7341752380365392,-1.0335194778586726e6,1.0409740718927996e6,0.37783876655157655,0.7004236133070663,8,false,0.013836226711601979,0.013836226711601979,true
255,true,0.8160045451722375,-1.0335233544804351e6,1.041026072946558e6,0.37947908707428724,0.6855553725035861,8,false,0.012192302506878964,0.012192302506878964,true
255,true,0.9785927129326327,-1.0334643391409937e6,1.0409556193581783e6,-0.048229853389784694,-0.8015448342775926,8,false,0.012765922423078876,0.012765922423078876,true
255,true,0.377361195972411,-1.0332571971108749e6,1.0406983624052078e6,-1.1723382046911865,6.362705448409542,8,false,0.018736540206281703,0.018736540206281703,true
511,true,0.9991454031528464,-1.0333234193906772e6,1.040792162958554e6,-0.038668709341436625,-0.09898076404351741,9,false,0.007891442427092063,0.007891442427092063,true
511,true,0.9382614419742132,-1.0333796000027194e6,1.0407705930369908e6,0.19312172348145396,0.2261752838967368,9,false,0.012063380825848676,0.012063380825848676,true
255,true,0.9793196611179983,-1.0335454444087937e6,1.0408817718219204e6,-0.12767543771769851,-0.5161286839284003,8,false,0.01620666548661589,0.01620666548661589,true
4,true,0.0017695725138759152,-1.0335454444087937e6,1.0412455995299123e6,0.0,6876.926281625056,2,true,0.023600369491368473,0.023600369491368473,true
1023,true,0.9992265038204705,-1.0334740068498845e6,1.0409737779867963e6,-0.005704732495360076,-0.03692012163810432,10,false,0.004717930964663926,0.004717930964663926,true
511,true,0.9704140084124466,-1.033437576824603e6,1.0408398534582437e6,0.09022827027365565,0.10498686588834971,9,false,0.007168391487238791,0.007168391487238791,true
511,true,0.9998440357099889,-1.0333846353860099e6,1.0409566693528059e6,-0.12180181895382702,-0.3189723116811365,9,false,0.0102362103540216,0.0102362103540216,true
255,true,0.7934524287818683,-1.0333878398774042e6,1.040867859269529e6,-0.26756151916924864,0.809702442958951,8,false,0.015446707218475615,0.015446707218475615,true
255,true,0.8616959251827456,-1.0334117721843984e6,1.0409307737658189e6,0.39270738896448165,0.45998982910532504,8,false,0.015403099505909412,0.015403099505909412,true
255,true,0.9676799969348688,-1.0332959717443587e6,1.0407365552600484e6,-0.7228649283060804,-0.8163785263895988,8,false,0.017579104047524566,0.017579104047524566,true
5,true,0.05856146583296521,-1.0332959717443587e6,1.0406409606526934e6,0.0,5584.320005558315,2,true,0.024684631919153932,0.024684631919153932,true
1023,true,0.9910376469049414,-1.0335118051557956e6,1.0407460846632818e6,0.02493477612733841,0.030002576299011707,10,false,0.0058195168186614766,0.0058195168186614766,true
511,true,0.9708460604855838,-1.0334711340593799e6,1.04094210760295e6,0.05545181187335402,0.1062790434807539,9,false,0.008568993599447228,0.008568993599447228,true
511,true,0.9655017132096725,-1.0334802982315089e6,1.0409325350912674e6,-0.19306765985675156,-0.22682977828662843,9,false,0.012088186206611434,0.012088186206611434,true
255,true,0.22979444399492052,-1.0335127244486054e6,1.0409129117825519e6,2.913453148212284,5.549622908001766,8,false,0.01682311820523718,0.01682311820523718,true
1023,true,0.9981531120933428,-1.0334225941722337e6,1.0409900662183588e6,-0.03144851385150105,-0.34383009758312255,10,false,0.005670744836814697,0.005670744836814697,true
511,true,0.988142989433102,-1.033383474165481e6,1.0407713224643933e6,0.06654328852891922,-0.6819856202928349,9,false,0.008403873748617372,0.008403873748617372,true
255,true,0.9842210508015087,-1.0333890648166911e6,1.0407730891011019e6,-0.8980781906284392,-1.5640348875895143,8,false,0.01217511296480461,0.01217511296480461,true
255,true,0.9283042590725417,-1.0334388774039485e6,1.0408744535473742e6,-1.1599431020440534,-1.4009858159115538,8,false,0.017449329333102902,0.017449329333102902,true
6,true,0.004162803192481032,-1.0334388774039485e6,1.0407572266677415e6,0.0,5561.768956642365,2,true,0.022429138224755656,0.022429138224755656,true
1023,true,0.9986917756047254,-1.0334733998063636e6,1.0408351973727412e6,-0.00028978881891816854,-0.02211872802581638,10,false,0.00505883816315868,0.00505883816315868,true
511,true,0.9847204635578113,-1.0335098750271412e6,1.0409375626191952e6,0.020816815900616348,0.061733751092106104,9,false,0.007441861674405435,0.007441861674405435,true
511,true,0.8984293975956085,-1.0334708531444408e6,1.0409706855630927e6,0.18637479201424867,0.3368136070203036,9,false,0.010629956232624981,0.010629956232624981,true
255,true,0.8583762285437267,-1.033391460981493e6,1.0407728285129621e6,0.08725605625659227,0.5863381345989183,8,false,0.012896237450380243,0.012896237450380243,true
255,true,0.9888984510195874,-1.0333789746953746e6,1.0408119353269822e6,-0.5654569551115856,-0.6630496405996382,8,false,0.014504679502122817,0.014504679502122817,true
10,true,0.29003942538559996,-1.0333827022804898e6,1.0409271393560645e6,1.443581152590923,1035.7745984292123,3,true,0.020723349537489933,0.020723349537489933,true
511,true,0.9704081764702258,-1.0333612855943902e6,1.0406629585683154e6,0.036345281871035695,-0.26938313501887023,9,false,0.008197806008780983,0.008197806008780983,true
511,true,0.9751426024953456,-1.0334677243093929e6,1.0408527740727009e6,-0.1637350054224953,-0.5673918939428404,9,false,0.011316162062622695,0.011316162062622695,true
255,true,0.832266423378752,-1.0339998205153224e6,1.0410283649087602e6,-0.21441197220701724,0.6035470715723932,8,false,0.015713480027015225,0.015713480027015225,true
1,true,0.0,-1.0339998205153224e6,1.0414412750998067e6,0.0,6612.910933014005,0,true,0.16662907956893128,0.16662907956893128,true
255,true,0.8060872401515657,-1.033817068491442e6,1.0414245064172816e6,0.03473064675927162,0.8302748436108232,8,false,0.02572693875476355,0.02572693875476355,true
255,true,0.999884870084083,-1.0336037982199711e6,1.0411818137431787e6,-0.06893262953963131,-0.37484928860794753,8,false,0.020646585551834674,0.020646585551834674,true
7,true,0.10074891945637424,-1.0336071679402827e6,1.0411426105231881e6,0.36885943089146167,1183.631098396494,2,true,0.03156570594293632,0.03156570594293632,true
1023,true,0.9977414225374069,-1.0334795367089148e6,1.0411510903960456e6,0.004610733594745398,-0.013562893262133002,10,false,0.0036601019547832115,0.0036601019547832115,true
1023,true,0.9996454723611224,-1.0333827914069343e6,1.0410371609893427e6,-0.039638477144762874,-0.05168749229051173,10,false,0.006058815967950701,0.006058815967950701,true
511,true,0.9739135888704963,-1.0333638580067187e6,1.0407735433835258e6,-0.0030075099784880877,0.08741526899393648,9,false,0.010686068241804177,0.010686068241804177,true
255,true,0.9585573319756954,-1.0333794181336885e6,1.0407798791397336e6,0.015326987369917333,0.16174028487876058,8,false,0.01798518098052777,0.01798518098052777,true
255,true,0.3579913353448433,-1.0335241924424199e6,1.0409792700588808e6,-0.1555649763904512,3.9486543611856177,8,false,0.029364113730039033,0.029364113730039033,true
1023,true,0.9384610930397755,-1.0334207997939172e6,1.0409019319763436e6,0.11321641935501248,0.1433792229508981,10,false,0.007240506561812863,0.007240506561812863,true
511,true,0.9255981624618183,-1.033351414620616e6,1.0409303556601019e6,-0.007019478129222989,-0.30960245593450963,9,false,0.011251911099769713,0.011251911099769713,true
255,true,0.9899087200996768,-1.0333893309482358e6,1.0408806816332716e6,-0.5454441217007115,-0.684713312308304,8,false,0.01684417888382972,0.01684417888382972,true
9,true,0.11749344846622815,-1.0333928891396098e6,1.0408866095484182e6,-0.1089746126672253,1949.9805945641128,3,true,0.030854739741194053,0.030854739741194053,true
1023,true,0.9907160018699172,-1.0333927919430127e6,1.0408247916861798e6,0.00706747209187597,0.022992968559265137,10,false,0.00370669195030627,0.00370669195030627,true
1023,true,0.953438357705201,-1.0333262197733131e6,1.0408946153191637e6,0.0794225528370589,0.1266708845505491,10,false,0.0068529456220742324,0.0068529456220742324,true
511,true,0.9999819928010372,-1.033333119918163e6,1.0408075751835643e6,-0.0684491953579709,-0.3273224552394822,9,false,0.011228958253899137,0.011228958253899137,true
255,true,0.9846158677796283,-1.0334790628377438e6,1.0407927439305617e6,-0.4324718584539369,-0.8746858191443607,8,false,0.021089989117481254,0.021089989117481254,true
7,true,0.28571582068958173,-1.0334706382987972e6,1.0409913934407483e6,-0.3677704136352986,4331.863239023951,2,true,0.03748158899515423,0.03748158899515423,true
511,true,0.9987946044074479,-1.0333846873333891e6,1.0407976449240857e6,-0.031015240936540067,-0.04974932607728988,9,false,0.008079608271733698,0.008079608271733698,true
511,true,0.744480283201609,-1.0335354260306293e6,1.0409781060764415e6,0.08505465055350214,0.6845214504282922,9,false,0.014975748565526381,0.014975748565526381,true
511,true,0.8597678727108272,-1.0334851703607832e6,1.0409767261128392e6,0.09930799156427383,0.413473327527754,9,false,0.01296092092520852,0.01296092092520852,true
255,true,0.9954423373471036,-1.0335398040272185e6,1.0409470466684828e6,-0.23831345129292458,-0.30162917962297797,8,false,0.015772058049939915,0.015772058049939915,true
255,true,0.9144341038064131,-1.033573482183012e6,1.0410566629066836e6,-0.16530932299792767,0.3232763948617503,8,false,0.028385190394072137,0.028385190394072137,true
5,true,0.21004866973255787,-1.033571282888216e6,1.0410074400666407e6,0.32416787825059146,15496.939956570626,2,true,0.04005471179038489,0.04005471179038489,true
1023,true,0.9979174093796842,-1.0334458799046838e6,1.0409179467315157e6,0.0031320558628067374,-0.01597219309769571,10,false,0.007510814135647854,0.007510814135647854,true
511,true,0.9987916441586279,-1.033521591820743e6,1.0410333387350913e6,0.0007948811398819089,-0.060499096754938364,9,false,0.013503129061609396,0.013503129061609396,true
255,true,0.9330361074181414,-1.0334348089944983e6,1.0408463440421396e6,0.07114991766866297,0.28159028210211545,8,false,0.024097689237567152,0.024097689237567152,true
6,true,0.16707456381899985,-1.0334415294837953e6,1.0409599882027472e6,-0.07875129405874759,9294.71821140789,2,true,0.03546203177537862,0.03546203177537862,true
1023,true,0.9970258148241873,-1.033415903013844e6,1.0407947184522665e6,0.001190048991702497,0.01573611074127257,10,false,0.006252975392215717,0.006252975392215717,true
511,true,0.9856397749804122,-1.0333980446986157e6,1.0407346131200336e6,0.043343243887647986,0.06997151963878423,9,false,0.01101764404366207,0.01101764404366207,true
255,true,0.9453361536994808,-1.0334874712809533e6,1.0408609181822361e6,0.1256981570040807,-0.2652492333436385,8,false,0.01864640145920409,0.01864640145920409,true
255,true,0.5281172781748888,-1.0335048841420186e6,1.0408726998544674e6,-0.2851632151287049,2.5581462415866554,8,false,0.02806733620806095,0.02806733620806095,true
511,true,0.9806243758656934,-1.033498776017108e6,1.0410683167722917e6,-0.044324911083094776,-0.13830803229939193,9,false,0.013765122860472533,0.013765122860472533,true
255,true,0.9714732319518935,-1.0334530573886478e6,1.0408732786349877e6,-0.11211517255287617,-0.2478158154990524,8,false,0.022656008510092727,0.022656008510092727,true
6,true,0.16790710655050015,-1.033450856995339e6,1.0409493889385283e6,-0.17838520649820566,1044.516882639029,2,true,0.03611408307223128,0.03611408307223128,true
1023,true,0.9946602356401248,-1.0334009902040212e6,1.0407543474641748e6,0.0002747062826529145,0.0180281491484493,10,false,0.00702381103582215,0.00702381103582215,true
511,true,0.9410906327690371,-1.0334226206616604e6,1.0408850267146806e6,0.030787062365561724,0.14752034866251051,9,false,0.011909466892010405,0.011909466892010405,true
255,true,0.5507563913457529,-1.0335073313607707e6,1.0409574957248626e6,-0.07451851840596646,1.5557303223758936,8,false,0.017453898889490355,0.017453898889490355,true
511,true,0.9811710911153978,-1.0335136352594288e6,1.0408792640668225e6,0.021163267199881375,0.054459079867228866,9,false,0.009402289164782926,0.009402289164782926,true
255,true,0.9983395326240656,-1.0333631229392674e6,1.040816817220362e6,-0.016667639836668968,-0.10119767440482974,8,false,0.01518713032741809,0.01518713032741809,true
255,true,0.9785212444472845,-1.0334667929871948e6,1.0406932277309377e6,-0.04463340400252491,-0.1962381973862648,8,false,0.025427792822728817,0.025427792822728817,true
3,true,1.3023007405389916e-5,-1.0334667929871948e6,1.0408622491061003e6,0.0,6515.948935528286,1,true,0.040213212744226824,0.040213212744226824,true
1023,true,0.978744932912962,-1.0335376423269408e6,1.041071637855356e6,0.037618236034177244,0.04637903184629977,10,false,0.0056097922720921,0.0056097922720921,true
511,true,0.9987164930091392,-1.0335354956495459e6,1.0409186034985364e6,-0.007812233758158982,-0.10577489843126386,9,false,0.008913319398878905,0.008913319398878905,true
511,true,0.9990815480106517,-1.0333360678137069e6,1.0409456179396937e6,-0.06563685112632811,-0.2850017212331295,9,false,0.014770369222442835,0.014770369222442835,true
255,true,0.2714950059027436,-1.0334610457753331e6,1.040876578667442e6,-0.4404984195716679,7.38978613819927,8,false,0.024322753996557544,0.024322753996557544,true
1023,true,0.9999125827399152,-1.0333975000170288e6,1.0409325726620938e6,-0.008547610719688237,-0.019546438474208117,10,false,0.006910295364511898,0.006910295364511898,true
511,true,0.9839530133395014,-1.03345009114352e6,1.0408626860645001e6,0.021613733493722975,0.05481249873992056,9,false,0.01138144294174609,0.01138144294174609,true
255,true,0.9958408627796543,-1.0335244289231387e6,1.040837945303264e6,-0.02729435358196497,-0.10134396981447935,8,false,0.01792566515733465,0.01792566515733465,true
6,true,0.0022743666229948826,-1.0335244289231387e6,1.0409803326582114e6,0.0,1223.5876622654032,2,true,0.028856736909767408,0.028856736909767408,true
2,true,1.8603576775339022e-15,-1.0335244289231387e6,1.0411481223826804e6,0.0,15009.650163387647,1,true,0.06766156755837215,0.06766156755837215,true
1023,true,0.9892662826428016,-1.0334010318073642e6,1.040995060162434e6,0.02935634576715529,0.03689459466841072,9,false,0.0066795668388966575,0.0066795668388966575,true
511,true,0.9925576782087684,-1.0334386452245443e6,1.0408777324691872e6,0.006406421423889697,-0.04138790792785585,9,false,0.006765363727615171,0.006765363727615171,true
511,true,0.9968189724217346,-1.0334308308652388e6,1.040798318122116e6,-0.011050679022446275,-0.08249503886327147,9,false,0.00894347123473114,0.00894347123473114,true
255,true,0.8737930027981573,-1.0333761100476959e6,1.0408714380167369e6,0.358650587964803,0.3908693172270432,8,false,0.013826831060671972,0.013826831060671972,true
255,true,0.9776050819139964,-1.0335928343153727e6,1.0409389325249984e6,-0.6447088260902092,-0.6610153627116233,8,false,0.01596792147440579,0.01596792147440579,true
255,true,0.9935823033004019,-1.0335972314140036e6,1.0412319318981235e6,-0.07670662610325962,-0.16346478823106736,8,false,0.026453702496081644,0.026453702496081644,true
4,true,0.09564321170428902,-1.0335972314140036e6,1.0409958943230985e6,0.0,1568.4245062654372,2,true,0.047498544651180113,0.047498544651180113,true
1023,true,0.9940977143452623,-1.0334966778601944e6,1.0409418462500098e6,0.0127326495712623,0.01706731249578297,10,false,0.005092094858137278,0.005092094858137278,true
511,true,0.9934360191737297,-1.0334073348040117e6,1.0409428573051076e6,0.0068878825986757874,-0.05458817246835679,9,false,0.009354680320818003,0.009354680320818003,true
255,true,0.995987109282932,-1.0335092919075225e6,1.0407974617921322e6,-0.0334802201250568,-0.21870612050406635,8,false,0.017301120709805894,0.017301120709805894,true
7,true,0.20261017003222676,-1.0335066452799491e6,1.0409377506048637e6,-0.018729618866927922,1682.8722351818578,2,true,0.032344391218928646,0.032344391218928646,true
1023,true,0.9924842814199212,-1.0334811730736657e6,1.0408616214203223e6,0.02214684255886823,0.024971236241981387,10,false,0.00501855205527335,0.00501855205527335,true
511,true,0.9459790706028308,-1.0333482616526915e6,1.0409020914628226e6,-0.07245824707206339,0.17786241217982024,9,false,0.00935174530167983,0.00935174530167983,true
255,true,0.9263497227887364,-1.0334457487908927e6,1.040801973497238e6,0.20124443003442138,0.25783795944880694,8,false,0.015021564252654041,0.015021564252654041,true
255,true,0.8252459615629435,-1.0333759468767474e6,1.0408223224316209e6,-0.6468713011126965,0.8556095734238625,8,false,0.022617603851569794,0.022617603851569794,true
255,true,0.46277052998829116,-1.0334060510161921e6,1.0406626512770404e6,0.46280591865070164,2.159137904178351,8,false,0.024895241819654978,0.024895241819654978,true
511,true,0.9626685414630819,-1.0333860991228155e6,1.0407809140488222e6,0.022679838468320668,0.134878289536573,9,false,0.00913146901712054,0.00913146901712054,true
255,true,0.9921623651829448,-1.033488229651869e6,1.0408705683334416e6,-0.24554556037764996,-0.2926453211111948,8,false,0.015309041954221869,0.015309041954221869,true
127,true,0.6692420558451633,-1.0334953389386532e6,1.040990945493862e6,0.634538724203594,1.0971740139648318,7,false,0.02781294999173918,0.02781294999173918,true
255,true,0.806007288069007,-1.033494387873197e6,1.040923890384861e6,0.21681921207346022,0.7250807003583759,8,false,0.01926851658697224,0.01926851658697224,true
255,true,0.5351976955929658,-1.0334714262736844e6,1.0409664915979904e6,2.0216594681842253,2.3712678683223203,8,false,0.02006465793515662,0.02006465793515662,true
511,true,0.9951851354957393,-1.0333009063568079e6,1.0407925702209829e6,-0.27878072450403124,-0.602112099295482,9,false,0.009506546487416234,0.009506546487416234,true
255,true,0.660565656432766,-1.0334267098833945e6,1.0406590596066064e6,0.43149811681360006,1.6659586936002597,8,false,0.017177332085348444,0.017177332085348444,true
511,true,0.9991609171169661,-1.0333985232464764e6,1.0407793157276381e6,-0.4643540260149166,-0.6990930801257491,9,false,0.011814181383324575,0.011814181383324575,true
255,true,0.5575022290380474,-1.033469671020901e6,1.0409108982301474e6,-0.4867701504845172,2.171637726132758,8,false,0.021342937338757584,0.021342937338757584,true
511,true,0.9968253225709406,-1.0334660415194466e6,1.0409745990940504e6,-0.0017196694388985634,-0.07805276033468544,9,false,0.01104222114056177,0.01104222114056177,true
255,true,0.9835701855563198,-1.0335534909158219e6,1.0409549004585918e6,-0.08449140493758023,-0.22491427743807435,8,false,0.019637760746124094,0.019637760746124094,true
3,true,3.0480345933327746e-10,-1.0335534909158219e6,1.0409245871443042e6,0.0,2750.5040404893225,1,true,0.03334692769777986,0.03334692769777986,true
1023,true,0.9972986547757892,-1.0336314158599001e6,1.0411080739382459e6,0.0025537022156640887,0.010381343308836222,10,false,0.003796409815906968,0.003796409815906968,true
1023,true,0.9983447196450894,-1.0335113953006201e6,1.041122134563644e6,0.015055438969284296,-0.028459032881073654,9,false,0.0067241340840133714,0.0067241340840133714,true
511,true,0.9340733156287364,-1.033344819501665e6,1.0408726957885738e6,0.0145735377445817,0.23133095947559923,9,false,0.011831653061771617,0.011831653061771617,true
255,true,0.907819029294907,-1.0332994516484026e6,1.0407206860435806e6,-0.09016869275365025,0.40357463038526475,8,false,0.017372997587196425,0.017372997587196425,true
255,true,0.9218719885925758,-1.0333487110308916e6,1.0406636453099608e6,-0.18355279113166034,-0.4463718952611089,8,false,0.023647333115867187,0.023647333115867187,true
8,true,0.12278244153198697,-1.0333499526545164e6,1.0409224044515489e6,0.020227650529704988,9131.380513243377,3,true,0.03323416564118617,0.03323416564118617,true
1023,true,0.9964898465216185,-1.0334269553155544e6,1.0406812273582013e6,0.00402689294423908,0.018490251270122826,10,false,0.005777189530634324,0.005777189530634324,true
511,true,0.8904627798839341,-1.0334913203623676e6,1.0409166121508478e6,0.2611624819692224,0.28320508962497115,9,false,0.009903882188855486,0.009903882188855486,true
511,true,0.9267623099973209,-1.0335340842293603e6,1.0409698482174955e6,-0.19439988385420293,-0.5439040448982269,9,false,0.012822612795393913,0.012822612795393913,true
255,true,0.8539944707012214,-1.0334357980888259e6,1.0408916864454491e6,-0.5883860164321959,-0.6857334247324616,8,false,0.018137773748739754,0.018137773748739754,true
255,true,0.7266841316382001,-1.033702706506475e6,1.0410846532925093e6,-0.03900921042077243,0.8221059362404048,8,false,0.021229416138473556,0.021229416138473556,true
255,true,0.9184321159526554,-1.0334369171395887e6,1.041118606607041e6,0.09397281298879534,0.22753398411441594,8,false,0.018005453902917176,0.018005453902917176,true
255,true,0.9847904609324913,-1.0334800440715144e6,1.0408777749049714e6,-0.2690844223834574,-0.32421156321652234,8,false,0.02468626240457865,0.02468626240457865,true
5,true,0.20802159437956774,-1.0334745954607731e6,1.0410167235414011e6,0.4833505859132856,25040.15004926524,2,true,0.039700081802787966,0.039700081802787966,true
511,true,0.9940649451678257,-1.0333476994963465e6,1.0407764736959907e6,0.022862029261887074,-0.03549693385139108,9,false,0.009404893984070472,0.009404893984070472,true
255,true,0.8883311256587971,-1.0334519027365628e6,1.0407515793201198e6,0.3233115825569257,0.34017447708174586,8,false,0.015469762117591743,0.015469762117591743,true
255,true,0.8392603853356891,-1.0334176607605682e6,1.0409216794117925e6,-0.13833906035870314,-0.7473875269060954,8,false,0.019557199587674552,0.019557199587674552,true
255,true,0.8942775797172943,-1.0333821915700792e6,1.0407950884448569e6,0.44757254829164594,-0.745562125579454,8,false,0.021898459633009768,0.021898459633009768,true
127,true,0.6225012732033675,-1.0334222894791255e6,1.0408000120850267e6,-0.2821382188703865,2.4260519695235416,7,false,0.027918505672153943,0.027918505672153943,true
255,true,0.8626834190236135,-1.033449171166673e6,1.0408482048773313e6,-0.6575794549426064,-0.7556951575679705,8,false,0.0186137306658717,0.0186137306658717,true
255,true,0.6469891100322795,-1.0333618576896817e6,1.0407662037837894e6,0.18744236789643764,1.1086192147340626,8,false,0.02197630784093207,0.02197630784093207,true
255,true,0.9898735018997574,-1.0333893641706526e6,1.040751252841678e6,-0.09042412892449647,-0.14042806543875486,8,false,0.015622430047369499,0.015622430047369499,true
255,true,0.24265082742328792,-1.0336241617448358e6,1.0410174135900817e6,0.27348961238749325,4.968164820224047,8,false,0.02476490078762069,0.02476490078762069,true
511,true,0.9994210666552346,-1.0335484722221605e6,1.0410011376214896e6,-0.0270865197526291,-0.03498209058307111,9,false,0.0069390376144050445,0.0069390376144050445,true
511,true,0.9839617444834687,-1.033487074129533e6,1.0409711904695712e6,0.02765481558162719,0.05876720754895359,9,false,0.01123352891860161,0.01123352891860161,true
255,true,0.9201891613487584,-1.0334549492081552e6,1.0409238222663928e6,0.09813655284233391,0.24646520521491766,8,false,0.01744700160254312,0.01744700160254312,true
255,true,0.8450807726738421,-1.0334593332412913e6,1.040816051852787e6,0.33150926558300853,0.5801110315369442,8,false,0.023317905352328812,0.023317905352328812,true
255,true,0.48844677107898954,-1.0333183991125488e6,1.0407999385695647e6,-0.732387158786878,3.0068702155258507,8,false,0.026215179398778557,0.026215179398778557,true
511,true,0.9890838985032702,-1.033317173307181e6,1.0407800717127284e6,-0.03117140068206936,0.06666277337353677,9,false,0.013238282718778385,0.013238282718778385,true
255,true,0.8195613157915431,-1.0333427744795107e6,1.0407696557077933e6,0.14329996926244348,0.417532981839031,8,false,0.020546413067773422,0.020546413067773422,true
255,true,0.6391137090202564,-1.0333769945037968e6,1.0409384691504136e6,1.0256389692658558,1.189196294057183,8,false,0.0217964091540911,0.0217964091540911,true
255,true,0.9694501221163919,-1.0334451916905477e6,1.0407944925580819e6,-0.5015986120561138,-0.5690937493927777,8,false,0.015534002188638535,0.015534002188638535,true
255,true,0.6694337543734606,-1.0334178332203473e6,1.0407826995792971e6,0.7636114812921733,1.113900082767941,8,false,0.022890393589478895,0.022890393589478895,true
255,true,0.9655411865818395,-1.0335471737884259e6,1.0409598406063087e6,-0.3723447301890701,-0.589432974695228,8,false,0.017486477847297587,0.017486477847297587,true
255,true,0.950401287208365,-1.0335029050628388e6,1.0409736144137001e6,-0.21635655232239515,-0.43276186590082943,8,false,0.025415952001416317,0.025415952001416317,true
4,true,0.2501580356075547,-1.0334999585286811e6,1.0409382391183425e6,-0.39267922355793417,2249.5476144130807,2,true,0.035604387581860734,0.035604387581860734,true
511,true,0.8358011595935865,-1.0334506708739765e6,1.0408914994032528e6,0.08447224309202284,0.38125971565023065,9,false,0.011119140729265037,0.011119140729265037,true
511,true,0.9355153513218843,-1.0333872615083165e6,1.0409477844979875e6,0.0099530239822343,0.21109389362391084,9,false,0.012216848148050161,0.012216848148050161,true
255,true,0.9428209021068641,-1.0334142242235827e6,1.0408561800695991e6,-0.19006985309533775,-0.24368944147136062,8,false,0.01655490282258022,0.01655490282258022,true
255,true,0.8189839493311825,-1.0333213061972155e6,1.0407901551865379e6,0.08684725197963417,0.48434997675940394,8,false,0.022703794340311084,0.022703794340311084,true
255,true,0.4359637198161413,-1.0333820768991245e6,1.0406215782857102e6,0.46954463061410934,2.5636607328196988,8,false,0.023948180892728276,0.023948180892728276,true
511,true,0.9978849979649311,-1.0333925645748823e6,1.0407630915209517e6,-0.12353991693817079,-0.1452360370894894,9,false,0.011378611876695813,0.011378611876695813,true
255,true,0.895477290524327,-1.0334665301606003e6,1.0408460296384852e6,0.13598778669256717,0.27604835550300777,8,false,0.017431710149119792,0.017431710149119792,true
255,true,0.954495917215097,-1.033448673692303e6,1.0409024554313876e6,-0.09710185986477882,-0.3040138577343896,8,false,0.021530807991314425,0.021530807991314425,true
7,true,0.19640678041919685,-1.033450072427285e6,1.0407545317396335e6,-0.2032374043483287,1646.1221382030053,2,true,0.029943481724983317,0.029943481724983317,true
511,true,0.9998544550677724,-1.0335833809064752e6,1.0409516549704338e6,-0.009596024872735143,-0.02166364761069417,9,false,0.008854648645732347,0.008854648645732347,true
255,true,0.8140244003184526,-1.0334251401373659e6,1.0409645291380417e6,0.41707124921958894,0.43947498814668506,8,false,0.013514422791863873,0.013514422791863873,true
255,true,0.9988438275981447,-1.033602839721619e6,1.0409968598107154e6,-0.39183185005094856,-0.44303120335098356,8,false,0.014117160187783407,0.014117160187783407,true
255,true,0.9213422154761102,-1.0335514348307445e6,1.0411058669223858e6,0.01634711108636111,0.3039413660299033,8,false,0.021359466355270362,0.021359466355270362,true
127,true,0.43384343187224916,-1.0334988901478179e6,1.0411157846696308e6,0.11267388553824276,2.3638531126780435,7,false,0.027568146632481305,0.027568146632481305,true
511,true,0.8435732128607613,-1.0334713235831092e6,1.0409531226128512e6,-0.008587429183535278,0.4357740473933518,9,false,0.01346808912007971,0.01346808912007971,true
255,true,0.7630502731584153,-1.0334983705355407e6,1.0411180904864839e6,0.18098999024368823,0.6847002842696384,8,false,0.014899153539609007,0.014899153539609007,true
255,true,0.9099823078063407,-1.0335003392608296e6,1.0408664645023518e6,-0.1061888727126643,0.34364327148068696,8,false,0.014051656071756352,0.014051656071756352,true
255,true,0.9954791509349084,-1.0335203455484773e6,1.0409982182984888e6,-0.12597126932814717,-0.25800045230425894,8,false,0.017681931382885686,0.017681931382885686,true
255,true,0.7951648364870678,-1.0334756941407039e6,1.0410053190279681e6,0.5093850588891655,0.7390812300145626,8,false,0.026228519345661925,0.026228519345661925,true
255,true,0.9510978944315179,-1.0335005706257384e6,1.0408780038496557e6,-0.32752979488577694,-0.7276139375753701,8,false,0.026275139098639502,0.026275139098639502,true
6,true,0.13516864877829152,-1.0335030115381376e6,1.0408498873910133e6,0.20959432621020824,4398.503158564679,2,true,0.035573399191421516,0.035573399191421516,true
511,true,0.9911294986399651,-1.0334867808916547e6,1.0409096875314437e6,0.020785144064575434,-0.08603834640234709,9,false,0.009999992002286278,0.009999992002286278,true
255,true,0.9114420873083768,-1.0334696429448852e6,1.0408415782502245e6,-0.08431234152521938,0.3233637986704707,8,false,0.014639609635289555,0.014639609635289555,true
255,true,0.7663390296546865,-1.0334433782930848e6,1.0408407451854174e6,-0.07766905834432691,0.729118286864832,8,false,0.018347920181237605,0.018347920181237605,true
255,true,0.9930027541145848,-1.0334320844521534e6,1.0408992460695588e6,0.013083767145872116,-0.10962008137721568,8,false,0.017425260576796536,0.017425260576796536,true
255,true,0.9819812998014015,-1.0335100173763124e6,1.0407894141886433e6,0.030412337626330554,-0.33051321061793715,8,false,0.02540371996324743,0.02540371996324743,true
4,true,0.08916437666950941,-1.0335100173763124e6,1.0408127555445932e6,0.0,11886.486569196335,2,true,0.036154094834603565,0.036154094834603565,true
511,true,0.9983785032540557,-1.0334492649039857e6,1.041000898834296e6,-0.028450300451368093,-0.04747042525559664,9,false,0.009638156532600297,0.009638156532600297,true
255,true,0.9939151638581151,-1.0336417122552688e6,1.0409957399624097e6,0.025476763141341507,0.051672992995008826,8,false,0.014157414805301187,0.014157414805301187,true
255,true,0.7515085684381334,-1.0334441520248484e6,1.0411009653753416e6,0.5542840680573136,0.7288742841919884,8,false,0.020555298553491773,0.020555298553491773,true
255,true,0.9963633541165483,-1.0334158229562226e6,1.0408079686666685e6,-0.3064204518450424,-0.5998529066564515,8,false,0.019004194479181655,0.019004194479181655,true
127,true,0.9951666728361851,-1.0333646018508484e6,1.0406823555321768e6,0.08262659376487136,-0.5793464411981404,7,false,0.02759322762704338,0.02759322762704338,true
2,true,5.750923224030723e-21,-1.0333646018508484e6,1.0408633392976854e6,0.0,1610.5454545244575,1,true,0.03985052048931909,0.03985052048931909,true
511,true,0.9432760873260738,-1.0335335072481256e6,1.0409285649499858e6,-0.04930782783776522,0.16499547811690718,9,false,0.009325790876597208,0.009325790876597208,true
511,true,0.9857399830134569,-1.0332808847572219e6,1.040992122372825e6,-0.0023428989807143807,0.06372575974091887,9,false,0.012272411096207905,0.012272411096207905,true
1,true,0.0,-1.0332808847572219e6,1.0407134277484297e6,0.0,61641.90193840198,0,true,0.17202639008923137,0.17202639008923137,true
12,true,0.32443314086627734,-1.0332691510782542e6,1.0407903192163549e6,-0.019629565649665892,1094.1760149953188,3,true,0.028850118229670426,0.028850118229670426,true
511,true,0.980387138706042,-1.0332641499632132e6,1.0406052100129975e6,0.03424288344103843,0.052567192004062235,9,false,0.006725351476200622,0.006725351476200622,true
511,true,0.978318729497884,-1.0332574169981328e6,1.0408309007266011e6,0.03924021264538169,0.09633082151412964,9,false,0.009129761631678055,0.009129761631678055,true
255,true,0.9929376677562354,-1.0334128237889135e6,1.040693581253926e6,-0.0061733940383419394,-0.2903629810316488,8,false,0.01387595016709138,0.01387595016709138,true
255,true,0.7109372135134152,-1.033527265485237e6,1.0409024125309554e6,-0.7237366575282067,1.4092115494422615,8,false,0.023620042768255748,0.023620042768255748,true
255,true,0.8620930451385823,-1.0336481752741574e6,1.0410926631705017e6,0.10889338329434395,0.3645142449531704,8,false,0.017418660202657293,0.017418660202657293,true
255,true,0.960538977116035,-1.0334857641362882e6,1.0410840259964385e6,0.08251040440518409,-0.2536124308826402,8,false,0.020776739174707914,0.020776739174707914,true
6,true,0.025263272542429105,-1.0334857641362882e6,1.040996745510251e6,0.0,1064.7089146140497,2,true,0.034199467886020504,0.034199467886020504,true
1023,true,0.999856915274651,-1.0335255794927065e6,1.0409437205017713e6,-0.0033940086141228676,-0.007287598447874188,10,false,0.0029461641812409283,0.0029461641812409283,true
1023,true,0.9989747471409158,-1.0335640138001707e6,1.0410840160030395e6,-0.01202620379626751,-0.015266317292116582,10,false,0.005562351361272529,0.005562351361272529,true
511,true,0.9913525890784558,-1.0336052894637393e6,1.0409881917356839e6,-0.0006238288478925824,0.023777443449944258,9,false,0.010505941062275408,0.010505941062275408,true
255,true,0.9718337071449905,-1.0335598622516353e6,1.0409810283963027e6,0.01716533093713224,0.09034014050848782,8,false,0.019351061140652374,0.019351061140652374,true
7,true,0.2554788358139787,-1.0335598622516353e6,1.0408789667851218e6,0.0,1503.6681875820505,2,true,0.0334039774852639,0.0334039774852639,true
1023,true,0.9874965860302536,-1.0333865501805063e6,1.040935267496054e6,0.009822887252084911,0.028390278108417988,10,false,0.006232285385686572,0.006232285385686572,true
511,true,0.9789284805888467,-1.0334649297286033e6,1.0408559222602621e6,0.01626554678659886,0.07901947665959597,9,false,0.011328260398857336,0.011328260398857336,true
255,true,0.8983543739685544,-1.0334558419248778e6,1.0408675993160278e6,-0.06761306012049317,0.3620272792177275,8,false,0.019913702569199655,0.019913702569199655,true
127,true,0.06370961366174745,-1.033418724146646e6,1.0408112652746338e6,0.6418745531700552,54.562156724743545,7,false,0.02720974903187917,0.02720974903187917,true
1023,true,0.9994879901848732,-1.0333693050162987e6,1.0407436057881962e6,-0.00032402179203927517,-0.01098322938196361,10,false,0.0030110067032264433,0.0030110067032264433,true
1023,true,0.9921159531618209,-1.0333563256414155e6,1.0406731409017722e6,0.011007576365955174,0.040295324637554586,10,false,0.00562664408364686,0.00562664408364686,true
511,true,0.9561894173541363,-1.0334617745670283e6,1.0408332459844388e6,0.025906202383339405,0.1852556896628812,9,false,0.010188625430692908,0.010188625430692908,true
255,true,0.9766489770332738,-1.0334850034333983e6,1.0408919288003145e6,-0.30556621588766575,-0.44421901111491024,8,false,0.01644758851717194,0.01644758851717194,true
13,true,0.28292808607883374,-1.0334818691811214e6,1.0409888360616989e6,-0.20547688740771264,1908.6834279935574,3,true,0.027958529165928007,0.027958529165928007,true
1023,true,0.9703085579134639,-1.033440258519053e6,1.040888243022258e6,-0.0048931719502434134,0.07368684478569776,10,false,0.00638069041648958,0.00638069041648958,true
511,true,0.9927589253321992,-1.0334801503351119e6,1.0407827864710836e6,-0.009787917835637927,0.0380465027410537,9,false,0.010645334157211727,0.010645334157211727,true
255,true,0.6450756240815145,-1.0335687430458016e6,1.0409590650711277e6,0.19576454325579107,1.016865884885192,8,false,0.018765246330462598,0.018765246330462598,true
511,true,0.9258710154086136,-1.0333873646865115e6,1.0409237921796652e6,0.06119068746920675,0.22499267489183694,9,false,0.012339605848235036,0.012339605848235036,true
255,true,0.9941837927477605,-1.0335562521297274e6,1.0408605175215799e6,-0.007917456445284188,-0.34056075557600707,8,false,0.017863729368278087,0.017863729368278087,true
6,true,0.10586734913581337,-1.0335559006521537e6,1.0409959324441516e6,0.5611322676995769,1631.4555766556878,2,true,0.031037997687149273,0.031037997687149273,true
1023,true,0.9982381101815834,-1.0333693266440846e6,1.0408439213170782e6,0.005798792699351907,-0.03693504794500768,10,false,0.004691282632312188,0.004691282632312188,true
511,true,0.9969716274740389,-1.0334977673615082e6,1.0407900232624279e6,-0.03324921824969351,-0.1334112660260871,9,false,0.008257243811804805,0.008257243811804805,true
255,true,0.8420728206752155,-1.0335333338844074e6,1.040902978756371e6,0.16923129430506378,0.5591228796401992,8,false,0.014350480148663927,0.014350480148663927,true
255,true,0.9909293340566291,-1.0332573983347485e6,1.0408181067546224e6,-0.3892949429573491,-0.6030346966581419,8,false,0.016339836231956582,0.016339836231956582,true
32,true,0.3753531256522378,-1.0332793966253684e6,1.0406748049585987e6,-0.3251024669734761,1654.2103866146645,5,true,0.02754562747477575,0.02754562747477575,true
511,true,0.9644396480582433,-1.033309842325986e6,1.0407600226270766e6,0.053459899267181754,0.09877575084101409,9,false,0.009126339206630403,0.009126339206630403,true
255,true,0.9523409348375776,-1.033410384428198e6,1.040748737502585e6,0.1440932663390413,0.2080854035448283,8,false,0.01430444373051841,0.01430444373051841,true
255,true,0.6603753449749247,-1.03338155577574e6,1.0407481858239652e6,1.242188127245754,1.5383646776899695,8,false,0.02157650873009668,0.02157650873009668,true
255,true,0.9916810111210862,-1.0334083121595165e6,1.040800558493598e6,-0.8687761741457507,-1.0086631091544405,8,false,0.015276954618682854,0.015276954618682854,true
255,true,0.9770086790096599,-1.0336021247851385e6,1.0409526195026257e6,-0.25046850950457156,-0.38412983948364854,8,false,0.025299301877363796,0.025299301877363796,true
3,true,4.480120966157224e-9,-1.0336021247851385e6,1.0410514572331744e6,0.0,29500.73862883344,1,true,0.04006268453890869,0.04006268453890869,true
1023,true,0.9983449311717021,-1.0333699880565344e6,1.0409418785907557e6,0.0013627288863062859,-0.011005377280525863,10,false,0.005419146452679623,0.005419146452679623,true
511,true,0.9920825714427662,-1.0333974402890094e6,1.0408468326866112e6,-0.0011604161700233817,0.0356382941827178,9,false,0.00909058411670073,0.00909058411670073,true
255,true,0.8763102704835336,-1.0334914985004315e6,1.0409005626955458e6,0.13976029946934432,0.33554796397220343,8,false,0.014901098462247155,0.014901098462247155,true
255,true,0.989685267435212,-1.0335166528341537e6,1.0409969488635352e6,0.049240803346037865,-0.30707666522357613,8,false,0.018247573156421306,0.018247573156421306,true
7,true,0.1639615781557105,-1.033514572716459e6,1.0409487646650566e6,0.21266137366183102,3122.2158082373207,2,true,0.02937806556100662,0.02937806556100662,true
1023,true,0.9986177757767348,-1.0334116635684806e6,1.0409861702907328e6,-0.00524879852309823,-0.054478728328831494,10,false,0.006357349729725271,0.006357349729725271,true
511,true,0.9725149165195717,-1.0333440033524066e6,1.0408128793886682e6,-0.05568775814026594,-0.13044511433690786,9,false,0.010463340834366501,0.010463340834366501,true
255,true,0.998535247978589,-1.0333965869242551e6,1.0407162033635741e6,-0.16519741096999496,-0.19743576645851135,8,false,0.0160685883816455,0.0160685883816455,true
127,true,0.7824634157428145,-1.033537886673514e6,1.041046680521617e6,0.23655405233148485,0.5379062441643327,7,false,0.026094229632875377,0.026094229632875377,true
255,true,0.5233428001986304,-1.0334316712578362e6,1.0408800354145117e6,0.37850642716512084,1.7900756157469004,8,false,0.025298051463376884,0.025298051463376884,true
255,true,0.7545335818634112,-1.0335391204268644e6,1.0409423102716659e6,-0.06881203141529113,0.7577130242716521,8,false,0.013374905419374776,0.013374905419374776,true
511,true,0.9885128368892485,-1.0334379896015794e6,1.0409626818805466e6,0.03352749452460557,-0.07770324684679508,9,false,0.012208009237150765,0.012208009237150765,true
255,true,0.6864464353946363,-1.0334846279120382e6,1.0408716002831927e6,-0.0615544356405735,1.0868161821272224,8,false,0.019157050182967476,0.019157050182967476,true
255,true,0.4202004675922751,-1.0333937851256172e6,1.0410516701456455e6,2.5882876850664616,2.6181996806990355,8,false,0.014935778356049336,0.014935778356049336,true
1023,true,0.9999234923843303,-1.0334981470408646e6,1.040845932842627e6,-0.4106573589378968,-0.4958278574049473,10,false,0.006362246098735897,0.006362246098735897,true
511,true,0.9762607775111383,-1.033702682074626e6,1.0411229783519235e6,-0.003006567480042577,-0.22031027567572892,9,false,0.010198145945525141,0.010198145945525141,true
255,true,0.9278602752864358,-1.0334917761590404e6,1.0410907268052725e6,-0.3838149398798123,-0.47593274957034737,8,false,0.015406483709786587,0.015406483709786587,true
255,true,0.8311666505859837,-1.0335677830706827e6,1.0410196367890622e6,-0.14293952123261988,0.526832491508685,8,false,0.020776996611743696,0.020776996611743696,true
255,true,0.8093677341819854,-1.0336354358522415e6,1.04115307756946e6,0.07840582157950848,0.5238879405660555,8,false,0.02250983176859578,0.02250983176859578,true
255,true,0.7341237484923492,-1.033562371610424e6,1.0410971540763235e6,0.3021209827857092,0.8279576712520793,8,false,0.023215140927952585,0.023215140927952585,true
255,true,0.6048192798010611,-1.0335014408127401e6,1.0410993335360615e6,-0.061833494110032916,1.55531575193163,8,false,0.02028132987416668,0.02028132987416668,true
255,true,0.9894134373983253,-1.0334975559212993e6,1.0409030429119827e6,0.04618746950291097,-0.12811526202131063,8,false,0.013373940444577353,0.013373940444577353,true
255,true,0.9583285075102027,-1.0334356725868366e6,1.0409104763919675e6,-0.2326182248070836,-0.38582326914183795,8,false,0.020450530298111908,0.020450530298111908,true
8,true,0.0008748359304437891,-1.0334356725868366e6,1.0409646900772563e6,0.0,3569.117166664684,3,true,0.029095448272280888,0.029095448272280888,true
1023,true,0.9977156519709587,-1.0335166884611759e6,1.040893549012665e6,0.009399934788234532,0.013109243125654757,10,false,0.005262749741026915,0.005262749741026915,true
511,true,0.980990926027354,-1.0335071589405338e6,1.0410515513371915e6,-0.008027427713386714,0.06563476612791419,9,false,0.008174124350713855,0.008174124350713855,true
511,true,0.9706761539165069,-1.0334820690595026e6,1.0410744307881559e6,-0.05186114041134715,0.10473748075310141,9,false,0.01219192404732828,0.01219192404732828,true
255,true,0.8596019634307477,-1.0334415247636443e6,1.0408622083222518e6,0.057123392703942955,0.37866477796342224,8,false,0.017713192741839634,0.017713192741839634,true
255,true,0.9923098838337536,-1.0334765143702007e6,1.0408792219336993e6,-0.1259705307893455,-0.17805056390352547,8,false,0.020290438084863794,0.020290438084863794,true
5,true,0.15155751448748592,-1.0334756153599175e6,1.0409750559361738e6,0.3309530187398195,1131.3403942522127,2,true,0.030632437355341217,0.030632437355341217,true
511,true,0.9898776909166165,-1.0334121545616555e6,1.0408331519438328e6,0.024708601995371282,0.03974790987558663,9,false,0.008007134211536782,0.008007134211536782,true
511,true,0.9879907465132982,-1.0333454323897881e6,1.0409087834938576e6,0.0029539541574195027,-0.1262523578479886,9,false,0.012033161097454292,0.012033161097454292,true
255,true,0.9915780448368421,-1.033407183352519e6,1.0408180747487415e6,-0.0869129067286849,-0.2690185836981982,8,false,0.017935866285954394,0.017935866285954394,true
127,true,0.19334311340872357,-1.033546955502265e6,1.0408896436742273e6,2.228374546742998,12.596924805780873,7,false,0.02681900358331342,0.02681900358331342,true
511,true,0.9929957394121907,-1.0335545068009205e6,1.0409955536155965e6,-0.10391404130496085,-0.22572444682009518,9,false,0.007851409283402151,0.007851409283402151,true
511,true,0.9740607820159966,-1.033522714680439e6,1.0409254576554253e6,0.13139447732828557,-0.28729123866651207,9,false,0.011773890205809136,0.011773890205809136,true
255,true,0.9996604601885701,-1.0334853175602157e6,1.0409737101524223e6,-0.6274912321241572,-0.8447143140947446,8,false,0.01692436655966441,0.01692436655966441,true
255,true,0.4319207382357819,-1.0333504843817516e6,1.0407920138612685e6,1.9068218474276364,2.935744154267013,8,false,0.025517191005978455,0.025517191005978455,true
511,true,0.9593314691568373,-1.0334681529695537e6,1.0408580961840465e6,-0.5070587008958682,-0.5563787264982238,9,false,0.012328262034734085,0.012328262034734085,true
255,true,0.9887096622421632,-1.0334666346555513e6,1.0409395432708001e6,-0.00029709271620959044,-0.11112657224293798,8,false,0.017112004007153164,0.017112004007153164,true
255,true,0.7928049719016674,-1.0334113907367613e6,1.0408067059997343e6,0.11195460858289152,0.622817886644043,8,false,0.02509231948295601,0.02509231948295601,true
255,true,0.6966920477771777,-1.0334439838853705e6,1.0408591249539567e6,0.05608063703402877,1.0783901900285855,8,false,0.024927949798172387,0.024927949798172387,true
255,true,0.4928485364477749,-1.0334799072243707e6,1.0408002778619583e6,1.8878722962690517,2.1710115532623604,8,false,0.020514644218167673,0.020514644218167673,true
511,true,0.9729632613285174,-1.033576988926406e6,1.0409414569304832e6,0.15294841502327472,-0.6506009994773194,9,false,0.011365519607138734,0.011365519607138734,true
255,true,0.9785331519971977,-1.0335263827672198e6,1.041005939863032e6,-1.2948806590866297,-1.5883765807375312,8,false,0.01607671478766526,0.01607671478766526,true
255,true,0.6519630121103646,-1.0334686819507534e6,1.0409062122414882e6,-0.3232143106870353,1.4963598455069587,8,false,0.02291230523475555,0.02291230523475555,true
255,true,0.9171627614208426,-1.033514949026297e6,1.0408818532550334e6,0.02774732408579439,0.2965025588637218,8,false,0.017368296883131653,0.017368296883131653,true
255,true,0.824762830426606,-1.0334805268723124e6,1.0408984131065367e6,0.31661313853692263,0.6334764568600804,8,false,0.021929011907102284,0.021929011907102284,true
255,true,0.30777399629014957,-1.0334872309662637e6,1.0409370217598968e6,-0.6962263444438577,6.727888415101916,8,false,0.023167292484411073,0.023167292484411073,true
511,true,0.9856749076997784,-1.0335345005743647e6,1.040879773630531e6,0.007238762569613755,0.035097741056233644,9,false,0.009172717237254158,0.009172717237254158,true
255,true,0.9453604584667328,-1.0334247663798803e6,1.0410106884639028e6,0.10122074326500297,0.1428718181559816,8,false,0.013176358289476508,0.013176358289476508,true
255,true,0.8080716800502338,-1.033460071179575e6,1.0408099351793027e6,-0.0254167509265244,0.649032705812715,8,false,0.01748907071084982,0.01748907071084982,true
255,true,0.8261690418983356,-1.033504058425626e6,1.0408516109150407e6,0.0506611093878746,0.5667560666333884,8,false,0.01790623845627321,0.01790623845627321,true
255,true,0.7214535969655417,-1.0334757841134631e6,1.0409011484321023e6,0.4509336435003206,0.9446309902705252,8,false,0.01895802478129252,0.01895802478129252,true
255,true,0.9990909869267924,-1.0335467078646949e6,1.0410566027883736e6,-0.46283797442447394,-0.5597439389675856,8,false,0.01651678477513197,0.01651678477513197,true
255,true,0.773452040374413,-1.033632127029151e6,1.0410811975956524e6,0.5833644295344129,0.7752781173912808,8,false,0.02406895210869852,0.02406895210869852,true
255,true,0.952467696321547,-1.0335382118983264e6,1.0409414091131942e6,-0.5640921711456031,-0.6952018898446113,8,false,0.02307826866647683,0.02307826866647683,true
6,true,2.9027308626802006e-7,-1.0335382118983264e6,1.0410265976836737e6,0.0,1009.6694767378503,2,true,0.030733766206993616,0.030733766206993616,true
511,true,0.9732482636118643,-1.0335536686386281e6,1.0410209135001599e6,0.04381144302897155,0.06824750825762749,9,false,0.007174631383498221,0.007174631383498221,true
511,true,0.9990512057617067,-1.0336080283814776e6,1.0410860981466539e6,-0.002120767836458981,-0.11598976072855294,9,false,0.009946160239110052,0.009946160239110052,true
255,true,0.9637104811906211,-1.0334954654876348e6,1.0410586385687842e6,0.06235826399642974,-0.22802807413972914,8,false,0.014408870023285485,0.014408870023285485,true
255,true,0.9431517196937742,-1.0334816594117205e6,1.0408015847578057e6,-0.4063332407968119,-0.5455777286551893,8,false,0.01952576840987204,0.01952576840987204,true
255,true,0.4057428685327058,-1.0335310626117905e6,1.0410001424534514e6,-0.20783555135130882,2.895517491735518,8,false,0.02543767497903343,0.02543767497903343,true
511,true,0.78175819589386,-1.0336243694079202e6,1.041005511926576e6,0.19008951482828707,0.5265356451272964,9,false,0.012643011531631089,0.012643011531631089,true
511,true,0.7947478787837471,-1.0334727156734974e6,1.041044442606394e6,-0.12313111731782556,0.6356382833328098,9,false,0.012348738474430545,0.012348738474430545,true
511,true,0.9914565016020623,-1.0334971364716549e6,1.041004380939013e6,-0.03194831102155149,-0.07383377070073038,9,false,0.012344517506033471,0.012344517506033471,true
255,true,0.944332961479856,-1.0333650685930665e6,1.0408129176623378e6,0.13394258462358266,0.19078047573566437,8,false,0.017473114296021396,0.017473114296021396,true
255,true,0.8443181159018869,-1.0334954981879588e6,1.0409429350177969e6,-0.15058227290865034,0.5883732173824683,8,false,0.02270082495504792,0.02270082495504792,true
255,true,0.9214357326961837,-1.0336022758590851e6,1.0409858467255323e6,0.20586628839373589,0.3595088586444035,8,false,0.02469539774275707,0.02469539774275707,true
6,true,0.007314993647370268,-1.0336022758590851e6,1.0409852306359983e6,0.0,5339.235664133681,2,true,0.030721803699361186,0.030721803699361186,true
511,true,0.9678285327920447,-1.033512054513612e6,1.0409711765490765e6,0.012691265204921365,0.09730688703712076,9,false,0.007766221309598177,0.007766221309598177,true
511,true,0.9606151890735886,-1.033417219735183e6,1.0409162912850779e6,-0.018205600208602846,0.13813028123695403,9,false,0.010498929199815304,0.010498929199815304,true
255,true,0.8573378133707161,-1.033492876303655e6,1.0408183221506949e6,0.12836872378829867,0.4421554250875488,8,false,0.013985479984003606,0.013985479984003606,true
255,true,0.8483461592631691,-1.0334647061159242e6,1.0409373950921302e6,-0.23734066495671868,0.5280310674570501,8,false,0.015560962115343056,0.015560962115343056,true
255,true,0.8187363007751969,-1.0333744880643266e6,1.0408049058079284e6,0.10557010292541236,0.5242005531908944,8,false,0.017035063991735048,0.017035063991735048,true
255,true,0.976047916579647,-1.0333935754912319e6,1.04071898082818e6,-0.176211635931395,-0.24522338609676808,8,false,0.017716173147375378,0.017716173147375378,true
255,true,0.2543192562204113,-1.0334356654245842e6,1.0409378644264551e6,0.5177825718419626,6.424407947692089,8,false,0.024079010954553396,0.024079010954553396,true
511,true,0.9956487930591368,-1.0335066813488887e6,1.0408359404064182e6,-0.011823051027022302,-0.11494105577003211,9,false,0.009592524821495113,0.009592524821495113,true
255,true,0.9913595712806367,-1.033447506137953e6,1.0409705979633825e6,0.0026651767548173666,-0.19093773572240025,8,false,0.013476463362256276,0.013476463362256276,true
255,true,0.9896769081572971,-1.0334650115663508e6,1.040913467434499e6,-0.19783673586789519,-0.3573258783435449,8,false,0.01875095092732246,0.01875095092732246,true
255,true,0.29902032261250305,-1.0334987896825586e6,1.0409292196932405e6,3.574743097880855,3.7188039367320016,8,false,0.02595527842299087,0.02595527842299087,true
511,true,0.9990871651545903,-1.03345833872333e6,1.0407953726399067e6,-0.2734008104307577,-0.7325915955007076,9,false,0.011283902746738086,0.011283902746738086,true
255,true,0.8855644893712942,-1.0335014545742569e6,1.0409582636264702e6,-0.5645600957795978,-0.8831899245269597,8,false,0.015857795341414155,0.015857795341414155,true
255,true,0.9998160889943283,-1.033534742291438e6,1.0410787863646667e6,-0.04059712472371757,-0.4560547445435077,8,false,0.018410153631215766,0.018410153631215766,true
255,true,0.2933885618724278,-1.0335590673329373e6,1.0410636863982992e6,0.09024759114254266,6.65803739184048,8,false,0.025799155000909083,0.025799155000909083,true
511,true,0.9936923427238922,-1.033508143062977e6,1.0410825413511432e6,-0.02208916423842311,-0.1777009991928935,9,false,0.011238550486099792,0.011238550486099792,true
255,true,0.7752778763247161,-1.0335614760200217e6,1.0410609828250324e6,-0.045400879927910864,0.7962215008446947,8,false,0.015581090404910765,0.015581090404910765,true
255,true,0.6535136941394443,-1.033583264531499e6,1.041012613900135e6,-0.13198268122505397,1.193107910337858,8,false,0.015065792754684474,0.015065792754684474,true
511,true,0.9992874081173095,-1.0334852379144926e6,1.0409739157493412e6,-0.013416345696896315,-0.06391643360257149,9,false,0.011941354952679084,0.011941354952679084,true
255,true,0.9998051941922353,-1.0334267033905828e6,1.0408925977831384e6,-0.04866279731504619,-0.11112671194132417,8,false,0.01664824395941364,0.01664824395941364,true
255,true,0.5374260371214117,-1.0334104951656e6,1.0407772619003439e6,0.6746508678188547,1.6066640245262533,8,false,0.023178791169434523,0.023178791169434523,true
255,true,0.9728037664900775,-1.0334085831880796e6,1.0407745031828874e6,-0.048324364237487316,-0.3299105593468994,8,false,0.015237761979166403,0.015237761979166403,true
255,true,0.958069377997907,-1.0334682988469729e6,1.0409606211756783e6,-0.2654418413294479,-0.4886031018104404,8,false,0.0202723174374132,0.0202723174374132,true
127,true,0.2340257582939892,-1.0334967478725136e6,1.0409202675645767e6,0.02493156399577856,7.175704181427136,7,false,0.026289982968896813,0.026289982968896813,true
511,true,0.9994715128793651,-1.0334910172004184e6,1.0409060266914713e6,-0.03637566603720188,-0.08149988355580717,9,false,0.010666168610699063,0.010666168610699063,true
255,true,0.9897708702803499,-1.0334318114181261e6,1.0408630399563569e6,-0.00237272959202528,-0.08892182796262205,8,false,0.01478332279888039,0.01478332279888039,true
255,true,0.9552642726941744,-1.0334186659685372e6,1.0407343597690966e6,0.12532082048710436,0.18521262239664793,8,false,0.02013357667809628,0.02013357667809628,true
255,true,0.9720585045013177,-1.0333902712165675e6,1.040858527284369e6,-0.0009441665606573224,-0.44243613816797733,8,false,0.025907703216036953,0.025907703216036953,true
6,true,0.10444236188721051,-1.0333902712165675e6,1.0408183926880499e6,0.0,5171.8640085191,2,true,0.034181306970991227,0.034181306970991227,true
511,true,0.9937299144530887,-1.0334256612485743e6,1.0408621751427572e6,-0.08206345047801733,-0.08765001851134002,9,false,0.011453723815807396,0.011453723815807396,true
255,true,0.959685658803803,-1.0334701632056375e6,1.0407974630836908e6,0.06505228788591921,0.10525730613153428,8,false,0.015647525108953494,0.015647525108953494,true
255,true,0.7420295790821652,-1.0335847438332371e6,1.0410465318743736e6,0.43520068656653166,0.7000928884372115,8,false,0.020226595676294114,0.020226595676294114,true
255,true,0.9872380544822829,-1.033485526929756e6,1.0410225144486119e6,-0.11898760357871652,-0.4317957686726004,8,false,0.01857596899297044,0.01857596899297044,true
255,true,0.5963615420605268,-1.0335943078249738e6,1.0409917234431906e6,0.204306197934784,1.876960517722182,8,false,0.025012636749974244,0.025012636749974244,true
255,true,0.737247918351608,-1.0335860739844168e6,1.0412662805355467e6,-0.45101185620296746,0.9960452272789553,8,false,0.018315745267564704,0.018315745267564704,true
255,true,0.906274821552319,-1.033441690434697e6,1.0409589374000299e6,0.04882024473045021,0.1908798955846578,8,false,0.016713867505883627,0.016713867505883627,true
255,true,0.7349685405591515,-1.033476475826117e6,1.0408966433888002e6,0.32708583620842546,0.7052200834732503,8,false,0.019812374038320684,0.019812374038320684,true
255,true,0.9957630804473192,-1.0335672616069023e6,1.0410510145705979e6,-0.12382648081984371,-0.32759223878383636,8,false,0.018021238992931937,0.018021238992931937,true
255,true,0.6364325854906281,-1.0335030905804493e6,1.0410207065304487e6,0.26490236981771886,1.3174741363618523,8,false,0.024477752140018745,0.024477752140018745,true
255,true,0.42134465479159877,-1.0333352655914946e6,1.0407380725094553e6,-0.3480302890529856,3.064019515295513,8,false,0.019145411908686273,0.019145411908686273,true
511,true,0.9912386626434464,-1.0334294642811544e6,1.0408208764027697e6,-0.003940206370316446,0.033168862806633115,9,false,0.010798926123906736,0.010798926123906736,true
255,true,0.9330480086367232,-1.0335076702159256e6,1.040826785579391e6,-0.01170689717400819,0.16220123053062707,8,false,0.014549326384915687,0.014549326384915687,true
255,true,0.9348427143937504,-1.033470902711358e6,1.0410868086662863e6,0.08563069673255086,0.16086574224755168,8,false,0.017914220684770474,0.017914220684770474,true
255,true,0.4663995551114545,-1.0334600717385117e6,1.0409096609673493e6,-0.004372241790406406,1.9709893320687115,8,false,0.022090685392423325,0.022090685392423325,true
255,true,0.938196636425765,-1.0334699449983242e6,1.0408832624870236e6,0.1310873436741531,0.16815739800222218,8,false,0.013417965908670488,0.013417965908670488,true
255,true,0.9571412874001253,-1.0334911768929539e6,1.0408822970287311e6,-0.1688535581342876,-0.25453150528483093,8,false,0.01662326872019516,0.01662326872019516,true
255,true,0.9871612276290546,-1.0334495044400488e6,1.0408510669118311e6,-0.0002849914599210024,-0.17268238123506308,8,false,0.021162287872880648,0.021162287872880648,true
7,true,0.03030782769821983,-1.0334493988154762e6,1.0408901112063378e6,1.5507882521487772,1976.8674447771627,2,true,0.028140131416456365,0.028140131416456365,true
511,true,0.9987040666292988,-1.0334661472772048e6,1.0409230219988854e6,-0.05128070234786719,-0.1865502871805802,9,false,0.008959475023383333,0.008959475023383333,true
511,true,0.9931819811114652,-1.033438867257314e6,1.0409760775092191e6,0.05822267651092261,-0.24848288926295936,9,false,0.012129441344605875,0.012129441344605875,true
255,true,0.8418919855191735,-1.0335656578200514e6,1.0410395315729633e6,-0.35638748947530985,0.5999826958868653,8,false,0.01625956723650807,0.01625956723650807,true
255,true,0.7305801653908107,-1.0335676952194235e6,1.0410280331302787e6,0.4670523180393502,0.8713933161925524,8,false,0.017395328667941932,0.017395328667941932,true
255,true,0.7278225702659131,-1.0335587890342306e6,1.0410880436542577e6,0.5901149035198614,1.0688261617906392,8,false,0.015784798794027097,0.015784798794027097,true
255,true,0.9996660064351354,-1.0334418841677427e6,1.0410005700918186e6,-0.3073294627247378,-0.949894223944284,8,false,0.014272645881622126,0.014272645881622126,true
255,true,0.7657131744028095,-1.0334477308321638e6,1.0409250776277133e6,-0.7569420866202563,-1.1475984365679324,8,false,0.01924482736226233,0.01924482736226233,true
255,true,0.9528847903069478,-1.0335159520794989e6,1.041116993280336e6,-0.2827810075832531,-0.36652753420639783,8,false,0.01839346955879347,0.01839346955879347,true
255,true,0.8068231279261826,-1.0334959825062966e6,1.0409746106189681e6,0.0314078067895025,0.6397122908383608,8,false,0.02311048437485723,0.02311048437485723,true
255,true,0.30809640722873055,-1.0335535072006668e6,1.0409782465276463e6,-0.12620845902711153,3.8813846902921796,8,false,0.02344459162559478,0.02344459162559478,true
511,true,0.9703175388395671,-1.0335630542791509e6,1.0409394122421371e6,0.03728319436777383,0.08165527670644224,9,false,0.01152477172136395,0.01152477172136395,true
255,true,0.9766338430495225,-1.0334217024832458e6,1.0409308818682175e6,-0.051721957861445844,0.11076372885145247,8,false,0.014841568379114734,0.014841568379114734,true
255,true,0.9953186574370244,-1.0333275740399509e6,1.0406579110080848e6,-0.035303996643051505,-0.07942001987248659,8,false,0.01926246657642284,0.01926246657642284,true
255,true,0.8726381060144586,-1.033411207180125e6,1.0407868726845059e6,-0.0036996484268456697,0.3350708585930988,8,false,0.025647560184044887,0.025647560184044887,true
12,true,0.15075460359175788,-1.0334059473186962e6,1.0408476448886433e6,0.30291200848296285,3213.7551413879264,3,true,0.028585496761449652,0.028585496761449652,true
511,true,0.9945362530064136,-1.0334317242114685e6,1.0407305470129984e6,-0.03754113393370062,-0.061206941958516836,9,false,0.011310729227001631,0.011310729227001631,true
255,true,0.9445314912880703,-1.0334331836190145e6,1.0407801616481746e6,0.02259539987426251,0.1488780127838254,8,false,0.01503000014571986,0.01503000014571986,true
255,true,0.8098331846463503,-1.0334882349184793e6,1.0408656438745372e6,0.21465980622451752,0.5208769821329042,8,false,0.018570122162935115,0.018570122162935115,true
255,true,0.933752019771868,-1.0334130988977549e6,1.0408829798183934e6,0.13658585108350962,0.3066377706127241,8,false,0.01892181415580436,0.01892181415580436,true
255,true,0.3535794505830984,-1.0333893812273358e6,1.0407445227689892e6,0.2983716403832659,3.930284818983637,8,false,0.02298523455901256,0.02298523455901256,true
511,true,0.99980032523485,-1.0335961791755816e6,1.0409860961502531e6,-0.09377918962854892,-0.257194040925242,9,false,0.012268185221529039,0.012268185221529039,true
255,true,0.9174985946724327,-1.0335306855308209e6,1.0410371754646049e6,0.1651258582714945,0.3874762658961117,8,false,0.016361135420275334,0.016361135420275334,true
255,true,0.9901271053417959,-1.0334093354179193e6,1.0408146811588672e6,-0.05236008029896766,-0.6768829671200365,8,false,0.01940295241163938,0.01940295241163938,true
255,true,0.34880231584880866,-1.0334311787034335e6,1.0407457460103959e6,-0.18742231896612793,5.876405980903655,8,false,0.025461132180667045,0.025461132180667045,true
255,true,0.9999245979977559,-1.033442819336471e6,1.0409039668679113e6,-0.23452835762873292,-0.2413871386088431,8,false,0.013578708301830228,0.013578708301830228,true
255,true,0.9346387127277467,-1.0334882126507186e6,1.0408596296259844e6,0.10674658149946481,0.16011471359524876,8,false,0.018055551127459376,0.018055551127459376,true
255,true,0.8988166535049434,-1.0334358242677872e6,1.0408765990389955e6,-0.1384204002097249,0.36202813358977437,8,false,0.02188784031757478,0.02188784031757478,true
255,true,0.6141278661741768,-1.0335017984785248e6,1.0408372377595627e6,0.1917707429965958,1.2223610129440203,8,false,0.02521946349584182,0.02521946349584182,true
255,true,0.9360256224251563,-1.0334865617280065e6,1.0410119870907924e6,-0.05616478901356459,0.22066588199231774,8,false,0.019557812750266693,0.019557812750266693,true
255,true,0.23842579560099786,-1.033528991274466e6,1.0410350722297973e6,0.1271421443670988,6.7542478466639295,8,false,0.023716333630762233,0.023716333630762233,true
511,true,0.9951337812942449,-1.0334731294228027e6,1.040962107233162e6,0.0005135176470503211,-0.060980475158430636,9,false,0.010959029103099253,0.010959029103099253,true
255,true,0.9243765329292568,-1.0334075334171002e6,1.040900431266084e6,0.01840924727730453,0.22965512261725962,8,false,0.014423593850750531,0.014423593850750531,true
255,true,0.8117080922697664,-1.0334036054159304e6,1.040929267201932e6,0.24264309462159872,0.5580146772554144,8,false,0.017200785051920287,0.017200785051920287,true
255,true,0.949747696236228,-1.0333509799027919e6,1.0408029292462681e6,-0.3716503627365455,-0.4637344138463959,8,false,0.017560173369080032,0.017560173369080032,true
255,true,0.6070713246456105,-1.0333825765968399e6,1.0407894588800555e6,0.7639120335225016,1.268082153168507,8,false,0.0216529398038552,0.0216529398038552,true
255,true,0.9843824359324966,-1.0335297422534315e6,1.0408602370614506e6,-0.08554090827237815,-0.5113493943354115,8,false,0.016705351189289418,0.016705351189289418,true
255,true,0.979111103050071,-1.0335905434134532e6,1.0409833283329827e6,-0.2999639096669853,-0.7014374950667843,8,false,0.02157521142957404,0.02157521142957404,true
24,true,0.14045650807001667,-1.0335848007883473e6,1.040838237190227e6,-0.48760888015385717,1670.1769492524909,4,true,0.027632861998443125,0.027632861998443125,true
511,true,0.9569466191492956,-1.0336872043085289e6,1.041170777710448e6,-0.012130076996982098,0.11174366506747901,9,false,0.011336402344422052,0.011336402344422052,true
255,true,0.9981687230802817,-1.0336010285458543e6,1.0410841460965908e6,0.010650796815752983,-0.04062123876065016,8,false,0.014094874490766175,0.014094874490766175,true
255,true,0.7567594892282734,-1.0335133547130064e6,1.0411138514244793e6,0.13318689446896315,0.6307559057604522,8,false,0.018508817026951598,0.018508817026951598,true
255,true,0.5740610344339491,-1.0334700896413713e6,1.0407887061201879e6,-0.1457185639301315,1.545996812172234,8,false,0.017536623888018407,0.017536623888018407,true
255,true,0.9906110103274977,-1.0334830569664526e6,1.040978064247304e6,0.012796368915587664,0.03963069478049874,8,false,0.013001348864585429,0.013001348864585429,true
255,true,0.6992948024647093,-1.0334641087214893e6,1.0408919284576968e6,-0.006507444195449352,0.8256368383299559,8,false,0.016872174824006124,0.016872174824006124,true
255,true,0.9799402104089923,-1.0334642497130106e6,1.0410320694774956e6,0.009354865178465843,0.06737121217884123,8,false,0.0148110498717492,0.0148110498717492,true
255,true,0.9518465133658808,-1.0334790577385357e6,1.040945188646476e6,-0.03642841684632003,0.18617051048204303,8,false,0.018920947227713904,0.018920947227713904,true
255,true,0.8109802846758019,-1.0334985533905302e6,1.040946955406246e6,0.05430244479794055,0.4568240559892729,8,false,0.02325809012047016,0.02325809012047016,true
255,true,0.5059544305358392,-1.0335098591328089e6,1.0410213990127913e6,-0.019666051492094994,1.7363536090124398,8,false,0.023686674206597085,0.023686674206597085,true
255,true,0.9186095799825574,-1.0334035735492889e6,1.0407500894890456e6,0.02678907453082502,0.21253116359002888,8,false,0.01609661010479523,0.01609661010479523,true
255,true,0.9556544910424042,-1.0335686383974645e6,1.0408788384889786e6,-0.02577978966291994,0.18355076992884278,8,false,0.0189155696693186,0.0189155696693186,true
255,true,0.30601839695767863,-1.0335810507114198e6,1.0411152734327796e6,-0.020367677207104862,3.456908088759519,8,false,0.02332577505700565,0.02332577505700565,true
511,true,0.9333429284790542,-1.0336019313524943e6,1.0409929285422023e6,0.088480205507949,0.16132240591105074,9,false,0.01221160110033714,0.01221160110033714,true
255,true,0.9105913552662716,-1.0335101000331306e6,1.0410565308695099e6,0.143410220509395,0.29023473523557186,8,false,0.014623819859403584,0.014623819859403584,true
255,true,0.8393012551527593,-1.0334859037654788e6,1.0409471907891895e6,-0.15362719038967043,0.5889664652058855,8,false,0.016984274908953902,0.016984274908953902,true
255,true,0.8804460237093932,-1.0334088189325843e6,1.0408891390096761e6,0.2615911718457937,0.4699871230404824,8,false,0.01795665545941263,0.01795665545941263,true
255,true,0.48468262868285467,-1.0333845305956424e6,1.0408897334869102e6,-0.48865650058723986,2.8283250973327085,8,false,0.020027941193164527,0.020027941193164527,true
255,true,0.9026534624363101,-1.0334711485223251e6,1.0407843303541609e6,0.16686737455893308,0.2661848202114925,8,false,0.013329761615818954,0.013329761615818954,true
255,true,0.9807410073993025,-1.0335996712156839e6,1.0411226769674795e6,-0.18146645580418408,-0.315510451910086,8,false,0.015305323071276675,0.015305323071276675,true
255,true,0.7783359967620312,-1.0335854299450043e6,1.0411387167140362e6,0.3510115429526195,0.740071639069356,8,false,0.01943662384806397,0.01943662384806397,true
255,true,0.7480675292075994,-1.033499972382985e6,1.0410043802599801e6,0.2478688886621967,0.9985214280895889,8,false,0.01897193113108197,0.01897193113108197,true
255,true,0.997869018284397,-1.0334876707391852e6,1.041041165967913e6,-0.44248490943573415,-0.6987488939194009,8,false,0.017809540208691247,0.017809540208691247,true
255,true,0.8874610028537933,-1.0334002953309513e6,1.0408495235827891e6,-0.3671190683962777,0.4941691041458398,8,false,0.02307962094710709,0.02307962094710709,true
127,true,0.23544298967508934,-1.033701531301754e6,1.0410104450985519e6,0.10197469883132726,6.153940421063453,7,false,0.025919052109003048,0.025919052109003048,true
511,true,0.8506404422852134,-1.0335520056216826e6,1.0411107162624027e6,0.13540098711382598,0.38723991613369435,9,false,0.012591656475384546,0.012591656475384546,true
255,true,0.9993398623377904,-1.0334762861920705e6,1.0408501403535517e6,-0.18166536034550518,-0.2248446475714445,8,false,0.013499031835145066,0.013499031835145066,true
255,true,0.9687339234112751,-1.03339437538753e6,1.0407057024211624e6,-0.056021685944870114,0.12089851160999388,8,false,0.017498651984889212,0.017498651984889212,true
255,true,0.48262292126881645,-1.033448231257257e6,1.0407937320152349e6,0.09826033050194383,1.8301358626922593,8,false,0.02179091091990215,0.02179091091990215,true
255,true,0.9513732555520867,-1.0336080525626487e6,1.0409482435961335e6,-0.022029808722436428,0.13902277185115963,8,false,0.014594655646304997,0.014594655646304997,true
255,true,0.7849701844387814,-1.0335059891014736e6,1.0411139867552782e6,-0.031690234784036875,0.5488939289934933,8,false,0.017768290181477277,0.017768290181477277,true
255,true,0.9910329977467577,-1.0335576199182154e6,1.0409818853953835e6,-0.0015930928057059646,0.04485030856449157,8,false,0.01750051168488514,0.01750051168488514,true
255,true,0.9367926657735781,-1.033687653133841e6,1.0411511688032283e6,0.04914715851191431,0.16102333436720073,8,false,0.022377214166074997,0.022377214166074997,true
127,true,0.1558837313642506,-1.0335959919882739e6,1.0411809573977859e6,0.14892660302575678,14.506956236436963,7,false,0.026690783643423657,0.026690783643423657,true
511,true,0.9968620112628046,-1.0333524479753479e6,1.0409998680532956e6,-0.0001459128689020872,-0.05470576661173254,9,false,0.01188081130905095,0.01188081130905095,true
255,true,0.8573802311530975,-1.0335818579494026e6,1.0409822473947277e6,0.005572557565756142,0.39436419669073075,8,false,0.015292409233975025,0.015292409233975025,true
255,true,0.9510759475364924,-1.033597673137871e6,1.0410747105334555e6,-0.06538279529195279,0.15493112115655094,8,false,0.01650312889556501,0.01650312889556501,true
255,true,0.9306736682727031,-1.0335508104144516e6,1.041049351599914e6,0.13834192720241845,0.19914066744968295,8,false,0.020023713625770618,0.020023713625770618,true
255,true,0.2146460212841341,-1.0335288592925642e6,1.0410265505327523e6,0.4967647395096719,6.859619199531153,8,false,0.023664805718326392,0.023664805718326392,true
511,true,0.9995149200358169,-1.0335101826861468e6,1.0409656004341261e6,-0.07761510787531734,-0.16528146073687822,9,false,0.011428474969458188,0.011428474969458188,true
255,true,0.9869168092446315,-1.0333856701062393e6,1.0408460012033231e6,-0.11572444287594408,-0.15168375242501497,8,false,0.014723118555782792,0.014723118555782792,true
255,true,0.8737505661005115,-1.0335486793409329e6,1.0409357200297518e6,0.025678302627056837,0.34266778640449047,8,false,0.01865413529371119,0.01865413529371119,true
255,true,0.8614876465249264,-1.0334462030866158e6,1.0410629730505706e6,0.27290629723574966,0.41467130347155035,8,false,0.020517428917313823,0.020517428917313823,true
255,true,0.9712613188725076,-1.0333679325980608e6,1.0408157257238466e6,-0.14346329658292234,-0.40142576035577804,8,false,0.02221818855216915,0.02221818855216915,true
26,true,0.1238779026125977,-1.0333777933238619e6,1.0408102735375825e6,-0.21613465901464224,1504.855726202717,4,true,0.02755062961842334,0.02755062961842334,true
511,true,0.9974242711396288,-1.0333958392022583e6,1.0407287015763368e6,0.017489357269369066,-0.05362083576619625,9,false,0.011990425797380034,0.011990425797380034,true
255,true,0.7742519953176836,-1.0334325018240381e6,1.0409374398954536e6,-0.033086141338571906,0.6233010047581047,8,false,0.015360568825417515,0.015360568825417515,true
255,true,0.9672510054451436,-1.0334565597586179e6,1.0410247770247033e6,-0.007159091532230377,0.1221727408701554,8,false,0.014940289734957764,0.014940289734957764,true
255,true,0.9059851761645087,-1.0335048609788974e6,1.040862081124307e6,0.2079554385272786,0.27559615136124194,8,false,0.01841841167192766,0.01841841167192766,true
255,true,0.8723980801891483,-1.033485756471838e6,1.0408448727544132e6,-0.28898554132319987,0.4925572765059769,8,false,0.021047377545563017,0.021047377545563017,true
255,true,0.869079979984123,-1.0334851504709626e6,1.0409218814160671e6,-0.08971696381922811,0.40452890016604215,8,false,0.023071939299130866,0.023071939299130866,true
255,true,0.23654458265462344,-1.0335303094409318e6,1.0409131710501875e6,0.20000665297266096,5.823423083522357,8,false,0.025180241178695377,0.025180241178695377,true
511,true,0.933116009789844,-1.0335616727034249e6,1.0409432697697937e6,0.06814966013189405,0.19970130920410156,9,false,0.012710391129920826,0.012710391129920826,true
255,true,0.9670941592230031,-1.0334625007373152e6,1.0409278842490668e6,-0.05971881467849016,0.16397867002524436,8,false,0.015006953410750083,0.015006953410750083,true
255,true,0.9255704193551144,-1.0335207629091692e6,1.0408470680429762e6,0.10145609243772924,0.2783792115515098,8,false,0.018453211328307375,0.018453211328307375,true
255,true,0.9931837284601427,-1.033497432226037e6,1.0409196888878873e6,0.024606476072221994,-0.3971799722639844,8,false,0.02156085656049124,0.02156085656049124,true
28,true,0.04126242271189674,-1.0335057987881739e6,1.040909531571116e6,-0.15546442498452961,1181.8609154566657,4,true,0.027323004474248763,0.027323004474248763,true
511,true,0.9977668428806995,-1.0334790824825296e6,1.0410457684765605e6,0.005019425763748586,-0.07094281574245542,9,false,0.010961423984029958,0.010961423984029958,true
255,true,1.0,-1.0333054057977677e6,1.0407067996838709e6,-0.1131065363297239,-0.13737828750163317,8,false,0.013972777530357796,0.013972777530357796,true
255,true,0.9478182662226253,-1.0333682422868083e6,1.0407501853404935e6,0.11596484505571425,0.1555589799536392,8,false,0.0178435255318836,0.0178435255318836,true
255,true,0.9203563217631091,-1.0335336117245929e6,1.0409199184771427e6,0.21124233806040138,0.3256654131691903,8,false,0.021383519767444254,0.021383519767444254,true
255,true,0.956524226244142,-1.033612639350232e6,1.0409382140590538e6,-0.15935842390172184,-0.5133690100628883,8,false,0.024779735404373227,0.024779735404373227,true
6,true,0.04238516554593272,-1.033620183955929e6,1.0411690662035423e6,1.3824371506925672,1476.6861568711465,2,true,0.02996935611869623,0.02996935611869623,true
511,true,0.9964324345384868,-1.033806342222781e6,1.0413157702013891e6,-0.005611750180833042,-0.3178332744864747,9,false,0.012155554721843188,0.012155554721843188,true
255,true,0.9931893803008174,-1.0335736389425163e6,1.0412699371919112e6,-0.03842972801066935,-0.4803570609074086,8,false,0.015426646448195927,0.015426646448195927,true
255,true,0.46402708135831416,-1.0336324166456107e6,1.0409735641545784e6,-0.5766594113083556,3.1000621130224317,8,false,0.019485992820212815,0.019485992820212815,true
255,true,0.9725768214384487,-1.0334444188382122e6,1.0410388093641216e6,-0.037967750104144216,0.12016305746510625,8,false,0.013115289793347782,0.013115289793347782,true
255,true,0.906725368201424,-1.0334050369674147e6,1.04083209900375e6,0.16454872430767864,0.26574888289906085,8,false,0.016157473780787173,0.016157473780787173,true
255,true,0.9952956996038606,-1.0335119952164226e6,1.0409337815105064e6,-0.16343307949136943,-0.3232843631412834,8,false,0.018398825668387957,0.018398825668387957,true
255,true,0.29203207164550377,-1.0335630776318316e6,1.0409778720524872e6,0.07300731365103275,4.820871117874049,8,false,0.02325239497592657,0.02325239497592657,true
511,true,0.9781418233378747,-1.033501158236467e6,1.0409810590195069e6,0.01491636410355568,0.10958508681505919,9,false,0.012807153372007137,0.012807153372007137,true
255,true,0.9969412807723227,-1.033348216893294e6,1.0408515197041271e6,-0.01520307024475187,-0.1733684258069843,8,false,0.015858830808036028,0.015858830808036028,true
255,true,0.8565773931881945,-1.0333832971358121e6,1.040720833848706e6,0.019189383601769805,0.5386212491430342,8,false,0.02006158922987782,0.02006158922987782,true
255,true,0.5519155731214235,-1.0333631983498868e6,1.0408014443855488e6,-0.007821899838745594,1.8110157907940447,8,false,0.021505924126495435,0.021505924126495435,true
255,true,0.9992768975730352,-1.0333552962275062e6,1.0406867442829103e6,-0.06271993019618094,-0.163430109154433,8,false,0.016129348283623862,0.016129348283623862,true
255,true,0.8513797672438845,-1.0333889731049442e6,1.0407347683493854e6,-0.04356263007503003,0.4674608677159995,8,false,0.02043396517787894,0.02043396517787894,true
255,true,0.703925857125069,-1.0333407814875972e6,1.0409028510437973e6,-0.07317296939436346,0.8962683696299791,8,false,0.021763792556490465,0.021763792556490465,true
255,true,0.703579158912209,-1.0334070677846245e6,1.040762736489838e6,0.5306506146444008,0.7962635328294709,8,false,0.01951514053489136,0.01951514053489136,true
255,true,0.9879561937695992,-1.033548459077171e6,1.0409207227407735e6,0.10835883778054267,-0.4698426250834018,8,false,0.017498132420366158,0.017498132420366158,true
255,true,0.4521354993038852,-1.0334245750776666e6,1.0409685955373895e6,-0.596852928865701,3.384052701643668,8,false,0.021839928726135684,0.021839928726135684,true
255,true,0.915203776921645,-1.0334533947040711e6,1.0407581577447893e6,-0.02129152591805905,0.2762802862562239,8,false,0.014631595693925229,0.014631595693925229,true
255,true,0.8508667618253942,-1.0335650981050758e6,1.0409901066975805e6,0.3588896500878036,0.44082160491961986,8,false,0.016779144949846267,0.016779144949846267,true
255,true,0.9608901378631627,-1.0334472751367432e6,1.041054543909367e6,-0.3716386950109154,-0.5420351136708632,8,false,0.017854533610716105,0.017854533610716105,true
255,true,0.9997422906413675,-1.0335285084390524e6,1.0408794251839634e6,-0.15375537041109055,-0.3065742274047807,8,false,0.02156635468514045,0.02156635468514045,true
127,true,0.998870837656823,-1.0334520840524759e6,1.0411159333218656e6,-0.16051258775405586,-0.28151234053075314,7,false,0.027225151337116994,0.027225151337116994,true
4,true,0.09492463841791368,-1.0334520840524759e6,1.0409179653395802e6,0.0,4052.1010045042494,2,true,0.034307727534696825,0.034307727534696825,true
255,true,0.9803572826098279,-1.0334925872833437e6,1.0409366069511188e6,-0.017073804861865938,0.06240384595002979,8,false,0.015299682147682058,0.015299682147682058,true
255,true,0.9303966952842886,-1.0334821798617538e6,1.0409466138338703e6,0.07358699420001358,0.1852446743287146,8,false,0.018878343966001764,0.018878343966001764,true
255,true,0.5607861181407259,-1.0335389028463206e6,1.0410273828492962e6,0.04765052848961204,1.4252024363959208,8,false,0.021984186590582096,0.021984186590582096,true
255,true,0.6515126420860488,-1.0335723382086804e6,1.0410233279701053e6,0.042550558457151055,1.0751359792193398,8,false,0.016773261566987684,0.016773261566987684,true
255,true,0.993243254289173,-1.0335383849839702e6,1.0411686653493955e6,0.019355931784957647,-0.0927967478055507,8,false,0.014205454741168522,0.014205454741168522,true
255,true,0.9760018854705719,-1.0335631118946448e6,1.0410230857056113e6,-0.07154439855366945,-0.16736898571252823,8,false,0.01776478798089661,0.01776478798089661,true
255,true,0.7388448203915836,-1.0335111394836784e6,1.0411141401495191e6,0.5523721583886072,0.7535950503079221,8,false,0.021768780773139967,0.021768780773139967,true
255,true,0.8766230038263509,-1.0334943931859491e6,1.0410035494746858e6,0.5066677881404757,-0.6529708012240008,8,false,0.02036531340245733,0.02036531340245733,true
255,true,0.9927627027885065,-1.0333897225047296e6,1.0408756678948703e6,-1.179515655618161,-1.342083985451609,8,false,0.022277258017123342,0.022277258017123342,true
13,true,0.2113831063111651,-1.0333848165243407e6,1.0407617505520465e6,0.21007212530821562,1221.138239736203,3,true,0.02778337928910499,0.02778337928910499,true
255,true,0.9997413507740281,-1.0334063998578569e6,1.0407782490177568e6,-0.0721764488844201,-0.14226355904247612,8,false,0.014321445843045927,0.014321445843045927,true
255,true,0.9668229793539622,-1.0334281204560203e6,1.04080864514223e6,0.09224815119523555,0.13059245666954666,8,false,0.018002181905562974,0.018002181905562974,true
255,true,0.5776332472620963,-1.033621521189669e6,1.040938447922631e6,0.9200954709667712,1.4217694067629054,8,false,0.021789375005561742,0.021789375005561742,true
255,true,0.9933468799828207,-1.0336224862143939e6,1.0412835341329249e6,-0.17866095365025103,-0.660122285829857,8,false,0.01701516582360117,0.01701516582360117,true
255,true,0.8891229357490049,-1.0334029171208468e6,1.0409375236330134e6,-0.765328275389038,-0.797811635886319,8,false,0.021206139014455613,0.021206139014455613,true
255,true,0.9836503333088634,-1.0335064919214789e6,1.0409214209532884e6,-0.00668250722810626,0.1286437095841393,8,false,0.023498813521086355,0.023498813521086355,true
15,true,0.25734772321338717,-1.0335173095141308e6,1.0410723502193667e6,0.8152016956591979,2457.5334369691554,3,true,0.028935765861080955,0.028935765861080955,true
255,true,0.9451208932760176,-1.0335773306390141e6,1.0410017432531533e6,0.22632596513722092,-0.28985321649815887,8,false,0.015814780038268462,0.015814780038268462,true
1,true,0.0,-1.0335773306390141e6,1.0410644736490808e6,0.0,1.1104908110563066e6,0,true,0.20589909338096896,0.20589909338096896,true
5,true,0.0012118931208180556,-1.0335773306390141e6,1.0410822609989994e6,0.0,1374.9943574611098,2,true,0.03378325223972369,0.03378325223972369,true
1023,true,0.9954195363246536,-1.03364199592876e6,1.0411035049429364e6,0.009852726710960269,-0.02121459797490388,10,false,0.003286924723498725,0.003286924723498725,true
1023,true,0.9998038342309926,-1.0335832722513356e6,1.0411782617341961e6,0.000979689066298306,-0.05438956548459828,10,false,0.004342875462026139,0.004342875462026139,true
511,true,0.9987959818075182,-1.0335408656049796e6,1.0410647038237257e6,-0.10560370946768671,-0.13434908515773714,9,false,0.006738653965992015,0.006738653965992015,true
511,true,0.9373258310001066,-1.0336286990590512e6,1.041168967033065e6,-0.03165860171429813,0.19702061905991286,9,false,0.011374872637709612,0.011374872637709612,true
255,true,0.9444085050730874,-1.0335008378924933e6,1.0411043173548402e6,0.09976136079058051,0.22196093865204602,8,false,0.016696437680952036,0.016696437680952036,true
127,true,0.15745954557533268,-1.0334691362409954e6,1.0408551590572551e6,4.291828167741187,18.632435987703502,7,false,0.025721392842457214,0.025721392842457214,true
1023,true,0.9995226091030084,-1.0335295204684187e6,1.0409816332297609e6,0.003991155885159969,-0.08238895062822849,10,false,0.0033516904902777945,0.0033516904902777945,true
511,true,0.9926038092789368,-1.0334456718741615e6,1.0408483273373691e6,0.01910953293554485,-0.29840093944221735,9,false,0.006265519937771209,0.006265519937771209,true
511,true,0.947044972756233,-1.0334185392193653e6,1.0409162701438732e6,0.27659789589233696,-1.0680657874327153,9,false,0.011554787206590044,0.011554787206590044,true
255,true,0.9974032584473062,-1.0334038853427381e6,1.0407980801931556e6,-2.9695153061766177,-3.4600906996056437,8,false,0.018505098714435342,0.018505098714435342,true
4,true,0.013820136956753843,-1.0334108319836648e6,1.0408380897612772e6,2.9401104487478733,1314.5299180073198,2,true,0.03468965707784701,0.03468965707784701,true
1023,true,0.9976938753029942,-1.033445283065799e6,1.0408479894139671e6,-0.03280661010649055,-0.03673375479411334,10,false,0.0030144721497335413,0.0030144721497335413,true
1023,true,0.9862527381277784,-1.0333877589317525e6,1.0409226632052909e6,0.010871066944673657,0.038118010153993964,10,false,0.005702630889324384,0.005702630889324384,true
511,true,0.99839001085081,-1.0333424433214722e6,1.0407170280048071e6,-0.027884336886927485,-0.0854810121236369,9,false,0.010350447921873868,0.010350447921873868,true
255,true,0.6282669347089651,-1.0335314393479312e6,1.0407508403154598e6,-0.10712176014203578,1.277367973467335,8,false,0.01935828640057116,0.01935828640057116,true
511,true,0.9869521270299407,-1.0335533774745758e6,1.040997783280099e6,-0.00380197970662266,0.05025598616339266,9,false,0.011692950679614941,0.011692950679614941,true
255,true,0.7087693664187308,-1.0335918575714383e6,1.0411472314316344e6,0.4321243065642193,0.8273421226767823,8,false,0.020944838212644413,0.020944838212644413,true
255,true,0.9332084975129133,-1.0335791155138985e6,1.0409358733784817e6,-0.11092754977289587,0.28958797629456967,8,false,0.016224375432570087,0.016224375432570087,true
255,true,0.748347796012162,-1.0334113921558231e6,1.040934092424709e6,0.28304541460238397,0.9485081781167537,8,false,0.024517341775059886,0.024517341775059886,true
255,true,0.703613401095342,-1.033477234720627e6,1.0408601861375016e6,1.1279116783989593,1.1658546529943123,8,false,0.021407021231033316,0.021407021231033316,true
255,true,0.9961185504432595,-1.0334677062555471e6,1.0408325250227833e6,-0.6958776095416397,-0.9968642552848905,8,false,0.01645422388153661,0.01645422388153661,true
8,true,0.3771350987872117,-1.0334579433651769e6,1.0408957899229878e6,-0.6023625591769814,3671.924159398186,3,true,0.02951991277396818,0.02951991277396818,true
511,true,0.9927905426540964,-1.0334251489518062e6,1.0409726137088683e6,0.002898270031437278,0.03374240407720208,9,false,0.008946062390077463,0.008946062390077463,true
255,true,0.9848741570095468,-1.0334188222375254e6,1.0409801918468825e6,-0.020974979270249605,-0.09934373921714723,8,false,0.01582881341304762,0.01582881341304762,true
127,true,0.02820534926715438,-1.033416521994742e6,1.0408338554179783e6,-0.08220604213420302,436.95382270542905,7,false,0.027130022787895714,0.027130022787895714,true
1023,true,0.9933355320082239,-1.0335972313455364e6,1.0409914246552675e6,0.0064636870520189404,0.01539094210602343,10,false,0.003209405210215287,0.003209405210215287,true
1023,true,0.9758876865909042,-1.0335853757904471e6,1.0410723763424596e6,0.05116019444540143,0.06688545062206686,10,false,0.0056560296076565665,0.0056560296076565665,true
511,true,0.9842969973719303,-1.0336054705808435e6,1.0411162870705228e6,-0.1296501049073413,-0.21027943107765168,9,false,0.009413672386933202,0.009413672386933202,true
255,true,0.9981808062683152,-1.0336416474195981e6,1.0411287455889722e6,-0.030704334611073136,-0.24509258731268346,8,false,0.015895317709471935,0.015895317709471935,true
15,true,0.2811116931314825,-1.0336515560681849e6,1.0409954247435507e6,0.09315394435543567,2045.5363268328365,3,true,0.027624071705907867,0.027624071705907867,true
511,true,0.9995061910732362,-1.0335463963187258e6,1.0411507598071225e6,-0.01817499496974051,-0.049999780021607876,9,false,0.0070036310128589446,0.0070036310128589446,true
511,true,0.9937855992215052,-1.0335332844008437e6,1.0410805354093368e6,0.01800846925470978,-0.08897909102961421,9,false,0.012185402364048475,0.012185402364048475,true
255,true,0.9996401716686661,-1.0335145406910311e6,1.0410390464119742e6,-0.10639082919806242,-0.27039327938109636,8,false,0.020700210307190426,0.020700210307190426,true
3,true,8.517244621943856e-6,-1.0335145406910311e6,1.041096222102223e6,0.0,4957.750193867949,1,true,0.035407780936860325,0.035407780936860325,true
1023,true,0.9868840287496425,-1.0335357828965475e6,1.04100932586143e6,0.009519670973531902,0.034062698716297746,10,false,0.004517072054353123,0.004517072054353123,true
511,true,0.9997347286605309,-1.0333921836471928e6,1.0408227504828693e6,-0.024536815588362515,-0.060234295786358416,9,false,0.007502364699122145,0.007502364699122145,true
255,true,0.9892159625262192,-1.0334111255111048e6,1.0408481699756341e6,0.017640933161601424,-0.09409861057065427,8,false,0.012775287379710377,0.012775287379710377,true
255,true,0.8673226698959916,-1.0334178621562867e6,1.040963059208606e6,-0.1634109658189118,0.4828437976539135,8,false,0.021012222422201087,0.021012222422201087,true
127,true,0.8631954307787665,-1.0335427967514184e6,1.0409147099755754e6,0.13566389749757946,0.4336652022320777,7,false,0.025258116084699644,0.025258116084699644,true
10,true,0.215278914936014,-1.0335453015544302e6,1.0410396786413256e6,-0.11448067612946033,2542.5787561981706,3,true,0.029968188650361903,0.029968188650361903,true
511,true,0.9721277144942305,-1.0334542594873805e6,1.0409457969561542e6,0.037679953151382506,0.07442790258210152,9,false,0.007137135678926326,0.007137135678926326,true
511,true,0.9987052362708007,-1.033501495526758e6,1.0408791190972667e6,0.008795260335318744,-0.13341780379414558,9,false,0.01113849183015399,0.01113849183015399,true
255,true,0.9997030759004351,-1.033557761739463e6,1.0409938517858096e6,-0.3146780141396448,-0.38649936113506556,8,false,0.018428931358133994,0.018428931358133994,true
11,true,0.2172784055973949,-1.0335489796788476e6,1.0409705565925859e6,0.40142006624955684,1117.6335120473523,3,true,0.03034741768893206,0.03034741768893206,true
511,true,0.9350052735673561,-1.0335088015293403e6,1.0410427726909997e6,0.10737586172763258,0.1695786704076454,9,false,0.0075564872873847035,0.0075564872873847035,true
511,true,0.8583091462647282,-1.0334127744431316e6,1.0408582827557655e6,-0.1450987602584064,0.5141070722602308,9,false,0.010651969162478701,0.010651969162478701,true
511,true,0.9812054866844516,-1.0334405841099638e6,1.0409442217250501e6,0.051935273222625256,-0.19561335747130215,9,false,0.012457805957495995,0.012457805957495995,true
255,true,0.9676273214994215,-1.0334201817742285e6,1.0408111002405419e6,0.08107358287088573,-0.30123226053547114,8,false,0.013772475199997088,0.013772475199997088,false
255,true,0.8166718051272602,-1.0334358620237473e6,1.040901933487324e6,-0.25583012239076197,0.6405946345767006,8,false,0.013772475199997088,0.013772475199997088,false
255,true,0.9316059779944669,-1.0334449335929407e6,1.0408747619403949e6,0.05069646134506911,0.21556710149161518,8,false,0.013772475199997088,0.013772475199997088,false
255,true,0.9986156598167423,-1.0334288035266529e6,1.0408805229604259e6,-0.07641061046160758,-0.1822915222728625,8,false,0.013772475199997088,0.013772475199997088,false
255,true,0.9506496096007543,-1.0334832332517628e6,1.0408692678096906e6,0.027380805695429444,0.18077550909947604,8,false,0.013772475199997088,0.013772475199997088,false
255,true,0.9512504247293208,-1.033442097967829e6,1.0409080269553679e6,0.11372927168849856,0.187854876043275,8,false,0.013772475199997088,0.013772475199997088,false
255,true,0.9998659966222542,-1.033407153251039e6,1.0407753305376259e6,-0.03666647686623037,-0.2374906858894974,8,false,0.013772475199997088,0.013772475199997088,false
255,true,0.9904834583971612,-1.0335612453611153e6,1.040874923733827e6,0.0021538794972002506,-0.1963229903485626,8,false,0.013772475199997088,0.013772475199997088,false
255,true,0.9483264781006426,-1.0334900113639832e6,1.0410415773418349e6,-0.11189440975431353,0.2269082764396444,8,false,0.013772475199997088,0.013772475199997088,false
255,true,0.6308473295984985,-1.033416886940238e6,1.0409186397194854e6,0.9814356529386714,1.1770708861295134,8,false,0.013772475199997088,0.013772475199997088,false
255,true,0.9529318915984879,-1.0333869557650379e6,1.0409283919258489e6,-0.8478391250828281,-1.0939273281255737,8,false,0.013772475199997088,0.013772475199997088,false
255,true,0.6422449630524578,-1.0334174030859013e6,1.0407593180903314e6,0.13012280710972846,1.2593874676385894,8,false,0.013772475199997088,0.013772475199997088,false
255,true,0.781102332578841,-1.033481325502784e6,1.0408219447117802e6,-0.023400625330395997,0.7835483278613538,8,false,0.013772475199997088,0.013772475199997088,false
255,true,0.9120489861204432,-1.0334326688689068e6,1.040783051671306e6,-0.2931505349697545,0.3636818192899227,8,false,0.013772475199997088,0.013772475199997088,false
255,true,0.8749626006916773,-1.0332573190754369e6,1.0406446940413071e6,-0.025679242331534624,0.32415726559702307,8,false,0.013772475199997088,0.013772475199997088,false
255,true,0.8267352914451059,-1.0333868647156853e6,1.0405956330565944e6,0.059924422414042056,0.4083596868440509,8,false,0.013772475199997088,0.013772475199997088,false
255,true,0.7503183234660636,-1.0335020013245768e6,1.0408249687471495e6,0.6342604055535048,0.6750574581092224,8,false,0.013772475199997088,0.013772475199997088,false
255,true,0.9925194738498901,-1.0335197673632086e6,1.040885857937015e6,-0.495174148469232,-0.705468658474274,8,false,0.013772475199997088,0.013772475199997088,false
255,true,0.96679674985569,-1.0334901335681428e6,1.041063482186855e6,-0.10445894184522331,-0.21081442991271615,8,false,0.013772475199997088,0.013772475199997088,false
255,true,0.9692055445422901,-1.0333753048751566e6,1.0408648503528396e6,0.022218631813302636,0.14198453864082694,8,false,0.013772475199997088,0.013772475199997088,false
255,true,0.8429990817664191,-1.033413383076729e6,1.0407669291247416e6,0.17182278097607195,0.46520613494794816,8,false,0.013772475199997088,0.013772475199997088,false
255,true,0.9895473810763787,-1.033337020659145e6,1.0408340094814276e6,-0.06805495719891042,-0.2547932284651324,8,false,0.013772475199997088,0.013772475199997088,false
255,true,0.8447641567764845,-1.033478678528624e6,1.0408614745780486e6,0.34087522595655173,0.5240110491868109,8,false,0.013772475199997088,0.013772475199997088,false
255,true,0.8581850920447672,-1.0335465596786853e6,1.0409982891984932e6,-0.4069218634394929,-0.5872965238522738,8,false,0.013772475199997088,0.013772475199997088,false
255,true,0.9967660390316554,-1.033569650187825e6,1.041134928612099e6,-0.015438827918842435,-0.1741277399705723,8,false,0.013772475199997088,0.013772475199997088,false
255,true,0.7590131270511133,-1.0336142157217643e6,1.0409776212233872e6,-0.11492507462389767,0.7244441754883155,8,false,0.013772475199997088,0.013772475199997088,false
255,true,0.9575308727780505,-1.0335615924253904e6,1.0409159919099956e6,0.10515868989750743,0.11990785191301256,8,false,0.013772475199997088,0.013772475199997088,false
255,true,0.9966836392883278,-1.033320562219023e6,1.0408347663216895e6,-0.04449221899267286,-0.13994132273364812,8,false,0.013772475199997088,0.013772475199997088,false
255,true,0.9468047188768696,-1.0333441267186549e6,1.0408833920056461e6,0.09541597391944379,0.18455761054065078,8,false,0.013772475199997088,0.013772475199997088,false
255,true,0.9907414332848566,-1.0335942919718857e6,1.0408868885368784e6,-0.037264492362737656,-0.2046574967680499,8,false,0.013772475199997088,0.013772475199997088,false
255,true,0.9543380915686092,-1.0336602467756935e6,1.041230303805389e6,0.0807653876254335,0.16588613879866898,8,false,0.013772475199997088,0.013772475199997088,false
255,true,0.9773149226995465,-1.0333803119541421e6,1.041113857307616e6,0.08678108616732061,-0.25959189096465707,8,false,0.013772475199997088,0.013772475199997088,false
255,true,0.9887037137870646,-1.0334526861660149e6,1.0407764382556431e6,-0.2782748903846368,-0.34047823026776314,8,false,0.013772475199997088,0.013772475199997088,false
255,true,0.996321687338419,-1.0334390353594903e6,1.0408216456735267e6,-0.0025435423012822866,-0.06597281456924975,8,false,0.013772475199997088,0.013772475199997088,false
255,true,0.9725647711064173,-1.0336085864622293e6,1.0410350549451995e6,0.03472017345484346,0.1028195396065712,8,false,0.013772475199997088,0.013772475199997088,false
255,true,0.8361127545298361,-1.0336036921938001e6,1.0411610089450035e6,0.3965962060028687,0.43875542073510587,8,false,0.013772475199997088,0.013772475199997088,false
255,true,0.9997444262668641,-1.0335440956074793e6,1.041074836090731e6,-0.4659889693139121,-0.48484485200606287,8,false,0.013772475199997088,0.013772475199997088,false
255,true,0.9629716869848344,-1.033350182972816e6,1.040985604900428e6,0.04234832420479506,0.09380371135193855,8,false,0.013772475199997088,0.013772475199997088,false
255,true,0.8553675575931705,-1.0333576952159717e6,1.040811728481665e6,0.020907586440443993,0.3956542144296691,8,false,0.013772475199997088,0.013772475199997088,false
255,true,0.9825301523537832,-1.0334738041686432e6,1.0409757911155808e6,0.009121041977778077,0.08260133909061551,8,false,0.013772475199997088,0.013772475199997088,false
255,true,0.9632326990021502,-1.0335061677084313e6,1.0409826645273201e6,0.0663937188219279,0.1417725085048005,8,false,0.013772475199997088,0.013772475199997088,false
255,true,0.9975163726022244,-1.03351970640383e6,1.0409880502667566e6,-0.1082259074319154,-0.16089425678364933,8,false,0.013772475199997088,0.013772475199997088,false
255,true,0.7983125634649616,-1.0334612978582652e6,1.0409385803188999e6,0.09356523980386555,0.5142533214529976,8,false,0.013772475199997088,0.013772475199997088,false
255,true,0.9960296995365406,-1.0335514931780775e6,1.0410407434654176e6,-0.12090929341502488,-0.1489706669235602,8,false,0.013772475199997088,0.013772475199997088,false
255,true,0.9437206297666425,-1.0334280960404999e6,1.0409673423464617e6,0.05856980546377599,0.13696448178961873,8,false,0.013772475199997088,0.013772475199997088,false
255,true,0.8594162967234131,-1.0334872233910828e6,1.0408851340969373e6,0.10293525143060833,0.3863008483313024,8,false,0.013772475199997088,0.013772475199997088,false
255,true,0.9787216692578299,-1.0335887130972593e6,1.0410605415724186e6,-0.034589029382914305,-0.14530739339534193,8,false,0.013772475199997088,0.013772475199997088,false
255,true,0.7085332910744971,-1.0334341232759411e6,1.0409795242446206e6,0.5439611072652042,0.8832241725176573,8,false,0.013772475199997088,0.013772475199997088,false
255,true,0.9932994032299999,-1.0333862859023479e6,1.0408062038920111e6,-0.5160926521057263,-0.6689230987103656,8,false,0.013772475199997088,0.013772475199997088,false
255,true,0.9691566830332577,-1.0334298167981432e6,1.040823854621793e6,0.05894989240914583,0.15719410637393594,8,false,0.013772475199997088,0.013772475199997088,false
255,true,0.9761386337231687,-1.0334800174395333e6,1.0408887967625906e6,0.07315633620601147,-0.20285632088780403,8,false,0.013772475199997088,0.013772475199997088,false
255,true,0.9729097143159292,-1.0334199907455677e6,1.0409202495753084e6,-0.13483912928495556,-0.29902622813824564,8,false,0.013772475199997088,0.013772475199997088,false
255,true,0.9604727530909913,-1.0335007899518381e6,1.0408894206337588e6,-0.07879344618413597,0.19056007487233728,8,false,0.013772475199997088,0.013772475199997088,false
255,true,0.9951565062227099,-1.0334660377487277e6,1.0409486561826292e6,-0.0055268623400479555,-0.08989354805089533,8,false,0.013772475199997088,0.013772475199997088,false
255,true,0.9882411442626678,-1.0336051143760905e6,1.040995618853355e6,0.043457354069687426,-0.0799912306247279,8,false,0.013772475199997088,0.013772475199997088,false
255,true,0.9612474485131597,-1.0336448096650012e6,1.0410464662556286e6,-0.08143189793918282,0.16672081651631743,8,false,0.013772475199997088,0.013772475199997088,false
255,true,0.9732210045271021,-1.0335364552842191e6,1.0411276338138492e6,0.036817641579546034,0.08842744422145188,8,false,0.013772475199997088,0.013772475199997088,false
255,true,0.9931248695603753,-1.0333932221168411e6,1.0410320660235977e6,-0.054322935990057886,-0.09135968296322972,8,false,0.013772475199997088,0.013772475199997088,false
255,true,0.7053936688221161,-1.0334971969848854e6,1.0408437019137915e6,0.44926947623025626,0.7839946746826172,8,false,0.013772475199997088,0.013772475199997088,false
255,true,0.9556022125524212,-1.0335136046476813e6,1.041005362255322e6,0.20099105057306588,-0.4823631102917716,8,false,0.013772475199997088,0.013772475199997088,false
255,true,0.9987093134179457,-1.033489906604743e6,1.0409378537779229e6,-0.36546688398811966,-0.6699932606425136,8,false,0.013772475199997088,0.013772475199997088,false
255,true,0.835339852621839,-1.033330999681127e6,1.0408163628908138e6,0.006903951056301594,0.5793633590219542,8,false,0.013772475199997088,0.013772475199997088,false
255,true,0.8869271066794259,-1.0334849416737307e6,1.0407447805662934e6,-0.21476930985227227,0.40987977769691497,8,false,0.013772475199997088,0.013772475199997088,false
255,true,0.9924088984165168,-1.0333627308363961e6,1.0407249960281488e6,0.010720744612626731,-0.12063358351588249,8,false,0.013772475199997088,0.013772475199997088,false
255,true,0.8795491946042953,-1.0334029369789318e6,1.0407368116594611e6,-0.07903133961372077,0.362555616768077,8,false,0.013772475199997088,0.013772475199997088,false
255,true,0.8860789608831571,-1.0334194320453207e6,1.0407848520153149e6,0.2721247418085113,0.29916864924598485,8,false,0.013772475199997088,0.013772475199997088,false
255,true,0.9867462902996396,-1.0335098763779785e6,1.0409141831078681e6,-0.20501296850852668,-0.2996475911932066,8,false,0.013772475199997088,0.013772475199997088,false
255,true,0.8888736887267392,-1.033465342974176e6,1.0409857237974252e6,0.08346225274726748,0.33563566801603884,8,false,0.013772475199997088,0.013772475199997088,false
255,true,0.989340817422375,-1.0334738759393827e6,1.0409958990322964e6,0.05365619761869311,-0.20211642107460648,8,false,0.013772475199997088,0.013772475199997088,false
255,true,0.9381697769019286,-1.033543932053387e6,1.0409750957766048e6,0.12666132778394967,-0.24414833425544202,8,false,0.013772475199997088,0.013772475199997088,false
255,true,0.9375556108582667,-1.0334953038944153e6,1.0410141489628439e6,0.07023256889078766,-0.3676471362123266,8,false,0.013772475199997088,0.013772475199997088,false
255,true,0.9879256477913104,-1.0335414712494034e6,1.0410475366305402e6,-0.0030292607843875885,-0.41569182521197945,8,false,0.013772475199997088,0.013772475199997088,false
255,true,0.9473468809618025,-1.033416758753434e6,1.0409362577660201e6,0.15555126720573753,-0.43026328762061894,8,false,0.013772475199997088,0.013772475199997088,false
255,true,0.9936108711979973,-1.033431422261657e6,1.0408554838321941e6,-0.3965336096007377,-0.5878171939402819,8,false,0.013772475199997088,0.013772475199997088,false
255,true,0.9933155006526918,-1.0334675274356393e6,1.0408383173238384e6,-0.03397826838772744,-0.17937656887806952,8,false,0.013772475199997088,0.013772475199997088,false
255,true,0.9779023453642279,-1.0335399308356344e6,1.0410247317058879e6,0.043368541286326945,-0.15000095532741398,8,false,0.013772475199997088,0.013772475199997088,false
255,true,0.9921140204528779,-1.0335303225133889e6,1.0410729830298077e6,0.024642982869409025,-0.2014806211227551,8,false,0.013772475199997088,0.013772475199997088,false
255,true,0.9993642652411225,-1.0335366924676922e6,1.0410258463612114e6,-0.08022900740616024,-0.23971034411806613,8,false,0.013772475199997088,0.013772475199997088,false
255,true,0.9764758969712235,-1.033521519456028e6,1.0408852953411688e6,-0.025448378990404308,-0.15616369247436523,8,false,0.013772475199997088,0.013772475199997088,false
255,true,0.9820792977881552,-1.0334328105792764e6,1.0410106035912627e6,-0.09294880600646138,-0.12961618416011333,8,false,0.013772475199997088,0.013772475199997088,false
255,true,0.7956799655063193,-1.0334616857382057e6,1.0409308303457579e6,0.4030425238888711,0.5054945399751887,8,false,0.013772475199997088,0.013772475199997088,false
255,true,0.9658006551994178,-1.0335230890682325e6,1.0409644747814471e6,0.10610317171085626,-0.4216526187956333,8,false,0.013772475199997088,0.013772475199997088,false
255,true,0.9999979552206195,-1.0335480652599089e6,1.0409290795016865e6,-0.16913228365592659,-0.5501883211545646,8,false,0.013772475199997088,0.013772475199997088,false
255,true,0.7625556227948044,-1.0335320378969539e6,1.0410835075854816e6,0.0165728775318712,0.8272475172998384,8,false,0.013772475199997088,0.013772475199997088,false
255,true,0.9993953860668721,-1.0334452015279711e6,1.0409013956136917e6,-0.3400001277914271,-0.39666348753962666,8,false,0.013772475199997088,0.013772475199997088,false
255,true,0.9156318644987773,-1.0335010504238948e6,1.0408167582012663e6,0.11637780803721398,0.2205703016370535,8,false,0.013772475199997088,0.013772475199997088,false
255,true,0.9065959764376399,-1.0335218895883122e6,1.0409732967231727e6,0.1355572659522295,0.2871673133922741,8,false,0.013772475199997088,0.013772475199997088,false
255,true,0.9997365395657642,-1.0335161030040943e6,1.0410160069460479e6,-0.19166595675051212,-0.31884055654518306,8,false,0.013772475199997088,0.013772475199997088,false
255,true,0.9984361646486299,-1.0336250540747943e6,1.0410014122321575e6,-0.07116743875667453,-0.11520681902766228,8,false,0.013772475199997088,0.013772475199997088,false
255,true,0.9858130066455733,-1.0336119648087444e6,1.0410719041641629e6,0.022315972251817584,0.05891678691841662,8,false,0.013772475199997088,0.013772475199997088,false
255,true,0.9738038952992185,-1.0336099664901119e6,1.0411785580829437e6,0.0830069308867678,0.09196473332121968,8,false,0.013772475199997088,0.013772475199997088,false
255,true,0.9832684389760361,-1.033406341570476e6,1.0409734078489282e6,-0.0350417181616649,-0.13069186022039503,8,false,0.013772475199997088,0.013772475199997088,false
255,true,0.9535118650554304,-1.0334477247234286e6,1.0408731971915845e6,0.04866921831853688,0.1768035824643448,8,false,0.013772475199997088,0.013772475199997088,false
255,true,0.8866791976895666,-1.0334121618867595e6,1.0409060911368282e6,0.19534438592381775,0.3477284252876416,8,false,0.013772475199997088,0.013772475199997088,false
255,true,0.9881241986289825,-1.0334945041029458e6,1.0408327721369943e6,-0.2057576027000323,-0.33383622381370515,8,false,0.013772475199997088,0.013772475199997088,false
255,true,0.89687650249568,-1.033511183864555e6,1.0410009873138655e6,-0.025299045722931623,0.3117930442094803,8,false,0.013772475199997088,0.013772475199997088,false
255,true,0.653840597748213,-1.033571135506566e6,1.0409637472820791e6,0.02917501435149461,1.0808761934749782,8,false,0.013772475199997088,0.013772475199997088,false
255,true,0.9993769281608704,-1.0335500197679654e6,1.0409662585140237e6,-0.12358380935620517,-0.14567794871982187,8,false,0.013772475199997088,0.013772475199997088,false
255,true,0.9695194452497888,-1.0334752305572662e6,1.0409433346951924e6,-0.014758491888642311,0.09235302626620978,8,false,0.013772475199997088,0.013772475199997088,false
255,true,0.9696616225683318,-1.0333857325419849e6,1.0408130358645355e6,0.05727070616558194,0.07946780859492719,8,false,0.013772475199997088,0.013772475199997088,false
255,true,0.9428565362875312,-1.0333516086935764e6,1.0408382632765049e6,0.009866638225503266,0.17588142852764577,8,false,0.013772475199997088,0.013772475199997088,false
255,true,0.9993026038626246,-1.0333695810720618e6,1.0407995241170317e6,0.01118647342082113,-0.09087030438240618,8,false,0.013772475199997088,0.013772475199997088,false
255,true,0.9972553386788604,-1.0333639707011333e6,1.0407635863623761e6,0.030989376245997846,-0.10331448214128613,8,false,0.013772475199997088,0.013772475199997088,false
255,true,0.9600403037161734,-1.0334115606828232e6,1.0407918990934105e6,0.07096815365366638,0.17220225662458688,8,false,0.013772475199997088,0.013772475199997088,false
255,true,0.8697479908227321,-1.0333652446981708e6,1.0407955221362555e6,0.06574496137909591,0.4500432452186942,8,false,0.013772475199997088,0.013772475199997088,false
255,true,0.9025236440201111,-1.033574272735167e6,1.040942022785124e6,-0.20109149406198412,0.3412855522474274,8,false,0.013772475199997088,0.013772475199997088,false
255,true,0.8790485656139876,-1.0335540185463062e6,1.0410610009219977e6,0.05780596239492297,0.30203626141883433,8,false,0.013772475199997088,0.013772475199997088,false
255,true,0.8169731043373937,-1.0334193494281106e6,1.0409321302866085e6,0.46948700747452676,0.517812181962654,8,false,0.013772475199997088,0.013772475199997088,false
255,true,0.9991344499000195,-1.0334425717238478e6,1.0408784296750781e6,-0.07396476645953953,-0.5681299050338566,8,false,0.013772475199997088,0.013772475199997088,false
255,true,0.9939578407691892,-1.0335065948092176e6,1.0408870898597095e6,-0.16693925973959267,-0.5002588039496914,8,false,0.013772475199997088,0.013772475199997088,false
255,true,0.9346853456515877,-1.0335913893596599e6,1.0409972775212505e6,-0.09171703166794032,-0.34217172604985535,8,false,0.013772475199997088,0.013772475199997088,false
255,true,0.7902807304226356,-1.0334852231397915e6,1.0411100884428333e6,0.2375532800797373,0.706546162487939,8,false,0.013772475199997088,0.013772475199997088,false
255,true,0.8335901344626322,-1.033467491700803e6,1.0408712874540047e6,0.5679351022699848,0.6537353972671553,8,false,0.013772475199997088,0.013772475199997088,false
255,true,0.9978461076503645,-1.0334154305249067e6,1.0408057692122528e6,-0.9509513534139842,-1.075059684808366,8,false,0.013772475199997088,0.013772475199997088,false
255,true,0.8283796802433029,-1.0336562228021389e6,1.0410299050204362e6,-0.07708476239349693,0.48695897276047617,8,false,0.013772475199997088,0.013772475199997088,false
255,true,0.9902971820255047,-1.033615699348975e6,1.0410836853799208e6,-0.008644202374853194,0.05223447666503489,8,false,0.013772475199997088,0.013772475199997088,false
255,true,0.8945273479434832,-1.03366725505836e6,1.0411079484353261e6,0.1714178912807256,0.2339893322205171,8,false,0.013772475199997088,0.013772475199997088,false
255,true,0.9960386018479056,-1.0335318520821732e6,1.0410426201913798e6,-0.14156477234791964,-0.18960763572249562,8,false,0.013772475199997088,0.013772475199997088,false
255,true,0.8266131655687141,-1.0332576713255576e6,1.0407464766102878e6,0.11711154284421355,0.44922082708217204,8,false,0.013772475199997088,0.013772475199997088,false
255,true,0.9710871170156132,-1.0334707282834329e6,1.0408253222647175e6,-0.01644990046042949,-0.18736992147751153,8,false,0.013772475199997088,0.013772475199997088,false
255,true,0.9543995477161498,-1.0334260622849949e6,1.0409516127523057e6,-0.015902489074505866,0.1935955899534747,8,false,0.013772475199997088,0.013772475199997088,false
255,true,0.9883727729886722,-1.0335433920323467e6,1.0409314572214158e6,-0.009143031784333289,-0.12228688027244061,8,false,0.013772475199997088,0.013772475199997088,false
255,true,0.9981863003537591,-1.033536976075049e6,1.0410151037492438e6,0.009917394607327878,-0.11287110613193363,8,false,0.013772475199997088,0.013772475199997088,false
255,true,0.9933392348901361,-1.0334779601021728e6,1.0409759101802413e6,-0.118596734944731,-0.12086993479169905,8,false,0.013772475199997088,0.013772475199997088,false
255,true,0.9080689874138922,-1.0334466136146681e6,1.0408944472987789e6,0.13081939797848463,0.2239533766405657,8,false,0.013772475199997088,0.013772475199997088,false
255,true,0.8961750353898735,-1.033534430098909e6,1.0409613848218957e6,0.22665557032451034,0.3336126763606444,8,false,0.013772475199997088,0.013772475199997088,false
255,true,0.9609326268142637,-1.0335040159183284e6,1.0410050491373858e6,-0.15594139276072383,-0.3659610323375091,8,false,0.013772475199997088,0.013772475199997088,false
255,true,0.9902831581966381,-1.0334420418056475e6,1.0408940602514051e6,-0.16326666239183396,-0.22040040022693574,8,false,0.013772475199997088,0.013772475199997088,false
255,true,0.9528198679994553,-1.0335930810796684e6,1.0409007234644644e6,0.018827287014573812,0.14327654242515564,8,false,0.013772475199997088,0.013772475199997088,false
255,true,0.9683984310318072,-1.0336037064532519e6,1.041174511387733e6,-0.04138791700825095,0.120143749169074,8,false,0.013772475199997088,0.013772475199997088,false
255,true,0.967896280834715,-1.033562730549713e6,1.041126658341843e6,0.03373510914389044,0.08160570205654949,8,false,0.013772475199997088,0.013772475199997088,false
255,true,0.9885455540989695,-1.0335608217978626e6,1.0409403215800496e6,0.05313863034825772,0.07593734527472407,8,false,0.013772475199997088,0.013772475199997088,false
255,true,0.8207540605667564,-1.0334791988668477e6,1.0410111456317873e6,0.22580326721072197,0.501950909732841,8,false,0.013772475199997088,0.013772475199997088,false
255,true,0.950010549614068,-1.0334097288678748e6,1.0409937260817975e6,-0.011547034024260938,-0.3358376584947109,8,false,0.013772475199997088,0.013772475199997088,false
255,true,0.9975485240563612,-1.0334781809788324e6,1.0408258643986593e6,-0.28165828937198967,-0.35298658325336874,8,false,0.013772475199997088,0.013772475199997088,false
255,true,0.9568515544421259,-1.0333659287019928e6,1.0407979224969717e6,-0.006969042122364044,0.13740647805389017,8,false,0.013772475199997088,0.013772475199997088,false
255,true,0.7933908385497103,-1.0333947447019756e6,1.0407771788494639e6,0.5014631192898378,0.5351524099241942,8,false,0.013772475199997088,0.013772475199997088,false
255,true,0.9972638944134503,-1.0334068882226484e6,1.0408291913560207e6,-0.09041236923076212,-0.535173750249669,8,false,0.013772475199997088,0.013772475199997088,false
255,true,0.9946938835546414,-1.0333811133776988e6,1.0408054782391434e6,-0.35085932188667357,-0.465072774910368,8,false,0.013772475199997088,0.013772475199997088,false
255,true,0.6411308942625459,-1.0334157916873869e6,1.0407594232571141e6,0.5962507561780512,1.120424107182771,8,false,0.013772475199997088,0.013772475199997088,false
255,true,0.8810799508461523,-1.0334175027938737e6,1.0408461957831373e6,0.4483076089527458,-0.6910016005858779,8,false,0.013772475199997088,0.013772475199997088,false
255,true,0.946085056253473,-1.0334836116106389e6,1.0408518493903837e6,-1.1242304886691272,-1.1605386113515124,8,false,0.013772475199997088,0.013772475199997088,false
255,true,0.9978870949473553,-1.03347161718269e6,1.0408393351633953e6,-0.003640214679762721,-0.0480103197041899,8,false,0.013772475199997088,0.013772475199997088,false
255,true,0.9621913156783521,-1.0335338382398039e6,1.0409868013402659e6,0.03852586180437356,0.10393394168931991,8,false,0.013772475199997088,0.013772475199997088,false
255,true,0.9852662056338302,-1.0334088437995735e6,1.0409144520019273e6,-0.00765219412278384,0.06782075366936624,8,false,0.013772475199997088,0.013772475199997088,false
255,true,0.9632869255990864,-1.0334970972759518e6,1.0408528148100316e6,0.055331205017864704,0.11838610621634871,8,false,0.013772475199997088,0.013772475199997088,false
255,true,0.9248017720819426,-1.0335073365879691e6,1.0409815066112019e6,0.18103781004901975,0.24088495131582022,8,false,0.013772475199997088,0.013772475199997088,false
255,true,0.9989848073018819,-1.0335515933895652e6,1.0409784176267992e6,-0.017764321411959827,-0.28851123503409326,8,false,0.013772475199997088,0.013772475199997088,false
255,true,0.9996151736665865,-1.0334883231368369e6,1.0411114117150434e6,-0.24489788326900452,-0.24489788326900452,8,false,0.013772475199997088,0.013772475199997088,false
255,true,0.9037357826481525,-1.033536035178884e6,1.0411205683861031e6,0.04469473904464394,0.22712171042803675,8,false,0.013772475199997088,0.013772475199997088,false
255,true,0.8870227354369752,-1.0335312774570036e6,1.0410411478893758e6,0.059616840560920537,0.3009453598642722,8,false,0.013772475199997088,0.013772475199997088,false
255,true,0.9786039074674546,-1.0335063564106415e6,1.041082365002388e6,-0.017897786456160247,0.12037912325467914,8,false,0.013772475199997088,0.013772475199997088,false
255,true,0.9997964501771428,-1.0335496634136735e6,1.0409157202059525e6,-0.025032005389221013,-0.11280606023501605,8,false,0.013772475199997088,0.013772475199997088,false
255,true,0.9740546529131663,-1.0336405932205182e6,1.041167431310071e6,-0.08439503784757107,0.10191856638994068,8,false,0.013772475199997088,0.013772475199997088,false
255,true,0.9894391464091806,-1.0335506062456225e6,1.0411548635320374e6,0.004667417844757438,0.028386623598635197,8,false,0.013772475199997088,0.013772475199997088,false
255,true,0.9351598786592366,-1.0335538881413786e6,1.0410880655352025e6,0.007233407697640359,0.14858301857020706,8,false,0.013772475199997088,0.013772475199997088,false
255,true,0.9933553520535741,-1.0334620627936e6,1.0408976684410591e6,0.00019689544569700956,0.03459977335296571,8,false,0.013772475199997088,0.013772475199997088,false
255,true,0.9401985097985577,-1.0334529449924796e6,1.0409096101348699e6,0.04586040647700429,0.13434114132542163,8,false,0.013772475199997088,0.013772475199997088,false
255,true,0.9042162485334505,-1.0334599780844013e6,1.0409119542206912e6,0.050872163381427526,0.26784682157449424,8,false,0.013772475199997088,0.013772475199997088,false
255,true,0.8285999653474267,-1.0335582677346081e6,1.0409816254709595e6,0.40373874944634736,0.4923508574720472,8,false,0.013772475199997088,0.013772475199997088,false
255,true,0.8562727240710316,-1.0334043519842146e6,1.0409521693400153e6,-0.16397353378124535,0.5549336257390678,8,false,0.013772475199997088,0.013772475199997088,false
255,true,0.990567358588512,-1.0336007227325732e6,1.0409893464042636e6,0.0015134295681491494,-0.34748283214867115,8,false,0.013772475199997088,0.013772475199997088,false
255,true,0.93811858417157,-1.0335300699051721e6,1.0410382026266777e6,0.13012071140110493,-0.3371670589549467,8,false,0.013772475199997088,0.013772475199997088,false
255,true,0.9930007959050596,-1.0335164177701295e6,1.0409374122305566e6,-0.44700821430888027,-0.48060554172843695,8,false,0.013772475199997088,0.013772475199997088,false
255,true,0.9668604263027324,-1.0334238242901312e6,1.0408499711377589e6,0.06469830381684005,0.10390523821115494,8,false,0.013772475199997088,0.013772475199997088,false
255,true,0.9842323300406209,-1.0335056092086458e6,1.0408792935671703e6,-0.06113918754272163,-0.11008396546822041,8,false,0.013772475199997088,0.013772475199997088,false
255,true,0.983526615615499,-1.0334864565393103e6,1.0410029984845436e6,-0.012330712052062154,0.06833980756346136,8,false,0.013772475199997088,0.013772475199997088,false
255,true,0.9849264127696465,-1.0335056677469868e6,1.04099885855981e6,-0.003833084017969668,0.056677416898310184,8,false,0.013772475199997088,0.013772475199997088,false
255,true,0.7876329483010748,-1.0335411282587894e6,1.0409530300076844e6,0.1680002164794132,0.5395833548391238,8,false,0.013772475199997088,0.013772475199997088,false
255,true,0.9968849230781801,-1.0336654537858601e6,1.0410075960097264e6,-0.12596453656442463,-0.17572740640025586,8,false,0.013772475199997088,0.013772475199997088,false
255,true,0.7145848681408267,-1.0335614228267759e6,1.0411617703916822e6,0.16764499922282994,0.7885573379462585,8,false,0.013772475199997088,0.013772475199997088,false
255,true,0.7784641610369671,-1.0334123123027749e6,1.040981761347298e6,0.4520719647407532,0.7102216893108562,8,false,0.013772475199997088,0.013772475199997088,false
255,true,0.988184631688398,-1.0333739578137808e6,1.0408112609997124e6,0.021121591795235872,-0.673013128223829,8,false,0.013772475199997088,0.013772475199997088,false
255,true,0.9989003584565841,-1.0334878815815836e6,1.0408276028109255e6,-0.5501853607129306,-0.7038522287039086,8,false,0.013772475199997088,0.013772475199997088,false
255,true,0.9203751548971912,-1.0335015236650492e6,1.0409883515611654e6,0.21179318765643984,0.2876844557467848,8,false,0.013772475199997088,0.013772475199997088,false
255,true,0.7910169589573497,-1.0335409717434321e6,1.0410080748913742e6,-0.19472753384616226,0.7500982140190899,8,false,0.013772475199997088,0.013772475199997088,false
255,true,0.9160136850339614,-1.0335428579122314e6,1.041024717903468e6,0.17787581589072943,0.2961275677662343,8,false,0.013772475199997088,0.013772475199997088,false
255,true,0.9959442501260919,-1.0334990230357343e6,1.0409417094933481e6,-0.3293645392404869,-0.34634831885341555,8,false,0.013772475199997088,0.013772475199997088,false
255,true,0.6862240188538488,-1.033424989469943e6,1.0408517628409786e6,0.08855622075498104,0.877874756930396,8,false,0.013772475199997088,0.013772475199997088,false
255,true,0.961341527705998,-1.0333922233024725e6,1.0407704169164374e6,-0.11454373167362064,0.15377585124224424,8,false,0.013772475199997088,0.013772475199997088,false
255,true,0.9542258063765829,-1.0335473231683995e6,1.0409582108977649e6,0.02809474989771843,0.09097294299863279,8,false,0.013772475199997088,0.013772475199997088,false
255,true,0.9674793793609181,-1.0333573896210116e6,1.0408741252759955e6,0.0334455925039947,0.07928813702892512,8,false,0.013772475199997088,0.013772475199997088,false
255,true,0.9710869000782076,-1.0334237347031328e6,1.040780154733624e6,-0.04284655733499676,0.10315091977827251,8,false,0.013772475199997088,0.013772475199997088,false
255,true,0.9716061406591424,-1.0335730795654235e6,1.040960484195827e6,0.02375769568607211,0.06632661621551961,8,false,0.013772475199997088,0.013772475199997088,false
255,true,0.8097126640529843,-1.0335481344603486e6,1.041070176177605e6,0.42729797726497054,0.47581326973158866,8,false,0.013772475199997088,0.013772475199997088,false
255,true,0.9807824043529605,-1.0335454173417076e6,1.0410843106125882e6,-0.005761103588156402,-0.4545124889118597,8,false,0.013772475199997088,0.013772475199997088,false
255,true,0.9881098464058072,-1.0335664285987124e6,1.0410901222712516e6,-0.2404461078112945,-0.437505891546607,8,false,0.013772475199997088,0.013772475199997088,false
255,true,0.9890855669753161,-1.0336095712874931e6,1.0410755460050809e6,0.050190449226647615,-0.22089255042374134,8,false,0.013772475199997088,0.013772475199997088,false
255,true,0.9301788582341931,-1.0335608950870775e6,1.0411092730178811e6,-0.1916110907914117,0.27521731960587204,8,false,0.013772475199997088,0.013772475199997088,false
255,true,0.9893463349479283,-1.0334218213790258e6,1.0409166145908441e6,-0.022493216092698276,-0.09119374619331211,8,false,0.013772475199997088,0.013772475199997088,false
255,true,0.9561486366982748,-1.0335593500880346e6,1.0409507372299348e6,0.0759722231887281,0.152250359300524,8,false,0.013772475199997088,0.013772475199997088,false
255,true,0.9588626979336949,-1.0334003974472928e6,1.0409283735707081e6,-0.014997612684965134,0.16386239987332374,8,false,0.013772475199997088,0.013772475199997088,false
255,true,0.9160098190884561,-1.033454192249614e6,1.0408316276515604e6,-0.034614720032550395,0.2613732253666967,8,false,0.013772475199997088,0.013772475199997088,false
255,true,0.9217705997515201,-1.0334983240586828e6,1.0409059107230252e6,-0.004856757470406592,0.24000631843227893,8,false,0.013772475199997088,0.013772475199997088,false
255,true,0.9827508596869762,-1.0334691274356168e6,1.0409737407904816e6,0.031413137330673635,-0.08641832368448377,8,false,0.013772475199997088,0.013772475199997088,false
255,true,0.9780917201143925,-1.0334701325160878e6,1.0408643353607436e6,0.016645157942548394,0.111094786436297,8,false,0.013772475199997088,0.013772475199997088,false
255,true,0.9004256596793109,-1.033437866125792e6,1.040876808098966e6,-0.05787943594623357,0.2989158551208675,8,false,0.013772475199997088,0.013772475199997088,false
255,true,0.9994275396420499,-1.0334592741604234e6,1.040941677703638e6,-0.010715008131228387,-0.07956292876042426,8,false,0.013772475199997088,0.013772475199997088,false
255,true,0.9069040773701528,-1.03354578311073e6,1.0408702942713518e6,0.17219795112032443,0.23948110290803015,8,false,0.013772475199997088,0.013772475199997088,false
255,true,0.9205849083257146,-1.0336894005191674e6,1.0411943677525027e6,0.2692530251806602,0.29065877955872566,8,false,0.013772475199997088,0.013772475199997088,false
255,true,0.926058690955421,-1.0336199734356913e6,1.0412324610362545e6,-0.21639278158545494,-0.44396850978955626,8,false,0.013772475199997088,0.013772475199997088,false
255,true,0.9269876170901897,-1.0335485026378552e6,1.0410061483355878e6,0.20908501790836453,0.29584787564817816,8,false,0.013772475199997088,0.013772475199997088,false
255,true,0.9951375646543007,-1.0334801041060002e6,1.041003289088226e6,-0.4018572127679363,-0.4729312330018729,8,false,0.013772475199997088,0.013772475199997088,false
255,true,0.9970463691246276,-1.0335001967441057e6,1.0410682963030688e6,-0.04496291989926249,-0.08489825285505503,8,false,0.013772475199997088,0.013772475199997088,false
255,true,0.9764579465171337,-1.0335018135641937e6,1.0409399602318468e6,0.039487198810093105,0.09159374609589577,8,false,0.013772475199997088,0.013772475199997088,false
255,true,0.705376130995391,-1.0335110142059101e6,1.040943954616393e6,0.7860547424061224,0.8311494828667492,8,false,0.013772475199997088,0.013772475199997088,false
255,true,0.9912999594207001,-1.0335181687232117e6,1.0410833485903973e6,-0.2054202944273129,-0.8586129168979824,8,false,0.013772475199997088,0.013772475199997088,false
255,true,0.9710800954364407,-1.0335583183940278e6,1.0408736677833732e6,-0.537754008313641,-0.6600307488115504,8,false,0.013772475199997088,0.013772475199997088,false
255,true,0.9995195916977987,-1.0335857390643287e6,1.0410195433917802e6,-0.0627547170734033,-0.13784798386041075,8,false,0.013772475199997088,0.013772475199997088,false
255,true,0.7420759222866903,-1.0336335541940808e6,1.0410727694834006e6,-0.0033501668367534876,0.7203420758014545,8,false,0.013772475199997088,0.013772475199997088,false
255,true,0.9065953282152407,-1.0335910484085312e6,1.0410965682722874e6,0.012969966395758092,0.24827284610364586,8,false,0.013772475199997088,0.013772475199997088,false
255,true,0.9705737210136713,-1.0336490214916622e6,1.0410372987891253e6,-0.010527535690926015,0.11970642383676022,8,false,0.013772475199997088,0.013772475199997088,false
255,true,0.9561833178359271,-1.0334340771229422e6,1.0409724106763339e6,0.058283860329538584,0.13400156260468066,8,false,0.013772475199997088,0.013772475199997088,false
255,true,0.9400394267106653,-1.0334339204303754e6,1.0407721418964787e6,0.037212339346297085,0.1973566630622372,8,false,0.013772475199997088,0.013772475199997088,false
255,true,0.9670394337842784,-1.033535697604874e6,1.040959584256164e6,-0.04611630039289594,-0.1534338853089139,8,false,0.013772475199997088,0.013772475199997088,false
255,true,0.9747280110688376,-1.0334723635685414e6,1.0408121990159261e6,-0.06652072770521045,-0.12354334106203169,8,false,0.013772475199997088,0.013772475199997088,false
255,true,0.9164383932608854,-1.0335524014139263e6,1.0409409758278468e6,0.0738385443110019,0.21308734570629895,8,false,0.013772475199997088,0.013772475199997088,false
255,true,0.9276505351783457,-1.0335388100282346e6,1.0409934133010578e6,-0.025154638453386724,0.22749563574325293,8,false,0.013772475199997088,0.013772475199997088,false
255,true,0.9976366833774194,-1.0335749322205381e6,1.0411022628202693e6,-0.005384900141507387,-0.07768401689827442,8,false,0.013772475199997088,0.013772475199997088,false
255,true,0.8637861793758855,-1.0335663511996623e6,1.0409050981368563e6,0.3398126356769353,0.3672286655055359,8,false,0.013772475199997088,0.013772475199997088,false
255,true,0.9887182289849022,-1.033516656171802e6,1.0411193062001544e6,-0.3359381841728464,-0.4095522135030478,8,false,0.013772475199997088,0.013772475199997088,false
255,true,0.9829268844749469,-1.0334983277000876e6,1.041075167791974e6,-0.04856135614681989,0.09507468878291547,8,false,0.013772475199997088,0.013772475199997088,false
255,true,0.9244808795620487,-1.0334600884032376e6,1.0409128074475807e6,0.05784936202690005,0.19639155641198158,8,false,0.013772475199997088,0.013772475199997088,false
255,true,0.8951698022174297,-1.0335601240462736e6,1.0409426679769077e6,0.04993789142463356,0.30494355235714465,8,false,0.013772475199997088,0.013772475199997088,false
255,true,0.9927541356458052,-1.0335329818665318e6,1.0409496937142769e6,0.0018161507323384285,-0.1396931236376986,8,false,0.013772475199997088,0.013772475199997088,false
255,true,0.7385236066873456,-1.0334282300394991e6,1.040961280299719e6,0.4788328487193212,0.7895860188873485,8,false,0.013772475199997088,0.013772475199997088,false
255,true,0.9935186331816765,-1.0333449306958372e6,1.0407795966833396e6,-0.4241729927016422,-0.6171867370139807,8,false,0.013772475199997088,0.013772475199997088,false
255,true,0.8075270604888609,-1.033316713123726e6,1.0406297759550355e6,-0.13898780813906342,0.6219414658844471,8,false,0.013772475199997088,0.013772475199997088,false
255,true,0.8944832672832917,-1.0334907796240356e6,1.0408163044563292e6,-0.040949184098280966,0.2860744441859424,8,false,0.013772475199997088,0.013772475199997088,false
255,true,0.995702642674654,-1.0335142838189666e6,1.0408302662722669e6,0.00320782617200166,0.04491081030573696,8,false,0.013772475199997088,0.013772475199997088,false
255,true,0.8799431283386467,-1.0336339822330637e6,1.0411349575751823e6,0.25113647046964616,0.29871240200009197,8,false,0.013772475199997088,0.013772475199997088,false
255,true,0.9825172958742736,-1.0336663570256382e6,1.0411975071670043e6,0.0835070590255782,-0.2744342696387321,8,false,0.013772475199997088,0.013772475199997088,false
255,true,0.6610040266544933,-1.0334782810560992e6,1.0411094780888025e6,-0.1406604846706614,1.2588418413652107,8,false,0.013772475199997088,0.013772475199997088,false
255,true,0.9999353581983399,-1.0334680714662516e6,1.0408584834495985e6,-0.15340055210981518,-0.21698292682413012,8,false,0.013772475199997088,0.013772475199997088,false
255,true,0.9994205801620323,-1.0333629826965026e6,1.0407931809382738e6,-0.033272935543209314,-0.07672299747355282,8,false,0.013772475199997088,0.013772475199997088,false
255,true,0.993886680595813,-1.0335421166319742e6,1.0409543207461732e6,-0.03399883024394512,-0.049054968054406345,8,false,0.013772475199997088,0.013772475199997088,false
255,true,0.996559912250581,-1.0335379555862373e6,1.0410491972218077e6,-0.00047260429710149765,0.021922957617789507,8,false,0.013772475199997088,0.013772475199997088,false
255,true,0.9343416196032954,-1.0334157115995667e6,1.0408965545704522e6,0.0849383050808683,0.15998108277563006,8,false,0.013772475199997088,0.013772475199997088,false
255,true,0.9372500179182974,-1.0334531093800582e6,1.0409344912593473e6,0.15269513637758791,0.19973223540000618,8,false,0.013772475199997088,0.013772475199997088,false
255,true,0.9967793867240871,-1.0334022548986175e6,1.0408549714158757e6,-0.04486018209718168,-0.242306208005175,8,false,0.013772475199997088,0.013772475199997088,false
255,true,0.5768319006647136,-1.0333919156687204e6,1.04092179837992e6,-0.14233221346512437,1.5483010183088481,8,false,0.013772475199997088,0.013772475199997088,false
255,true,0.9429551419718858,-1.0334604163734159e6,1.0408196191972237e6,-0.015182575676590204,0.15359300503041595,8,false,0.013772475199997088,0.013772475199997088,false
255,true,0.7139292595121212,-1.0334817233358545e6,1.0408515883283257e6,0.07805446605198085,0.7487235784064978,8,false,0.013772475199997088,0.013772475199997088,false
255,true,0.8134389609438456,-1.0334339127794842e6,1.0408334626788966e6,0.4095077926758677,0.5272344636032358,8,false,0.013772475199997088,0.013772475199997088,false
255,true,0.9960380146872267,-1.0334427205801237e6,1.0407954124560007e6,-0.10480933159124106,-0.4916532498318702,8,false,0.013772475199997088,0.013772475199997088,false
255,true,0.9919427458382988,-1.0334869552290188e6,1.0409237510298854e6,0.05387799604795873,-0.41698542376980186,8,false,0.013772475199997088,0.013772475199997088,false
255,true,0.9987036209237202,-1.0334854871063723e6,1.040915365720381e6,-0.1370345235336572,-0.48186816670931876,8,false,0.013772475199997088,0.013772475199997088,false
255,true,0.9812254966952305,-1.0335456469605701e6,1.0410780724941919e6,-0.016887545585632324,-0.3402929899748415,8,false,0.013772475199997088,0.013772475199997088,false
255,true,0.9442491148511037,-1.0335211559711129e6,1.0410148380324941e6,-0.07332839886657894,-0.31107778172008693,8,false,0.013772475199997088,0.013772475199997088,false
255,true,0.8842212028623319,-1.0334118027299625e6,1.0409487550281094e6,0.12926237820647657,0.4240912281675264,8,false,0.013772475199997088,0.013772475199997088,false
255,true,0.9795070241299204,-1.033404363508253e6,1.04078943708952e6,-0.1369050012435764,-0.3757588535081595,8,false,0.013772475199997088,0.013772475199997088,false
255,true,0.8186991612190126,-1.0333709776920765e6,1.0408567679656199e6,0.5388558594277129,0.5874983047833666,8,false,0.013772475199997088,0.013772475199997088,false
255,true,0.837198371450658,-1.0334143513984283e6,1.0409109899179322e6,-0.49367958086077124,-0.762174875009805,8,false,0.013772475199997088,0.013772475199997088,false
255,true,0.9528516518982875,-1.0334910344936071e6,1.040957704354785e6,0.010529175167903304,-0.2845798024209216,8,false,0.013772475199997088,0.013772475199997088,false
255,true,0.996977927865085,-1.0334779931829374e6,1.0408415451872438e6,-0.2809026475297287,-0.293621918768622,8,false,0.013772475199997088,0.013772475199997088,false
255,true,0.9501325739001064,-1.0333551385238089e6,1.0408255390119833e6,0.019696983508765697,0.1256493927212432,8,false,0.013772475199997088,0.013772475199997088,false
255,true,0.7488479850885463,-1.0334032837094275e6,1.0407379948109825e6,0.031141578103415668,0.6769582036649808,8,false,0.013772475199997088,0.013772475199997088,false
255,true,0.8073602711195175,-1.0335441641455014e6,1.0408523792481491e6,0.39701428718399256,0.5244601623853669,8,false,0.013772475199997088,0.013772475199997088,false
255,true,0.9280339909690428,-1.0334526866993041e6,1.0409591667629437e6,-0.43496305181179196,-0.4641247724648565,8,false,0.013772475199997088,0.013772475199997088,false
255,true,0.72037475917798,-1.0334846349685483e6,1.0408966334560207e6,0.2302131886826828,0.7605120856314898,8,false,0.013772475199997088,0.013772475199997088,false
255,true,0.968429673801582,-1.0335440617114631e6,1.041021713439637e6,-0.072462925221771,-0.2598195258760825,8,false,0.013772475199997088,0.013772475199997088,false
255,true,0.8817589121031235,-1.0335523322254353e6,1.0409777105929255e6,0.3508246123092249,0.3812135180924088,8,false,0.013772475199997088,0.013772475199997088,false
255,true,0.9687787111156246,-1.0334557833489442e6,1.0409867912742174e6,-0.5060996013926342,-0.5402386990608647,8,false,0.013772475199997088,0.013772475199997088,false
255,true,0.9511448002342606,-1.0334931819334461e6,1.0409429057175759e6,0.062054647714830935,0.1363583446945995,8,false,0.013772475199997088,0.013772475199997088,false
255,true,0.9507951660478033,-1.0333496555957885e6,1.0407678477899532e6,0.023868926102295518,0.17975467874202877,8,false,0.013772475199997088,0.013772475199997088,false
255,true,0.9966192523286956,-1.0333666923698444e6,1.0407827179637599e6,0.02028460381552577,-0.12670854944735765,8,false,0.013772475199997088,0.013772475199997088,false
255,true,0.9879933395686847,-1.0335472749172251e6,1.0408743260164816e6,-0.06895188218913972,-0.13958998548332602,8,false,0.013772475199997088,0.013772475199997088,false
255,true,0.9153066186793016,-1.0335527486550019e6,1.040963756615075e6,0.14932520990259945,0.2351048378041014,8,false,0.013772475199997088,0.013772475199997088,false
255,true,0.9619672979345372,-1.0334650368125276e6,1.0409865662765973e6,0.10277867701370269,-0.19200349575839937,8,false,0.013772475199997088,0.013772475199997088,false
255,true,0.9674780888522299,-1.0334853486907319e6,1.040950261187885e6,0.004733856534585357,-0.30222718650475144,8,false,0.013772475199997088,0.013772475199997088,false
255,true,0.9958138030303934,-1.0334166465094988e6,1.0408729152954186e6,-0.3172209963668138,-0.3172209963668138,8,false,0.013772475199997088,0.013772475199997088,false
255,true,0.8295308554927012,-1.0335288089237816e6,1.0409616158449737e6,0.18067694664932787,0.3977013473631814,8,false,0.013772475199997088,0.013772475199997088,false
255,true,0.7547958760538652,-1.0335196112777004e6,1.0409931637719917e6,-0.041493268217891455,0.7655485132709146,8,false,0.013772475199997088,0.013772475199997088,false
255,true,0.9482804180492161,-1.0335015626524814e6,1.0409499535551998e6,0.13560408947523683,0.19363917817827314,8,false,0.013772475199997088,0.013772475199997088,false
255,true,0.9499319170968569,-1.033610343691888e6,1.0410691234694708e6,-0.013480644556693733,-0.26249465881846845,8,false,0.013772475199997088,0.013772475199997088,false
255,true,0.7217831256108558,-1.0336148223517062e6,1.0412901877916346e6,-0.17786330915987492,0.948496283381246,8,false,0.013772475199997088,0.013772475199997088,false
255,true,0.8155592887631252,-1.0334411310463576e6,1.0409939004313749e6,-0.03572303056716919,0.5069498763186857,8,false,0.013772475199997088,0.013772475199997088,false
255,true,0.9965868814480243,-1.03357442084993e6,1.0408406167040829e6,0.009160446934401989,-0.06643589050509036,8,false,0.013772475199997088,0.013772475199997088,false
255,true,0.9927644932718596,-1.0335342865242807e6,1.0410654859605276e6,-0.001272721798159182,-0.06809549569152296,8,false,0.013772475199997088,0.013772475199997088,false
255,true,0.995579151734617,-1.0334670967331487e6,1.0409949637652384e6,-0.06239023362286389,-0.0728655457496643,8,false,0.013772475199997088,0.013772475199997088,false
255,true,0.9424183794589103,-1.0335167354024701e6,1.0409968667654322e6,0.055824829381890595,0.13141366455238312,8,false,0.013772475199997088,0.013772475199997088,false
255,true,0.9853584294760502,-1.0332809334911176e6,1.0408308586009553e6,-0.031468448461964726,0.06901471596211195,8,false,0.013772475199997088,0.013772475199997088,false
255,true,0.6019821862093784,-1.0334730099655399e6,1.0407610587043313e6,0.11694175389129668,1.1506465849233791,8,false,0.013772475199997088,0.013772475199997088,false
255,true,0.9883224348780814,-1.0334599666967866e6,1.0408940044773984e6,-0.10142856673337519,-0.15106484584975988,8,false,0.013772475199997088,0.013772475199997088,false
255,true,0.9948417963191771,-1.0335188178896611e6,1.0409553965753266e6,-0.015287362970411777,-0.03881014115177095,8,false,0.013772475199997088,0.013772475199997088,false
255,true,0.9868130934974856,-1.0335370265354208e6,1.041021745257888e6,0.020850401604548097,0.04791112570092082,8,false,0.013772475199997088,0.013772475199997088,false
255,true,0.9726372234768842,-1.0334870340070368e6,1.0410306710740812e6,0.033050671219825745,0.09812441852409393,8,false,0.013772475199997088,0.013772475199997088,false
255,true,0.8915449809989046,-1.0335492569154644e6,1.0409713339734548e6,0.04166625428479165,0.29656087851617485,8,false,0.013772475199997088,0.013772475199997088,false
255,true,0.9933634639961579,-1.0335738011792948e6,1.0409027454713652e6,-0.04004948015790433,-0.10078187519684434,8,false,0.013772475199997088,0.013772475199997088,false
255,true,0.9926235284220145,-1.0336373595795223e6,1.0411793989885104e6,-0.04164691863115877,-0.08098875114228576,8,false,0.013772475199997088,0.013772475199997088,false
255,true,0.9899161162670627,-1.0332880503144956e6,1.0409600920794201e6,-0.013276029261760414,0.054957567364908755,8,false,0.013772475199997088,0.013772475199997088,false
255,true,0.98048539700807,-1.0333725830688804e6,1.040718638319701e6,0.030621338286437094,0.07500962913036346,8,false,0.013772475199997088,0.013772475199997088,false
255,true,0.7285099846976042,-1.0332928394911895e6,1.0407881536633698e6,0.022019975469447672,0.7318317624740303,8,false,0.013772475199997088,0.013772475199997088,false
255,true,0.9782562245624388,-1.0332837991242982e6,1.0406701734860537e6,-0.04728646238800138,0.09536505932919681,8,false,0.013772475199997088,0.013772475199997088,false
255,true,0.9309398773946265,-1.0332924968553294e6,1.0407678726288052e6,0.01864837808534503,0.17539291502907872,8,false,0.013772475199997088,0.013772475199997088,false
255,true,0.9214327683992605,-1.0335264048652241e6,1.0407835719905269e6,0.01833379000891,0.20599117374513298,8,false,0.013772475199997088,0.013772475199997088,false
255,true,0.8271059979589203,-1.0334976167309982e6,1.0410294018529136e6,0.05638837337028235,0.45498534687794745,8,false,0.013772475199997088,0.013772475199997088,false
255,true,0.9889213366584878,-1.0336608787530225e6,1.0410838751989367e6,-0.015579718281514943,-0.11535078729502857,8,false,0.013772475199997088,0.013772475199997088,false
255,true,0.9636019202780929,-1.033518429160129e6,1.0411031583624823e6,0.0008204011246562004,0.1431425658520311,8,false,0.013772475199997088,0.013772475199997088,false
255,true,0.7534286512975726,-1.0335484623628284e6,1.0410419129362757e6,0.3271976512623951,0.7086510735098273,8,false,0.013772475199997088,0.013772475199997088,false
255,true,0.9623130274003355,-1.0334284350888032e6,1.0410200323817766e6,-0.20267902361229062,-0.3862999278353527,8,false,0.013772475199997088,0.013772475199997088,false
255,true,0.9999842211935954,-1.0334873302014568e6,1.0408147629439259e6,-0.12420837476383895,-0.22417147492524236,8,false,0.013772475199997088,0.013772475199997088,false
255,true,0.9633407865244682,-1.0336867161791604e6,1.0411281624586909e6,-0.0416217315942049,0.1563224724959582,8,false,0.013772475199997088,0.013772475199997088,false
255,true,0.9907472718929112,-1.0335216935239948e6,1.041166227056355e6,0.015939464909024537,-0.07197214523330331,8,false,0.013772475199997088,0.013772475199997088,false
255,true,0.9731228711261821,-1.0334051326854009e6,1.0409193465274996e6,0.054975301143713295,0.11343950987793505,8,false,0.013772475199997088,0.013772475199997088,false
255,true,0.9979394977990859,-1.0335480563094784e6,1.040931564272307e6,0.020680547109805048,-0.15096459141932428,8,false,0.013772475199997088,0.013772475199997088,false
255,true,0.677358764576625,-1.0336558586841307e6,1.041093512663161e6,0.5224367899354547,1.0299533553188667,8,false,0.013772475199997088,0.013772475199997088,false
255,true,0.7763084383160516,-1.0335570818908832e6,1.0411954774660647e6,0.5126974716549739,0.9106207999866456,8,false,0.013772475199997088,0.013772475199997088,false
255,true,0.9988627322994391,-1.0335282580582758e6,1.040993574788727e6,-0.4806699660839513,-1.2061058131512254,8,false,0.013772475199997088,0.013772475199997088,false
255,true,0.9966483849561798,-1.0333738805178562e6,1.0409221647723189e6,-0.05916354921646416,-0.7032935585593805,8,false,0.013772475199997088,0.013772475199997088,false
255,true,0.9631274313882185,-1.0333727475547477e6,1.0407397121302577e6,-0.49617777473758906,-0.645084096933715,8,false,0.013772475199997088,0.013772475199997088,false
255,true,0.7888171472350008,-1.0334708304817238e6,1.0409072777912373e6,-0.004858624306507409,0.6465926355449483,8,false,0.013772475199997088,0.013772475199997088,false
255,true,0.9993311946568594,-1.0335369616175244e6,1.0409679021472072e6,-0.07876138016581535,-0.15063281706534326,8,false,0.013772475199997088,0.013772475199997088,false
255,true,0.9110278361358303,-1.0334652072544971e6,1.0410254554997757e6,0.002814709907397628,0.2457684564869851,8,false,0.013772475199997088,0.013772475199997088,false
255,true,0.8120370226799305,-1.0333240011041278e6,1.0407208339119809e6,0.384719445486553,0.5088767077540979,8,false,0.013772475199997088,0.013772475199997088,false
255,true,0.9973070131062316,-1.0334727049878984e6,1.0407383104392794e6,-0.3985553649254143,-0.44545845419634134,8,false,0.013772475199997088,0.013772475199997088,false
255,true,0.9624998996357794,-1.0334746479203149e6,1.0409627891029342e6,0.014481654157862067,0.12994073587469757,8,false,0.013772475199997088,0.013772475199997088,false
255,true,0.9992918608114243,-1.0335092794415039e6,1.040937212557235e6,-0.01062370918225497,-0.08017161872703582,8,false,0.013772475199997088,0.013772475199997088,false
255,true,0.9286693173863944,-1.0333071100374465e6,1.0407940872511575e6,0.09548653662204742,0.22064927057363093,8,false,0.013772475199997088,0.013772475199997088,false
255,true,0.9912989629816502,-1.0335269064624148e6,1.0407775702725073e6,-0.10533403267618269,-0.16854429861996323,8,false,0.013772475199997088,0.013772475199997088,false
255,true,0.8436181009488468,-1.0335083777964008e6,1.0410306001044234e6,0.024847585009410977,0.42227367812301964,8,false,0.013772475199997088,0.013772475199997088,false
255,true,0.9844620838582058,-1.0335352990025193e6,1.0409560197234394e6,0.032778872177004814,0.0795898981159553,8,false,0.013772475199997088,0.013772475199997088,false
255,true,0.8579744581351394,-1.0335623713553909e6,1.0410296907842698e6,0.15545916883274913,0.38986226776614785,8,false,0.013772475199997088,0.013772475199997088,false
255,true,1.0,-1.0335078270467097e6,1.0410189698257631e6,-0.2380933330859989,-0.26130257872864604,8,false,0.013772475199997088,0.013772475199997088,false
255,true,0.9921167093978785,-1.0334749975069743e6,1.0409332474699072e6,0.026053365087136626,0.0483292390126735,8,false,0.013772475199997088,0.013772475199997088,false
255,true,0.9926544095641286,-1.0334623443021805e6,1.0410069099048524e6,0.013020080281421542,-0.061624561320059,8,false,0.013772475199997088,0.013772475199997088,false
255,true,0.8913386309164661,-1.0333640870804284e6,1.0408576980410115e6,0.14458442700561136,0.3009746699826792,8,false,0.013772475199997088,0.013772475199997088,false
255,true,0.9752697037020077,-1.0333832479488034e6,1.0407948247242782e6,-0.14840045676101,-0.21095426043029875,8,false,0.013772475199997088,0.013772475199997088,false
255,true,0.9577476511073433,-1.0334266985776817e6,1.0407700228207821e6,0.08583872148301452,0.1331673520617187,8,false,0.013772475199997088,0.013772475199997088,false
255,true,0.987513290383737,-1.0333735944074292e6,1.0408105685886262e6,-0.00019751559011638165,-0.13696022774092853,8,false,0.013772475199997088,0.013772475199997088,false
255,true,0.9954106957745061,-1.033594188570232e6,1.0409600992149292e6,-0.051159468363039196,-0.15716186095960438,8,false,0.013772475199997088,0.013772475199997088,false
255,true,0.8766117797711922,-1.0334864856671629e6,1.0410584788235537e6,0.04747619025874883,0.35520398523658514,8,false,0.013772475199997088,0.013772475199997088,false
255,true,0.9952823972160902,-1.0334281657611097e6,1.0408432222010881e6,-0.10128957382403314,-0.14227754203602672,8,false,0.013772475199997088,0.013772475199997088,false
255,true,0.9826150945732592,-1.0336166902973534e6,1.0410269248197383e6,0.03131108800880611,0.0770533966133371,8,false,0.013772475199997088,0.013772475199997088,false
255,true,0.9605349044661377,-1.0336137179024036e6,1.0411894800563621e6,0.0614657566184178,0.14366883295588195,8,false,0.013772475199997088,0.013772475199997088,false
255,true,0.9968058332031553,-1.03359390508222e6,1.0409874723352796e6,-0.07008024852257222,-0.13842905906494707,8,false,0.013772475199997088,0.013772475199997088,false
255,true,0.9323337596564208,-1.0334848598756901e6,1.0409035457349273e6,0.0011162495939061046,0.19266251614317298,8,false,0.013772475199997088,0.013772475199997088,false
255,true,0.933622365587623,-1.0335178990124224e6,1.0410008877310605e6,0.05762392142787576,0.17903231550008059,8,false,0.013772475199997088,0.013772475199997088,false
255,true,0.7206952177137631,-1.0334827987873597e6,1.0409431596355743e6,-0.09030711825471371,0.8397840086836368,8,false,0.013772475199997088,0.013772475199997088,false
255,true,0.8706229669681551,-1.0335493649893305e6,1.0408847313561478e6,0.08356821548659354,0.3106833767378703,8,false,0.013772475199997088,0.013772475199997088,false
255,true,0.9786720385072571,-1.033544926564537e6,1.0411129052036481e6,0.0611579273827374,0.13357527030166239,8,false,0.013772475199997088,0.013772475199997088,false
255,true,0.9982432287132718,-1.0334983860587233e6,1.0409832379644066e6,-0.0011727368691936135,-0.1927923165494576,8,false,0.013772475199997088,0.013772475199997088,false
255,true,0.9893096213132987,-1.0334775961593575e6,1.0409744714249427e6,0.06039658153895289,-0.17846528626978397,8,false,0.013772475199997088,0.013772475199997088,false
255,true,0.988046843735792,-1.0334798755345291e6,1.0408960339428942e6,-0.11616561631672084,-0.2383763693505898,8,false,0.013772475199997088,0.013772475199997088,false
255,true,0.9946229718528459,-1.0333750938593668e6,1.0408171525768889e6,-0.056918678688816726,-0.12947769626043737,8,false,0.013772475199997088,0.013772475199997088,false
255,true,0.9676372030211572,-1.0334486472585414e6,1.0409420964241293e6,0.04981102095916867,0.11370946420356631,8,false,0.013772475199997088,0.013772475199997088,false
255,true,0.6764185402335575,-1.0334784164257854e6,1.0407851604621938e6,0.680203954456374,0.9874257667688653,8,false,0.013772475199997088,0.013772475199997088,false
255,true,0.9949957489642454,-1.0334706832338177e6,1.040874420824532e6,-0.7043864554725587,-0.7855371084297076,8,false,0.013772475199997088,0.013772475199997088,false
255,true,0.8341517488951188,-1.0335190653890835e6,1.0409255748674964e6,0.006576318992301822,0.45009079726878554,8,false,0.013772475199997088,0.013772475199997088,false
255,true,0.9968873969029381,-1.0334055273350751e6,1.0409289344827168e6,-0.03725464118178934,-0.10174230393022299,8,false,0.013772475199997088,0.013772475199997088,false
255,true,0.9652003530598295,-1.0336086439516128e6,1.0410431580044284e6,0.05264595500193536,0.13022835610900074,8,false,0.013772475199997088,0.013772475199997088,false
255,true,0.9846915661776845,-1.0334982833851003e6,1.0410222835563337e6,0.0016159527003765106,-0.11960524949245155,8,false,0.013772475199997088,0.013772475199997088,false
255,true,0.9866894128267177,-1.0334883609172906e6,1.040976915485835e6,-0.013902056496590376,-0.1088763321749866,8,false,0.013772475199997088,0.013772475199997088,false
255,true,0.9085861150176179,-1.0336314305559002e6,1.0410797801798118e6,-0.07025916606653482,0.27139697049278766,8,false,0.013772475199997088,0.013772475199997088,false
255,true,0.7450046450606076,-1.0335392111478462e6,1.0410373095080497e6,0.1068426021374762,0.6511419506277889,8,false,0.013772475199997088,0.013772475199997088,false
255,true,0.9100940220772257,-1.0334736392488234e6,1.0410171179603866e6,0.16133459191769361,0.29740507947281003,8,false,0.013772475199997088,0.013772475199997088,false
255,true,0.9898201616898964,-1.0334903798503391e6,1.0409738064584525e6,0.01936159224715084,-0.29556298220995814,8,false,0.013772475199997088,0.013772475199997088,false
255,true,0.999990721534138,-1.0334503337319221e6,1.0409176002745422e6,-0.1156934208702296,-0.3352630134904757,8,false,0.013772475199997088,0.013772475199997088,false
255,true,0.9491218504111292,-1.0335053008350774e6,1.0409457571746628e6,-0.0027018528198823333,0.2026706215692684,8,false,0.013772475199997088,0.013772475199997088,false
255,true,0.9444113063175138,-1.0335534927859334e6,1.0410272235536732e6,0.06128451891709119,0.2281886872369796,8,false,0.013772475199997088,0.013772475199997088,false
255,true,0.9768659496744757,-1.0336034156779329e6,1.0410855328421162e6,-0.04422779905144125,-0.25498878431972116,8,false,0.013772475199997088,0.013772475199997088,false
255,true,0.8492435127834653,-1.0335030938374348e6,1.0410117193687211e6,0.2641043603653088,0.48584101430606097,8,false,0.013772475199997088,0.013772475199997088,false
255,true,0.9970519626676952,-1.0335060324202989e6,1.0410901507634823e6,-0.19166970381047577,-0.4908558615716174,8,false,0.013772475199997088,0.013772475199997088,false
255,true,0.8833833154322401,-1.0334594952560312e6,1.0408939263814397e6,-0.0660573102068156,0.4256893405690789,8,false,0.013772475199997088,0.013772475199997088,false
255,true,0.9683171631890075,-1.0333851939464903e6,1.0408264780715916e6,0.13116309756878763,-0.22722799889743328,8,false,0.013772475199997088,0.013772475199997088,false
255,true,0.9824318505628239,-1.0334974444628581e6,1.0406500417509152e6,-0.3199305757880211,-0.35381209186743945,8,false,0.013772475199997088,0.013772475199997088,false
255,true,0.9962399784354692,-1.0335001504996773e6,1.0408365537819322e6,-0.000965431216172874,-0.062310606124810874,8,false,0.013772475199997088,0.013772475199997088,false
255,true,0.9893087450914724,-1.0335181112691518e6,1.040998922570489e6,-0.011119431001134217,0.05521051026880741,8,false,0.013772475199997088,0.013772475199997088,false
255,true,0.9006283740756139,-1.0335095490867329e6,1.0408587620003057e6,0.0004994249902665615,0.24505475885234773,8,false,0.013772475199997088,0.013772475199997088,false
255,true,0.9501581219136768,-1.0336549240341448e6,1.041149291315331e6,0.10989475483074784,0.1340021229116246,8,false,0.013772475199997088,0.013772475199997088,false
255,true,0.9111263546492124,-1.0336260530207239e6,1.0411095895012465e6,0.19570763665251434,0.2910933088278398,8,false,0.013772475199997088,0.013772475199997088,false
255,true,0.9992094479128466,-1.0335335784725402e6,1.0410521584563407e6,-0.24481916218064725,-0.3281458270503208,8,false,0.013772475199997088,0.013772475199997088,false
255,true,0.9953947585689324,-1.0336387919062003e6,1.0411080324333493e6,0.005168056348338723,-0.09006768616382033,8,false,0.013772475199997088,0.013772475199997088,false
255,true,0.970989664125633,-1.0336590333063173e6,1.0410773553268516e6,-0.0011648840736597776,0.1228851197520271,8,false,0.013772475199997088,0.013772475199997088,false
255,true,0.9953433796897033,-1.0333588471133388e6,1.0409840169097688e6,-0.01465533406008035,-0.10142609302420169,8,false,0.013772475199997088,0.013772475199997088,false
255,true,0.8566090780741591,-1.0333722761749837e6,1.0407681743649098e6,0.30922531511168927,0.3978434751043096,8,false,0.013772475199997088,0.013772475199997088,false
255,true,0.9976327303094954,-1.0334633518545806e6,1.0407926001670082e6,-0.040994691429659724,-0.3872820222750306,8,false,0.013772475199997088,0.013772475199997088,false
255,true,0.9573594307361856,-1.0334994944598642e6,1.0409337113902479e6,-0.1411104117287323,-0.3552104412810877,8,false,0.013772475199997088,0.013772475199997088,false
255,true,0.9830177078758485,-1.0335133519765849e6,1.0410153938051775e6,-0.037929457263089716,-0.19093810266349465,8,false,0.013772475199997088,0.013772475199997088,false
255,true,0.9739215404688705,-1.0334588099866644e6,1.0409368882363222e6,-0.022248280816711485,-0.17431976972147822,8,false,0.013772475199997088,0.013772475199997088,false
255,true,0.9914803068839554,-1.033424847186847e6,1.0409315969293793e6,0.031143631087616086,-0.1558081618277356,8,false,0.013772475199997088,0.013772475199997088,false
255,true,0.9764514861920848,-1.0333839564108988e6,1.040763676894171e6,-0.0021800032118335366,-0.18117869889829308,8,false,0.013772475199997088,0.013772475199997088,false
255,true,0.7591298034026188,-1.0333500768057606e6,1.0408966876529455e6,0.1517078330507502,0.77183414879255,8,false,0.013772475199997088,0.013772475199997088,false
255,true,0.999238157042905,-1.0334229070231555e6,1.0408505990202217e6,-0.19736187753733248,-0.35044444038067013,8,false,0.013772475199997088,0.013772475199997088,false
255,true,0.8039475188939763,-1.0335191704676597e6,1.0409950037225967e6,0.5626276347320527,0.5878840347286314,8,false,0.013772475199997088,0.013772475199997088,false
255,true,0.9731465471614298,-1.0335338983496635e6,1.040997606651888e6,-0.6626748215639964,-0.7122307014651597,8,false,0.013772475199997088,0.013772475199997088,false
255,true,0.8950307744676567,-1.0335538633504995e6,1.0410557201238564e6,0.03861410985700786,0.2700336192501709,8,false,0.013772475199997088,0.013772475199997088,false
255,true,0.9821744731695585,-1.0334812435967935e6,1.0409856229521753e6,0.01669314701575786,0.08914105629082769,8,false,0.013772475199997088,0.013772475199997088,false
255,true,0.9827408080157845,-1.033267136795138e6,1.0407106341869826e6,0.06008347577881068,0.09121093759313226,8,false,0.013772475199997088,0.013772475199997088,false
255,true,0.8726674983534097,-1.0333470519595585e6,1.0407716979681945e6,-0.06957038957625628,0.40053298335988075,8,false,0.013772475199997088,0.013772475199997088,false
255,true,0.873555628231541,-1.0333438749014992e6,1.0407326633079306e6,0.19002840796019882,0.3526918283896521,8,false,0.013772475199997088,0.013772475199997088,false
255,true,0.8913283838812123,-1.0334254848092183e6,1.0407577839003614e6,-0.13139447022695094,0.3856409976724535,8,false,0.013772475199997088,0.013772475199997088,false
255,true,0.778607430296409,-1.0335855471979154e6,1.0409541586128761e6,0.5922221365617588,0.6580110240029171,8,false,0.013772475199997088,0.013772475199997088,false
255,true,0.9984381721667441,-1.0334464027962227e6,1.0409964673337226e6,-0.6891031516715884,-0.7374545120401308,8,false,0.013772475199997088,0.013772475199997088,false
255,true,0.9818568195246165,-1.0335765523575636e6,1.0410568354995021e6,0.047575314179994166,0.059347708243876696,8,false,0.013772475199997088,0.013772475199997088,false
255,true,0.9999424303865819,-1.0335772552675188e6,1.0410370883081887e6,-0.055699825868941844,-0.07952329935505986,8,false,0.013772475199997088,0.013772475199997088,false
255,true,0.997937101821664,-1.0335688597692081e6,1.0411170773301903e6,-0.008050359901972115,-0.04304927901830524,8,false,0.013772475199997088,0.013772475199997088,false
255,true,0.765996710259599,-1.0334730114043783e6,1.0409045086617094e6,0.6001268681138754,0.6109164597000927,8,false,0.013772475199997088,0.013772475199997088,false
255,true,0.989980640791846,-1.0334577039583653e6,1.0408651929310753e6,-0.013641961384564638,-0.6356761296046898,8,false,0.013772475199997088,0.013772475199997088,false
255,true,0.8387611969284715,-1.0334352743958719e6,1.0409428829369365e6,0.42579476453829557,0.6593817595858127,8,false,0.013772475199997088,0.013772475199997088,false
255,true,0.9961859893460067,-1.0335382512223802e6,1.0409291759602892e6,-0.8354698624461889,-1.0192910742480308,8,false,0.013772475199997088,0.013772475199997088,false
255,true,0.9977999482455213,-1.033475805937471e6,1.0408796806027966e6,-0.03674856515135616,-0.1755555100971833,8,false,0.013772475199997088,0.013772475199997088,false
255,true,0.9832723398672025,-1.0332992703290841e6,1.0407641291700003e6,0.022343346034176648,-0.16725305409636348,8,false,0.013772475199997088,0.013772475199997088,false
255,true,0.9894033995034393,-1.033317002131895e6,1.0407396074788603e6,0.06160606164485216,-0.20147805626038462,8,false,0.013772475199997088,0.013772475199997088,false
255,true,0.9964995142285992,-1.0334621950286789e6,1.0407961739650893e6,-0.18109168310184032,-0.25350634462665766,8,false,0.013772475199997088,0.013772475199997088,false
255,true,0.9984024340433899,-1.0333898618382972e6,1.0408517245802687e6,-0.0626578158698976,-0.07837963756173849,8,false,0.013772475199997088,0.013772475199997088,false
255,true,0.9791540252975256,-1.0334278291919294e6,1.0408136253490108e6,0.03809535002801567,0.06626749690622091,8,false,0.013772475199997088,0.013772475199997088,false
255,true,0.8361026832197652,-1.0334196625922349e6,1.0408289214944335e6,-0.0038697418058291078,0.41743096441496164,8,false,0.013772475199997088,0.013772475199997088,false
255,true,0.9767149702475123,-1.0335649057986878e6,1.0409980602379638e6,0.014835766050964594,0.08233753789681941,8,false,0.013772475199997088,0.013772475199997088,false
255,true,0.9535452375586896,-1.0333547964574234e6,1.0408975730563535e6,-0.047685383004136384,0.14698067284189165,8,false,0.013772475199997088,0.013772475199997088,false
255,true,0.9594993204093679,-1.033477303753473e6,1.0408099739120991e6,0.04031845147255808,0.09855126438196748,8,false,0.013772475199997088,0.013772475199997088,false
255,true,0.9785175684780983,-1.0334561347506546e6,1.0408459421644508e6,0.016818483360111713,0.0888284498360008,8,false,0.013772475199997088,0.013772475199997088,false
255,true,0.9459412156094122,-1.033438203757274e6,1.0408586613707414e6,0.13854961993638426,0.17171380552463233,8,false,0.013772475199997088,0.013772475199997088,false
255,true,0.9979858304553106,-1.0333832465080604e6,1.040822347237149e6,-0.13647549750749022,-0.21205121383536607,8,false,0.013772475199997088,0.013772475199997088,false
255,true,0.9742823142245575,-1.0333011011484057e6,1.0407118645631315e6,0.023551763617433608,0.1174636697396636,8,false,0.013772475199997088,0.013772475199997088,false
255,true,0.9849657610541502,-1.0334034791743516e6,1.0407554955568789e6,-0.03614432201720774,-0.09611867077182978,8,false,0.013772475199997088,0.013772475199997088,false
255,true,0.9931868747234837,-1.0334990993537578e6,1.0408044857098447e6,0.005299605894833803,-0.06932324380613863,8,false,0.013772475199997088,0.013772475199997088,false
255,true,0.9257318660501598,-1.0334142738881251e6,1.0408607505759955e6,0.07369316893164068,0.20645962294656783,8,false,0.013772475199997088,0.013772475199997088,false
255,true,0.76507819898356,-1.0336019291757374e6,1.0409540687219067e6,0.1933245975524187,0.693572539719753,8,false,0.013772475199997088,0.013772475199997088,false
255,true,0.9722289605771642,-1.0334195734030609e6,1.041000035998533e6,-0.08785070548765361,-0.32630744646303356,8,false,0.013772475199997088,0.013772475199997088,false
255,true,0.8649784946999923,-1.0334280024416959e6,1.0409795407737392e6,0.05598709697369486,0.4526594935450703,8,false,0.013772475199997088,0.013772475199997088,false
255,true,0.9891922977926626,-1.0333562784217418e6,1.0407821859586157e6,0.04253268311731517,-0.27899840380996466,8,false,0.013772475199997088,0.013772475199997088,false
255,true,0.9767217142617663,-1.033323307493222e6,1.040721856813191e6,-0.11736773664597422,-0.34364973206538707,8,false,0.013772475199997088,0.013772475199997088,false
255,true,0.980679784598442,-1.033394620256754e6,1.0407407504699808e6,-0.1328263106988743,-0.21713558305054903,8,false,0.013772475199997088,0.013772475199997088,false
255,true,0.995965403826656,-1.0333780598832073e6,1.0408814634888193e6,-0.03704175562597811,-0.08061962737701833,8,false,0.013772475199997088,0.013772475199997088,false
255,true,0.7424983513991585,-1.0333673296785532e6,1.0406223648043675e6,0.13590304646641016,0.6844209090340883,8,false,0.013772475199997088,0.013772475199997088,false
255,true,0.9673527448307567,-1.0334528098653258e6,1.0407903664197423e6,-0.024762270972132683,-0.19292829057667404,8,false,0.013772475199997088,0.013772475199997088,false
255,true,0.8558366115288846,-1.0334419876332978e6,1.0408453196471425e6,0.3859283063793555,0.4408902192953974,8,false,0.013772475199997088,0.013772475199997088,false
255,true,0.9832118996654594,-1.0334626881157333e6,1.0408233236638356e6,0.09261906531173736,-0.5328089778777212,8,false,0.013772475199997088,0.013772475199997088,false
255,true,0.9943753857034624,-1.033505166117114e6,1.040925542411036e6,-0.49000709143001586,-0.6148910050978884,8,false,0.013772475199997088,0.013772475199997088,false
255,true,0.9942052696818567,-1.0335250095342236e6,1.0408976863916868e6,-0.03268721851054579,-0.13734465325251222,8,false,0.013772475199997088,0.013772475199997088,false
255,true,0.9267555492622248,-1.0336191266947351e6,1.0411052516743651e6,-0.055216478067450225,0.23893914092332125,8,false,0.013772475199997088,0.013772475199997088,false
255,true,0.9792165199281153,-1.0335729944111455e6,1.041139561050481e6,0.0014177715638652444,0.08034783322364092,8,false,0.013772475199997088,0.013772475199997088,false
255,true,0.9229496898730716,-1.033550687062001e6,1.0411092956426966e6,0.11584013176616281,0.211308456142433,8,false,0.013772475199997088,0.013772475199997088,false
255,true,0.9903835736897554,-1.03334599343325e6,1.0408141609890315e6,-0.025830353028140962,-0.18404089205432683,8,false,0.013772475199997088,0.013772475199997088,false
255,true,0.9682602481584097,-1.0335294300165544e6,1.0408316199279998e6,-0.08491355704609305,-0.13933281716890633,8,false,0.013772475199997088,0.013772475199997088,false
255,true,0.9167239259354625,-1.0334345545107555e6,1.0409334215021894e6,-0.013479784945957363,0.23177933238912374,8,false,0.013772475199997088,0.013772475199997088,false
255,true,0.97946073012611,-1.0333667646224373e6,1.0407965580814697e6,-0.03538593277335167,0.09379840723704547,8,false,0.013772475199997088,0.013772475199997088,false
255,true,0.8937185052030714,-1.0333742748235132e6,1.0407474780848363e6,0.21222193364519626,0.262260785442777,8,false,0.013772475199997088,0.013772475199997088,false
255,true,0.9978157284875766,-1.0335191112334299e6,1.040840130316017e6,-0.17020748427603394,-0.22718404792249203,8,false,0.013772475199997088,0.013772475199997088,false
255,true,0.9991896393356924,-1.0335093549870542e6,1.0408363712169874e6,-0.007892435882240534,-0.07380701473448426,8,false,0.013772475199997088,0.013772475199997088,false
255,true,0.9933025180560191,-1.0335013338017596e6,1.0410018879356883e6,-0.0657582706771791,-0.0657582706771791,8,false,0.013772475199997088,0.013772475199997088,false
255,true,0.846522703130071,-1.0335686464592469e6,1.041123572245517e6,0.03527840820606798,0.3235281369416043,8,false,0.013772475199997088,0.013772475199997088,false
255,true,0.9691885471728359,-1.033620814328573e6,1.0410821978880148e6,0.018916977220214903,0.08989876869600266,8,false,0.013772475199997088,0.013772475199997088,false
255,true,0.9238878453396713,-1.0333775148243472e6,1.0409610392372889e6,0.0007321423618122935,0.19235212774947286,8,false,0.013772475199997088,0.013772475199997088,false
255,true,0.9331245678636452,-1.0334990342155106e6,1.040997041636534e6,0.0688008579891175,0.17524159175809473,8,false,0.013772475199997088,0.013772475199997088,false
255,true,0.9995348015780952,-1.0335667285339297e6,1.0409236335481931e6,-0.015350779285654426,-0.12150030094198883,8,false,0.013772475199997088,0.013772475199997088,false
255,true,0.9786147933103386,-1.0334773734664317e6,1.0410029914661276e6,-0.05667549406643957,0.10841194062959403,8,false,0.013772475199997088,0.013772475199997088,false
255,true,0.9953274945430399,-1.0336015051399394e6,1.0410152151673207e6,-0.013708131154999137,-0.04468106594868004,8,false,0.013772475199997088,0.013772475199997088,false
255,true,0.9713787018097371,-1.033614996917074e6,1.0411671626311115e6,0.011282822932116687,0.09445400477852672,8,false,0.013772475199997088,0.013772475199997088,false
255,true,0.8589006696240022,-1.0335925480227692e6,1.0411074741175252e6,-0.038689097156748176,0.34499828692059964,8,false,0.013772475199997088,0.013772475199997088,false
255,true,0.984022489450891,-1.033357250798227e6,1.0408954635828375e6,0.010376842226833105,0.050661773420870304,8,false,0.013772475199997088,0.013772475199997088,false
255,true,0.9482444310156691,-1.0333652243607799e6,1.0407592028652559e6,0.08702472492586821,0.12181558774318546,8,false,0.013772475199997088,0.013772475199997088,false
255,true,0.905270910836273,-1.0334448115296182e6,1.040809581990306e6,0.03272122121416032,0.2741764053935185,8,false,0.013772475199997088,0.013772475199997088,false
255,true,0.9740087032651717,-1.0334935078352172e6,1.0409020979795111e6,-0.0018242798978462815,0.14219155709724873,8,false,0.013772475199997088,0.013772475199997088,false
255,true,0.9819690271979934,-1.0334318837279924e6,1.040854439132395e6,0.09984072018414736,-0.13228756876196712,8,false,0.013772475199997088,0.013772475199997088,false
255,true,0.9924620010797639,-1.0335466912161396e6,1.040966942965216e6,-0.033936243038624525,-0.21706382767297328,8,false,0.013772475199997088,0.013772475199997088,false
255,true,0.9872236230624213,-1.0335038529506094e6,1.0410434545913703e6,-0.13543355918955058,-0.17393110133707523,8,false,0.013772475199997088,0.013772475199997088,false
255,true,0.8886015944861354,-1.0335139886585426e6,1.0408218783884507e6,0.018233664566650987,0.2787639246089384,8,false,0.013772475199997088,0.013772475199997088,false
255,true,0.9950577647264504,-1.0334450545394329e6,1.040925410618732e6,0.009888166445307434,-0.07556610624305904,8,false,0.013772475199997088,0.013772475199997088,false
255,true,0.9988439926373275,-1.0335403243169638e6,1.0408439007994717e6,-0.057195791974663734,-0.08685093407984823,8,false,0.013772475199997088,0.013772475199997088,false
255,true,0.9565925436597109,-1.0333450998395103e6,1.0408165599722463e6,-0.0093549236189574,0.1199137659277767,8,false,0.013772475199997088,0.013772475199997088,false
255,true,0.8680759339682032,-1.0335755743423464e6,1.0408903421512078e6,-0.012324580806307495,0.32667494658380747,8,false,0.013772475199997088,0.013772475199997088,false
255,true,0.9804054948897684,-1.033454497939506e6,1.0410066613148972e6,0.025984872365370393,0.06371233670506626,8,false,0.013772475199997088,0.013772475199997088,false
255,true,0.982380455739182,-1.0334220283323544e6,1.0407643067338092e6,0.03603653609752655,0.06668102089315653,8,false,0.013772475199997088,0.013772475199997088,false
255,true,0.964387256215315,-1.033579917837255e6,1.0409976636680844e6,0.05641186994034797,0.13067285798024386,8,false,0.013772475199997088,0.013772475199997088,false
255,true,0.9041537712371202,-1.0336725621532815e6,1.0411512159466451e6,0.21066026133485138,0.3016366364900023,8,false,0.013772475199997088,0.013772475199997088,false
255,true,0.9982965472456307,-1.0336016568960287e6,1.041072465883585e6,-0.017351195449009538,-0.31648989068344235,8,false,0.013772475199997088,0.013772475199997088,false
255,true,0.9981846777416257,-1.0333873405177654e6,1.0409401061371625e6,-0.2597704359795898,-0.30901486228685826,8,false,0.013772475199997088,0.013772475199997088,false
255,true,0.9919970903173656,-1.0336466504504379e6,1.0410570633113495e6,-0.0024023695150390267,-0.05936677136924118,8,false,0.013772475199997088,0.013772475199997088,false
255,true,0.9836766393309078,-1.0336468305172679e6,1.0411166156934585e6,-0.023370690527372062,0.06388137524481863,8,false,0.013772475199997088,0.013772475199997088,false
255,true,0.9210099019258865,-1.0335582553172552e6,1.0411076243335282e6,0.14401348715182394,0.20389669458381832,8,false,0.013772475199997088,0.013772475199997088,false
255,true,0.9897636702282315,-1.0335827818741405e6,1.0411036595329526e6,-0.03072351694572717,-0.17240294674411416,8,false,0.013772475199997088,0.013772475199997088,false
255,true,0.9972320613253041,-1.0333987564722367e6,1.0409562567157474e6,0.008966249297372997,-0.1273565450683236,8,false,0.013772475199997088,0.013772475199997088,false
255,true,0.9995005361230049,-1.0333278746909247e6,1.0407035304550682e6,-0.044922372908331454,-0.1465180399827659,8,false,0.013772475199997088,0.013772475199997088,false
255,true,0.9860425698919016,-1.0333321696994507e6,1.0406228717235759e6,-0.028847703128121793,-0.10473006963729858,8,false,0.013772475199997088,0.013772475199997088,false
255,true,0.9546612168817774,-1.0335527950629056e6,1.0408688809316155e6,-0.03362609387841076,0.1563205235870555,8,false,0.013772475199997088,0.013772475199997088,false
255,true,0.911301919429478,-1.033498998835823e6,1.0408916824355382e6,0.04371618386358023,0.24525006872136146,8,false,0.013772475199997088,0.013772475199997088,false
255,true,0.996883660485596,-1.0334733542084466e6,1.0409942929470631e6,-0.030415014014579356,-0.09672947961371392,8,false,0.013772475199997088,0.013772475199997088,false
255,true,0.9894931689557517,-1.0334946494212725e6,1.0408566431840657e6,0.004139921744354069,0.06698142981622368,8,false,0.013772475199997088,0.013772475199997088,false
255,true,0.99887684353788,-1.0335859082685381e6,1.0410497083127382e6,-0.03430633130483329,-0.07186750485561788,8,false,0.013772475199997088,0.013772475199997088,false
255,true,0.9449017991357647,-1.0335227217339838e6,1.0410854786194155e6,0.039282459300011396,0.13870076392777264,8,false,0.013772475199997088,0.013772475199997088,false
255,true,0.7371398959163741,-1.0333888269737834e6,1.0409567955795442e6,0.2366820831084624,0.7277281326241791,8,false,0.013772475199997088,0.013772475199997088,false
255,true,0.960793041969922,-1.03348891863087e6,1.0408719785927178e6,0.12627401342615485,-0.3015798444394022,8,false,0.013772475199997088,0.013772475199997088,false
255,true,0.9849365268807686,-1.0334264290698166e6,1.0407152342537518e6,0.014007741818204522,-0.444601442781277,8,false,0.013772475199997088,0.013772475199997088,false
255,true,0.9518747909663579,-1.0333148846558738e6,1.0407415874536007e6,0.13639596838038415,-0.4551563283894211,8,false,0.013772475199997088,0.013772475199997088,false
255,true,0.9087671122374319,-1.0333352683715939e6,1.0406933243978441e6,-0.38322470581624657,-0.5822810926474631,8,false,0.013772475199997088,0.013772475199997088,false
255,true,0.7636112408044095,-1.0334234375303487e6,1.0409244541331877e6,0.28298330563120544,0.7348175190854818,8,false,0.013772475199997088,0.013772475199997088,false
255,true,0.9994612229932465,-1.03350509307885e6,1.0409040322540097e6,-0.12376760260667652,-0.45740117016248405,8,false,0.013772475199997088,0.013772475199997088,false
255,true,0.9964443694430483,-1.0336216032540327e6,1.041040894108324e6,-0.31272030516993254,-0.3631837465800345,8,false,0.013772475199997088,0.013772475199997088,false
255,true,0.9912180982481591,-1.0336314905524688e6,1.041266504865326e6,0.01550805801525712,0.04407294257543981,8,false,0.013772475199997088,0.013772475199997088,false
255,true,0.9598965304193517,-1.0335553773652443e6,1.0411358371118271e6,0.05051860073581338,0.13413962710183114,8,false,0.013772475199997088,0.013772475199997088,false
255,true,0.8111747896060975,-1.0335585988755142e6,1.041132380366197e6,0.4646929071750492,0.5326510678278282,8,false,0.013772475199997088,0.013772475199997088,false
255,true,0.9849278491146723,-1.033480412567056e6,1.0410063294211599e6,-0.00549986946862191,-0.558122601127252,8,false,0.013772475199997088,0.013772475199997088,false
255,true,0.988207900074581,-1.0335593493557592e6,1.041017354356375e6,-0.41876074590254575,-0.5374906476354226,8,false,0.013772475199997088,0.013772475199997088,false
255,true,0.9971145232923045,-1.0334480711943537e6,1.0409833827163075e6,-0.025064983987249434,-0.14676628494635224,8,false,0.013772475199997088,0.013772475199997088,false
255,true,0.8849815027960384,-1.0335383098254997e6,1.0409614317883198e6,-0.048576232395134866,0.3603492438560352,8,false,0.013772475199997088,0.013772475199997088,false
255,true,0.8636506379810037,-1.0334729400621162e6,1.0409079544417141e6,0.28548349742777646,0.381259698420763,8,false,0.013772475199997088,0.013772475199997088,false
255,true,0.7045390151305634,-1.0333807016991256e6,1.0408304262480058e6,-0.06416021729819477,1.0662096267333254,8,false,0.013772475199997088,0.013772475199997088,false
255,true,0.9988789158044342,-1.033473411026585e6,1.0408125885163663e6,-0.0033803321421146393,-0.30872677196748555,8,false,0.013772475199997088,0.013772475199997088,false
255,true,0.994724135470184,-1.0334121284211027e6,1.0407848711596993e6,-0.1322152076754719,-0.2877627994166687,8,false,0.013772475199997088,0.013772475199997088,false
255,true,0.9619729076266164,-1.0334985426069574e6,1.0409661987088945e6,0.05776635790243745,0.14984456123784184,8,false,0.013772475199997088,0.013772475199997088,false
255,true,0.991003264841238,-1.0334972738486022e6,1.0409310054582575e6,0.025547323399223387,-0.20741857262328267,8,false,0.013772475199997088,0.013772475199997088,false
255,true,0.9933221682165362,-1.0335372713566847e6,1.0410465954658859e6,-0.16595248132944107,-0.23315436905249953,8,false,0.013772475199997088,0.013772475199997088,false
255,true,0.9747628938228352,-1.0335492434430274e6,1.0408808490059627e6,0.04868047474883497,0.11196529108565301,8,false,0.013772475199997088,0.013772475199997088,false
255,true,0.9110550775172785,-1.0334954706994022e6,1.0408986270798438e6,-0.04462753201369196,0.27417778642848134,8,false,0.013772475199997088,0.013772475199997088,false
255,true,0.9459785914689923,-1.0334616764217835e6,1.0409480692940057e6,0.07812931493390352,0.170933582005091,8,false,0.013772475199997088,0.013772475199997088,false
255,true,0.8760440837758758,-1.0336164103157879e6,1.0410029789732774e6,-0.051574128097854555,0.3901088273851201,8,false,0.013772475199997088,0.013772475199997088,false
255,true,0.9380165951038523,-1.0335562459060317e6,1.0411591584225605e6,-0.04556953220162541,0.20319251529872417,8,false,0.013772475199997088,0.013772475199997088,false
255,true,0.993555081614997,-1.0335306474562522e6,1.0409424739964156e6,0.004765942459926009,-0.06337243947200477,8,false,0.013772475199997088,0.013772475199997088,false
255,true,0.9450495431654524,-1.0336134931130143e6,1.0411005493478504e6,0.013685535523109138,0.15544190118089318,8,false,0.013772475199997088,0.013772475199997088,false
255,true,0.9180440065753043,-1.0336376186820638e6,1.0411348076363617e6,0.09881075227167457,0.22658839426003397,8,false,0.013772475199997088,0.013772475199997088,false
255,true,0.9960308657834418,-1.0336494570025292e6,1.0411476943647426e6,-0.16147646645549685,-0.1830929823918268,8,false,0.013772475199997088,0.013772475199997088,false
255,true,0.8561813957792237,-1.0335536782802419e6,1.0412002115604422e6,0.08051003806758672,0.34166805155109614,8,false,0.013772475199997088,0.013772475199997088,false
255,true,0.8268861259312958,-1.0335552020287585e6,1.0410712987867048e6,0.2672768412157893,0.487258521374315,8,false,0.013772475199997088,0.013772475199997088,false
255,true,0.9723664999481846,-1.0335536351188517e6,1.041021240732153e6,-0.17253142001572996,-0.36570849164854735,8,false,0.013772475199997088,0.013772475199997088,false
255,true,0.9500261916776978,-1.0334356845648766e6,1.0409351182119241e6,0.027777543291449547,0.18438829737715423,8,false,0.013772475199997088,0.013772475199997088,false
255,true,0.9540354043863346,-1.0333738235849458e6,1.0406980074945245e6,-0.12513410509563982,-0.21798519103322178,8,false,0.013772475199997088,0.013772475199997088,false
255,true,0.9330208492935118,-1.0332883996284816e6,1.0407488587046695e6,0.007380440132692456,0.23007174080703408,8,false,0.013772475199997088,0.013772475199997088,false
255,true,0.9795028705260896,-1.0333997555056841e6,1.0407303330154383e6,-0.018182042986154556,0.11365810560528189,8,false,0.013772475199997088,0.013772475199997088,false
255,true,0.97918085875605,-1.0333853817361684e6,1.0407328211655946e6,-0.06341854960191995,0.11073960037901998,8,false,0.013772475199997088,0.013772475199997088,false
255,true,0.9433099395851612,-1.0335518731741237e6,1.0408735880349287e6,0.01803242019377649,0.1448385549010709,8,false,0.013772475199997088,0.013772475199997088,false
255,true,0.9639970473964735,-1.0334915208808121e6,1.0410951148365624e6,0.09703724994324148,0.11138037766795605,8,false,0.013772475199997088,0.013772475199997088,false
255,true,0.6926304511236646,-1.0333856223846177e6,1.0408074262854955e6,-0.010261503397487104,0.9490045595448464,8,false,0.013772475199997088,0.013772475199997088,false
255,true,0.9747321345117839,-1.0334896329549617e6,1.0408248831153406e6,0.054610951454378664,0.13666693435516208,8,false,0.013772475199997088,0.013772475199997088,false
255,true,0.9973151121883528,-1.0334325828795956e6,1.0408594372589985e6,-0.09555344295222312,-0.15457922883797437,8,false,0.013772475199997088,0.013772475199997088,false
255,true,0.9497922430767122,-1.0334989275351252e6,1.0409232349337607e6,0.044191085966303945,0.15683928597718477,8,false,0.013772475199997088,0.013772475199997088,false
255,true,0.8893659747575281,-1.0335117628998966e6,1.040921842972818e6,0.27995763160288334,0.34705690084956586,8,false,0.013772475199997088,0.013772475199997088,false
255,true,0.9794490089237686,-1.0335059529417502e6,1.0410583544919597e6,-0.299226114875637,-0.3975333054549992,8,false,0.013772475199997088,0.013772475199997088,false
255,true,0.9438500319623679,-1.033376079932267e6,1.0408356225720588e6,-0.09910954930819571,0.19171832222491503,8,false,0.013772475199997088,0.013772475199997088,false
255,true,0.7356859760192492,-1.0335040658595572e6,1.0408657409700227e6,0.5851141707971692,0.6824493173044175,8,false,0.013772475199997088,0.013772475199997088,false
255,true,0.8158114860683631,-1.0335971281057311e6,1.0411112753819572e6,-0.2517859641229734,0.7291775444755331,8,false,0.013772475199997088,0.013772475199997088,false
255,true,0.9960744035722138,-1.0335443949372162e6,1.0410797715209522e6,0.053416635491885245,-0.32737573597114533,8,false,0.013772475199997088,0.013772475199997088,false
255,true,0.862222190443641,-1.0334259415563449e6,1.0409099697877857e6,0.2260758118936792,0.5475998738547787,8,false,0.013772475199997088,0.013772475199997088,false
255,true,0.9994855752082676,-1.0334628299224344e6,1.0407925782781657e6,-0.026257262681610882,-0.6018937778426334,8,false,0.013772475199997088,0.013772475199997088,false
255,true,0.9847424769696943,-1.033489621635227e6,1.040874373429087e6,-0.3194026767741889,-0.5762004144489765,8,false,0.013772475199997088,0.013772475199997088,false
255,true,0.925991942910519,-1.0335564138274685e6,1.0409502705022207e6,-0.05216925824061036,0.29259099916089326,8,false,0.013772475199997088,0.013772475199997088,false
255,true,0.970008640098183,-1.0335005079185461e6,1.0410283771490941e6,0.05229478271212429,-0.21641935221850872,8,false,0.013772475199997088,0.013772475199997088,false
255,true,0.9559032387409666,-1.0335801527448426e6,1.0410321841522033e6,0.031072591431438923,-0.27318359259516,8,false,0.013772475199997088,0.013772475199997088,false
255,true,0.6563565722596093,-1.0335527263670341e6,1.0410173585560503e6,0.7111714611528441,1.226770136738196,8,false,0.013772475199997088,0.013772475199997088,false
255,true,0.9992476998526864,-1.0335753524123675e6,1.0410483660689235e6,-0.77551255421713,-0.9943905874388292,8,false,0.013772475199997088,0.013772475199997088,false
255,true,0.7376279875895516,-1.0335461731425312e6,1.0410362505322658e6,-0.19919597893022,0.8466755053959787,8,false,0.013772475199997088,0.013772475199997088,false
255,true,0.9497817769859462,-1.0335393736304162e6,1.0409669280871173e6,0.12469647987745702,0.13434351503383368,8,false,0.013772475199997088,0.013772475199997088,false
255,true,0.8240225772906501,-1.0335088021218682e6,1.0409987864476189e6,-0.009049575659446418,0.5289479492930695,8,false,0.013772475199997088,0.013772475199997088,false
255,true,0.9676747557681563,-1.0335455386983e6,1.0410217510527258e6,-0.10436909191776067,-0.15854838292580098,8,false,0.013772475199997088,0.013772475199997088,false
255,true,0.8378471306336625,-1.0335698986929546e6,1.0409278599832067e6,0.3277926348382607,0.44182561384513974,8,false,0.013772475199997088,0.013772475199997088,false
255,true,0.8102771273457317,-1.0335071632852282e6,1.0410667242780526e6,0.6228809918975458,0.6578391047660261,8,false,0.013772475199997088,0.013772475199997088,false
255,true,0.9766519438596748,-1.0335626403816532e6,1.0409748637288974e6,-0.15667400904931128,-1.022607192164287,8,false,0.013772475199997088,0.013772475199997088,false
255,true,0.848528794613557,-1.0334204760210211e6,1.0409956300918744e6,-0.5694204109022394,-0.8380346194608137,8,false,0.013772475199997088,0.013772475199997088,false
255,true,0.9976533949466856,-1.0334440210418069e6,1.0410130753131016e6,-0.08596266573294997,-0.2707489571766928,8,false,0.013772475199997088,0.013772475199997088,false
255,true,0.9812308191437554,-1.033442948216179e6,1.0408917216006453e6,-0.10518402827437967,-0.17122833093162626,8,false,0.013772475199997088,0.013772475199997088,false
255,true,0.9935519515925944,-1.0333342974146112e6,1.0408362524829301e6,-0.026076189475134015,-0.09128179005347192,8,false,0.013772475199997088,0.013772475199997088,false
255,true,0.9557475814339885,-1.0334273926575754e6,1.0407565544186685e6,0.06223085580859333,0.15785785985644907,8,false,0.013772475199997088,0.013772475199997088,false
255,true,0.7495726917623263,-1.033260296117252e6,1.0407555400410065e6,0.05670898454263806,0.766630411031656,8,false,0.013772475199997088,0.013772475199997088,false
255,true,0.9838687863357394,-1.0333291112982474e6,1.0407542238312268e6,-0.020860080257989466,-0.19094835792202502,8,false,0.013772475199997088,0.013772475199997088,false
255,true,0.8679288879267368,-1.0333457735685506e6,1.0409060627796776e6,-0.11650427826680243,0.4112222398398444,8,false,0.013772475199997088,0.013772475199997088,false
255,true,0.9471257856404972,-1.033271638493337e6,1.0406987587364851e6,0.021980309044010937,0.15872187446802855,8,false,0.013772475199997088,0.013772475199997088,false
255,true,0.9450927418473054,-1.0332659837485391e6,1.0405833539987799e6,0.12413340958300978,0.17694768286310136,8,false,0.013772475199997088,0.013772475199997088,false
255,true,0.9892850268088987,-1.0334606501553257e6,1.0406222719179564e6,-0.10437174024991691,-0.187684285803698,8,false,0.013772475199997088,0.013772475199997088,false
255,true,0.9993181944318552,-1.0336196791003238e6,1.0409992683006725e6,-0.021917785867117345,-0.09943820571061224,8,false,0.013772475199997088,0.013772475199997088,false
255,true,0.8450641614505732,-1.0335843206235204e6,1.0409948255861099e6,0.34287553932517767,0.414614642271772,8,false,0.013772475199997088,0.013772475199997088,false
255,true,0.8035345886689305,-1.0335923160676558e6,1.0409999649043576e6,0.08237302443012595,0.7159109700005502,8,false,0.013772475199997088,0.013772475199997088,false
255,true,0.9922523897475644,-1.0336062578629176e6,1.0410205146448133e6,-0.3775740994606167,-0.49680517765227705,8,false,0.013772475199997088,0.013772475199997088,false
255,true,0.9844138326771278,-1.0336014921093896e6,1.0410751256226996e6,0.08278559683822095,-0.11335356475319713,8,false,0.013772475199997088,0.013772475199997088,false
255,true,0.9959143595509343,-1.0335467373108433e6,1.0408856202197907e6,-0.04673898359760642,-0.19789035408757627,8,false,0.013772475199997088,0.013772475199997088,false
255,true,0.9922452852620827,-1.0335367992407379e6,1.0410445286289819e6,-0.03711583523545414,-0.1572177722118795,8,false,0.013772475199997088,0.013772475199997088,false
255,true,0.9149021869365656,-1.033499628206002e6,1.0408248880176614e6,0.010970936389639974,0.27026950486470014,8,false,0.013772475199997088,0.013772475199997088,false
255,true,0.9482691557805235,-1.0335595300677887e6,1.0410587931560025e6,0.11631334968842566,0.19362024520523846,8,false,0.013772475199997088,0.013772475199997088,false
255,true,0.9962933681745767,-1.0335670920191074e6,1.0410431310365672e6,-0.18836034124251455,-0.2176742476876825,8,false,0.013772475199997088,0.013772475199997088,false
255,true,0.9934268858789872,-1.0334350375550912e6,1.0410192648391052e6,0.0203695185482502,-0.062027969281189144,8,false,0.013772475199997088,0.013772475199997088,false
255,true,0.9951471739824703,-1.0334261471142854e6,1.0407933480663587e6,-0.04743664711713791,-0.07617190247401595,8,false,0.013772475199997088,0.013772475199997088,false
255,true,0.8645222091280687,-1.0335505224755701e6,1.0409139337858467e6,0.029457084368914366,0.31658030836842954,8,false,0.013772475199997088,0.013772475199997088,false
255,true,0.9722577387675655,-1.0334982991840056e6,1.0408692030765478e6,0.07105369679629803,0.0996288729365915,8,false,0.013772475199997088,0.013772475199997088,false
255,true,0.9940150531752875,-1.0334669179689208e6,1.0408187730856698e6,-0.06381666497327387,-0.13010686135385185,8,false,0.013772475199997088,0.013772475199997088,false
255,true,0.9573791936922166,-1.0335381933574849e6,1.0408902044227348e6,0.07006128400098532,0.14386763551738113,8,false,0.013772475199997088,0.013772475199997088,false
255,true,0.9518866806087279,-1.0334679767169721e6,1.040992459769054e6,0.03530352225061506,0.19578593457117677,8,false,0.013772475199997088,0.013772475199997088,false
255,true,0.9977234006851853,-1.0337072999974133e6,1.0411383663076655e6,-0.04158668196760118,-0.17602107033599168,8,false,0.013772475199997088,0.013772475199997088,false
255,true,0.999378198957512,-1.0335020808552345e6,1.0411535592327941e6,-0.03563747100997716,-0.1088395108236,8,false,0.013772475199997088,0.013772475199997088,false
255,true,0.9966418567618954,-1.0334747769565837e6,1.0408703660389165e6,0.003259267657995224,-0.09436189848929644,8,false,0.013772475199997088,0.013772475199997088,false
255,true,0.9688002253793849,-1.0334844575412624e6,1.0408898057028424e6,-0.03467713389545679,0.11447610310278833,8,false,0.013772475199997088,0.013772475199997088,false
255,true,0.9710388348482087,-1.0334581852205222e6,1.0409031575269304e6,0.07479993358720094,0.11670304276049137,8,false,0.013772475199997088,0.013772475199997088,false
255,true,0.7143731751497058,-1.033489516015035e6,1.0409270494300899e6,0.7995187389897183,0.8394151523243636,8,false,0.013772475199997088,0.013772475199997088,false
255,true,0.980586020847945,-1.033530047556868e6,1.0409519926092642e6,-0.6100018754368648,-0.9188039763830602,8,false,0.013772475199997088,0.013772475199997088,false
255,true,0.9685144370906302,-1.0334658608565697e6,1.0410053280553248e6,-0.07578133081551641,-0.33657456969376653,8,false,0.013772475199997088,0.013772475199997088,false
255,true,0.9986179276185304,-1.0333661301256755e6,1.0407391396913701e6,-0.010480007738806307,-0.25611852132715285,8,false,0.013772475199997088,0.013772475199997088,false
255,true,0.9618227227531594,-1.0333868614819769e6,1.0408488030500094e6,-0.23411367053631693,-0.2514020430389792,8,false,0.013772475199997088,0.013772475199997088,false
255,true,0.9303679873213349,-1.0334242943236702e6,1.0407907642276225e6,0.07428684446495026,0.16595238214358687,8,false,0.013772475199997088,0.013772475199997088,false
255,true,0.9812420841630545,-1.0333911349214023e6,1.0408252575719624e6,-0.05685219878796488,0.09801100951153785,8,false,0.013772475199997088,0.013772475199997088,false
255,true,0.9282442308734671,-1.0336031479393694e6,1.0409791776904316e6,0.11460432945750654,0.17082554486114532,8,false,0.013772475199997088,0.013772475199997088,false
255,true,0.900387232805449,-1.033466616105962e6,1.0410652665237876e6,0.11280348850414157,0.30755998205859214,8,false,0.013772475199997088,0.013772475199997088,false
255,true,0.96398140605,-1.0333772505936946e6,1.0408348786633526e6,0.10931312793400139,-0.25595216371584684,8,false,0.013772475199997088,0.013772475199997088,false
255,true,0.5237952954365811,-1.0334457847158647e6,1.0407560209540492e6,0.5721994051709771,2.078747116960585,8,false,0.013772475199997088,0.013772475199997088,false
255,true,0.9514749354942711,-1.033614545424826e6,1.0410600025305662e6,0.08391745272092521,-0.921825370984152,8,false,0.013772475199997088,0.013772475199997088,false
255,true,0.9757377525444766,-1.0334383197270564e6,1.0410590866708457e6,-0.9288369441637769,-0.9845627829199657,8,false,0.013772475199997088,0.013772475199997088,false
255,true,0.8986133353475294,-1.0334680215576729e6,1.0409210850081e6,0.21204849984496832,0.27354509965516627,8,false,0.013772475199997088,0.013772475199997088,false
255,true,0.9399079666208953,-1.0333982827330717e6,1.0408048886106362e6,-0.17669595091138035,-0.306101382127963,8,false,0.013772475199997088,0.013772475199997088,false
255,true,0.9628711786039048,-1.0334747510893885e6,1.0408204522765464e6,-0.031272195279598236,0.14895776647608727,8,false,0.013772475199997088,0.013772475199997088,false
255,true,0.8420651272531143,-1.0335428708421286e6,1.040864598412654e6,0.4285084798466414,0.4285084798466414,8,false,0.013772475199997088,0.013772475199997088,false
255,true,0.9335533915733837,-1.0335485072669424e6,1.0410262525275442e6,0.030466863769106567,-0.5036790097365156,8,false,0.013772475199997088,0.013772475199997088,false
255,true,0.9911641118200691,-1.0336497350919937e6,1.0411417541906603e6,-0.4710652796784416,-0.534601473249495,8,false,0.013772475199997088,0.013772475199997088,false
255,true,0.9857497972859112,-1.0336325830879053e6,1.041268200739124e6,0.030038174940273166,-0.08444718504324555,8,false,0.013772475199997088,0.013772475199997088,false
255,true,0.9821681144196354,-1.0336030385262793e6,1.0410953360465236e6,-0.05464363831561059,-0.10698100563604385,8,false,0.013772475199997088,0.013772475199997088,false
255,true,0.9809236552725004,-1.0335960414054077e6,1.040955588541186e6,0.06647338124457747,0.08242936851456761,8,false,0.013772475199997088,0.013772475199997088,false
255,true,0.8823896781685502,-1.0336062844202098e6,1.0411532720769237e6,-0.00640468206256628,0.3381022474495694,8,false,0.013772475199997088,0.013772475199997088,false
255,true,0.9574492052619935,-1.033654081500351e6,1.0411543706724783e6,0.06821254477836192,0.15304582531098276,8,false,0.013772475199997088,0.013772475199997088,false
255,true,0.9889096821123791,-1.0335174619174224e6,1.0411201955490406e6,-0.10210765874944627,-0.1719348937040195,8,false,0.013772475199997088,0.013772475199997088,false
255,true,0.8686055431979314,-1.0336305927043016e6,1.04113515447989e6,0.03470063512213528,0.36242159095127136,8,false,0.013772475199997088,0.013772475199997088,false
255,true,0.9314046736025907,-1.0334835833819483e6,1.04102209584773e6,-0.0591292770113796,0.22305970441084355,8,false,0.013772475199997088,0.013772475199997088,false
255,true,0.9022054131724294,-1.0335017722295792e6,1.0408422308759e6,0.15151141374371946,0.2530404842691496,8,false,0.013772475199997088,0.013772475199997088,false
255,true,0.9524338553552686,-1.0334568337179313e6,1.04099565409516e6,-0.04656900349073112,-0.21190868725534528,8,false,0.013772475199997088,0.013772475199997088,false
255,true,0.9837328112000248,-1.0334626400327379e6,1.0409091520706022e6,-0.0807252109516412,-0.16680060455109924,8,false,0.013772475199997088,0.013772475199997088,false
255,true,0.9568159045294811,-1.033601873856228e6,1.0409815208077718e6,0.03885363962035626,0.15704900247510523,8,false,0.013772475199997088,0.013772475199997088,false
255,true,0.9898292891881747,-1.0334239266085221e6,1.0409760325402692e6,-0.012782549718394876,-0.12284456437919289,8,false,0.013772475199997088,0.013772475199997088,false
255,true,0.9231213663363085,-1.0335368895222986e6,1.0409290404433986e6,0.07727456418797374,0.24757633730769157,8,false,0.013772475199997088,0.013772475199997088,false
255,true,0.8788431488482337,-1.0335026192354073e6,1.041081262471693e6,-0.12714787293225527,0.4000139459967613,8,false,0.013772475199997088,0.013772475199997088,false
255,true,0.9984185029160468,-1.0334886647049926e6,1.0409606748561491e6,-0.05315548274666071,-0.0666552142938599,8,false,0.013772475199997088,0.013772475199997088,false
255,true,0.7418393436580996,-1.0333989156378115e6,1.0408334238852777e6,0.56972457584925,0.6428501969203353,8,false,0.013772475199997088,0.013772475199997088,false
255,true,0.9991226728291436,-1.033333263664355e6,1.040637912283237e6,-0.5025366824120283,-0.5684798392467201,8,false,0.013772475199997088,0.013772475199997088,false
255,true,0.9271636112249407,-1.0332851133737913e6,1.0407918191175716e6,0.018670861260034144,0.19821933063212782,8,false,0.013772475199997088,0.013772475199997088,false
255,true,0.9221474264358248,-1.0334341782147945e6,1.0406752049197758e6,0.126870485721156,0.2360472340369597,8,false,0.013772475199997088,0.013772475199997088,false
255,true,0.9926885870381509,-1.0334482649286469e6,1.0407537148965234e6,-0.029259884729981422,-0.2091123810969293,8,false,0.013772475199997088,0.013772475199997088,false
255,true,0.955480509155303,-1.0334757000213e6,1.0409936130858634e6,-0.1446749031310901,0.18521348829381168,8,false,0.013772475199997088,0.013772475199997088,false
255,true,0.9893018960572768,-1.0335259848089102e6,1.0408277939003077e6,0.04831310105510056,0.054826089763082564,8,false,0.013772475199997088,0.013772475199997088,false
255,true,0.9614453237485814,-1.0334813651179179e6,1.0409590291943323e6,-0.004983757971785963,0.1351660805521533,8,false,0.013772475199997088,0.013772475199997088,false
255,true,0.7100837880602975,-1.0336748543431598e6,1.0411290990381407e6,-0.04835074825678021,0.8270287575433031,8,false,0.013772475199997088,0.013772475199997088,false
255,true,0.7693350961138997,-1.0336034496028373e6,1.0411351874716525e6,0.5191242770524696,0.5748492069542408,8,false,0.013772475199997088,0.013772475199997088,false
255,true,0.9658020364631802,-1.0334526987606882e6,1.04105551094353e6,-0.511868717498146,-0.5450828092871234,8,false,0.013772475199997088,0.013772475199997088,false
255,true,0.9399221504682505,-1.0335109223668722e6,1.0409306871292347e6,0.004665820044465363,0.17681115225423127,8,false,0.013772475199997088,0.013772475199997088,false
255,true,0.8189659568474557,-1.0334970906314538e6,1.0408665188071992e6,0.10542977310251445,0.4479535511927679,8,false,0.013772475199997088,0.013772475199997088,false
255,true,0.9999967545436546,-1.0335256493203515e6,1.0410283645029268e6,-0.03324925375636667,-0.163758376496844,8,false,0.013772475199997088,0.013772475199997088,false
255,true,0.8251205293757714,-1.0334553385079023e6,1.0409962289663106e6,-0.06029039714485407,0.4935057507827878,8,false,0.013772475199997088,0.013772475199997088,false
255,true,0.9965062601788129,-1.0333791789592869e6,1.0406821635954513e6,-0.027270517544820905,-0.0655297072371468,8,false,0.013772475199997088,0.013772475199997088,false
255,true,0.9925376895851713,-1.0334737303915563e6,1.0409636698916885e6,-0.028384950128383934,0.05036813428159803,8,false,0.013772475199997088,0.013772475199997088,false
255,true,0.887089587404422,-1.033425751266884e6,1.0409011355683445e6,0.21879390289541334,0.25072923628613353,8,false,0.013772475199997088,0.013772475199997088,false
255,true,0.9819535628034431,-1.0334922168877968e6,1.0409264190083583e6,0.08585769194178283,-0.21310298319440335,8,false,0.013772475199997088,0.013772475199997088,false
255,true,0.999450959403903,-1.033608385240903e6,1.041010418086688e6,-0.06957832747139037,-0.3105624703457579,8,false,0.013772475199997088,0.013772475199997088,false
255,true,0.987240280974399,-1.0335826808508057e6,1.0411691921853551e6,-0.06697471695952117,-0.2376432497985661,8,false,0.013772475199997088,0.013772475199997088,false
255,true,0.9905550070443065,-1.0335546090371239e6,1.0409752320923099e6,-0.10863131086807698,-0.16239562118425965,8,false,0.013772475199997088,0.013772475199997088,false
255,true,0.9975850800312283,-1.0335434417436206e6,1.0410130129169475e6,-0.030440592439845204,-0.06470858072862029,8,false,0.013772475199997088,0.013772475199997088,false
255,true,0.7836519841790835,-1.0335146862681777e6,1.0410323874752059e6,0.1296698412625119,0.5119245636742562,8,false,0.013772475199997088,0.013772475199997088,false
255,true,0.9934138049448918,-1.0334105791903873e6,1.0408472896356055e6,-0.03936777531635016,-0.1552627362543717,8,false,0.013772475199997088,0.013772475199997088,false
255,true,0.8778351292175546,-1.0335644396479775e6,1.0408958677571191e6,-0.0813166837906465,0.3639835275243968,8,false,0.013772475199997088,0.013772475199997088,false
255,true,0.9921312489137324,-1.0336295314744884e6,1.0410804816074757e6,0.027819925919175148,0.05385823978576809,8,false,0.013772475199997088,0.013772475199997088,false
255,true,0.8453494306979593,-1.0336903099217662e6,1.041079651738785e6,0.3433469485025853,0.40606981655582786,8,false,0.013772475199997088,0.013772475199997088,false
255,true,0.9818059935117515,-1.0334377944389061e6,1.0410720975485155e6,-0.01371654774993658,-0.3998303028056398,8,false,0.013772475199997088,0.013772475199997088,false
255,true,0.998579309818676,-1.0335600946225405e6,1.0409612205434258e6,-0.0010237522656098008,-0.3760971709853038,8,false,0.013772475199997088,0.013772475199997088,false
255,true,0.9958582101622833,-1.0335402760355631e6,1.0410350818740563e6,-0.08602268400136381,-0.3971664560958743,8,false,0.013772475199997088,0.013772475199997088,false
255,true,0.9806324482611295,-1.033473890139848e6,1.0410651176919297e6,-0.19138527079485357,-0.3055672092596069,8,false,0.013772475199997088,0.013772475199997088,false
255,true,0.9971875808560662,-1.0334636860135288e6,1.0408438363913409e6,-0.054397692205384374,-0.12944538984447718,8,false,0.013772475199997088,0.013772475199997088,false
255,true,0.8051319466640721,-1.0335223519667472e6,1.0409555524019705e6,0.4803673535352573,0.523427497362718,8,false,0.013772475199997088,0.013772475199997088,false
255,true,0.9996776090488035,-1.0336187961789396e6,1.0409653445887093e6,-0.09877956239506602,-0.5509825579356402,8,false,0.013772475199997088,0.013772475199997088,false
255,true,0.9897647965615366,-1.0335407945631021e6,1.0409874914878092e6,-0.040889808791689575,-0.4404059052467346,8,false,0.013772475199997088,0.013772475199997088,false
255,true,0.9966702506134653,-1.0333466840140825e6,1.0408450974722948e6,-0.3916338470298797,-0.42002291372045875,8,false,0.013772475199997088,0.013772475199997088,false
255,true,0.8365774031076586,-1.0334031400798655e6,1.0407899145561145e6,0.18931618460919708,0.39575945294927806,8,false,0.013772475199997088,0.013772475199997088,false
255,true,0.999364036010742,-1.0334436925035631e6,1.0409417832954543e6,-0.19844153698068112,-0.2150756783084944,8,false,0.013772475199997088,0.013772475199997088,false
255,true,0.7645969588511463,-1.0334216342993436e6,1.0409367971679488e6,0.03142319596372545,0.5758046038681641,8,false,0.013772475199997088,0.013772475199997088,false
255,true,0.9770805385249919,-1.0334483476528128e6,1.0409457632322883e6,0.01630734372884035,0.09062550077214837,8,false,0.013772475199997088,0.013772475199997088,false
255,true,0.990789897869834,-1.0333825216267903e6,1.0408243772354177e6,-0.043912478373385966,-0.06352903333026916,8,false,0.013772475199997088,0.013772475199997088,false
255,true,0.9162703223977977,-1.0334994165195548e6,1.0409540224731502e6,0.12333452084567398,0.19520108040887862,8,false,0.013772475199997088,0.013772475199997088,false
255,true,0.9763435799749882,-1.033493840428856e6,1.0409674512362711e6,-0.12951729190535843,-0.1312887241365388,8,false,0.013772475199997088,0.013772475199997088,false
255,true,0.8827662847461457,-1.033496340705097e6,1.0407971044449741e6,0.22095926175825298,0.2815535212866962,8,false,0.013772475199997088,0.013772475199997088,false
255,true,0.9727757590888585,-1.033408286505005e6,1.0409237005095031e6,-0.07783021277282387,-0.2264249996514991,8,false,0.013772475199997088,0.013772475199997088,false
255,true,0.7348672001993115,-1.0334557261876587e6,1.0408283727604233e6,0.2494057195726782,0.7965396627550945,8,false,0.013772475199997088,0.013772475199997088,false
255,true,0.9955005062704543,-1.0334647188890263e6,1.0408039197228061e6,-0.27647416631225497,-0.39343400567304343,8,false,0.013772475199997088,0.013772475199997088,false
255,true,0.9264252993519444,-1.0335237704772298e6,1.0409762088365481e6,-0.08260821050498635,0.2355578625574708,8,false,0.013772475199997088,0.013772475199997088,false
255,true,0.9127106334099242,-1.0334047076608498e6,1.040890453309796e6,0.03272144647780806,0.2125893571646884,8,false,0.013772475199997088,0.013772475199997088,false
255,true,0.9676297118868367,-1.0334100488904463e6,1.0407912554731369e6,-0.025696875294670463,0.12902717455290258,8,false,0.013772475199997088,0.013772475199997088,false
255,true,0.9128512889344454,-1.0336549034539302e6,1.0410331337658662e6,0.08685713063459843,0.22238953493069857,8,false,0.013772475199997088,0.013772475199997088,false
255,true,0.9520801833382404,-1.0334099118522885e6,1.041033743698003e6,0.052093016216531396,0.1748711196705699,8,false,0.013772475199997088,0.013772475199997088,false
255,true,0.9814732727530855,-1.0335880852482957e6,1.0409224794272772e6,-0.08478273241780698,-0.16758072434458882,8,false,0.013772475199997088,0.013772475199997088,false
255,true,0.8399714163278521,-1.0335804652355429e6,1.040936210030869e6,0.21899594936985523,0.4407977646915242,8,false,0.013772475199997088,0.013772475199997088,false
255,true,0.9772188161816181,-1.0335034861114882e6,1.0409382875795971e6,-0.13221449067350477,-0.31737532711122185,8,false,0.013772475199997088,0.013772475199997088,false
255,true,0.9670483614390882,-1.0334582739359324e6,1.0408745658618774e6,0.12462032015901059,-0.18672566127497703,8,false,0.013772475199997088,0.013772475199997088,false
255,true,0.9986411780013775,-1.0334129871864916e6,1.0408197160257403e6,-0.040912988246418536,-0.3117691337829456,8,false,0.013772475199997088,0.013772475199997088,false
255,true,0.9973841115270335,-1.0333699680468258e6,1.0408487196904982e6,-0.03315476782154292,-0.2714798409724608,8,false,0.013772475199997088,0.013772475199997088,false
255,true,0.990483947444413,-1.0334406138739475e6,1.0407710414709717e6,0.019393183873035014,-0.2469901132863015,8,false,0.013772475199997088,0.013772475199997088,false
255,true,0.9436775698611152,-1.0335749672623393e6,1.0410403049207156e6,-0.22905511769931763,-0.2557615836849436,8,false,0.013772475199997088,0.013772475199997088,false
255,true,0.9749294003013708,-1.0335100561017559e6,1.0409488857018601e6,0.003366107353940606,0.07714671269059181,8,false,0.013772475199997088,0.013772475199997088,false
255,true,0.8788541860496282,-1.0335082147033155e6,1.0409925725740885e6,0.23363817716017365,0.3098627324216068,8,false,0.013772475199997088,0.013772475199997088,false
255,true,0.9993594494344239,-1.0335287557793166e6,1.0409899015212676e6,-0.14265232684556395,-0.2794909898657352,8,false,0.013772475199997088,0.013772475199997088,false
255,true,0.9927380726100251,-1.0334257423558732e6,1.0409170001401459e6,-0.01458169484976679,-0.11343082785606384,8,false,0.013772475199997088,0.013772475199997088,false
255,true,0.9382920438162222,-1.0333765326444437e6,1.0407555150347163e6,-0.07448304316494614,0.19235485640820116,8,false,0.013772475199997088,0.013772475199997088,false
255,true,0.8403811060419059,-1.0333262409114513e6,1.0406875252303509e6,0.0009731259196996689,0.38670320669189095,8,false,0.013772475199997088,0.013772475199997088,false
255,true,0.9239552613553297,-1.0334922245821494e6,1.0408167404162531e6,0.035443062777630985,0.19655947969295084,8,false,0.013772475199997088,0.013772475199997088,false
255,true,0.9511272203393157,-1.0333957193591192e6,1.0409495919132164e6,0.10707316838670522,0.15594713191967458,8,false,0.013772475199997088,0.013772475199997088,false
255,true,0.9967870093987685,-1.0334717249259254e6,1.0408213465607201e6,0.03635023126844317,-0.19183452788274735,8,false,0.013772475199997088,0.013772475199997088,false
255,true,0.9439170673696436,-1.0336348862948145e6,1.0410726748774381e6,-0.11935541941784322,0.22050152032170445,8,false,0.013772475199997088,0.013772475199997088,false
255,true,0.9992786972159321,-1.0336516847557407e6,1.0412012740100038e6,-0.05502163653727621,-0.09223996021319181,8,false,0.013772475199997088,0.013772475199997088,false
255,true,0.967647883000502,-1.0334717679855357e6,1.0410606963357003e6,-0.0020258889999240637,0.10620849975384772,8,false,0.013772475199997088,0.013772475199997088,false
255,true,0.9709743900202489,-1.0335341749461878e6,1.0409714128212568e6,-0.0044563981937244534,0.07771577499806881,8,false,0.013772475199997088,0.013772475199997088,false
255,true,0.9716223386126308,-1.0335770445534089e6,1.0410714047881117e6,0.04011046141386032,0.07976649305783212,8,false,0.013772475199997088,0.013772475199997088,false
255,true,0.9997011584076543,-1.0335060213545474e6,1.0409152214700315e6,0.009096180787310004,-0.0842326731653884,8,false,0.013772475199997088,0.013772475199997088,false
255,true,0.8086428376249774,-1.0336110957984086e6,1.0409367517374167e6,0.0982678501168266,0.5210794708691537,8,false,0.013772475199997088,0.013772475199997088,false
255,true,0.9928104312770072,-1.0335335038286132e6,1.0410587824237256e6,-0.027372047188691795,-0.16739498171955347,8,false,0.013772475199997088,0.013772475199997088,false
255,true,0.9846874499472698,-1.0334979106708617e6,1.0409795164686484e6,0.05023432127200067,-0.1343995020724833,8,false,0.013772475199997088,0.013772475199997088,false
255,true,0.9903573444125395,-1.0334638814490981e6,1.0409632753698949e6,-0.05751562409568578,-0.2004176990594715,8,false,0.013772475199997088,0.013772475199997088,false
255,true,0.9989116081819195,-1.0337289928995658e6,1.0410198822852753e6,0.001175055862404406,-0.1561110548209399,8,false,0.013772475199997088,0.013772475199997088,false
255,true,0.9710490529969922,-1.033508940873127e6,1.0412215050714778e6,0.04844767996110022,-0.1339901186292991,8,false,0.013772475199997088,0.013772475199997088,false
255,true,0.9996573842785303,-1.033402131572247e6,1.040921995091207e6,-0.0410780772799626,-0.20176031498704106,8,false,0.013772475199997088,0.013772475199997088,false
255,true,0.9651545815652603,-1.0334832729174464e6,1.040859155258349e6,-0.09868254803586751,-0.16147311101667583,8,false,0.013772475199997088,0.013772475199997088,false
255,true,0.5845742627475236,-1.0336006784372322e6,1.0410732130594725e6,0.07270500040613115,1.3425250346772373,8,false,0.013772475199997088,0.013772475199997088,false
255,true,0.9806544424135318,-1.033571216978685e6,1.0411552702658193e6,-0.0649644173681736,-0.12367466231808066,8,false,0.013772475199997088,0.013772475199997088,false
255,true,0.9066180572197567,-1.0333123115071359e6,1.0408630704417203e6,-0.03264809295069426,0.24423464993014932,8,false,0.013772475199997088,0.013772475199997088,false
255,true,0.9441015996988261,-1.0333802127135753e6,1.0408079534293792e6,0.07802684092894197,0.1604627516353503,8,false,0.013772475199997088,0.013772475199997088,false
255,true,0.9800802557010365,-1.0333735368334736e6,1.0407173163808017e6,-0.06534802995156497,-0.11499705142341554,8,false,0.013772475199997088,0.013772475199997088,false
255,true,0.8827195545439749,-1.0334516059501763e6,1.0408873227092389e6,-0.013844385626725852,0.3071845774538815,8,false,0.013772475199997088,0.013772475199997088,false
255,true,0.6523327877141443,-1.033462873977459e6,1.04094193457204e6,0.01352067431434989,0.9783744277665392,8,false,0.013772475199997088,0.013772475199997088,false
255,true,0.9904465933424953,-1.0335246524167631e6,1.0409871331594645e6,-0.012938476516865194,-0.057095323340035975,8,false,0.013772475199997088,0.013772475199997088,false
255,true,0.990062656809586,-1.0335273994784838e6,1.040904162384742e6,0.032360750134103,0.053025241824798286,8,false,0.013772475199997088,0.013772475199997088,false
255,true,0.949622018679472,-1.0335026547001672e6,1.0408613451174024e6,0.1119201440596953,0.16347139212302864,8,false,0.013772475199997088,0.013772475199997088,false
255,true,0.9999390810373365,-1.0334031493945819e6,1.0408024968929345e6,-0.06539928040001541,-0.18254796834662557,8,false,0.013772475199997088,0.013772475199997088,false
255,true,0.8834949109447648,-1.0334290142059812e6,1.0408337662271704e6,-0.04391233844216913,0.3414912025909871,8,false,0.013772475199997088,0.013772475199997088,false
255,true,0.9921321261960202,-1.0335298045670865e6,1.0409364089353456e6,0.0019019886385649443,-0.0801090142922476,8,false,0.013772475199997088,0.013772475199997088,false
255,true,0.9930738414501249,-1.0336721122426048e6,1.0411848596543884e6,0.02267259219661355,-0.07240074267610908,8,false,0.013772475199997088,0.013772475199997088,false
255,true,0.990387649238299,-1.0334524253379353e6,1.0411364882216456e6,-0.0613817231496796,-0.08341871551238,8,false,0.013772475199997088,0.013772475199997088,false
255,true,0.9702808652348981,-1.033463868607814e6,1.0408942715236932e6,0.033216197160072625,0.09364776313304901,8,false,0.013772475199997088,0.013772475199997088,false
255,true,0.7134348223999476,-1.0336569184045882e6,1.0410311845544759e6,0.7865273678908125,0.8154736609430984,8,false,0.013772475199997088,0.013772475199997088,false
255,true,0.9255196445510601,-1.0336206547973332e6,1.0410327248840801e6,-0.060903177480213344,-0.8444480948382989,8,false,0.013772475199997088,0.013772475199997088,false
255,true,0.6866788466820409,-1.0335561124091992e6,1.0411717312330625e6,0.08477301325183362,1.4064199558924884,8,false,0.013772475199997088,0.013772475199997088,false
255,true,0.9987337648413989,-1.0335584360579627e6,1.0411130922645808e6,-0.10621939494740218,-0.8595506800338626,8,false,0.013772475199997088,0.013772475199997088,false
255,true,1.0,-1.0335112120960751e6,1.0410247689283808e6,-0.6119308975758031,-0.7611596734495834,8,false,0.013772475199997088,0.013772475199997088,false
255,true,0.8799500492179603,-1.033451314184988e6,1.0409867401319002e6,0.19265592796728015,0.3858124930411577,8,false,0.013772475199997088,0.013772475199997088,false
255,true,0.892239129079099,-1.0334418957390342e6,1.0408826661146054e6,-0.27391444554086775,0.42199753725435585,8,false,0.013772475199997088,0.013772475199997088,false
255,true,0.7643227817388967,-1.033491808180036e6,1.0409074479433837e6,0.3219668585807085,0.615098487585783,8,false,0.013772475199997088,0.013772475199997088,false
255,true,0.8033725264742118,-1.0336103927622888e6,1.0410542672143936e6,-0.26194217638112605,0.7303789426805452,8,false,0.013772475199997088,0.013772475199997088,false
255,true,0.9639039941663796,-1.0335404745235309e6,1.0411296443746558e6,0.01092956168577075,0.16112223477102816,8,false,0.013772475199997088,0.013772475199997088,false
255,true,0.9816213346707859,-1.0335525918840262e6,1.0410444890328815e6,0.0254572918638587,-0.14818358176853508,8,false,0.013772475199997088,0.013772475199997088,false
255,true,0.8532286166031477,-1.0335154408366056e6,1.0410773351093065e6,-0.08940038352739066,0.44819000677671283,8,false,0.013772475199997088,0.013772475199997088,false
255,true,0.9955008414829868,-1.0335453405475353e6,1.0409797994396744e6,0.0007448807591572404,-0.07496692833956331,8,false,0.013772475199997088,0.013772475199997088,false
255,true,0.9929824687853288,-1.0333806371342969e6,1.0407059277154792e6,-0.0541420578956604,-0.07924659934360534,8,false,0.013772475199997088,0.013772475199997088,false
255,true,0.9420257513738906,-1.0333299186691802e6,1.0408833817308812e6,-0.004887491813860834,0.15599110373295844,8,false,0.013772475199997088,0.013772475199997088,false
255,true,0.9103755280151195,-1.0334246178931039e6,1.0408847711223246e6,0.1035788458539173,0.2161483521340415,8,false,0.013772475199997088,0.013772475199997088,false
255,true,0.9998737495411729,-1.0334069571877129e6,1.0407769651808367e6,-0.012319045839831233,-0.13390897039789706,8,false,0.013772475199997088,0.013772475199997088,false
255,true,0.7463413949322469,-1.0334644844741568e6,1.0408582448723183e6,0.3119439671281725,0.747854626388289,8,false,0.013772475199997088,0.013772475199997088,false
255,true,0.9997466972007877,-1.0334599659118728e6,1.0409060940274639e6,-0.2935538198798895,-0.4431963481474668,8,false,0.013772475199997088,0.013772475199997088,false
255,true,0.9435756243137622,-1.0334247357251906e6,1.0408515535759269e6,-0.08888430008664727,0.18402207491453737,8,false,0.013772475199997088,0.013772475199997088,false
255,true,0.8261792612342637,-1.0334615693720725e6,1.0408442403726245e6,0.3205181231023744,0.43947747244965285,8,false,0.013772475199997088,0.013772475199997088,false
255,true,0.9459168008042201,-1.0333587324323902e6,1.0408384840462657e6,-0.14653347933199257,-0.3431244632229209,8,false,0.013772475199997088,0.013772475199997088,false
255,true,0.974341607900036,-1.0333208836539509e6,1.0407536232660701e6,-0.13643343094736338,-0.22228992194868624,8,false,0.013772475199997088,0.013772475199997088,false
255,true,0.9501529770273369,-1.0335769271161503e6,1.0408400581741553e6,0.14452307135798037,0.1779188890941441,8,false,0.013772475199997088,0.013772475199997088,false
255,true,0.9544673898526389,-1.0335612353513624e6,1.0409580896396964e6,-0.02549947251100093,-0.2291374757187441,8,false,0.013772475199997088,0.013772475199997088,false
255,true,0.9980190613500365,-1.0334820567333845e6,1.0409584994593345e6,-0.11848355852998793,-0.19608929473906755,8,false,0.013772475199997088,0.013772475199997088,false
255,true,0.9800235894953956,-1.0333591969651099e6,1.0408761402404569e6,-0.03933618823066354,0.10390477243345231,8,false,0.013772475199997088,0.013772475199997088,false
255,true,0.6367894458634583,-1.033608556123286e6,1.0408801565483705e6,0.4097199635580182,1.0588109261589125,8,false,0.013772475199997088,0.013772475199997088,false
255,true,0.9842043750420102,-1.0334634110518639e6,1.0410416196218292e6,-0.37532806885428727,-0.4573149241041392,8,false,0.013772475199997088,0.013772475199997088,false
255,true,0.9454330460421828,-1.0335485092943619e6,1.0409911621575094e6,0.09582310123369098,0.17476447974331677,8,false,0.013772475199997088,0.013772475199997088,false
255,true,0.9837848711823803,-1.0334974783021775e6,1.0410400164124059e6,-0.009046167368069291,-0.17824231192935258,8,false,0.013772475199997088,0.013772475199997088,false
255,true,0.5906681765184414,-1.0335184178206413e6,1.0409562066621744e6,0.142563269357197,1.421194480615668,8,false,0.013772475199997088,0.013772475199997088,false
255,true,0.992838515237844,-1.0333911521082635e6,1.0408346108954652e6,0.020362450275570154,-0.3014617378357798,8,false,0.013772475199997088,0.013772475199997088,false
255,true,0.9144486553027458,-1.0333686758216706e6,1.040725780069954e6,-0.2497330743353814,-0.33628609229344875,8,false,0.013772475199997088,0.013772475199997088,false
255,true,0.8630138455540821,-1.0334415558896349e6,1.040812113560825e6,-0.013088646810501814,0.37188420142047107,8,false,0.013772475199997088,0.013772475199997088,false
255,true,0.6282135105188162,-1.0334660666596614e6,1.0408307534240404e6,-0.058926850790157914,1.1280578451696783,8,false,0.013772475199997088,0.013772475199997088,false
255,true,0.9108388659061479,-1.0335664728980616e6,1.0410183255502204e6,-0.00048024789430201054,0.21113663457799703,8,false,0.013772475199997088,0.013772475199997088,false
255,true,0.9318082946204815,-1.0334934068936728e6,1.0410567056885208e6,0.10254139348398894,0.15162645722739398,8,false,0.013772475199997088,0.013772475199997088,false
255,true,0.9292712537352659,-1.0336099593180184e6,1.0410733230387007e6,0.1646304812747985,0.21497023396659642,8,false,0.013772475199997088,0.013772475199997088,false
255,true,0.9756982907037671,-1.0335558292265001e6,1.0411227361301631e6,-0.16938396566547453,-0.2762393862940371,8,false,0.013772475199997088,0.013772475199997088,false
255,true,0.9988302298313116,-1.0335887691449231e6,1.0410266689289607e6,-0.07079835119657218,-0.11322101054247469,8,false,0.013772475199997088,0.013772475199997088,false
255,true,0.7403295686552956,-1.0334866897553101e6,1.0410654871599191e6,0.587041121092625,0.6909674247726798,8,false,0.013772475199997088,0.013772475199997088,false
255,true,0.9361336721042981,-1.0335707913563517e6,1.0410413101586881e6,-0.24450512370094657,-0.6214815073180944,8,false,0.013772475199997088,0.013772475199997088,false
255,true,0.9974171189820789,-1.0336361209656738e6,1.0410920267761407e6,-0.07775638764724135,-0.3684138018870726,8,false,0.013772475199997088,0.013772475199997088,false
255,true,0.8989785547127508,-1.0337323092277234e6,1.0412970260718543e6,0.1008486885111779,0.36148527823388577,8,false,0.013772475199997088,0.013772475199997088,false
255,true,0.9851429189742147,-1.0335190420837529e6,1.0411485367304737e6,0.0625853780657053,-0.39334203547332436,8,false,0.013772475199997088,0.013772475199997088,false
255,true,0.9996575679140851,-1.0335457599655706e6,1.0409919740626675e6,-0.3867783109890297,-0.45733580261003226,8,false,0.013772475199997088,0.013772475199997088,false
255,true,0.9921597201741756,-1.0334652812047703e6,1.040993504195784e6,-0.04136511345859617,-0.0715120523236692,8,false,0.013772475199997088,0.013772475199997088,false
255,true,0.8919976665986097,-1.0334852483533408e6,1.0409639558859121e6,0.17000403627753258,0.25246511248406023,8,false,0.013772475199997088,0.013772475199997088,false
255,true,0.9943516403350999,-1.0336162774844189e6,1.0410673233142174e6,-0.12194629258010536,-0.21121645625680685,8,false,0.013772475199997088,0.013772475199997088,false
255,true,0.9586802474128799,-1.0335559127073055e6,1.0411077282896771e6,0.07499423797708005,0.14261481922585517,8,false,0.013772475199997088,0.013772475199997088,false
255,true,0.9999296023270736,-1.0334405823574725e6,1.040949731744027e6,-0.034351302892901,-0.15946000011172146,8,false,0.013772475199997088,0.013772475199997088,false
255,true,0.7935799025299645,-1.0335344197093507e6,1.0410361090195455e6,0.14003963535651565,0.6064780072774738,8,false,0.013772475199997088,0.013772475199997088,false
255,true,1.0,-1.0333586888532622e6,1.0408303674032209e6,-0.04662508051842451,-0.2604614353040233,8,false,0.013772475199997088,0.013772475199997088,false
255,true,0.9705214410610082,-1.0336368723892492e6,1.0409012904391298e6,-0.024745968752540648,-0.18400366115383804,8,false,0.013772475199997088,0.013772475199997088,false
255,true,0.8535554945430799,-1.0335903710622402e6,1.0413524879515019e6,0.035926274955272675,0.452695834916085,8,false,0.013772475199997088,0.013772475199997088,false
255,true,0.6803336813978059,-1.033485556023393e6,1.0408137747375533e6,0.09148908604402095,1.0926456566667184,8,false,0.013772475199997088,0.013772475199997088,false
255,true,0.9989042543447169,-1.0336578602483213e6,1.0410133307519741e6,-0.06235461391042918,-0.3039302595425397,8,false,0.013772475199997088,0.013772475199997088,false
255,true,0.9813328604097844,-1.0334711918170095e6,1.0409590764837927e6,0.005730647244490683,-0.25757172785233706,8,false,0.013772475199997088,0.013772475199997088,false
255,true,0.8842129472901042,-1.0335672525096338e6,1.0409341906207007e6,0.32130850572139025,0.40797115792520344,8,false,0.013772475199997088,0.013772475199997088,false
255,true,0.988742583469866,-1.0335223358651019e6,1.0408472230208436e6,-0.517212976468727,-0.5947698645759374,8,false,0.013772475199997088,0.013772475199997088,false
255,true,0.9193503745079759,-1.0334019779782962e6,1.0408873284064404e6,-0.054930232698097825,0.22041558439377695,8,false,0.013772475199997088,0.013772475199997088,false
255,true,0.7197488314731435,-1.0332552838726803e6,1.0406587254542398e6,0.009864411316812038,0.7333374908193946,8,false,0.013772475199997088,0.013772475199997088,false
255,true,0.8374025071944232,-1.0332037432205448e6,1.0404878159003934e6,0.1633482672041282,0.3899725785013288,8,false,0.013772475199997088,0.013772475199997088,false
255,true,0.9971631736411977,-1.0332622142181748e6,1.0405863449466876e6,-0.1308086251374334,-0.18034351069945842,8,false,0.013772475199997088,0.013772475199997088,false
255,true,0.9923078046939943,-1.0333464567076885e6,1.0405823386181778e6,0.005074716173112392,0.05487001803703606,8,false,0.013772475199997088,0.013772475199997088,false
255,true,0.893985700257832,-1.0335665901979927e6,1.0408786885335973e6,0.09438738483004272,0.2728906088741496,8,false,0.013772475199997088,0.013772475199997088,false
255,true,0.9995713170091021,-1.0334736298003602e6,1.0409848094697301e6,-0.05713751050643623,-0.13736666133627295,8,false,0.013772475199997088,0.013772475199997088,false
255,true,0.8442251530320192,-1.0335614479465262e6,1.0410619087404639e6,-0.01834564411547035,0.4393660001223907,8,false,0.013772475199997088,0.013772475199997088,false
255,true,0.8436022668521146,-1.0332849338282252e6,1.0408106742545424e6,0.1298413451295346,0.4267220019828528,8,false,0.013772475199997088,0.013772475199997088,false
255,true,0.9389671197345105,-1.0333714297862623e6,1.0406153085780855e6,-0.17332176270429045,0.2375799745786935,8,false,0.013772475199997088,0.013772475199997088,false
255,true,0.7131380715984418,-1.0334859627996922e6,1.0408224130025461e6,0.47506462107412517,0.7979720201110467,8,false,0.013772475199997088,0.013772475199997088,false
255,true,0.9879461518614909,-1.0335489105039284e6,1.0409341701335572e6,-0.368675047182478,-0.5120809732470661,8,false,0.013772475199997088,0.013772475199997088,false
255,true,0.7578374061450135,-1.0334751225656527e6,1.0409704082502959e6,0.5707889489131048,0.7099563083611429,8,false,0.013772475199997088,0.013772475199997088,false
255,true,0.9794971155377706,-1.0334821805395049e6,1.0409711133674061e6,-0.5621226261137053,-0.6976154897129163,8,false,0.013772475199997088,0.013772475199997088,false
255,true,0.9854028943269314,-1.033478933911221e6,1.0409036347282219e6,-0.03755722229834646,-0.15446417964994907,8,false,0.013772475199997088,0.013772475199997088,false
255,true,0.9579275042153772,-1.0334608352373092e6,1.0409128267361216e6,0.09964168071746826,0.15497704746667296,8,false,0.013772475199997088,0.013772475199997088,false
255,true,0.9920798984282345,-1.0334498882194153e6,1.0409490961094546e6,-0.08095610188320279,-0.1940900224726647,8,false,0.013772475199997088,0.013772475199997088,false
255,true,0.9956944368014062,-1.0335444913849452e6,1.0410288438486449e6,-0.06698505731765181,-0.1112943000625819,8,false,0.013772475199997088,0.013772475199997088,false
255,true,0.8073878876040564,-1.0335506343233071e6,1.0409935113301645e6,0.42553832207340747,0.50111784262117,8,false,0.013772475199997088,0.013772475199997088,false
255,true,0.9981733286320469,-1.0335021516018764e6,1.0410063293106542e6,-0.3839351353235543,-0.4702748104464263,8,false,0.013772475199997088,0.013772475199997088,false
255,true,0.8567693548510326,-1.033425177856184e6,1.0408530940710267e6,0.04930058610625565,0.4234943288611248,8,false,0.013772475199997088,0.013772475199997088,false
255,true,0.9901766574957117,-1.0334995454791927e6,1.0410622516133429e6,-0.03934619668871164,-0.15238985884934664,8,false,0.013772475199997088,0.013772475199997088,false
255,true,0.9941219256843582,-1.033446117833194e6,1.0408688852826256e6,0.014861541683785617,-0.12940032978076488,8,false,0.013772475199997088,0.013772475199997088,false
255,true,0.9628456315464234,-1.0334563825373611e6,1.0407785672510604e6,-0.10224682523403317,0.16387185116764158,8,false,0.013772475199997088,0.013772475199997088,false
255,true,0.9742213426230556,-1.0335229597007742e6,1.04096277571532e6,0.02100592525675893,0.07709985668770969,8,false,0.013772475199997088,0.013772475199997088,false
255,true,0.9832696564303787,-1.0334760428092728e6,1.040957517294841e6,0.048537065857090056,0.07682214840315282,8,false,0.013772475199997088,0.013772475199997088,false
255,true,0.9773527026712162,-1.0334545941584088e6,1.0409629898691142e6,0.02126434724777937,0.11405251396354288,8,false,0.013772475199997088,0.013772475199997088,false
255,true,0.9601151251152544,-1.0334493912925732e6,1.0408665992831913e6,0.0072694465052336454,0.17759571666829288,8,false,0.013772475199997088,0.013772475199997088,false
255,true,0.9994665869439907,-1.0333677809390008e6,1.0408245590695186e6,-0.049385619699023664,-0.14915389416273683,8,false,0.013772475199997088,0.013772475199997088,false
255,true,0.994304001227087,-1.0333058355834506e6,1.0407288967709345e6,-0.07884417870081961,-0.08345101901795715,8,false,0.013772475199997088,0.013772475199997088,false
255,true,0.8962278902047512,-1.0334736649033314e6,1.0408129724217581e6,0.17679989454336464,0.2257614404661581,8,false,0.013772475199997088,0.013772475199997088,false
255,true,0.9967391667580476,-1.0336049268624028e6,1.0410298342066597e6,-0.06567867123521864,-0.17326273501385003,8,false,0.013772475199997088,0.013772475199997088,false
255,true,0.9843281290273336,-1.0336289519238111e6,1.0409901859949166e6,0.07809676963370293,0.0928716006455943,8,false,0.013772475199997088,0.013772475199997088,false
255,true,0.9977975125218205,-1.0334937173236129e6,1.0410816564331687e6,-0.006472368724644184,-0.16484694252721965,8,false,0.013772475199997088,0.013772475199997088,false
255,true,0.9984736726801109,-1.0333695111437553e6,1.0408803600398949e6,-0.015549448085948825,-0.17536336707416922,8,false,0.013772475199997088,0.013772475199997088,false
255,true,0.987404854571778,-1.033437849758053e6,1.0407571226951064e6,-0.12702041154261678,-0.15749031025916338,8,false,0.013772475199997088,0.013772475199997088,false
255,true,0.9403203319313552,-1.033471591777435e6,1.0409963561368764e6,0.0729211897123605,0.15794276748783886,8,false,0.013772475199997088,0.013772475199997088,false
255,true,0.9955901998938735,-1.0334224768269848e6,1.0409457539419525e6,-0.0708549723494798,-0.11801614426076412,8,false,0.013772475199997088,0.013772475199997088,false
255,true,0.9146964054449149,-1.0334548683262733e6,1.0409242415720556e6,0.003001863951794803,0.23213363089598715,8,false,0.013772475199997088,0.013772475199997088,false
255,true,0.9433561046149409,-1.033496422773984e6,1.0409269479127002e6,0.11775512958411127,0.15799191582482308,8,false,0.013772475199997088,0.013772475199997088,false
255,true,0.9043993910576209,-1.0334651138757456e6,1.040801948225053e6,0.05966218560934067,0.3305104423779994,8,false,0.013772475199997088,0.013772475199997088,false
255,true,0.7557324470962782,-1.0333853548242458e6,1.040936131025226e6,-0.014390117372386158,0.7972429377259687,8,false,0.013772475199997088,0.013772475199997088,false
255,true,0.9654121705560055,-1.0334283973716211e6,1.0408210627586858e6,0.0014097728999331594,-0.20976445055566728,8,false,0.013772475199997088,0.013772475199997088,false
255,true,0.9915099024902684,-1.0333464145472423e6,1.0408204834207973e6,-0.007736339350230992,-0.22067503246944398,8,false,0.013772475199997088,0.013772475199997088,false
255,true,0.9923481538531534,-1.03336229058865e6,1.040731272326919e6,-0.1745037412038073,-0.2013922188198194,8,false,0.013772475199997088,0.013772475199997088,false
255,true,0.8946755440655272,-1.0333735875445298e6,1.0408648315490447e6,0.11166504677385092,0.2331774771446362,8,false,0.013772475199997088,0.013772475199997088,false
255,true,0.996245800318376,-1.0333940800435566e6,1.0408417492366593e6,-0.10608593944925815,-0.13423576473724097,8,false,0.013772475199997088,0.013772475199997088,false
255,true,0.9776056773816596,-1.0334688917773303e6,1.0408526435062597e6,0.00043496396392583847,0.07513653964269906,8,false,0.013772475199997088,0.013772475199997088,false
255,true,0.9342254386787646,-1.0334621116999508e6,1.0410537677104052e6,-0.007778250495903194,0.16809682513121516,8,false,0.013772475199997088,0.013772475199997088,false
255,true,0.9464699808835162,-1.0334780591732546e6,1.040900189277713e6,0.026813757955096662,0.13512743229512125,8,false,0.013772475199997088,0.013772475199997088,false
255,true,0.9524068918536471,-1.0334884938383151e6,1.0409550656506893e6,0.06173141405452043,0.14395277318544686,8,false,0.013772475199997088,0.013772475199997088,false
255,true,0.9744089567346388,-1.033558945455871e6,1.0410130778613297e6,-0.10337617469485849,-0.113103405572474,8,false,0.013772475199997088,0.013772475199997088,false
255,true,0.9749027517837261,-1.0334012539772701e6,1.0409400408522806e6,0.01923758734483272,0.07794583460781723,8,false,0.013772475199997088,0.013772475199997088,false
255,true,0.9837543350682246,-1.0334620471079574e6,1.0407768258386792e6,0.0300465744221583,0.061575348721817136,8,false,0.013772475199997088,0.013772475199997088,false
255,true,0.8957387340986971,-1.0335821809033055e6,1.0409743903296012e6,0.0018198899924755096,0.26170497422572225,8,false,0.013772475199997088,0.013772475199997088,false
255,true,0.9988573401863723,-1.0335528744349899e6,1.0409647047390786e6,-0.015030262875370681,-0.07076753792352974,8,false,0.013772475199997088,0.013772475199997088,false
255,true,0.9038571608963953,-1.0333812853635555e6,1.0410026531071337e6,0.04819406569004059,0.2488121702335775,8,false,0.013772475199997088,0.013772475199997088,false
255,true,0.8479558834980444,-1.0334416271670841e6,1.0408070954154942e6,-0.006577470572665334,0.4275286722695455,8,false,0.013772475199997088,0.013772475199997088,false
255,true,0.9825046973025364,-1.0334143260460246e6,1.0407765012921245e6,-0.06131012295372784,-0.11117538879625499,8,false,0.013772475199997088,0.013772475199997088,false
255,true,0.9461884427591655,-1.0333834610039829e6,1.04089369631631e6,0.014157971600070596,0.13655484793707728,8,false,0.013772475199997088,0.013772475199997088,false
255,true,0.9485328502731944,-1.0336292843325174e6,1.0409680820492983e6,0.0577384332427755,0.13722995179705322,8,false,0.013772475199997088,0.013772475199997088,false
255,true,0.9740434166859078,-1.0336032211842475e6,1.0412526338327541e6,0.04483998229261488,0.11644604441244155,8,false,0.013772475199997088,0.013772475199997088,false
255,true,0.9812525569842725,-1.0334913583112266e6,1.0410434680898978e6,-0.023216283414512873,-0.13903388334438205,8,false,0.013772475199997088,0.013772475199997088,false
255,true,0.8068560705512776,-1.0333393255686208e6,1.0409445072596035e6,-0.06647657265421003,0.5330110698705539,8,false,0.013772475199997088,0.013772475199997088,false
255,true,0.9196145767025788,-1.0332920484837642e6,1.040771008843795e6,0.0631271991878748,0.230292379274033,8,false,0.013772475199997088,0.013772475199997088,false
255,true,0.9502141574567511,-1.0332743746001794e6,1.0405225988668087e6,0.13546361576300114,0.17089443805161864,8,false,0.013772475199997088,0.013772475199997088,false
255,true,0.9862718402468488,-1.0335085188413844e6,1.0407457617437944e6,-0.16552358667831868,-0.27218541922047734,8,false,0.013772475199997088,0.013772475199997088,false
255,true,0.7409539613911507,-1.0336337289886419e6,1.0411205231919659e6,0.5232883160933852,0.7130166821880266,8,false,0.013772475199997088,0.013772475199997088,false
255,true,0.9992042390256645,-1.0336154028082828e6,1.0410927958426954e6,-0.0162566842045635,-0.6027872482081875,8,false,0.013772475199997088,0.013772475199997088,false
255,true,0.9070045191673315,-1.0334382508392611e6,1.0409869216221322e6,0.33891979313921183,-0.5845524618634954,8,false,0.013772475199997088,0.013772475199997088,false
255,true,0.9996957038184613,-1.0335026724012828e6,1.0409969750915914e6,-0.7448654538020492,-0.924903372884728,8,false,0.013772475199997088,0.013772475199997088,false
255,true,0.9538567982686575,-1.0335418912202099e6,1.040934778068007e6,0.12336891191080213,-0.1905378078809008,8,false,0.013772475199997088,0.013772475199997088,false
255,true,0.9827504594607329,-1.0335099222731987e6,1.0409818266373553e6,-0.09917905903421342,-0.30148930836003274,8,false,0.013772475199997088,0.013772475199997088,false
255,true,0.9775878415805684,-1.0335278780812321e6,1.0409649683132848e6,-0.020866419188678265,-0.21490706061013043,8,false,0.013772475199997088,0.013772475199997088,false
255,true,0.9999385791263316,-1.0335004139369188e6,1.0409815194588272e6,-0.08964022889267653,-0.19330390763934702,8,false,0.013772475199997088,0.013772475199997088,false
255,true,0.7149131853053331,-1.0335375467462617e6,1.0409845588016891e6,0.4025070129428059,0.8449435987276956,8,false,0.013772475199997088,0.013772475199997088,false
255,true,0.9983696429737864,-1.0335607079435386e6,1.0410428458074371e6,-0.30075023672543466,-0.4952482372755185,8,false,0.013772475199997088,0.013772475199997088,false
255,true,0.9376989998400078,-1.0335861160039045e6,1.0410285940646708e6,-0.044575871084816754,0.2634419364621863,8,false,0.013772475199997088,0.013772475199997088,false
255,true,0.9303101516026399,-1.0336078898859624e6,1.0410979161358345e6,0.000980562181212008,0.22846141771879047,8,false,0.013772475199997088,0.013772475199997088,false
255,true,0.9471276969590465,-1.0335706492221247e6,1.0411432051413567e6,0.12123960710596293,0.19408674316946417,8,false,0.013772475199997088,0.013772475199997088,false
255,true,0.9205412067815547,-1.0335604150785721e6,1.0408800313525673e6,0.2556814554845914,0.3054167336085811,8,false,0.013772475199997088,0.013772475199997088,false
255,true,0.9970153351038022,-1.0335846923866918e6,1.0410463107155955e6,-0.26235408161301166,-0.5337142223725095,8,false,0.013772475199997088,0.013772475199997088,false
255,true,0.9754386944731158,-1.0335206065121203e6,1.0410345640317304e6,-0.2263695951551199,-0.2821935386164114,8,false,0.013772475199997088,0.013772475199997088,false
255,true,0.9104695887168427,-1.0334454701178267e6,1.0409360769446422e6,0.07706847600638866,0.2325174588477239,8,false,0.013772475199997088,0.013772475199997088,false
255,true,0.9879095507507062,-1.0335255690863983e6,1.0409149426121885e6,0.02981205261312425,-0.11430687038227916,8,false,0.013772475199997088,0.013772475199997088,false
255,true,0.9990810310117819,-1.0334138991294116e6,1.040931724551615e6,-0.1298640217864886,-0.15618529065977782,8,false,0.013772475199997088,0.013772475199997088,false
255,true,0.757243748022143,-1.0334953031888173e6,1.0410148175397583e6,0.09654113801661879,0.6286588779184967,8,false,0.013772475199997088,0.013772475199997088,false
255,true,0.9952552437968435,-1.0334705917478715e6,1.0409316577931544e6,-0.05709596397355199,-0.12694299558643252,8,false,0.013772475199997088,0.013772475199997088,false
255,true,0.9692659720618398,-1.0335106084720069e6,1.0409200322453153e6,-0.05172736302483827,0.10801677661947906,8,false,0.013772475199997088,0.013772475199997088,false
255,true,0.7209190765811444,-1.0335187704348904e6,1.0410569604525809e6,0.07426029292400926,0.7151188185671344,8,false,0.013772475199997088,0.013772475199997088,false
255,true,0.9882607054583273,-1.033460306245674e6,1.0410240913113534e6,0.016355650732293725,-0.0974997952580452,8,false,0.013772475199997088,0.013772475199997088,false
255,true,0.9036812578201773,-1.0335265322994345e6,1.04094538329382e6,0.24185032432433218,0.28211554570589215,8,false,0.013772475199997088,0.013772475199997088,false
255,true,0.9955287024415611,-1.0334814719842173e6,1.040934160199242e6,-0.1761656291782856,-0.3328703830484301,8,false,0.013772475199997088,0.013772475199997088,false
255,true,0.9752621992707864,-1.0335495683383354e6,1.0410242084987327e6,0.062244678381830454,-0.15223425079602748,8,false,0.013772475199997088,0.013772475199997088,false
255,true,0.9663512518425608,-1.0335425379566323e6,1.041052269165853e6,-0.10192345723044127,-0.21592979005072266,8,false,0.013772475199997088,0.013772475199997088,false
255,true,0.9857383943557217,-1.0334071296955672e6,1.0408806936448764e6,0.0492485084105283,-0.12450507783796638,8,false,0.013772475199997088,0.013772475199997088,false
255,true,0.9861659387806776,-1.0336362942660621e6,1.0409490312162563e6,-0.005796915851533413,-0.1615213603945449,8,false,0.013772475199997088,0.013772475199997088,false
255,true,0.9403114041615287,-1.0334923851020973e6,1.0410808248525829e6,0.02334115980193019,0.23979513114318252,8,false,0.013772475199997088,0.013772475199997088,false
255,true,0.9971585769401263,-1.0334517466898437e6,1.0408996759807514e6,-0.0023470610613003373,-0.20988145540468395,8,false,0.013772475199997088,0.013772475199997088,false
255,true,0.9847496714080008,-1.0335611797907739e6,1.0410121768900802e6,-0.020158927189186215,-0.21139601268805563,8,false,0.013772475199997088,0.013772475199997088,false
255,true,0.9786200514977011,-1.0334930507474045e6,1.040965806862862e6,-0.11612339061684906,-0.16556949773803353,8,false,0.013772475199997088,0.013772475199997088,false
255,true,0.9754163332330159,-1.0335206959491642e6,1.041064719420889e6,0.06870991177856922,0.09938528994098306,8,false,0.013772475199997088,0.013772475199997088,false
255,true,0.9967407670846855,-1.0335302316933648e6,1.0409900054161096e6,-0.0468741946388036,-0.12324259767774493,8,false,0.013772475199997088,0.013772475199997088,false
255,true,0.9439467994604755,-1.0335747838564459e6,1.0409456173584862e6,-0.01814804272726178,0.18852089950814843,8,false,0.013772475199997088,0.013772475199997088,false
255,true,0.9575301148927904,-1.0334857411112841e6,1.0410517203856483e6,0.10067808046005666,0.14104880159720778,8,false,0.013772475199997088,0.013772475199997088,false
255,true,0.7859559292548808,-1.0334830794459396e6,1.040937824979322e6,0.0301854774588719,0.6437559162732214,8,false,0.013772475199997088,0.013772475199997088,false
255,true,0.9997296746598103,-1.0335401627484197e6,1.0410196541544811e6,-0.0401685549877584,-0.18179239775054157,8,false,0.013772475199997088,0.013772475199997088,false
255,true,0.9969520558815768,-1.0335048606381991e6,1.0409036775604844e6,-0.06725824647583067,-0.14755680318921804,8,false,0.013772475199997088,0.013772475199997088,false
255,true,0.9955760772745469,-1.0334849953421892e6,1.0407573404578626e6,0.052047358942218125,-0.10322963574435562,8,false,0.013772475199997088,0.013772475199997088,false
255,true,0.9941194716802554,-1.03352502474166e6,1.0409816108245546e6,0.012355870800092816,-0.12974165484774858,8,false,0.013772475199997088,0.013772475199997088,false
255,true,0.9991675699831372,-1.0336097310592531e6,1.0410279016772492e6,-0.09950460493564606,-0.15666319290176034,8,false,0.013772475199997088,0.013772475199997088,false
255,true,0.944083706732791,-1.0332870342271642e6,1.040876151691863e6,0.14347396069206297,0.15711205103434622,8,false,0.013772475199997088,0.013772475199997088,false
255,true,0.9306393406063432,-1.0332469481965894e6,1.0407051437195882e6,-0.09223007317632437,0.26085193816106766,8,false,0.013772475199997088,0.013772475199997088,false
255,true,0.9848281025974654,-1.0333520885889588e6,1.0407749043270577e6,-0.061516118817962706,0.0898552811704576,8,false,0.013772475199997088,0.013772475199997088,false
255,true,0.9698735124734242,-1.0335287547339598e6,1.0408070484175914e6,0.02029272774234414,0.10623252927325666,8,false,0.013772475199997088,0.013772475199997088,false
255,true,0.9551099322466059,-1.0334767437511071e6,1.0409200352090065e6,0.01955225330311805,0.13561587512958795,8,false,0.013772475199997088,0.013772475199997088,false
255,true,0.9145847582623995,-1.0335424494208187e6,1.0409535234545463e6,0.2007599410135299,0.24456869857385755,8,false,0.013772475199997088,0.013772475199997088,false
255,true,0.9458745175994588,-1.033310584899592e6,1.0409269909102239e6,0.2218774560606107,-0.2931292353896424,8,false,0.013772475199997088,0.013772475199997088,false
255,true,0.9098225139426445,-1.0333729127854775e6,1.0407266914405925e6,0.28614511201158166,-0.4765163842821494,8,false,0.013772475199997088,0.013772475199997088,false
255,true,0.9733327905319766,-1.0333907929135788e6,1.04081475003256e6,-0.5883058620383963,-0.7932053526164964,8,false,0.013772475199997088,0.013772475199997088,false
255,true,0.8201534691557817,-1.033302191310475e6,1.0407792005763643e6,-0.005860633333213627,0.5753737560007721,8,false,0.013772475199997088,0.013772475199997088,false
255,true,0.990853870653364,-1.0333156911723104e6,1.0407666835546638e6,0.05278768914286047,-0.17569022299721837,8,false,0.013772475199997088,0.013772475199997088,false
255,true,0.999583244509877,-1.0334775813424117e6,1.0407221629308928e6,-0.17327864130493253,-0.25162404135335237,8,false,0.013772475199997088,0.013772475199997088,false
255,true,0.698629136503739,-1.0334047840144048e6,1.0409710656463981e6,-0.06478231213986874,0.8582117967307568,8,false,0.013772475199997088,0.013772475199997088,false
255,true,0.8664156796606388,-1.033365950456414e6,1.0408215485422838e6,0.029495597700588405,0.3161303693195805,8,false,0.013772475199997088,0.013772475199997088,false
255,true,0.8042236537496251,-1.0335005579182459e6,1.0408292907466071e6,0.48362935427576303,0.48362935427576303,8,false,0.013772475199997088,0.013772475199997088,false
255,true,0.9874782028740835,-1.0334810233230611e6,1.0409634699828551e6,-0.3095756131224334,-0.5102610638132319,8,false,0.013772475199997088,0.013772475199997088,false
255,true,0.9773797973368263,-1.033628567899875e6,1.0410401696655861e6,0.10550543619319797,-0.20452979241963476,8,false,0.013772475199997088,0.013772475199997088,false
255,true,0.9298017565420459,-1.0334008256848967e6,1.0409863630519724e6,0.07456633599940687,0.34913771599531174,8,false,0.013772475199997088,0.013772475199997088,false
255,true,0.9939769860101467,-1.0335802152218517e6,1.0409505461830229e6,-0.3579039564356208,-0.37312821624800563,8,false,0.013772475199997088,0.013772475199997088,false
255,true,0.7744215476703858,-1.0334452006877201e6,1.0409938453601868e6,0.1104901076760143,0.590455400175415,8,false,0.013772475199997088,0.013772475199997088,false
255,true,0.9979605777677226,-1.0333972584204663e6,1.0409666310520043e6,-0.12165423587430269,-0.1747162495739758,8,false,0.013772475199997088,0.013772475199997088,false
255,true,0.9909051164510522,-1.0333665169437499e6,1.0407477974830808e6,0.0017454850021749735,0.04821819474454969,8,false,0.013772475199997088,0.013772475199997088,false
255,true,0.6147723349579872,-1.0334109614380406e6,1.0407905164914165e6,0.09596505213994533,1.1404917625477538,8,false,0.013772475199997088,0.013772475199997088,false
255,true,0.9435364198686687,-1.0335507040131512e6,1.0408791058543136e6,-0.07243644038680941,0.2087195498170331,8,false,0.013772475199997088,0.013772475199997088,false
255,true,0.9307624625311591,-1.0335621882250551e6,1.0411217055141068e6,0.09343676653224975,0.1915790643543005,8,false,0.013772475199997088,0.013772475199997088,false
255,true,0.9689385316100204,-1.0335268578010199e6,1.0409905928279907e6,0.04961312818340957,-0.14898518077097833,8,false,0.013772475199997088,0.013772475199997088,false
255,true,0.6559385768081695,-1.0335065730830268e6,1.0410055189725473e6,-0.1339436728740111,1.1514264593133703,8,false,0.013772475199997088,0.013772475199997088,false
255,true,0.9352290497179693,-1.0334780625701007e6,1.0409792532758772e6,0.04363255959469825,0.17427822574973106,8,false,0.013772475199997088,0.013772475199997088,false
255,true,0.96297064423456,-1.0334557987306895e6,1.0409164821546281e6,0.054671164602041245,0.14707221987191588,8,false,0.013772475199997088,0.013772475199997088,false
255,true,0.9955651954627004,-1.0334705231561775e6,1.0409301412173411e6,0.0018104506889358163,-0.14898586133494973,8,false,0.013772475199997088,0.013772475199997088,false
255,true,0.99114464214273,-1.0333642363320293e6,1.0408872278016526e6,-0.06417156232055277,-0.13511764095164835,8,false,0.013772475199997088,0.013772475199997088,false
255,true,0.957344064688039,-1.0334226451372745e6,1.0407373944060833e6,-0.013707764679566026,0.16723818460013717,8,false,0.013772475199997088,0.013772475199997088,false
255,true,0.7469550468937288,-1.0335305395077281e6,1.0408706514316561e6,0.30256231559906155,0.6857525998493657,8,false,0.013772475199997088,0.013772475199997088,false
255,true,0.9993163123956279,-1.0335984007006483e6,1.0410522267873406e6,-0.28193759312853217,-0.34688341326545924,8,false,0.013772475199997088,0.013772475199997088,false
255,true,0.9921280467649513,-1.0336659031762548e6,1.0410590123517744e6,-0.03979464736767113,-0.08505959331523627,8,false,0.013772475199997088,0.013772475199997088,false
255,true,0.9178228150279587,-1.0334978384543582e6,1.0410880799599299e6,0.18397888913750648,0.22602106363046914,8,false,0.013772475199997088,0.013772475199997088,false
255,true,0.9939873138157244,-1.0334816983509128e6,1.0409479334006339e6,-0.030070228734984994,-0.23181848181411624,8,false,0.013772475199997088,0.013772475199997088,false
255,true,0.9445066078145623,-1.0334615486341253e6,1.0409334663277756e6,0.1965261521982029,-0.2260595386615023,8,false,0.013772475199997088,0.013772475199997088,false
255,true,0.8676276196263637,-1.0334710202379932e6,1.0409904759296998e6,-0.22365575516596437,0.5384282560553402,8,false,0.013772475199997088,0.013772475199997088,false
255,true,0.9486766043026927,-1.0334568068832103e6,1.0408295221508605e6,0.11773713317234069,0.2516425000503659,8,false,0.013772475199997088,0.013772475199997088,false
255,true,0.9786909488147268,-1.0335543612677972e6,1.0409774492209526e6,0.12089453486260027,-0.3100689104758203,8,false,0.013772475199997088,0.013772475199997088,false
255,true,0.9999737894390548,-1.033453464038266e6,1.0410665359497459e6,-0.40805252199061215,-0.415942900814116,8,false,0.013772475199997088,0.013772475199997088,false
255,true,0.9682887878518084,-1.0335694364487145e6,1.040942881658702e6,0.05975567072164267,0.09283164434600621,8,false,0.013772475199997088,0.013772475199997088,false
255,true,0.9134034702517658,-1.0335553697559098e6,1.0409948687017999e6,0.17753163015004247,0.2505567625630647,8,false,0.013772475199997088,0.013772475199997088,false
255,true,0.9987774616273584,-1.0334543490280018e6,1.040896286885919e6,-0.19449125044047832,-0.26592401904053986,8,false,0.013772475199997088,0.013772475199997088,false
255,true,0.9273674633643746,-1.0334907733275038e6,1.0408737545610608e6,-0.027792926994152367,0.21294745814520866,8,false,0.013772475199997088,0.013772475199997088,false
255,true,0.850912718751549,-1.0335117067890055e6,1.0409104226042583e6,0.22799500986002386,0.35039550182409585,8,false,0.013772475199997088,0.013772475199997088,false
255,true,0.9291735855470683,-1.0333827007212351e6,1.040845269883979e6,0.2081033936701715,0.27927628066390753,8,false,0.013772475199997088,0.013772475199997088,false
255,true,0.9953926020382442,-1.033604832212846e6,1.0409187047984472e6,-0.2741715054726228,-0.43835516448598355,8,false,0.013772475199997088,0.013772475199997088,false
255,true,0.9998921238417066,-1.03349095040345e6,1.0410622224162767e6,-0.14367056917399168,-0.18214316794183105,8,false,0.013772475199997088,0.013772475199997088,false
255,true,0.9901120374192581,-1.0334801412300861e6,1.0409755942966179e6,-0.02912935963831842,-0.06938773521687835,8,false,0.013772475199997088,0.013772475199997088,false
255,true,0.999154281175761,-1.0335801768851565e6,1.0410038289843875e6,0.004377305856905878,-0.041767933405935764,8,false,0.013772475199997088,0.013772475199997088,false
255,true,0.964823931136816,-1.0336362061836277e6,1.0411341990021204e6,0.042167117237113416,0.0977249180432409,8,false,0.013772475199997088,0.013772475199997088,false
255,true,0.8160864347407574,-1.0334263304756794e6,1.041050197051624e6,0.23516566073521972,0.4827195144025609,8,false,0.013772475199997088,0.013772475199997088,false
255,true,0.9352615654710439,-1.0335077339049526e6,1.0408613212097703e6,0.04112699965480715,0.29314366448670626,8,false,0.013772475199997088,0.013772475199997088,false
255,true,0.9996726611942013,-1.0336578399836142e6,1.0409683065596226e6,-0.2543072741245851,-0.3611665533389896,8,false,0.013772475199997088,0.013772475199997088,false
255,true,0.8772715653987324,-1.0336745150601673e6,1.0410096428875837e6,0.06356163031887263,0.3487484148936346,8,false,0.013772475199997088,0.013772475199997088,false
255,true,0.9994901483961731,-1.0334889467798874e6,1.0410366547154977e6,-0.06763881025835872,-0.14159338851459324,8,false,0.013772475199997088,0.013772475199997088,false
255,true,0.9569556832099525,-1.0335778090149263e6,1.0409630911099365e6,-0.02034563070628792,0.14599630166776478,8,false,0.013772475199997088,0.013772475199997088,false
255,true,0.9983245196372077,-1.0336049357728306e6,1.0410679847497938e6,-0.027985972701571882,-0.06573272706009448,8,false,0.013772475199997088,0.013772475199997088,false
255,true,0.9820188480028095,-1.0334363545103235e6,1.0409890060347603e6,0.04913616960402578,0.08096944016870111,8,false,0.013772475199997088,0.013772475199997088,false
255,true,0.993149833945124,-1.0334926080784616e6,1.040896569292392e6,0.026008223881945014,-0.09427022305317223,8,false,0.013772475199997088,0.013772475199997088,false
255,true,0.9948227199927242,-1.0335657497671595e6,1.0410229906396329e6,-0.0022917919559404254,-0.11548332055099308,8,false,0.013772475199997088,0.013772475199997088,false
255,true,0.9952526329951916,-1.0335171378972569e6,1.0410132750857425e6,0.023511446313932538,-0.12986848934087902,8,false,0.013772475199997088,0.013772475199997088,false
255,true,0.9928602029679714,-1.0334164702655458e6,1.0408733471284279e6,-0.043863222817890346,-0.15251701965462416,8,false,0.013772475199997088,0.013772475199997088,false
255,true,0.9588529297113,-1.0335511414247837e6,1.0408800642371072e6,-0.02792959928046912,0.14748220972251147,8,false,0.013772475199997088,0.013772475199997088,false
255,true,0.9653475737803948,-1.0336092163802984e6,1.0411136331599331e6,0.015015656361356378,0.11745244334451854,8,false,0.013772475199997088,0.013772475199997088,false
255,true,0.9540340120245172,-1.0335991385733986e6,1.0410719100530392e6,0.002366817556321621,0.156310718273744,8,false,0.013772475199997088,0.013772475199997088,false
255,true,0.993107668592369,-1.0335127321754429e6,1.0410388064972191e6,0.016160729457624257,-0.06962582131382078,8,false,0.013772475199997088,0.013772475199997088,false
255,true,0.9968739307560605,-1.0336578369271443e6,1.041142314880375e6,-0.07386918389238417,-0.08830769639462233,8,false,0.013772475199997088,0.013772475199997088,false
255,true,0.8739424682150324,-1.0336576138478785e6,1.0409548005365637e6,0.1671414504526183,0.30546651931945235,8,false,0.013772475199997088,0.013772475199997088,false
255,true,0.9935067971500855,-1.0336194112286059e6,1.0410955923773714e6,-0.13187656027730554,-0.18531009810976684,8,false,0.013772475199997088,0.013772475199997088,false
255,true,0.8860979008510552,-1.033676183101005e6,1.0410437104861256e6,-0.002383833401836455,0.29225874855183065,8,false,0.013772475199997088,0.013772475199997088,false
255,true,0.6898131420077516,-1.0335317932373697e6,1.0412341745695791e6,0.23589191411156207,0.873950619250536,8,false,0.013772475199997088,0.013772475199997088,false
255,true,0.99045836448442,-1.0334692897403201e6,1.0410211997245038e6,-0.25790474633686244,-0.28542672260664403,8,false,0.013772475199997088,0.013772475199997088,false
255,true,0.8030713999694452,-1.033529159580683e6,1.0409919411785817e6,0.3783151332754642,0.4919986082240939,8,false,0.013772475199997088,0.013772475199997088,false
255,true,0.9778267770745095,-1.0334878856741481e6,1.0409668573525102e6,-0.2999518149299547,-0.40528118528891355,8,false,0.013772475199997088,0.013772475199997088,false
255,true,0.9730771954348626,-1.0333551833606953e6,1.0407917963108568e6,0.005642219912260771,0.12896679888945073,8,false,0.013772475199997088,0.013772475199997088,false
255,true,0.9804894558959859,-1.0333042765529228e6,1.040703347689968e6,-0.12726529489737004,-0.12861667573451996,8,false,0.013772475199997088,0.013772475199997088,false
255,true,0.951097031611921,-1.0335437814769708e6,1.0409079371784433e6,0.03054549021180719,0.11379344935994595,8,false,0.013772475199997088,0.013772475199997088,false
255,true,0.9648783959531684,-1.0335551937840047e6,1.0410164159851766e6,0.047892065485939384,0.10030002484563738,8,false,0.013772475199997088,0.013772475199997088,false
255,true,0.605620341524395,-1.0336231761693696e6,1.0411230848730165e6,1.2352108689956367,1.2650667991256341,8,false,0.013772475199997088,0.013772475199997088,false
255,true,0.959584014380422,-1.0334106216422105e6,1.0409583554281237e6,-1.1963634444400668,-1.3047798163024709,8,false,0.013772475199997088,0.013772475199997088,false
255,true,0.9589565411398486,-1.0335328818357188e6,1.0409032552350154e6,-0.09837601752951741,0.1534793204627931,8,false,0.013772475199997088,0.013772475199997088,false
255,true,0.881220021510683,-1.0335022017648856e6,1.0408775331674537e6,0.08943106548395008,0.2568566841073334,8,false,0.013772475199997088,0.013772475199997088,false
255,true,0.9736028055699499,-1.0335679288844494e6,1.0410306320039443e6,-0.0003437804989516735,0.12243276264052838,8,false,0.013772475199997088,0.013772475199997088,false
255,true,0.7949776212396067,-1.033547917784288e6,1.0410330845007184e6,-0.03227123583201319,0.5880720769055188,8,false,0.013772475199997088,0.013772475199997088,false
255,true,0.6649755464196189,-1.0335010242495798e6,1.0409986119645877e6,0.4523296750849113,0.9919979755068198,8,false,0.013772475199997088,0.013772475199997088,false
255,true,0.8923376796800027,-1.0334009687468583e6,1.0408102949417107e6,-0.44178900809492916,-0.5258205374702811,8,false,0.013772475199997088,0.013772475199997088,false
255,true,0.6818648880305686,-1.0335420285142756e6,1.0408825680684143e6,0.6968452546279877,0.9481577258557081,8,false,0.013772475199997088,0.013772475199997088,false
255,true,0.9339315647551847,-1.0333913455009524e6,1.0407631794757769e6,0.19078074442222714,-0.7648746981285512,8,false,0.013772475199997088,0.013772475199997088,false
255,true,0.9949115832902099,-1.0333400003474776e6,1.0408583694770153e6,-0.07171545317396522,-0.9601628839736804,8,false,0.013772475199997088,0.013772475199997088,false
255,true,0.9497850315535411,-1.033378689422642e6,1.040710191635093e6,-0.4773894773097709,-0.8871383140794933,8,false,0.013772475199997088,0.013772475199997088,false
255,true,0.9723001161864023,-1.0333866208711802e6,1.0407662562576279e6,0.05917687271721661,-0.39870862558018416,8,false,0.013772475199997088,0.013772475199997088,false
255,true,0.9956014022585105,-1.0335096783510742e6,1.0408579246314467e6,-0.30092723690904677,-0.468577042222023,8,false,0.013772475199997088,0.013772475199997088,false
255,true,0.9606900012119393,-1.0334814766498436e6,1.0409670726639217e6,-0.009571053320541978,0.17648254055529833,8,false,0.013772475199997088,0.013772475199997088,false
255,true,0.9979506914156966,-1.0334966757675766e6,1.0409156313906638e6,-0.14258686092216522,-0.1662460803054273,8,false,0.013772475199997088,0.013772475199997088,false
255,true,0.7736265635636406,-1.0335226102803232e6,1.0410569368676845e6,0.10638525558169931,0.5429450235096738,8,false,0.013772475199997088,0.013772475199997088,false
255,true,0.955636809658595,-1.0336255962047982e6,1.0410347787494471e6,-0.002919004065915942,0.1735936808399856,8,false,0.013772475199997088,0.013772475199997088,false
255,true,1.0,-1.0335491659287997e6,1.0410244292922541e6,-0.07885770278517157,-0.12027731083799154,8,false,0.013772475199997088,0.013772475199997088,false
255,true,0.8859216660636654,-1.0334275695416285e6,1.0409384926582405e6,0.12487635819707066,0.27925053250510246,8,false,0.013772475199997088,0.013772475199997088,false
255,true,0.9934728414016822,-1.0334217069314246e6,1.0408446710745281e6,0.017898944672197104,-0.16636690020095557,8,false,0.013772475199997088,0.013772475199997088,false
255,true,0.8759145021549829,-1.0334853766801155e6,1.040873650447644e6,0.25496200181078166,0.4028961464064196,8,false,0.013772475199997088,0.013772475199997088,false
255,true,0.9978710628942736,-1.0334855990471636e6,1.0408824261530342e6,-0.0050309160724282265,-0.42690220393706113,8,false,0.013772475199997088,0.013772475199997088,false
255,true,0.8407686331335069,-1.0334375611095056e6,1.0409013481103175e6,0.5872963073197752,0.5939996616216376,8,false,0.013772475199997088,0.013772475199997088,false
255,true,0.9986907265035406,-1.0334431117367584e6,1.0408471677874242e6,-0.39612524723634124,-1.031622352777049,8,false,0.013772475199997088,0.013772475199997088,false
255,true,0.8302460029437869,-1.0334728522238187e6,1.0408337772261854e6,0.0547437317436561,0.6842864238424227,8,false,0.013772475199997088,0.013772475199997088,false
255,true,0.9984381657088394,-1.0335076542147006e6,1.0408846263059113e6,-0.6421929533826187,-0.6806463988032192,8,false,0.013772475199997088,0.013772475199997088,false
255,true,0.9985800334294359,-1.0333711698381347e6,1.040847077249979e6,-0.008961535175330937,-0.05658584809862077,8,false,0.013772475199997088,0.013772475199997088,false
255,true,0.9333173740630206,-1.0333953230794582e6,1.0408631213667983e6,0.06519408372696489,0.17357807396911085,8,false,0.013772475199997088,0.013772475199997088,false
255,true,0.9197560036030739,-1.0335068700387179e6,1.0409077605091152e6,0.16376935108564794,0.25060525943990797,8,false,0.013772475199997088,0.013772475199997088,false
255,true,0.9941844105692871,-1.0334260810407285e6,1.0409370592703767e6,-0.12095834163483232,-0.23695788416080177,8,false,0.013772475199997088,0.013772475199997088,false
255,true,0.9877059800923823,-1.0333793059654188e6,1.0407667662333793e6,0.06443543254863471,-0.1412555509014055,8,false,0.013772475199997088,0.013772475199997088,false
255,true,0.9886471053297748,-1.0333202562373374e6,1.0408383419750017e6,-0.04902253171894699,-0.18580727837979794,8,false,0.013772475199997088,0.013772475199997088,false
255,true,0.9992599836472729,-1.0335256108498344e6,1.0408750687747388e6,-0.1144393706927076,-0.15145006496459246,8,false,0.013772475199997088,0.013772475199997088,false
255,true,0.9529091131560723,-1.0335253279668936e6,1.0410050223117785e6,0.06589254352729768,0.1309443162754178,8,false,0.013772475199997088,0.013772475199997088,false
255,true,0.9029154201989449,-1.0335066630296893e6,1.0409961242114555e6,0.1994319265941158,0.2960108205443248,8,false,0.013772475199997088,0.013772475199997088,false
255,true,0.9797221923853929,-1.033646385908053e6,1.041140327520141e6,-0.19338376505766064,-0.289108784054406,8,false,0.013772475199997088,0.013772475199997088,false
255,true,0.9316317281978855,-1.0336616430441e6,1.0412120831942548e6,0.14493255713023245,0.21001106372568756,8,false,0.013772475199997088,0.013772475199997088,false
255,true,0.9506463766587211,-1.0336399523937062e6,1.0412593138274342e6,0.1819567906204611,-0.21876466006506234,8,false,0.013772475199997088,0.013772475199997088,false
255,true,0.9999123708876176,-1.0336034607366831e6,1.0411427337044613e6,-0.26419716456439346,-0.4221271916758269,8,false,0.013772475199997088,0.013772475199997088,false
255,true,0.9779032459018384,-1.0333191558009082e6,1.0409838887867979e6,0.06168918404728174,-0.17181892960797995,8,false,0.013772475199997088,0.013772475199997088,false
255,true,0.8721417652564739,-1.0332945028086351e6,1.0407964286076359e6,-0.21993401797953993,0.436951105366461,8,false,0.013772475199997088,0.013772475199997088,false
255,true,0.9369822020619712,-1.0333955558666596e6,1.0407800533324239e6,0.0342487886082381,0.1592492082854733,8,false,0.013772475199997088,0.013772475199997088,false
255,true,0.9918076273127392,-1.0334804573175166e6,1.0408165621165306e6,-0.014216375770047307,-0.056197009049355984,8,false,0.013772475199997088,0.013772475199997088,false
255,true,0.9040332748270405,-1.0334892830116248e6,1.04101396850514e6,0.22006567160133272,0.25005517702084035,8,false,0.013772475199997088,0.013772475199997088,false
255,true,0.9456282827288424,-1.0334594167042229e6,1.040809380704777e6,0.10259384219534695,-0.25113349489402026,8,false,0.013772475199997088,0.013772475199997088,false
255,true,0.9987866688706,-1.0334699137513759e6,1.0410222641815562e6,-0.2400672473013401,-0.3632015836192295,8,false,0.013772475199997088,0.013772475199997088,false
255,true,0.9876354939534749,-1.0333852920431237e6,1.040798677996899e6,-0.03322570584714413,-0.11017375183291733,8,false,0.013772475199997088,0.013772475199997088,false
255,true,0.9978666037704574,-1.0333849648746499e6,1.0408418307141755e6,-0.0743863299721852,-0.08025434566661716,8,false,0.013772475199997088,0.013772475199997088,false
255,true,0.8875657535049674,-1.0334775954668161e6,1.040891997411594e6,0.20883427828084677,0.25623472477309406,8,false,0.013772475199997088,0.013772475199997088,false
255,true,0.7146129756401987,-1.0334318409401015e6,1.0408845115693898e6,0.8036512831458822,0.9369634573813528,8,false,0.013772475199997088,0.013772475199997088,false
255,true,0.9986437934442015,-1.0334675822285766e6,1.0408562497548738e6,-0.9868175802985206,-1.00789768260438,8,false,0.013772475199997088,0.013772475199997088,false
255,true,0.9089985657223464,-1.0333953181035565e6,1.0408098979314379e6,0.1329248279798776,0.2343416742514819,8,false,0.013772475199997088,0.013772475199997088,false
255,true,0.6395867748415385,-1.0334171816059473e6,1.0407356470905378e6,0.29065566638018936,1.2081607604632154,8,false,0.013772475199997088,0.013772475199997088,false
255,true,0.9985647858787502,-1.0334869436861528e6,1.0409360213404073e6,-0.003405484138056636,-0.44217843876685947,8,false,0.013772475199997088,0.013772475199997088,false
255,true,0.998355316424693,-1.0334875400688484e6,1.0409146038390499e6,-0.0738877069670707,-0.46469128131866455,8,false,0.013772475199997088,0.013772475199997088,false
255,true,0.9845154884408714,-1.0334831652438169e6,1.0408871987089713e6,-0.19458421238232404,-0.3531824544770643,8,false,0.013772475199997088,0.013772475199997088,false
255,true,0.9766546853907188,-1.0335458348982558e6,1.0410180851537853e6,-0.04168429190758616,-0.1647928582970053,8,false,0.013772475199997088,0.013772475199997088,false
255,true,0.9736290002186677,-1.0336022343635017e6,1.041063793997646e6,0.009490607189945877,-0.12883361370768398,8,false,0.013772475199997088,0.013772475199997088,false
255,true,0.9463818364425718,-1.033571428196384e6,1.0409381192435031e6,-0.05750673229340464,0.20888580125756562,8,false,0.013772475199997088,0.013772475199997088,false
255,true,0.9990356880183316,-1.0334763541554853e6,1.0410304011423603e6,-0.047927605104632676,-0.1090522698359564,8,false,0.013772475199997088,0.013772475199997088,false
255,true,0.9826662147376402,-1.0335944205763951e6,1.0409672362353292e6,-0.01300631812773645,0.08401007996872067,8,false,0.013772475199997088,0.013772475199997088,false
255,true,0.9543949452468881,-1.0335724174044175e6,1.0409964043877105e6,-0.021949050365947187,0.13955985568463802,8,false,0.013772475199997088,0.013772475199997088,false
255,true,0.9307888322694124,-1.0335920438639974e6,1.0411068715708428e6,0.00908816303126514,0.17325445893220603,8,false,0.013772475199997088,0.013772475199997088,false
255,true,0.9516407224608978,-1.033607529612874e6,1.0411729766376488e6,0.08718902815598994,0.12426409998442978,8,false,0.013772475199997088,0.013772475199997088,false
255,true,0.9969297331634016,-1.0336259990394552e6,1.0411761201600634e6,-0.07403671834617853,-0.11135279410518706,8,false,0.013772475199997088,0.013772475199997088,false
255,true,0.8923533899213884,-1.0335360840346029e6,1.0411279028424991e6,0.028133886749856174,0.2617913167923689,8,false,0.013772475199997088,0.013772475199997088,false
255,true,0.9912597214795502,-1.0334200516553784e6,1.0409162581080572e6,-0.0295485679525882,-0.06366359058301896,8,false,0.013772475199997088,0.013772475199997088,false
255,true,0.9255440131681457,-1.0334388194458452e6,1.0408066042475082e6,0.1813694565789774,0.20185755449347198,8,false,0.013772475199997088,0.013772475199997088,false
255,true,0.9675607199071605,-1.0333999160464932e6,1.0408193844707742e6,0.09451259765774012,-0.21842868207022548,8,false,0.013772475199997088,0.013772475199997088,false
255,true,0.9996546140449464,-1.0335024454832658e6,1.0409012335538496e6,0.014678997918963432,-0.3109273676527664,8,false,0.013772475199997088,0.013772475199997088,false
255,true,0.9887302008282678,-1.0334999017508862e6,1.0410418069988454e6,0.07085538364481181,-0.29626341513358057,8,false,0.013772475199997088,0.013772475199997088,false
255,true,0.935887033508174,-1.0334982833532434e6,1.0409893236274042e6,-0.3352364230668172,-0.3908657624851912,8,false,0.013772475199997088,0.013772475199997088,false
255,true,0.8845928625120608,-1.0335492464079775e6,1.0410069467135157e6,0.0899560721591115,0.3229489987716079,8,false,0.013772475199997088,0.013772475199997088,false
255,true,0.9563492086603944,-1.033522403337325e6,1.0409380234954704e6,-0.10719204356428236,0.17407731339335442,8,false,0.013772475199997088,0.013772475199997088,false
255,true,0.9949251661113597,-1.0333817565218628e6,1.0409121729494546e6,-0.0052110140677541494,-0.05656725342851132,8,false,0.013772475199997088,0.013772475199997088,false
255,true,0.712568369137132,-1.0333323403389909e6,1.0406979179313686e6,0.5669138222001493,0.7725485577248037,8,false,0.013772475199997088,0.013772475199997088,false
255,true,0.997007170407861,-1.0335741498328388e6,1.0408984834125827e6,-0.3546532616019249,-0.6204331163316965,8,false,0.013772475199997088,0.013772475199997088,false
255,true,0.9510376893000211,-1.0334746019158514e6,1.0410081036397212e6,0.08995960571337491,-0.2555532278493047,8,false,0.013772475199997088,0.013772475199997088,false
255,true,0.9814350044061769,-1.0333136976115821e6,1.0407418253072408e6,-0.011505770962685347,-0.3500012996373698,8,false,0.013772475199997088,0.013772475199997088,false
255,true,0.9961312527399409,-1.0336548995954151e6,1.040951113733543e6,-0.20078118529636413,-0.32991679525002837,8,false,0.013772475199997088,0.013772475199997088,false
255,true,0.9868847656932782,-1.0335696540222329e6,1.0410388273956084e6,-0.06976009253412485,-0.12747635669074953,8,false,0.013772475199997088,0.013772475199997088,false
255,true,0.9958492036096396,-1.0334638438504963e6,1.0410440496601841e6,-0.008366399211809039,-0.07327983935829252,8,false,0.013772475199997088,0.013772475199997088,false
255,true,0.9888438370656133,-1.0334564512202983e6,1.0409365683014313e6,0.028814091929234564,-0.06429706059861928,8,false,0.013772475199997088,0.013772475199997088,false
255,true,0.8073710245768615,-1.0335806041584426e6,1.0409100810827242e6,-0.04046583466697484,0.5051600880688056,8,false,0.013772475199997088,0.013772475199997088,false
255,true,0.9955736865986835,-1.033671144024914e6,1.0411977469284981e6,-0.0024257636396214366,-0.04138134291861206,8,false,0.013772475199997088,0.013772475199997088,false
255,true,0.9829529904675889,-1.0336003782188387e6,1.0409940165929473e6,-0.017400849261321127,0.06629654776770622,8,false,0.013772475199997088,0.013772475199997088,false
255,true,0.9902308958079904,-1.0332238476223969e6,1.0407917329813258e6,-0.013721430790610611,0.06024505523964763,8,false,0.013772475199997088,0.013772475199997088,false
255,true,0.8118477590135169,-1.0336720461045656e6,1.0409251602815345e6,0.01614448637701571,0.4537706890841946,8,false,0.013772475199997088,0.013772475199997088,false
255,true,0.8991162871105597,-1.0335649154856002e6,1.0411779513023753e6,0.13138368260115385,0.22686511743813753,8,false,0.013772475199997088,0.013772475199997088,false
255,true,0.9461878427912773,-1.033381752088086e6,1.0409105660882932e6,-0.06148656003642827,0.22093987395055592,8,false,0.013772475199997088,0.013772475199997088,false
255,true,0.9884061700751083,-1.0333831847164078e6,1.0407647094220422e6,-0.027782632620073855,-0.10319418425206095,8,false,0.013772475199997088,0.013772475199997088,false
255,true,0.9994279201665226,-1.0334235315116652e6,1.0407172120086531e6,-0.028698355657979846,-0.08112442737910897,8,false,0.013772475199997088,0.013772475199997088,false
255,true,0.9558058445275343,-1.0334583208856147e6,1.0408788919395469e6,0.07346361910458654,0.11008682067040354,8,false,0.013772475199997088,0.013772475199997088,false
255,true,0.9465171449826096,-1.0334629389657604e6,1.0409551773207634e6,-0.0352324532577768,0.18573236954398453,8,false,0.013772475199997088,0.013772475199997088,false
255,true,0.9999361869398494,-1.0335078199929843e6,1.0409248967029257e6,-0.05301830067764968,-0.07584652281366289,8,false,0.013772475199997088,0.013772475199997088,false
255,true,0.8290335388452573,-1.0333492173829131e6,1.0408683015062977e6,0.35662511154077947,0.40104515361599624,8,false,0.013772475199997088,0.013772475199997088,false
255,true,0.7936310993435516,-1.0334051827319898e6,1.0407197186344232e6,0.048648310475982726,0.7522708345204592,8,false,0.013772475199997088,0.013772475199997088,false
255,true,0.901484966461097,-1.0335022711035745e6,1.0408323306491402e6,0.29507292073685676,0.42289176280610263,8,false,0.013772475199997088,0.013772475199997088,false
255,true,0.8489308305862134,-1.033599097747415e6,1.0410895904392814e6,-0.6241387574700639,-0.7004012389807031,8,false,0.013772475199997088,0.013772475199997088,false
255,true,0.8789958217956491,-1.0335787707220728e6,1.0411525547492208e6,0.10057559318374842,0.3361593814333901,8,false,0.013772475199997088,0.013772475199997088,false
255,true,0.6656688728602679,-1.0335327832420999e6,1.0409483146388482e6,0.024757709470577538,1.1167752074543387,8,false,0.013772475199997088,0.013772475199997088,false
255,true,0.9553148486694412,-1.0335168031890081e6,1.0410951156510195e6,-0.13584970706142485,-0.2204109241720289,8,false,0.013772475199997088,0.013772475199997088,false
255,true,0.8966783460854786,-1.0334978330848226e6,1.040922396899964e6,0.17755455255974084,0.3077665847958997,8,false,0.013772475199997088,0.013772475199997088,false
255,true,0.9550899551556379,-1.0334802839989875e6,1.040916227781429e6,-0.08464384591206908,-0.24393977434374392,8,false,0.013772475199997088,0.013772475199997088,false
255,true,0.983990473282279,-1.0333796248017399e6,1.0408517003878712e6,0.062234604614786804,-0.1463485473068431,8,false,0.013772475199997088,0.013772475199997088,false
255,true,0.9946865452157457,-1.033524818932929e6,1.0408358744899565e6,-0.08694060519337654,-0.19539071479812264,8,false,0.013772475199997088,0.013772475199997088,false
255,true,0.9180996606636393,-1.0333320998926484e6,1.0407757680168073e6,0.0865739993751049,0.28652221837546676,8,false,0.013772475199997088,0.013772475199997088,false
255,true,0.6957993480917494,-1.0335660425261803e6,1.0409020785564426e6,-0.04863066738471389,1.0154743910534307,8,false,0.013772475199997088,0.013772475199997088,false
255,true,0.9913516506879225,-1.0333928297278542e6,1.0409251629482742e6,-0.1405385707039386,-0.19596967846155167,8,false,0.013772475199997088,0.013772475199997088,false
255,true,0.9774895116151334,-1.03344751298053e6,1.0408201491427497e6,0.019012489821761847,0.08025501493830234,8,false,0.013772475199997088,0.013772475199997088,false
255,true,0.7997251437351284,-1.0336283114482448e6,1.0410112575215264e6,0.1318621198879555,0.517639423138462,8,false,0.013772475199997088,0.013772475199997088,false
255,true,0.9957423102208084,-1.033605977788837e6,1.0412177349474808e6,0.005273199989460409,-0.1733218131121248,8,false,0.013772475199997088,0.013772475199997088,false
255,true,0.9955372624262027,-1.0334837064836806e6,1.041045480248943e6,-0.03233907895628363,-0.1664241401012987,8,false,0.013772475199997088,0.013772475199997088,false
255,true,0.9882832328466735,-1.0335049221730888e6,1.0409134010838082e6,0.0010176767827942967,-0.14724258531350642,8,false,0.013772475199997088,0.013772475199997088,false
255,true,0.9533522056707692,-1.0334707027329725e6,1.0409210608462984e6,-0.10977304901462048,0.2055565833579749,8,false,0.013772475199997088,0.013772475199997088,false
255,true,0.9925977630666954,-1.0334000881477953e6,1.040976923425442e6,-0.003313479945063591,0.06388394045643508,8,false,0.013772475199997088,0.013772475199997088,false
255,true,0.5731075488592989,-1.0334659905294606e6,1.0409720649950147e6,0.5339336785255,1.3991378328064457,8,false,0.013772475199997088,0.013772475199997088,false
255,true,0.9990135458376882,-1.0335355313018196e6,1.0410419513023201e6,-0.09078590769786388,-0.5785107057308778,8,false,0.013772475199997088,0.013772475199997088,false
255,true,0.9368593464140436,-1.0335513716886776e6,1.0409693284664081e6,-0.3541440734406933,-0.4856636091135442,8,false,0.013772475199997088,0.013772475199997088,false
255,true,0.6513091769108477,-1.0334768583865947e6,1.0410118115498448e6,0.12396053469274193,1.134880401659757,8,false,0.013772475199997088,0.013772475199997088,false
255,true,0.9980739955244532,-1.0335088394223826e6,1.0409175304916704e6,-0.12567203445360065,-0.24119204247836024,8,false,0.013772475199997088,0.013772475199997088,false
255,true,0.9814677936423454,-1.0335167478025845e6,1.0410762773737765e6,-0.11357428238261491,-0.1290975728770718,8,false,0.013772475199997088,0.013772475199997088,false
255,true,0.9912257321690002,-1.0334014956588262e6,1.0408880560462332e6,0.02693614747840911,-0.05082965828478336,8,false,0.013772475199997088,0.013772475199997088,false
255,true,0.8196075753508661,-1.0333932711840081e6,1.0408168641965782e6,0.14913922431878746,0.4813531724503264,8,false,0.013772475199997088,0.013772475199997088,false
255,true,0.663200561388991,-1.0334229535563726e6,1.0408536072465765e6,0.8062848713016137,1.1262835800880566,8,false,0.013772475199997088,0.013772475199997088,false
255,true,0.9996053074623623,-1.0334426839561973e6,1.0408243538553055e6,-0.4619570836657658,-0.9965575179085135,8,false,0.013772475199997088,0.013772475199997088,false
255,true,0.9934986702060509,-1.0335230413111794e6,1.0410106539459942e6,-0.1346734658582136,-0.5503304299199954,8,false,0.013772475199997088,0.013772475199997088,false
255,true,0.9710448589873171,-1.0333375034292983e6,1.0407971089698271e6,-0.1443779309047386,-0.43136960989795625,8,false,0.013772475199997088,0.013772475199997088,false
255,true,0.9557832403785202,-1.0336166258103797e6,1.040921417519707e6,-0.16264273063279688,-0.2725909538567066,8,false,0.013772475199997088,0.013772475199997088,false
255,true,0.9805900804711252,-1.0335371846202202e6,1.0410518518263996e6,0.013253945740871131,0.11108629999216646,8,false,0.013772475199997088,0.013772475199997088,false
255,true,0.9775454189783648,-1.0336355627383367e6,1.0411096880742343e6,0.037729134783148766,0.13713268050923944,8,false,0.013772475199997088,0.013772475199997088,false
255,true,0.818720720337399,-1.0336638612704385e6,1.0409829926218524e6,-0.03218898200429976,0.5582426246255636,8,false,0.013772475199997088,0.013772475199997088,false
255,true,0.8631719635298556,-1.0334637087384713e6,1.041047140123125e6,0.07523479277733713,0.40897324273828417,8,false,0.013772475199997088,0.013772475199997088,false
255,true,0.9622956967556501,-1.033425394860542e6,1.0408891926533747e6,0.0021300967782735825,-0.2109319914598018,8,false,0.013772475199997088,0.013772475199997088,false
255,true,0.9773382349557856,-1.0336042614547659e6,1.0409908366201587e6,-0.11807295016478747,-0.2109336496796459,8,false,0.013772475199997088,0.013772475199997088,false
255,true,0.9581309748577025,-1.0335682741305068e6,1.0411463917090441e6,0.11353120498824865,0.1617624593200162,8,false,0.013772475199997088,0.013772475199997088,false
255,true,0.908198662021498,-1.0335554248403541e6,1.0410594816663224e6,0.12443015980534256,0.337425634264946,8,false,0.013772475199997088,0.013772475199997088,false
255,true,0.977460901737944,-1.0334918869919069e6,1.0410508229586851e6,-0.23988335067406297,-0.31821079773362726,8,false,0.013772475199997088,0.013772475199997088,false
255,true,0.9500619709832153,-1.0334947462548579e6,1.0408042002174014e6,0.013997574336826801,0.17214005021378398,8,false,0.013772475199997088,0.013772475199997088,false
255,true,0.9860347355537397,-1.033417334617574e6,1.0409287190474211e6,-0.07054251327645034,-0.10357428959105164,8,false,0.013772475199997088,0.013772475199997088,false
255,true,0.8750447671354695,-1.0334750177980209e6,1.0408708972289478e6,0.09107609861530364,0.3194646764313802,8,false,0.013772475199997088,0.013772475199997088,false
255,true,0.9449420977958205,-1.0334075493229394e6,1.0408655668795949e6,0.11682152096182108,0.20103195519186556,8,false,0.013772475199997088,0.013772475199997088,false
255,true,0.8520991222361096,-1.033400794368739e6,1.0407540364818318e6,0.3386322872247547,0.49568863795138896,8,false,0.013772475199997088,0.013772475199997088,false
255,true,0.9808025713549945,-1.0335125971521966e6,1.0409283378891019e6,-0.05647385376505554,-0.5560050513595343,8,false,0.013772475199997088,0.013772475199997088,false
255,true,0.8110020213903538,-1.0334379618723779e6,1.0409749801808643e6,-0.4899056386202574,0.7783687657210976,8,false,0.013772475199997088,0.013772475199997088,false
255,true,0.8321873537196142,-1.0334326131188271e6,1.0408355404241403e6,0.16158809966873378,0.4325313790468499,8,false,0.013772475199997088,0.013772475199997088,false
255,true,0.998501715114443,-1.0335228101921137e6,1.0410421498879805e6,0.016218788106925786,-0.20845544699113816,8,false,0.013772475199997088,0.013772475199997088,false
255,true,0.9997895252220728,-1.033504715400358e6,1.0409889356663147e6,-0.19227593555115163,-0.21585238992702216,8,false,0.013772475199997088,0.013772475199997088,false
255,true,0.7866439217219506,-1.0334094567216048e6,1.0408680289730425e6,0.3729053158313036,0.549710712977685,8,false,0.013772475199997088,0.013772475199997088,false
255,true,0.9948134095179633,-1.033535289053169e6,1.040973478488979e6,-0.2962372008478269,-0.41207126795779914,8,false,0.013772475199997088,0.013772475199997088,false
255,true,0.9886995060857108,-1.0334691379772008e6,1.0409077284783258e6,0.018217174103483558,-0.08682273596059531,8,false,0.013772475199997088,0.013772475199997088,false
255,true,0.9419729371550651,-1.0334991313352094e6,1.0409222634814506e6,0.1748815339524299,0.19866134435869753,8,false,0.013772475199997088,0.013772475199997088,false
255,true,0.9463449570052059,-1.033548498402201e6,1.0409112938610255e6,-0.24511932954192162,-0.28467697580344975,8,false,0.013772475199997088,0.013772475199997088,false
255,true,0.8864765833826923,-1.0334432898574261e6,1.0410206887199207e6,0.15308694541454315,0.28613858588505536,8,false,0.013772475199997088,0.013772475199997088,false
255,true,0.969726406085181,-1.0334616578068768e6,1.0408188906225449e6,-0.12112600868567824,-0.19628230936359614,8,false,0.013772475199997088,0.013772475199997088,false
255,true,0.782197545140722,-1.0334340808935711e6,1.0408634692441525e6,0.2616478125564754,0.610785863478668,8,false,0.013772475199997088,0.013772475199997088,false
255,true,0.9422303919248277,-1.0335148783847825e6,1.0409731244485758e6,0.10908996581565589,-0.3415791423758492,8,false,0.013772475199997088,0.013772475199997088,false
255,true,0.706250453536283,-1.033510424733892e6,1.0410140596236312e6,0.3536806015763432,1.1489759349497035,8,false,0.013772475199997088,0.013772475199997088,false
255,true,0.9709718346743593,-1.0335906768253032e6,1.0410056620614972e6,-0.8075552639784291,-0.8075552639784291,8,false,0.013772475199997088,0.013772475199997088,false
255,true,0.7157186893498247,-1.0337044421765122e6,1.0410498768606145e6,0.6904906679410487,0.7260006422875449,8,false,0.013772475199997088,0.013772475199997088,false
255,true,0.998662644372165,-1.0334913465991138e6,1.0410974453330031e6,-0.29937078955117613,-0.6988088346552104,8,false,0.013772475199997088,0.013772475199997088,false
255,true,0.9980695436215778,-1.0335034406373835e6,1.0408981986861831e6,-0.10500413400586694,-0.4017721429700032,8,false,0.013772475199997088,0.013772475199997088,false
255,true,0.9998781501020009,-1.0334193653176926e6,1.0408950515170257e6,-0.21014034387189895,-0.2989971184870228,8,false,0.013772475199997088,0.013772475199997088,false
255,true,0.8026394548115892,-1.0334294022440517e6,1.0407706293404914e6,0.41541090107057244,0.540560387307778,8,false,0.013772475199997088,0.013772475199997088,false
255,true,0.9937491323365726,-1.0334733925715431e6,1.0409958533666373e6,-0.38827042910270393,-0.48717227845918387,8,false,0.013772475199997088,0.013772475199997088,false
255,true,0.9601562276711278,-1.0334668570522376e6,1.0408665934255105e6,-0.028830431052483618,0.15272340131923556,8,false,0.013772475199997088,0.013772475199997088,false
255,true,0.9301545874231938,-1.0334415084273124e6,1.0409502331813708e6,0.10268770763650537,0.20599323534406722,8,false,0.013772475199997088,0.013772475199997088,false
255,true,0.8375376510265232,-1.0335158780602517e6,1.0408780636308427e6,0.1326918728882447,0.49038282013498247,8,false,0.013772475199997088,0.013772475199997088,false
255,true,0.9996496839704072,-1.0335379746000437e6,1.0410730839247456e6,-0.20916862005833536,-0.30392513994593173,8,false,0.013772475199997088,0.013772475199997088,false
255,true,0.9366768432825611,-1.0335665046735463e6,1.0410737054250069e6,0.07991790911182761,0.19848108757287264,8,false,0.013772475199997088,0.013772475199997088,false
255,true,0.8280931934138686,-1.0336020685389988e6,1.0410138982361334e6,0.42198777466546744,0.5141017375281081,8,false,0.013772475199997088,0.013772475199997088,false
255,true,0.9642230298847104,-1.0334312756091184e6,1.0409712596249147e6,0.1355903611984104,-0.5879743843106553,8,false,0.013772475199997088,0.013772475199997088,false
255,true,0.9316362321491575,-1.0334559556269816e6,1.0407607985622357e6,-0.5775335850194097,-0.7346474492223933,8,false,0.013772475199997088,0.013772475199997088,false
255,true,0.9563383875882925,-1.0335010882482594e6,1.0409344773973267e6,0.04195369954686612,0.17530602042097598,8,false,0.013772475199997088,0.013772475199997088,false
255,true,0.9871634490830858,-1.0334648799226842e6,1.0409907642305576e6,-0.19077137648127973,-0.19077137648127973,8,false,0.013772475199997088,0.013772475199997088,false
255,true,0.9055695979290636,-1.0334010931278742e6,1.0408559594860356e6,0.1280569595983252,0.2209368476178497,8,false,0.013772475199997088,0.013772475199997088,false
255,true,0.9981553434861069,-1.0335039339737027e6,1.0408944705597328e6,-0.04535125812981278,-0.12161838251631707,8,false,0.013772475199997088,0.013772475199997088,false
255,true,0.7399243989792883,-1.0335437921720282e6,1.0409914676234705e6,0.09478444478008896,0.7221357751404867,8,false,0.013772475199997088,0.013772475199997088,false
255,true,0.9997944027120518,-1.033466792017279e6,1.0409145487585415e6,-0.07037291454616934,-0.19682072091381997,8,false,0.013772475199997088,0.013772475199997088,false
255,true,0.9056382288138345,-1.0334931014182478e6,1.0410188192511892e6,0.11548897647298872,0.2924853098811582,8,false,0.013772475199997088,0.013772475199997088,false
255,true,0.9984841640349948,-1.0335453822108946e6,1.0409449337153881e6,-0.02155859163030982,-0.2445915024727583,8,false,0.013772475199997088,0.013772475199997088,false
255,true,1.0,-1.0334761112248887e6,1.0410233924553975e6,-0.123369398759678,-0.21668518101796508,8,false,0.013772475199997088,0.013772475199997088,false
255,true,0.985521886989516,-1.0334686881509055e6,1.0408681240887375e6,-0.012491196859627962,-0.10045434255152941,8,false,0.013772475199997088,0.013772475199997088,false
255,true,0.9434455649066308,-1.033458526311879e6,1.0409773170990519e6,0.07974094746168703,0.1668443961534649,8,false,0.013772475199997088,0.013772475199997088,false
255,true,0.9973482168736958,-1.0334902659273933e6,1.0409740741966845e6,-0.041607888764701784,-0.14680178579874337,8,false,0.013772475199997088,0.013772475199997088,false
255,true,0.9974150261510282,-1.033424710304787e6,1.04085954787895e6,0.024934289627708495,-0.11841890739742666,8,false,0.013772475199997088,0.013772475199997088,false
255,true,0.8914366176633578,-1.0334734176887545e6,1.040988059281031e6,0.30007652926724404,0.3192880308488384,8,false,0.013772475199997088,0.013772475199997088,false
255,true,0.9828476401518424,-1.0334453117041556e6,1.040927615232965e6,-0.23444454476702958,-0.417146420921199,8,false,0.013772475199997088,0.013772475199997088,false
255,true,0.9913143375079139,-1.0334736960520328e6,1.0409100512450797e6,-0.0029940506210550666,-0.18941942392848432,8,false,0.013772475199997088,0.013772475199997088,false
255,true,0.9587387686642058,-1.0334550745974698e6,1.040814048720412e6,0.06746188504621387,-0.1999806942185387,8,false,0.013772475199997088,0.013772475199997088,false
255,true,0.9635167696951032,-1.0336108466129943e6,1.0410825857969205e6,-0.20357145345769823,-0.2649610653752461,8,false,0.013772475199997088,0.013772475199997088,false
255,true,0.9484005774425407,-1.0336521993798123e6,1.0411874604033069e6,0.0804530899040401,0.16339745069853961,8,false,0.013772475199997088,0.013772475199997088,false
255,true,0.9646321422211664,-1.0336852122691708e6,1.0411645566703568e6,0.04672188393305987,0.14691896352451295,8,false,0.013772475199997088,0.013772475199997088,false
255,true,1.0,-1.0333576154525301e6,1.040991428074064e6,-0.04256731434725225,-0.20516340725589544,8,false,0.013772475199997088,0.013772475199997088,false
255,true,0.8375637038959886,-1.0334804878128053e6,1.0408608325764405e6,-0.12947833281941712,0.4746829728828743,8,false,0.013772475199997088,0.013772475199997088,false
255,true,0.811500472223704,-1.0335552883560847e6,1.0410239800429025e6,0.32660139724612236,0.45042153750546277,8,false,0.013772475199997088,0.013772475199997088,false
255,true,0.9996652110750186,-1.0335309879637471e6,1.0410474755456595e6,-0.19796348456293344,-0.34264132264070213,8,false,0.013772475199997088,0.013772475199997088,false
255,true,0.9778767905678976,-1.0335100207774396e6,1.0409513204978921e6,0.014352694735862315,-0.15367279201745987,8,false,0.013772475199997088,0.013772475199997088,false
255,true,0.8250459590827737,-1.0333725341204242e6,1.0409307169619971e6,-0.033766940352506936,0.545723806717433,8,false,0.013772475199997088,0.013772475199997088,false
255,true,0.9886315010073645,-1.0335613775039244e6,1.0408372218514133e6,0.04946167394518852,-0.136692562722601,8,false,0.013772475199997088,0.013772475199997088,false
255,true,0.9978339679328325,-1.0335563203075087e6,1.0410791749741535e6,-0.1249315511668101,-0.1845369308721274,8,false,0.013772475199997088,0.013772475199997088,false
255,true,0.9909940332022409,-1.0334080944720248e6,1.0409299955691121e6,0.0014916182262822986,-0.06416366284247488,8,false,0.013772475199997088,0.013772475199997088,false
255,true,0.8678242997876184,-1.0334571266781379e6,1.0408227354216892e6,-0.016420596512034535,0.35292512038722634,8,false,0.013772475199997088,0.013772475199997088,false
255,true,0.9909035833213017,-1.0334751827290907e6,1.0407944914358031e6,-0.01554789999499917,-0.05793923360761255,8,false,0.013772475199997088,0.013772475199997088,false
255,true,0.9622355149447116,-1.033404881802339e6,1.0408048413448542e6,0.08394958742428571,0.11547410162165761,8,false,0.013772475199997088,0.013772475199997088,false
255,true,0.9415431708484434,-1.0333386253109616e6,1.0408254502409658e6,-8.283741772174835e-5,0.18091124016791582,8,false,0.013772475199997088,0.013772475199997088,false
255,true,0.9917727573000968,-1.0333958396287042e6,1.0406972312419473e6,-0.08557932591065764,-0.1153308677021414,8,false,0.013772475199997088,0.013772475199997088,false
255,true,0.9262072764462864,-1.0336184984539066e6,1.0410076504047933e6,0.06356964027509093,0.1800198390847072,8,false,0.013772475199997088,0.013772475199997088,false
255,true,0.989579493523369,-1.0334489839476526e6,1.0410745802252443e6,-0.036492812796495855,-0.08053191471844912,8,false,0.013772475199997088,0.013772475199997088,false
255,true,0.9918738904487244,-1.0335030091312845e6,1.0407815309907631e6,-0.015000447863712907,-0.05273254821076989,8,false,0.013772475199997088,0.013772475199997088,false
255,true,0.9853903220412278,-1.0334852093517459e6,1.0409463680425849e6,-0.006269901525229216,0.057247231248766184,8,false,0.013772475199997088,0.013772475199997088,false
255,true,0.9871099570759025,-1.0333380732756184e6,1.0408630495248318e6,-0.026864896761253476,0.05912404379341751,8,false,0.013772475199997088,0.013772475199997088,false
255,true,0.9157295366798575,-1.0332841950540345e6,1.0407934152313457e6,0.1365995795931667,0.19053066265769303,8,false,0.013772475199997088,0.013772475199997088,false
255,true,0.5758150951795584,-1.0334724468118937e6,1.0406665944332802e6,0.13790137483738363,1.5084926607087255,8,false,0.013772475199997088,0.013772475199997088,false
255,true,0.9799950421977813,-1.0334627072504463e6,1.0408535527693569e6,-0.10471123468596488,-0.2519736831309274,8,false,0.013772475199997088,0.013772475199997088,false
255,true,0.9893688952525576,-1.0333716560149968e6,1.0409047749584954e6,-0.07482943567447364,-0.15783011179883033,8,false,0.013772475199997088,0.013772475199997088,false
255,true,0.9502381510630666,-1.0333940893642689e6,1.0407789343237823e6,0.08531242259778082,0.17632251442410052,8,false,0.013772475199997088,0.013772475199997088,false
255,true,0.8413709391287104,-1.0333247306776122e6,1.0408588040695232e6,0.3795698503963649,0.5054008044535294,8,false,0.013772475199997088,0.013772475199997088,false
255,true,0.9252184425788278,-1.0334655977107768e6,1.0408141016729213e6,-0.49434685020241886,-0.5511597213335335,8,false,0.013772475199997088,0.013772475199997088,false
255,true,0.9600232297879928,-1.0334751269924316e6,1.0408569409523086e6,0.10024024487938732,0.1318348094355315,8,false,0.013772475199997088,0.013772475199997088,false
255,true,0.9044474535309817,-1.0335221090545937e6,1.0409439555623378e6,0.24240621575154364,0.29827829950954765,8,false,0.013772475199997088,0.013772475199997088,false
255,true,0.83345851947715,-1.0335751396025296e6,1.0410744418164277e6,-0.36400400125421584,0.5934033398516476,8,false,0.013772475199997088,0.013772475199997088,false
255,true,0.9614207745621809,-1.0336358329992035e6,1.0411136162069716e6,0.0037340254057198763,0.11226209765300155,8,false,0.013772475199997088,0.013772475199997088,false
255,true,0.9819508153653255,-1.0335024978298182e6,1.0411407014694584e6,0.028448311728425324,0.08106899436097592,8,false,0.013772475199997088,0.013772475199997088,false
255,true,0.9814073297503929,-1.0334745833502194e6,1.0409153337795925e6,-0.011069058789871633,0.0828366947825998,8,false,0.013772475199997088,0.013772475199997088,false
255,true,0.9545244128064606,-1.0334302524047849e6,1.04077831665549e6,0.05310655978973955,0.14557739126030356,8,false,0.013772475199997088,0.013772475199997088,false
255,true,0.997628774954261,-1.0335695317731614e6,1.0409163790554125e6,-0.06107520894147456,-0.12185946921817958,8,false,0.013772475199997088,0.013772475199997088,false
255,true,0.8964416381698291,-1.0335606773746874e6,1.0410158543676175e6,0.14008834236301482,0.25082895380910486,8,false,0.013772475199997088,0.013772475199997088,false
255,true,0.9947359037429965,-1.0337423131451469e6,1.0412061433063595e6,-0.11538709804881364,-0.17170667124446481,8,false,0.013772475199997088,0.013772475199997088,false
255,true,0.9370694774586328,-1.0335201177891252e6,1.0411242068972744e6,0.033698633313179016,0.16569843771867454,8,false,0.013772475199997088,0.013772475199997088,false
255,true,0.9484244391538524,-1.0336321403684971e6,1.0411011239823555e6,0.16368454007897526,0.18370117084123194,8,false,0.013772475199997088,0.013772475199997088,false
255,true,0.849056407611417,-1.0334487796839293e6,1.0410166448477352e6,0.44448234944138676,0.5094597710995004,8,false,0.013772475199997088,0.013772475199997088,false
255,true,0.9985879382335373,-1.0334823290588158e6,1.0409230390475319e6,-0.661371449008584,-0.711227408493869,8,false,0.013772475199997088,0.013772475199997088,false
255,true,0.9772130558893296,-1.033582048063502e6,1.041029780420054e6,-0.04130730393808335,0.1019864761037752,8,false,0.013772475199997088,0.013772475199997088,false
255,true,0.8355023333156819,-1.0335912100904442e6,1.0411237777249749e6,0.24201219133101404,0.3620416697813198,8,false,0.013772475199997088,0.013772475199997088,false
255,true,0.996650015301069,-1.0334788399265646e6,1.0411034397459878e6,-0.06474188040010631,-0.23675619368441403,8,false,0.013772475199997088,0.013772475199997088,false
255,true,0.9917015978461499,-1.0333436518935611e6,1.040802860122075e6,-0.10781599942129105,-0.1896780610550195,8,false,0.013772475199997088,0.013772475199997088,false
255,true,0.9107462148159462,-1.0334390040438485e6,1.0407871826819549e6,0.08787106419913471,0.24595803022384644,8,false,0.013772475199997088,0.013772475199997088,false
255,true,0.7463993761833599,-1.0333873653104231e6,1.0409417455495619e6,0.7034573002019897,0.7718710310291499,8,false,0.013772475199997088,0.013772475199997088,false
255,true,0.9644825825943567,-1.0334996183458018e6,1.0407372558027111e6,-0.27164371858816594,-0.8856855706544593,8,false,0.013772475199997088,0.013772475199997088,false
255,true,0.9986747262870996,-1.0333691799619661e6,1.04087176116466e6,-0.547061066608876,-0.6024183302652091,8,false,0.013772475199997088,0.013772475199997088,false
255,true,0.6639445770514599,-1.0333895124483597e6,1.0408356363979718e6,0.5062824161723256,0.9810981802875176,8,false,0.013772475199997088,0.013772475199997088,false
255,true,0.9831462616420326,-1.0334673365035516e6,1.040808962571595e6,0.06197796785272658,-0.5566831125179306,8,false,0.013772475199997088,0.013772475199997088,false
255,true,0.9922915148649855,-1.0333350752088653e6,1.040848532869884e6,-0.21858016354963183,-0.5922348776366562,8,false,0.013772475199997088,0.013772475199997088,false
255,true,0.9486167510961965,-1.0334968183225781e6,1.0408246023523086e6,-0.2663901294581592,-0.39890719833783805,8,false,0.013772475199997088,0.013772475199997088,false
255,true,0.9203853554355578,-1.0335248476440259e6,1.0410222323216482e6,0.10494799294974655,0.2759527739835903,8,false,0.013772475199997088,0.013772475199997088,false
255,true,0.8936461312349203,-1.0335356460157598e6,1.04095151288071e6,-0.13596882962156087,0.37222031166311353,8,false,0.013772475199997088,0.013772475199997088,false
255,true,0.764012037026017,-1.0335169118305026e6,1.0410284702629937e6,-0.0436442798236385,0.6832856555702165,8,false,0.013772475199997088,0.013772475199997088,false
255,true,0.8844256060665813,-1.0336134052442372e6,1.0410676414342499e6,0.02738793776370585,0.3064234424382448,8,false,0.013772475199997088,0.013772475199997088,false
255,true,0.9500617584805949,-1.0335641373552491e6,1.0411051460426891e6,0.08958539052400738,0.1841238890774548,8,false,0.013772475199997088,0.013772475199997088,false
255,true,0.9895286537310031,-1.0334802392744686e6,1.0409515683271099e6,-0.008231405285187066,-0.18821969407144934,8,false,0.013772475199997088,0.013772475199997088,false
255,true,0.7111894441251942,-1.0334087050875603e6,1.0408740591359447e6,0.2486824078951031,0.9044053920079023,8,false,0.013772475199997088,0.013772475199997088,false
255,true,0.9673749425551467,-1.0334363733399892e6,1.0407958573643973e6,-0.18335151905193925,-0.4101226065540686,8,false,0.013772475199997088,0.013772475199997088,false
255,true,0.9419251120526948,-1.0334096698532254e6,1.0408189701544329e6,-0.09334943839348853,0.2450584804173559,8,false,0.013772475199997088,0.013772475199997088,false
255,true,0.994570526336144,-1.0335225753659902e6,1.0408292763732619e6,-0.06933062197640538,-0.17649239220190793,8,false,0.013772475199997088,0.013772475199997088,false
255,true,0.8952455485760183,-1.0336503661109018e6,1.0408850780100992e6,0.2116143355378881,0.3111391244456172,8,false,0.013772475199997088,0.013772475199997088,false
255,true,0.9824921688130228,-1.0333592577028902e6,1.0410108834717065e6,-0.001152687007561326,-0.3061193344183266,8,false,0.013772475199997088,0.013772475199997088,false
255,true,0.9845905671292331,-1.0333366645803245e6,1.0406881243936964e6,-0.09393659490160644,-0.2915217304835096,8,false,0.013772475199997088,0.013772475199997088,false
255,true,0.9807246921654177,-1.0332777506003433e6,1.0406742346257481e6,0.049301874241791666,-0.19571629748679698,8,false,0.013772475199997088,0.013772475199997088,false
255,true,0.9733374919703842,-1.033479371710146e6,1.04078061392049e6,-0.15333411807660013,-0.24183447333052754,8,false,0.013772475199997088,0.013772475199997088,false
255,true,0.9758399626489948,-1.0335062414086189e6,1.040988469145897e6,0.00014319829642772675,0.10165873018559068,8,false,0.013772475199997088,0.013772475199997088,false
255,true,0.8581829306178861,-1.0334826323616726e6,1.0409370451498763e6,0.08406361972447485,0.4036168057937175,8,false,0.013772475199997088,0.013772475199997088,false
255,true,0.8681153010950784,-1.0334979391989848e6,1.0409422166482379e6,0.1827902024379,0.3991187181090936,8,false,0.013772475199997088,0.013772475199997088,false
255,true,0.993930437928966,-1.0334814086956134e6,1.0409691196549027e6,-0.012301144190132618,-0.36968426988460124,8,false,0.013772475199997088,0.013772475199997088,false
255,true,0.9906269825886731,-1.0335095149010017e6,1.041090137275656e6,-0.2304865854093805,-0.3110733551438898,8,false,0.013772475199997088,0.013772475199997088,false
255,true,0.9959686050940426,-1.033419633415843e6,1.0408794041722979e6,0.01222590112593025,-0.0977091125678271,8,false,0.013772475199997088,0.013772475199997088,false
255,true,0.9797291021643812,-1.0335994041991237e6,1.0410121280774127e6,-0.04414111329242587,-0.11892571882344782,8,false,0.013772475199997088,0.013772475199997088,false
255,true,0.9965195477305395,-1.0334893116210598e6,1.0410569827244178e6,-0.0122147963847965,-0.08344312408007681,8,false,0.013772475199997088,0.013772475199997088,false
255,true,0.670472518476968,-1.0334197024438787e6,1.0409082599031646e6,0.030367241357453167,0.9746844960609451,8,false,0.013772475199997088,0.013772475199997088,false
255,true,0.9736721826505781,-1.033541498465627e6,1.0409546985030905e6,0.023441728204488754,0.12845643318723887,8,false,0.013772475199997088,0.013772475199997088,false
255,true,0.9700593391883066,-1.0334515197005846e6,1.0410112226276366e6,-0.04603514389600605,0.1521031444426626,8,false,0.013772475199997088,0.013772475199997088,false
255,true,0.9446510330968343,-1.0333759459317817e6,1.0407988851507822e6,0.18633096024859697,0.1886971559142694,8,false,0.013772475199997088,0.013772475199997088,false
255,true,0.9992331660840725,-1.0334487555604805e6,1.040823726723778e6,-0.03448167920578271,-0.24767267995048314,8,false,0.013772475199997088,0.013772475199997088,false
255,true,0.9927758692128832,-1.033541640969552e6,1.04093193653997e6,-0.12567013839725405,-0.22324379277415574,8,false,0.013772475199997088,0.013772475199997088,false
255,true,0.9996224391961828,-1.0334388003423953e6,1.0408072246657771e6,-0.012117943493649364,-0.1041467470349744,8,false,0.013772475199997088,0.013772475199997088,false
255,true,0.7630979805373523,-1.0334748336206953e6,1.0409029246066789e6,0.1477560087805614,0.6525891053024679,8,false,0.013772475199997088,0.013772475199997088,false
255,true,0.8509215275503919,-1.0334691784970068e6,1.0410498709930474e6,0.02397028892301023,0.5039884025463834,8,false,0.013772475199997088,0.013772475199997088,false
255,true,0.9563032542889816,-1.0335496725987357e6,1.040952684394422e6,-0.03842624288517982,-0.24700601899530739,8,false,0.013772475199997088,0.013772475199997088,false
255,true,0.9704443255215529,-1.0334986759443851e6,1.0410063816548589e6,0.09380781278014183,-0.23012966674286872,8,false,0.013772475199997088,0.013772475199997088,false
255,true,0.9738027573702001,-1.0334967376970926e6,1.0409436560250361e6,-0.04206792509648949,-0.3261584969004616,8,false,0.013772475199997088,0.013772475199997088,false
255,true,0.9962684865733601,-1.0334956690463932e6,1.0409357598845428e6,-0.23818136262707412,-0.27992005506530404,8,false,0.013772475199997088,0.013772475199997088,false
255,true,0.9356424719233059,-1.033539108667398e6,1.0410023083063769e6,0.14295419747941196,0.17903869855217636,8,false,0.013772475199997088,0.013772475199997088,false
255,true,0.984119206079734,-1.0335007874839205e6,1.0409380258960263e6,-0.12864069489296526,-0.17727315321099013,8,false,0.013772475199997088,0.013772475199997088,false
255,true,0.9875281685717409,-1.03366588147335e6,1.0410245918526977e6,0.04755554930306971,-0.07880890625528991,8,false,0.013772475199997088,0.013772475199997088,false
255,true,0.9849789010478807,-1.0335181564586571e6,1.0409898266662444e6,-0.015292325289919972,-0.09249657613690943,8,false,0.013772475199997088,0.013772475199997088,false
255,true,0.9507717466505563,-1.0333937611587185e6,1.040876668239917e6,0.00594323396217078,0.1809991339687258,8,false,0.013772475199997088,0.013772475199997088,false
255,true,0.7394477559582913,-1.0336137722945486e6,1.0409691085342658e6,0.5335844982182607,0.7478207651292905,8,false,0.013772475199997088,0.013772475199997088,false
255,true,0.9948090513875374,-1.0334904858816249e6,1.0410119953628365e6,-0.53919912641868,-0.6208259364357218,8,false,0.013772475199997088,0.013772475199997088,false
255,true,0.9493534616027174,-1.0335124287941087e6,1.0408692759091414e6,0.027804143959656358,0.16943473019637167,8,false,0.013772475199997088,0.013772475199997088,false
255,true,0.9432074711077132,-1.0333417606885436e6,1.0408328869850165e6,-0.07076891511678696,0.17846579221077263,8,false,0.013772475199997088,0.013772475199997088,false
255,true,0.7999487362957196,-1.0335136521215773e6,1.0408223172853307e6,-0.0010757677955552936,0.5086572184227407,8,false,0.013772475199997088,0.013772475199997088,false
255,true,0.9546120371974492,-1.0335416439232271e6,1.0409128101833056e6,0.025052924291230738,0.1392658967524767,8,false,0.013772475199997088,0.013772475199997088,false
255,true,0.9898560199523465,-1.0335390292413251e6,1.0409345654266129e6,-0.02375579089857638,-0.06506908673327416,8,false,0.013772475199997088,0.013772475199997088,false
255,true,0.9789343818280783,-1.0334785749907459e6,1.0410040537201399e6,0.05215098662301898,0.07204268453642726,8,false,0.013772475199997088,0.013772475199997088,false
255,true,0.7668815460393277,-1.0334674480244746e6,1.0409189448029068e6,0.2941927091451362,0.652306754142046,8,false,0.013772475199997088,0.013772475199997088,false
255,true,0.9821360450453831,-1.0334092996602042e6,1.0408632027890417e6,-0.30985714436974376,-0.384556335862726,8,false,0.013772475199997088,0.013772475199997088,false
255,true,0.9601088094369209,-1.0335345707135818e6,1.0410469124716101e6,0.0501326221274212,0.14677687408402562,8,false,0.013772475199997088,0.013772475199997088,false
255,true,0.9912363901239714,-1.0335905662126846e6,1.0410753373232966e6,0.01136699435301125,-0.13461749209091067,8,false,0.013772475199997088,0.013772475199997088,false
255,true,0.9965439341627466,-1.0334385965100769e6,1.041007199761764e6,-0.07711920246947557,-0.1447667023167014,8,false,0.013772475199997088,0.013772475199997088,false
255,true,0.9698941965894342,-1.0334355380497485e6,1.0408979353519231e6,0.0646164445206523,0.11509650957304984,8,false,0.013772475199997088,0.013772475199997088,false
255,true,0.9518386963708655,-1.0335359818720772e6,1.0410047232200337e6,-0.01720575336366892,0.19184458488598466,8,false,0.013772475199997088,0.013772475199997088,false
255,true,0.9998198229718112,-1.0335046132961891e6,1.0410510799329232e6,-0.07944858516566455,-0.0995697908801958,8,false,0.013772475199997088,0.013772475199997088,false
255,true,0.990008008268031,-1.0335135804714673e6,1.0410084356650639e6,0.01306647784076631,0.04287209815811366,8,false,0.013772475199997088,0.013772475199997088,false
255,true,0.9473702405161889,-1.0334805879064976e6,1.0410197711194714e6,0.08456241386011243,0.15880642004776746,8,false,0.013772475199997088,0.013772475199997088,false
255,true,0.9681340253570743,-1.0334710848628127e6,1.0409154850586001e6,0.07169566419906914,0.15491623431444168,8,false,0.013772475199997088,0.013772475199997088,false
255,true,0.9775506280574094,-1.033467501550197e6,1.0408657091425577e6,-0.014362136134877801,-0.20555730035994202,8,false,0.013772475199997088,0.013772475199997088,false
255,true,0.9867700101691269,-1.0334230205732686e6,1.0409391006902778e6,0.0396762159653008,-0.18094978702720255,8,false,0.013772475199997088,0.013772475199997088,false
255,true,0.9994462075254958,-1.0334968113983709e6,1.0409759193907437e6,-0.20511014701332897,-0.21443471556995064,8,false,0.013772475199997088,0.013772475199997088,false
255,true,0.9339627908675786,-1.0334662641266444e6,1.0409737175837508e6,0.03334817418362945,0.16649809409864247,8,false,0.013772475199997088,0.013772475199997088,false
255,true,0.9409762142045837,-1.0335263826074691e6,1.0409249971375436e6,-0.04374740622006357,0.1676812384976074,8,false,0.013772475199997088,0.013772475199997088,false
255,true,0.9822722953648215,-1.0335247258847593e6,1.0410006621566812e6,0.0244433042826131,0.05003259633667767,8,false,0.013772475199997088,0.013772475199997088,false
255,true,0.949261854106071,-1.0335428671722232e6,1.0410889685605231e6,0.07112679514102638,0.14192869421094656,8,false,0.013772475199997088,0.013772475199997088,false
255,true,0.9906425173175203,-1.0333948570370128e6,1.0409550847200667e6,-0.002779609872959554,-0.1073267279425636,8,false,0.013772475199997088,0.013772475199997088,false
255,true,0.7119988861153479,-1.0333531898516916e6,1.0407702128628755e6,0.09903771965764463,0.8371109673753381,8,false,0.013772475199997088,0.013772475199997088,false
255,true,0.981047847333095,-1.0333945273264573e6,1.040806049729219e6,-0.11860383534803987,-0.1843382001388818,8,false,0.013772475199997088,0.013772475199997088,false
255,true,0.9704936032965052,-1.033561432396378e6,1.0408630541701498e6,-0.07070588890928775,0.11800866748671979,8,false,0.013772475199997088,0.013772475199997088,false
255,true,0.9837790211224177,-1.0335633622034795e6,1.041044423102982e6,0.025026559247635305,0.048854715074412525,8,false,0.013772475199997088,0.013772475199997088,false
255,true,0.9140990467934001,-1.0334318372531296e6,1.0410327740843539e6,0.18737327062990516,0.21595374657772481,8,false,0.013772475199997088,0.013772475199997088,false
255,true,0.7833521979036573,-1.033406963674004e6,1.0408174143319742e6,0.3213818077929318,0.7172400780254975,8,false,0.013772475199997088,0.013772475199997088,false
255,true,0.9987149360192515,-1.0333849405554645e6,1.0408256422845807e6,-0.1389499749056995,-0.5448495472082868,8,false,0.013772475199997088,0.013772475199997088,false
255,true,0.9978247314915206,-1.0334618243646966e6,1.0408243442513018e6,-0.3728634736035019,-0.41347996320109814,8,false,0.013772475199997088,0.013772475199997088,false
255,true,0.5891572132696917,-1.0334137494550927e6,1.0408473899696842e6,0.8959447494708002,1.2777580919209868,8,false,0.013772475199997088,0.013772475199997088,false
255,true,0.9887084391492711,-1.0334569139377547e6,1.0409704883530893e6,-0.6997409592149779,-0.904399367631413,8,false,0.013772475199997088,0.013772475199997088,false
255,true,0.9642689028929431,-1.0335449783180914e6,1.0409313558080659e6,0.05749625153839588,-0.22069041314534843,8,false,0.013772475199997088,0.013772475199997088,false
255,true,0.9932972709693976,-1.0335560764724243e6,1.0410230257356719e6,-0.1570517118088901,-0.2736292837653309,8,false,0.013772475199997088,0.013772475199997088,false
255,true,0.9367308391005071,-1.0335098059677313e6,1.040944689325335e6,-0.07461568433791399,0.217735446523875,8,false,0.013772475199997088,0.013772475199997088,false
255,true,0.6813404205860232,-1.033446205704609e6,1.0408638730597359e6,0.7961683940375224,0.9179138302570209,8,false,0.013772475199997088,0.013772475199997088,false
255,true,0.9900692684459556,-1.0335487116531342e6,1.0408999072309486e6,-0.80529396655038,-0.8221297233831137,8,false,0.013772475199997088,0.013772475199997088,false
255,true,0.8398042460444327,-1.033431742583084e6,1.0408839099417491e6,0.019629325717687607,0.40934191597625613,8,false,0.013772475199997088,0.013772475199997088,false
255,true,0.9028004710937703,-1.0334621441563012e6,1.0408114452896315e6,0.05937945924233645,0.2710942393168807,8,false,0.013772475199997088,0.013772475199997088,false
255,true,0.9760224237155951,-1.0334525904332537e6,1.040860773484744e6,-0.06102747388649732,-0.12839557067491114,8,false,0.013772475199997088,0.013772475199997088,false
255,true,0.9697264946080697,-1.0334408657129226e6,1.0408621923539466e6,0.06233156274538487,0.11273940012324601,8,false,0.013772475199997088,0.013772475199997088,false
255,true,0.9894621047978559,-1.0335408876905652e6,1.0409234411583076e6,-0.007223647320643067,-0.13522112485952675,8,false,0.013772475199997088,0.013772475199997088,false
255,true,0.9947923477423909,-1.0334244940864266e6,1.0409326033636223e6,-0.06897964235395193,-0.12810824590269476,8,false,0.013772475199997088,0.013772475199997088,false
255,true,0.9668324442949919,-1.0333694877877033e6,1.0407830048200304e6,0.00421430729329586,0.11749891738872975,8,false,0.013772475199997088,0.013772475199997088,false
255,true,0.9793391933518798,-1.0335462718166105e6,1.0408659377809118e6,0.004243897623382509,0.08816652128007263,8,false,0.013772475199997088,0.013772475199997088,false
255,true,0.6579924920522418,-1.0335481949537839e6,1.041030999263586e6,0.2869813283905387,0.9820759195135906,8,false,0.013772475199997088,0.013772475199997088,false
255,true,0.983745130734435,-1.0335533011402608e6,1.0410514090748986e6,-0.22103653161320835,-0.34786950377747416,8,false,0.013772475199997088,0.013772475199997088,false
255,true,0.980330173511826,-1.0335095736358858e6,1.0408184641474583e6,-0.04233216936700046,-0.13819619570858777,8,false,0.013772475199997088,0.013772475199997088,false
255,true,0.9612240421532305,-1.0334590296919658e6,1.040958994188789e6,0.05317976255901158,0.148787344340235,8,false,0.013772475199997088,0.013772475199997088,false
255,true,0.9293796444863311,-1.0334205533098454e6,1.0409757427937347e6,-0.004016991355456412,0.23449745634570718,8,false,0.013772475199997088,0.013772475199997088,false
255,true,0.9979690758309037,-1.0335141232744711e6,1.0408911078090182e6,-0.012135570286773145,-0.12487170554231852,8,false,0.013772475199997088,0.013772475199997088,false
255,true,0.7634069905590577,-1.0334602679055433e6,1.0409864814702424e6,-0.01632808311842382,0.6646188657032326,8,false,0.013772475199997088,0.013772475199997088,false
255,true,0.99500847530709,-1.033520729715788e6,1.0409549206657149e6,-0.02999703958630562,-0.11079779558349401,8,false,0.013772475199997088,0.013772475199997088,false
255,true,0.997988708274643,-1.0333275151520922e6,1.0408456667758456e6,-0.03519456274807453,-0.08887826511636376,8,false,0.013772475199997088,0.013772475199997088,false
255,true,0.784605044896577,-1.0333491399968708e6,1.0405553639021615e6,0.2278005100088194,0.5740133192157373,8,false,0.013772475199997088,0.013772475199997088,false
255,true,0.8634774916340323,-1.0334222913593235e6,1.0409053252650631e6,-0.12213654408697039,0.4629810167243704,8,false,0.013772475199997088,0.013772475199997088,false
255,true,0.9995946520573356,-1.0333923811430832e6,1.0408501759529504e6,-0.07820568943861872,-0.15740305208601058,8,false,0.013772475199997088,0.013772475199997088,false
255,true,0.8864723483669243,-1.033465979385445e6,1.0409218076787416e6,-0.05939126352313906,0.3019782012561336,8,false,0.013772475199997088,0.013772475199997088,false
255,true,0.7022348233661805,-1.0334811427149507e6,1.0409483815744673e6,0.2355219004675746,0.7386528744827956,8,false,0.013772475199997088,0.013772475199997088,false
255,true,0.976048466704153,-1.0335029908101449e6,1.0409209831153551e6,0.07235169771593064,-0.24936769995838404,8,false,0.013772475199997088,0.013772475199997088,false
255,true,0.9324816086153466,-1.0335521485157459e6,1.0409452771106625e6,0.18853337224572897,-0.30805912613868713,8,false,0.013772475199997088,0.013772475199997088,false
255,true,0.7408677441318405,-1.0335723027045833e6,1.0410118465814248e6,0.6631463817320764,0.9978888743789867,8,false,0.013772475199997088,0.013772475199997088,false
255,true,0.9503011676874275,-1.0336011807606502e6,1.0411164169283676e6,-0.9760379642248154,-1.1655817289138213,8,false,0.013772475199997088,0.013772475199997088,false
255,true,0.9734992331897451,-1.0335391144195136e6,1.0410525560331963e6,0.049008809379301965,-0.18992649752181023,8,false,0.013772475199997088,0.013772475199997088,false
255,true,0.9579824716115175,-1.0334860074876534e6,1.0410387016311605e6,0.11408237484283745,-0.2374008527258411,8,false,0.013772475199997088,0.013772475199997088,false
255,true,0.9990714798798878,-1.0334823838771154e6,1.0408895471249378e6,-0.26792647782713175,-0.35553883423563093,8,false,0.013772475199997088,0.013772475199997088,false
255,true,0.8855510745892048,-1.0334545343469237e6,1.0410068736256676e6,0.27315865212585777,0.31139205722138286,8,false,0.013772475199997088,0.013772475199997088,false
255,true,0.8734218591340763,-1.0334155604495156e6,1.0408592653693369e6,-0.33486193139106035,0.4686377082252875,8,false,0.013772475199997088,0.013772475199997088,false
255,true,0.8798214290098255,-1.0333602782882154e6,1.040822838532375e6,0.18462418508715928,0.2938773297937587,8,false,0.013772475199997088,0.013772475199997088,false
255,true,0.9925691143828578,-1.0334044154964243e6,1.0407368214115823e6,-0.027823658427223563,-0.23158588341902941,8,false,0.013772475199997088,0.013772475199997088,false
255,true,0.9535778919844298,-1.0333723476022142e6,1.0407174199121624e6,0.08651531557552516,0.19944178557489067,8,false,0.013772475199997088,0.013772475199997088,false
255,true,0.9979705312335323,-1.0335458586271757e6,1.0409202389999016e6,-0.05968232895247638,-0.2650675956392661,8,false,0.013772475199997088,0.013772475199997088,false
255,true,0.8639117749275605,-1.0336286897034696e6,1.0410098133813173e6,0.08691589697264135,0.4442576398141682,8,false,0.013772475199997088,0.013772475199997088,false
255,true,0.9429234609506298,-1.0335579885696921e6,1.041095722198473e6,-0.10413774405606091,-0.2552246325649321,8,false,0.013772475199997088,0.013772475199997088,false
255,true,0.983372190825588,-1.033505719355369e6,1.0409910383470334e6,-0.011725039803422987,-0.1904650820652023,8,false,0.013772475199997088,0.013772475199997088,false
255,true,0.9759767126961099,-1.0332966568343032e6,1.040757207815108e6,-0.11716460878960788,-0.17117794754449278,8,false,0.013772475199997088,0.013772475199997088,false
255,true,0.9938901528086549,-1.0335217249552428e6,1.0408258599076271e6,-0.03908792289439589,-0.06520082405768335,8,false,0.013772475199997088,0.013772475199997088,false
255,true,0.9569274931846948,-1.033540907860184e6,1.041050405328523e6,0.05604094732552767,0.11439501109998673,8,false,0.013772475199997088,0.013772475199997088,false
255,true,0.8923001574120174,-1.033475032252222e6,1.0409668679521414e6,0.07764228503219783,0.31558274885173887,8,false,0.013772475199997088,0.013772475199997088,false
255,true,0.9456489426834174,-1.0335427661113461e6,1.0409881948865273e6,-0.08126165275461972,0.21453900530468673,8,false,0.013772475199997088,0.013772475199997088,false
255,true,0.9893552223331611,-1.0334763745878704e6,1.0409969330882385e6,-0.002433731220662594,-0.0753689908888191,8,false,0.013772475199997088,0.013772475199997088,false
255,true,0.8416264207638265,-1.0334286886139177e6,1.0408911006385359e6,-0.03262398310471326,0.4267406854778528,8,false,0.013772475199997088,0.013772475199997088,false
255,true,0.9532358785921933,-1.033612480314424e6,1.0410085207115113e6,0.07751005375757813,0.13792324881069362,8,false,0.013772475199997088,0.013772475199997088,false
255,true,0.9878880181051796,-1.0335152483247065e6,1.0411505513476131e6,-0.0546210715547204,-0.12238015024922788,8,false,0.013772475199997088,0.013772475199997088,false
255,true,0.9309719052025383,-1.0334728647040095e6,1.0408967425055125e6,-0.00939896423369646,0.202538421144709,8,false,0.013772475199997088,0.013772475199997088,false
255,true,0.9963624851046332,-1.0334165333415624e6,1.0408227912286161e6,-0.03936981922015548,-0.0687308325432241,8,false,0.013772475199997088,0.013772475199997088,false
255,true,0.999136541277039,-1.0334951460196048e6,1.040852799228309e6,-0.003963350551202893,-0.029800584772601724,8,false,0.013772475199997088,0.013772475199997088,false
255,true,0.9014912311830398,-1.033560383740143e6,1.0410157008462228e6,0.07384874334093183,0.20456933917012066,8,false,0.013772475199997088,0.013772475199997088,false
255,true,0.9884372973895132,-1.0335055986884666e6,1.0409897890030408e6,0.037932230392470956,0.09523614391218871,8,false,0.013772475199997088,0.013772475199997088,false
255,true,0.9248909637641811,-1.0334366041368885e6,1.0409078397233663e6,0.03554860851727426,0.229066674830392,8,false,0.013772475199997088,0.013772475199997088,false
255,true,0.7196734971143578,-1.0334553771260009e6,1.0408844616407304e6,0.10670738818589598,0.8403966459445655,8,false,0.013772475199997088,0.013772475199997088,false
255,true,0.9655192141580432,-1.0335405078058176e6,1.0409885704444257e6,0.015076395240612328,-0.2348877505864948,8,false,0.013772475199997088,0.013772475199997088,false
255,true,0.938799272134604,-1.0333907919215187e6,1.0409072887899762e6,0.05176798067986965,-0.28527381492313,8,false,0.013772475199997088,0.013772475199997088,false
255,true,0.9429558637688955,-1.0335066017888427e6,1.0408569527909826e6,9.112723637372255e-5,-0.3205891252728179,8,false,0.013772475199997088,0.013772475199997088,false
255,true,0.9863611155224321,-1.0335337868558465e6,1.0408951418331488e6,-0.06909112387802452,-0.29554890329018235,8,false,0.013772475199997088,0.013772475199997088,false
255,true,0.9990369558038584,-1.0335973723422149e6,1.0409959635368952e6,-0.22500309790484607,-0.2666205889545381,8,false,0.013772475199997088,0.013772475199997088,false
255,true,0.8515405683312465,-1.0334949898473099e6,1.041088146177142e6,0.08723914495203644,0.3731760788941756,8,false,0.013772475199997088,0.013772475199997088,false
255,true,0.9993303793224788,-1.0334902846185956e6,1.0407579437826611e6,-0.02992457791697234,-0.13744630594737828,8,false,0.013772475199997088,0.013772475199997088,false
255,true,0.802809684707718,-1.0335169011581158e6,1.0410742334425659e6,0.04927960829809308,0.5364169626263902,8,false,0.013772475199997088,0.013772475199997088,false
255,true,0.9958277089132719,-1.0335506043001383e6,1.0409522674854618e6,-0.10001634433865547,-0.14422099280636758,8,false,0.013772475199997088,0.013772475199997088,false
255,true,0.9967038018044644,-1.0335406364078999e6,1.0410316675024448e6,0.0007939728675410151,-0.052893950836732984,8,false,0.013772475199997088,0.013772475199997088,false
255,true,0.9050835382807415,-1.0336295125343242e6,1.0412229265734811e6,0.14025490009225905,0.24535500339698046,8,false,0.013772475199997088,0.013772475199997088,false
255,true,0.9908121622079059,-1.0334319139989857e6,1.0410100108330483e6,-0.032304345280863345,-0.19818771071732044,8,false,0.013772475199997088,0.013772475199997088,false
255,true,0.8807604343000237,-1.0334142112790064e6,1.0407745675476665e6,0.36580938601400703,0.37925339164212346,8,false,0.013772475199997088,0.013772475199997088,false
255,true,0.9911082876177513,-1.0334189472539163e6,1.040909750736396e6,-0.426916093332693,-0.5206796089187264,8,false,0.013772475199997088,0.013772475199997088,false
255,true,0.8244031555659285,-1.0336041803458506e6,1.040977194252717e6,0.13224513281602412,0.48182510293554515,8,false,0.013772475199997088,0.013772475199997088,false
255,true,0.9926803498351285,-1.0334563689630285e6,1.0410231879014329e6,-0.03069393429905176,-0.21517158555798233,8,false,0.013772475199997088,0.013772475199997088,false
255,true,0.924257371258779,-1.0332920909925717e6,1.0407313648926654e6,-0.1571291801519692,0.27098152542021126,8,false,0.013772475199997088,0.013772475199997088,false
255,true,0.9799987029459827,-1.0334650058086959e6,1.0409030819682423e6,0.04858408204745501,0.07045454764738679,8,false,0.013772475199997088,0.013772475199997088,false
255,true,0.9926302713603514,-1.0333640352109241e6,1.0408017184712738e6,-0.06846984347794205,-0.0840872882399708,8,false,0.013772475199997088,0.013772475199997088,false
255,true,0.9310194876253175,-1.0334348225851461e6,1.040677959004472e6,0.14632793376222253,0.18750381388235837,8,false,0.013772475199997088,0.013772475199997088,false
255,true,0.6773221855282869,-1.033416339156956e6,1.0410047934716826e6,-0.06098329310771078,1.05167796544265,8,false,0.013772475199997088,0.013772475199997088,false
255,true,0.9751171973473977,-1.0335240684457131e6,1.0409183211222015e6,0.039250904810614884,0.12384411902166903,8,false,0.013772475199997088,0.013772475199997088,false
255,true,0.9777769134664555,-1.0334365918944785e6,1.0410426290716091e6,-0.015388504602015018,-0.1345577120082453,8,false,0.013772475199997088,0.013772475199997088,false
255,true,0.9829159956898145,-1.0335159968069628e6,1.0408713518329182e6,0.07114701089449227,-0.12803432007785887,8,false,0.013772475199997088,0.013772475199997088,false
255,true,0.9919966308743005,-1.033604414718167e6,1.0410566115705378e6,-0.16871242807246745,-0.19776960648596287,8,false,0.013772475199997088,0.013772475199997088,false
255,true,0.9771893094900713,-1.0335696639530485e6,1.0411307512657553e6,0.01035441120620817,0.06769565574359149,8,false,0.013772475199997088,0.013772475199997088,false
255,true,0.8784170466702725,-1.0335183733512374e6,1.0410609267988198e6,0.04135364119429141,0.2972829012433067,8,false,0.013772475199997088,0.013772475199997088,false
255,true,0.9932380784369043,-1.033610907102646e6,1.0410592855334039e6,-0.017100356868468225,-0.08427683357149363,8,false,0.013772475199997088,0.013772475199997088,false
255,true,0.5079202622187728,-1.0335319328586453e6,1.0410791721362143e6,0.13158177200239152,1.7625922414008528,8,false,0.013772475199997088,0.013772475199997088,false
255,true,0.9821256415989105,-1.0334816784928205e6,1.0409582464966587e6,0.02759891247842461,-0.19771584635600448,8,false,0.013772475199997088,0.013772475199997088,false
255,true,0.9232289667820773,-1.0334973396688038e6,1.0409447308616984e6,0.21276054391637444,0.28510056261438876,8,false,0.013772475199997088,0.013772475199997088,false
255,true,0.9253584163941928,-1.0336175377713225e6,1.0409041866351549e6,0.15018016495741904,-0.42856582661625,8,false,0.013772475199997088,0.013772475199997088,false
255,true,0.9994440217251425,-1.0334532396907444e6,1.0411023597336194e6,-0.4844521014019847,-0.5597491058288142,8,false,0.013772475199997088,0.013772475199997088,false
255,true,0.9639373454067526,-1.0334098840350138e6,1.0409817346847862e6,0.11162429687101394,0.14259329671040177,8,false,0.013772475199997088,0.013772475199997088,false
255,true,0.812371556775661,-1.0335045401240224e6,1.0409128305334774e6,-0.12136711028870195,0.6250193032901734,8,false,0.013772475199997088,0.013772475199997088,false
255,true,0.8354005702401324,-1.0334626414556351e6,1.0409818158193951e6,0.2728549516759813,0.4526569304289296,8,false,0.013772475199997088,0.013772475199997088,false
255,true,0.9327160550064328,-1.0334923663103767e6,1.0408583865312546e6,-0.18219212221447378,0.35514526918996125,8,false,0.013772475199997088,0.013772475199997088,false
255,true,0.9903395258666698,-1.033483202681694e6,1.0409344993975761e6,-0.013766429969109595,-0.16517814877443016,8,false,0.013772475199997088,0.013772475199997088,false
255,true,0.9823705354980867,-1.0334375686403932e6,1.0408736864901668e6,0.07806749758310616,-0.1629953938536346,8,false,0.013772475199997088,0.013772475199997088,false
255,true,0.9003860933813864,-1.0332836465536418e6,1.0406529271999997e6,0.13828820222988725,0.37644136522430927,8,false,0.013772475199997088,0.013772475199997088,false
255,true,0.8043434553516547,-1.0334332008051355e6,1.0407818476369741e6,0.025972503470256925,0.7337212925776839,8,false,0.013772475199997088,0.013772475199997088,false
255,true,0.9998412338467724,-1.0334282117887213e6,1.0410455319393426e6,-0.2679855431197211,-0.4043778999475762,8,false,0.013772475199997088,0.013772475199997088,false
255,true,0.9967429410682427,-1.0334109762806221e6,1.0408192039561879e6,-0.10914538661018014,-0.15223274077288806,8,false,0.013772475199997088,0.013772475199997088,false
255,true,0.9863160787602816,-1.0334925085524527e6,1.0408742628129498e6,0.024640529416501522,0.05688110541086644,8,false,0.013772475199997088,0.013772475199997088,false
255,true,0.913249351120686,-1.0335165046893837e6,1.0408704464591064e6,0.02176906424574554,0.2276133984560147,8,false,0.013772475199997088,0.013772475199997088,false
255,true,0.8065639498269365,-1.0334925931439378e6,1.0409217230773353e6,-0.01562240137718618,0.528911335975863,8,false,0.013772475199997088,0.013772475199997088,false
255,true,0.9232583286055847,-1.0337125873511031e6,1.0411790346249106e6,0.10190809878986329,0.20621824520640075,8,false,0.013772475199997088,0.013772475199997088,false
255,true,0.887287393673498,-1.033441548976433e6,1.0410507979772756e6,0.23485026287380606,0.3591534134466201,8,false,0.013772475199997088,0.013772475199997088,false
255,true,0.9917426599474012,-1.0334523703016974e6,1.0410051532474341e6,-0.12007379031274468,-0.41345750191248953,8,false,0.013772475199997088,0.013772475199997088,false
255,true,0.9430013253254272,-1.0334240391282245e6,1.0407853720070489e6,-0.020436289603821933,-0.30011498974636197,8,false,0.013772475199997088,0.013772475199997088,false
255,true,0.9962685065237731,-1.0335438306561011e6,1.0409069480225472e6,-0.19243705621920526,-0.28000061260536313,8,false,0.013772475199997088,0.013772475199997088,false
255,true,0.9939068930486493,-1.033287121374831e6,1.0408525177724123e6,-0.028103246819227934,-0.08227085939142853,8,false,0.013772475199997088,0.013772475199997088,false
255,true,0.8359682155287869,-1.033593393752647e6,1.04085477114644e6,0.034188431105576456,0.4317570920102298,8,false,0.013772475199997088,0.013772475199997088,false
255,true,0.9849667336396852,-1.0336672684506265e6,1.0411368898343977e6,-0.011270920047536492,0.08766486553940922,8,false,0.013772475199997088,0.013772475199997088,false
255,true,0.9802681566134962,-1.0336447751388922e6,1.0410075966652018e6,0.06025052454788238,0.08408399706240743,8,false,0.013772475199997088,0.013772475199997088,false
255,true,0.9922461613422683,-1.0333512302490077e6,1.0409686098568116e6,-0.07960040913894773,-0.12161004636436701,8,false,0.013772475199997088,0.013772475199997088,false
255,true,0.9092163482701744,-1.0334217949349149e6,1.0408101175704723e6,0.023720399825833738,0.2470380988670513,8,false,0.013772475199997088,0.013772475199997088,false
255,true,0.8874002330121767,-1.0333952784269656e6,1.0407187469754384e6,0.2003182207699865,0.31925032555591315,8,false,0.013772475199997088,0.013772475199997088,false
255,true,0.9907585432983428,-1.0333039444825681e6,1.04065829826451e6,-0.08408276259433478,-0.26731748855672777,8,false,0.013772475199997088,0.013772475199997088,false
255,true,0.9990519587854836,-1.0336040975142267e6,1.0408753463548642e6,-0.026645513135008514,-0.16861918789800256,8,false,0.013772475199997088,0.013772475199997088,false
255,true,0.9922022275903016,-1.0335608110489799e6,1.0411457391972746e6,-0.01643069414421916,-0.12825232953764498,8,false,0.013772475199997088,0.013772475199997088,false
255,true,0.9736231102844506,-1.0335884296702831e6,1.0410100253605526e6,0.05752978683449328,0.1416664650896564,8,false,0.013772475199997088,0.013772475199997088,false
255,true,0.913494256793355,-1.0334354146839896e6,1.0409863840411357e6,-0.02494649263098836,0.3371245615417138,8,false,0.013772475199997088,0.013772475199997088,false
255,true,0.9983719341595471,-1.0336575317364517e6,1.0410681952020914e6,-0.04920484637841582,-0.17352649138774723,8,false,0.013772475199997088,0.013772475199997088,false
255,true,0.888217383357484,-1.033628303759296e6,1.0410386801296542e6,0.2788285999558866,0.34535502234939486,8,false,0.013772475199997088,0.013772475199997088,false
255,true,0.9916929427789181,-1.0335653051945029e6,1.0410978523155086e6,0.03384779940824956,-0.40294046234339476,8,false,0.013772475199997088,0.013772475199997088,false
255,true,0.9136455910438686,-1.0334407278835566e6,1.0409775442793599e6,-0.12088251835666597,-0.44951483176555485,8,false,0.013772475199997088,0.013772475199997088,false
255,true,0.9982444912552432,-1.0333586254568495e6,1.0408491545526145e6,-0.08502390945795923,-0.3116291557671502,8,false,0.013772475199997088,0.013772475199997088,false
255,true,0.9842074040250258,-1.0336851030114599e6,1.0410175061653141e6,0.07900314149446785,-0.2390345853054896,8,false,0.013772475199997088,0.013772475199997088,false
255,true,0.5439557069663948,-1.0337534607615934e6,1.0412514451336561e6,-0.14015036262571812,1.8766860573086888,8,false,0.013772475199997088,0.013772475199997088,false
255,true,0.9984964772670731,-1.0337375434854323e6,1.0411240086995768e6,-0.08720927138347179,-0.17915311199612916,8,false,0.013772475199997088,0.013772475199997088,false
255,true,0.9932506488900507,-1.0334936999951394e6,1.0411632410291476e6,-0.05917675141245127,-0.09446011704858392,8,false,0.013772475199997088,0.013772475199997088,false
255,true,0.9597418006531573,-1.033521738584801e6,1.0409572318450417e6,-0.015027843997813761,0.11364436964504421,8,false,0.013772475199997088,0.013772475199997088,false
255,true,0.9302691270047267,-1.033472419046689e6,1.0409820520752013e6,0.14066016534343362,0.17087598831858486,8,false,0.013772475199997088,0.013772475199997088,false
255,true,0.9771012785925424,-1.033545146435131e6,1.0410182553400665e6,-0.006397545337677002,-0.16196562082041055,8,false,0.013772475199997088,0.013772475199997088,false
255,true,0.9831829235822859,-1.033471337206888e6,1.0409462629124775e6,-0.014515023562125862,-0.1299408053746447,8,false,0.013772475199997088,0.013772475199997088,false
255,true,0.9945136020706526,-1.0333541714807993e6,1.0408532732228955e6,-0.019160360097885132,-0.1434388334164396,8,false,0.013772475199997088,0.013772475199997088,false
255,true,0.7932812758495609,-1.0332734563326332e6,1.0408530239407315e6,0.25101469981018454,0.6074052079347894,8,false,0.013772475199997088,0.013772475199997088,false
255,true,0.9923660321296318,-1.0335717978159889e6,1.0408250076087544e6,0.03366439265664667,-0.37393211002927274,8,false,0.013772475199997088,0.013772475199997088,false
255,true,0.9996460935882572,-1.0333631173467245e6,1.0408609563377488e6,-0.26571000984404236,-0.417902342393063,8,false,0.013772475199997088,0.013772475199997088,false
255,true,0.8734914099515848,-1.0335328058839763e6,1.0408831078073417e6,-0.06765982834622264,0.37710187083575875,8,false,0.013772475199997088,0.013772475199997088,false
255,true,0.9837915554464483,-1.0335173685089216e6,1.0409433645282554e6,0.048729910398833454,0.08444934571161866,8,false,0.013772475199997088,0.013772475199997088,false
255,true,0.954150665856662,-1.0335758350202619e6,1.0411005226662302e6,0.04608415253460407,0.16928092134185135,8,false,0.013772475199997088,0.013772475199997088,false
255,true,0.9962478782361293,-1.0334315738156756e6,1.0409247015035452e6,-0.015303692780435085,-0.15100395458284765,8,false,0.013772475199997088,0.013772475199997088,false
255,true,0.9916647414390013,-1.0335479178511366e6,1.0408722956184293e6,-0.056772387120872736,-0.12680702889338136,8,false,0.013772475199997088,0.013772475199997088,false
255,true,0.9274507278540424,-1.0336143836576089e6,1.0410830445767521e6,-0.02759085618890822,0.21314734953921288,8,false,0.013772475199997088,0.013772475199997088,false
255,true,0.9977340046642921,-1.0333760180572142e6,1.0410217226127376e6,0.0023590121418237686,-0.06239364796783775,8,false,0.013772475199997088,0.013772475199997088,false
255,true,0.5792708734724069,-1.0333768877834845e6,1.0408346022209033e6,0.04956079786643386,1.3268747119000182,8,false,0.013772475199997088,0.013772475199997088,false
255,true,0.7952591732133997,-1.0333989147374094e6,1.0408030690468197e6,0.09774633217602968,0.5705854271072894,8,false,0.013772475199997088,0.013772475199997088,false
255,true,0.9840680586961037,-1.0334646996511747e6,1.0408188524407725e6,-0.14527825126424432,-0.2182082519866526,8,false,0.013772475199997088,0.013772475199997088,false
255,true,0.9765416776595192,-1.0335388407309077e6,1.0409642002319971e6,0.0032698047580197453,0.10788468352984637,8,false,0.013772475199997088,0.013772475199997088,false
255,true,0.788261650068198,-1.0334520158713025e6,1.040999215415872e6,0.24997112818527967,0.5848073681117967,8,false,0.013772475199997088,0.013772475199997088,false
255,true,0.9996704335602832,-1.0335073951945646e6,1.0408930520730447e6,-0.031750665162689984,-0.31913032091688365,8,false,0.013772475199997088,0.013772475199997088,false
255,true,0.8500491776694833,-1.0334990070639946e6,1.0409661348371247e6,-0.21796801046002656,0.5126037347363308,8,false,0.013772475199997088,0.013772475199997088,false
255,true,0.9863065516525156,-1.0334642918215805e6,1.0409255668587865e6,0.014844799065031111,-0.07959397928789258,8,false,0.013772475199997088,0.013772475199997088,false
255,true,0.9637955630549908,-1.0336014539583835e6,1.0410342917972292e6,0.037875772337429225,0.13481167901773006,8,false,0.013772475199997088,0.013772475199997088,false
255,true,0.646375817497245,-1.0334545180628273e6,1.0410019470109254e6,1.024491865071468,1.1012269580969587,8,false,0.013772475199997088,0.013772475199997088,false
255,true,0.9740148455472031,-1.0334026018826497e6,1.0408306127244154e6,-0.06967092177364975,-1.148166794097051,8,false,0.013772475199997088,0.013772475199997088,false
255,true,0.9630317386001399,-1.0334392432973447e6,1.0407762678109502e6,-0.5314555339282379,-1.0465608806116506,8,false,0.013772475199997088,0.013772475199997088,false
255,true,0.9986392051650576,-1.0335606718941086e6,1.0411037679189423e6,-0.055671271635219455,-0.5063870502635837,8,false,0.013772475199997088,0.013772475199997088,false
255,true,0.9979437441311372,-1.0335469482751349e6,1.0410802587480041e6,-0.052225761115550995,-0.4562103428179398,8,false,0.013772475199997088,0.013772475199997088,false
255,true,0.9659924783981919,-1.0334492962606411e6,1.0409589315748082e6,-0.36272066668607295,-0.426629465771839,8,false,0.013772475199997088,0.013772475199997088,false
255,true,0.9118787209301431,-1.033399521830126e6,1.0407826251226601e6,0.014545653015375137,0.2449795528082177,8,false,0.013772475199997088,0.013772475199997088,false
255,true,0.9613699043127986,-1.0333688039344426e6,1.0406732260429852e6,-0.0067628719843924046,0.14761727140285075,8,false,0.013772475199997088,0.013772475199997088,false
255,true,0.8854984987903419,-1.0334943359554929e6,1.0408517774228945e6,0.2786261176224798,0.3048598382156342,8,false,0.013772475199997088,0.013772475199997088,false
255,true,0.9592981082947789,-1.0335430932993685e6,1.0409516204269793e6,-0.23420594818890095,-0.3401975720189512,8,false,0.013772475199997088,0.013772475199997088,false
255,true,0.9308779940671134,-1.0334501115352958e6,1.0409730729815154e6,0.1283551228698343,0.22342110075987875,8,false,0.013772475199997088,0.013772475199997088,false
255,true,0.9370518133663255,-1.0334254973943833e6,1.0407890095653511e6,0.01811622199602425,-0.24731601867824793,8,false,0.013772475199997088,0.013772475199997088,false
255,true,0.9722828685499274,-1.0334502470469087e6,1.0409098625418668e6,-0.22142377914860845,-0.2755610338645056,8,false,0.013772475199997088,0.013772475199997088,false
255,true,0.9799625720652532,-1.033533924246671e6,1.0409490875654639e6,-0.004529639612883329,0.08140992291737348,8,false,0.013772475199997088,0.013772475199997088,false
255,true,0.9671474642530056,-1.0335328573577115e6,1.0410301523245479e6,0.050815187860280275,0.11178598320111632,8,false,0.013772475199997088,0.013772475199997088,false
255,true,0.9274861542028404,-1.0335125844372528e6,1.0409957397478228e6,0.10740653763059527,0.21099551813676953,8,false,0.013772475199997088,0.013772475199997088,false
255,true,0.9902117740601919,-1.0335921244157136e6,1.0408443476606354e6,-0.08180417690891773,-0.18235150317195803,8,false,0.013772475199997088,0.013772475199997088,false
255,true,0.8538596517918383,-1.0334792718438169e6,1.0409987062258692e6,0.4028748805867508,0.4046337843174115,8,false,0.013772475199997088,0.013772475199997088,false
255,true,0.9666377270610689,-1.033495845686857e6,1.0409119500810802e6,-0.3312391401268542,-0.49537108186632395,8,false,0.013772475199997088,0.013772475199997088,false
255,true,0.9941766201192977,-1.0334562905501889e6,1.0409597729797337e6,0.030904930899851024,-0.18054091976955533,8,false,0.013772475199997088,0.013772475199997088,false
255,true,0.9942888504070277,-1.0334354693774888e6,1.0408469291890705e6,-0.1499051593709737,-0.2268878520699218,8,false,0.013772475199997088,0.013772475199997088,false
255,true,0.9834871712581783,-1.0333859371885182e6,1.0407420997797489e6,0.04685444291681051,-0.09609194204676896,8,false,0.013772475199997088,0.013772475199997088,false
255,true,0.9969314611383723,-1.0333741994490853e6,1.040719852957843e6,0.017694146023131907,-0.12661361345089972,8,false,0.013772475199997088,0.013772475199997088,false
255,true,0.8526711254079359,-1.033419883322464e6,1.040868556413417e6,-0.044007487362250686,0.44090232683811337,8,false,0.013772475199997088,0.013772475199997088,false
255,true,0.9958283011715168,-1.0334674354955327e6,1.040883268112818e6,0.04945723048876971,-0.1050097142579034,8,false,0.013772475199997088,0.013772475199997088,false
255,true,0.9393159267125843,-1.0333958812601398e6,1.0410483389878717e6,0.04213759920094162,0.2156556739937514,8,false,0.013772475199997088,0.013772475199997088,false
255,true,0.9982780700130556,-1.0334000476656829e6,1.0407764126435845e6,-0.1105296858586371,-0.18277713714633137,8,false,0.013772475199997088,0.013772475199997088,false
255,true,0.7414657244157306,-1.0333946387397704e6,1.04084626441306e6,0.14283545827493072,0.7394813601858914,8,false,0.013772475199997088,0.013772475199997088,false
255,true,0.9878786729865071,-1.0334398355344641e6,1.0408254458563898e6,-0.11612771288491786,-0.2019261319655925,8,false,0.013772475199997088,0.013772475199997088,false
255,true,0.8921133054561852,-1.0334315144353905e6,1.040859211591576e6,0.09252652991563082,0.31618785799946636,8,false,0.013772475199997088,0.013772475199997088,false
255,true,0.9994978702193233,-1.0334800756472726e6,1.0409043349438993e6,-0.10665473132394254,-0.2054662985028699,8,false,0.013772475199997088,0.013772475199997088,false
255,true,0.9919289068360402,-1.0334887349972103e6,1.0410530841956699e6,0.004344383836723864,-0.08090122661087662,8,false,0.013772475199997088,0.013772475199997088,false
255,true,0.9446647022712852,-1.033487930501067e6,1.04088988737296e6,0.015271306387148798,0.182346195098944,8,false,0.013772475199997088,0.013772475199997088,false
255,true,0.7386293708178153,-1.0335070649408827e6,1.0409717468199423e6,-0.05427382804919034,0.7499865011777729,8,false,0.013772475199997088,0.013772475199997088,false
255,true,0.9078591655771235,-1.0335494081208156e6,1.0410330491312683e6,0.04376161389518529,0.23666483245324343,8,false,0.013772475199997088,0.013772475199997088,false
255,true,0.7365849138379675,-1.0334967266186423e6,1.0410402379403025e6,-0.0617183274589479,0.7648600208340213,8,false,0.013772475199997088,0.013772475199997088,false
255,true,0.9663187577655237,-1.0334546670133681e6,1.0407488985275809e6,0.036600212566554546,0.10256030107848346,8,false,0.013772475199997088,0.013772475199997088,false
255,true,0.9360290346713823,-1.033528340974367e6,1.0409625112718662e6,0.03553044074214995,0.2061470418702811,8,false,0.013772475199997088,0.013772475199997088,false
255,true,0.9620589957097879,-1.0335401832304928e6,1.0409645733982145e6,-0.07901820866391063,0.15484296204522252,8,false,0.013772475199997088,0.013772475199997088,false
255,true,0.9930567263837087,-1.0334564937647079e6,1.040985226925595e6,0.02226887783035636,-0.04923880170099437,8,false,0.013772475199997088,0.013772475199997088,false
255,true,0.7679050415538016,-1.0335325363466854e6,1.0409204565272949e6,0.5573289465392008,0.610609449679032,8,false,0.013772475199997088,0.013772475199997088,false
255,true,0.9992932219570715,-1.0335191081965603e6,1.0409415631864397e6,-0.3837695837719366,-0.60042171808891,8,false,0.013772475199997088,0.013772475199997088,false
255,true,0.9853199106362688,-1.0333837523862884e6,1.0408486515476579e6,-0.1693298703758046,-0.22673567314632237,8,false,0.013772475199997088,0.013772475199997088,false
255,true,0.9607755889248281,-1.0334879363390871e6,1.0408188909907205e6,0.01943897153250873,0.13009572064038366,8,false,0.013772475199997088,0.013772475199997088,false
255,true,0.923791700834515,-1.0334351981926784e6,1.0409237364413732e6,0.17655644041951746,0.2261808100156486,8,false,0.013772475199997088,0.013772475199997088,false
255,true,0.9975877990288075,-1.0333606166640406e6,1.0407242375285634e6,-0.19694584771059453,-0.2539690122939646,8,false,0.013772475199997088,0.013772475199997088,false
255,true,0.9272371914505095,-1.0334758733502693e6,1.0408128846010749e6,0.05861473944969475,0.20392340724356472,8,false,0.013772475199997088,0.013772475199997088,false
255,true,0.9878209772791136,-1.0335301633456468e6,1.0410114807171593e6,-0.051407327177003026,-0.11233031947631389,8,false,0.013772475199997088,0.013772475199997088,false
255,true,0.8276057207293356,-1.0334031034833086e6,1.0409889237756863e6,0.24029182165395468,0.47186588880140334,8,false,0.013772475199997088,0.013772475199997088,false
255,true,0.9944141457431682,-1.0335055094253898e6,1.0408987000117891e6,-0.07509003242012113,-0.3104273305507377,8,false,0.013772475199997088,0.013772475199997088,false
255,true,0.9977869047264256,-1.0335335313348343e6,1.0408607635865893e6,0.0023139917757362127,-0.23693494009785354,8,false,0.013772475199997088,0.013772475199997088,false
255,true,0.8163944280185093,-1.033491337137152e6,1.0410164972496809e6,0.348197877057828,0.583530526375398,8,false,0.013772475199997088,0.013772475199997088,false
255,true,0.994631801933065,-1.033515507772253e6,1.0410057441756919e6,-0.5127002452500165,-0.5786603732267395,8,false,0.013772475199997088,0.013772475199997088,false
255,true,0.9195591596465464,-1.0335077606242242e6,1.041016248128785e6,0.0968149994732812,0.22021172335371375,8,false,0.013772475199997088,0.013772475199997088,false
255,true,0.9960080759557545,-1.0333424368377307e6,1.040813021386043e6,0.004974657436832786,-0.15602085704449564,8,false,0.013772475199997088,0.013772475199997088,false
255,true,0.9520215667966255,-1.0335149092845876e6,1.0409083007429417e6,0.0060261753387749195,0.18819708609953523,8,false,0.013772475199997088,0.013772475199997088,false
255,true,0.9067328669311591,-1.0332130102127534e6,1.0406609570119437e6,-0.15775466558989137,0.3064912313129753,8,false,0.013772475199997088,0.013772475199997088,false
255,true,0.9052812723756639,-1.0335778667043069e6,1.0407340103308178e6,0.14038992847781628,0.22825800406280905,8,false,0.013772475199997088,0.013772475199997088,false
255,true,0.6952680543901354,-1.033457551043264e6,1.0410333690008784e6,-0.10598719131667167,0.9429059359245002,8,false,0.013772475199997088,0.013772475199997088,false
255,true,0.9891381529653807,-1.0334326371369706e6,1.0407861859191298e6,-0.02915915776975453,0.062168254517018795,8,false,0.013772475199997088,0.013772475199997088,false
255,true,0.9464304251486676,-1.0333883755689525e6,1.0408505941726617e6,0.02782213920727372,0.13979326153639704,8,false,0.013772475199997088,0.013772475199997088,false
255,true,0.9041043231618865,-1.033455502869259e6,1.0409006148492326e6,-0.008924452820792794,0.25600539217703044,8,false,0.013772475199997088,0.013772475199997088,false
255,true,0.8758810786793383,-1.03344416004952e6,1.0408943884887871e6,0.26406740222591907,0.3200053311884403,8,false,0.013772475199997088,0.013772475199997088,false
255,true,0.9569613996886941,-1.033510373481549e6,1.0408216661743699e6,-0.15846427367068827,-0.29663461341988295,8,false,0.013772475199997088,0.013772475199997088,false
255,true,0.7801096420568492,-1.0334763600486966e6,1.040938021034871e6,-0.01097296946682036,0.6527055513579398,8,false,0.013772475199997088,0.013772475199997088,false
255,true,0.8767514149939709,-1.0334384611615682e6,1.0409660217082464e6,-0.0321563514880836,0.358380384510383,8,false,0.013772475199997088,0.013772475199997088,false
255,true,0.9931130204824965,-1.0335752335849821e6,1.0409906851678133e6,0.014566740836016834,-0.08903216058388352,8,false,0.013772475199997088,0.013772475199997088,false
255,true,0.9688298491448818,-1.0335913541565324e6,1.0412716853004692e6,0.01289080095011741,0.12917071604169905,8,false,0.013772475199997088,0.013772475199997088,false
255,true,0.9994119168637321,-1.0334652434131469e6,1.0409892476421754e6,-0.039128572097979486,-0.13335645117331296,8,false,0.013772475199997088,0.013772475199997088,false
255,true,0.9958245345392811,-1.0334279267034249e6,1.0408805263984165e6,-0.05677828809712082,-0.10105080588255078,8,false,0.013772475199997088,0.013772475199997088,false
255,true,0.8053145137439234,-1.0334218003966386e6,1.0409171526998581e6,0.031220744247548282,0.47941954294219613,8,false,0.013772475199997088,0.013772475199997088,false
255,true,0.9058318061074828,-1.0335523722234769e6,1.0409245888827913e6,0.16324898216407746,0.261085786158219,8,false,0.013772475199997088,0.013772475199997088,false
255,true,0.895828051673575,-1.0336557881188625e6,1.0411134360174317e6,0.1322613121010363,0.35790682572405785,8,false,0.013772475199997088,0.013772475199997088,false
255,true,0.9379628775448867,-1.0334818994274597e6,1.0411273707320672e6,0.1936542516341433,-0.351912718382664,8,false,0.013772475199997088,0.013772475199997088,false
255,true,0.9691565334472356,-1.0335136922072748e6,1.0409899017877339e6,-0.34864462772384286,-0.5581174114486203,8,false,0.013772475199997088,0.013772475199997088,false
255,true,0.997386454877549,-1.033560599698847e6,1.0410198423758221e6,-0.17722306796349585,-0.2032802620669827,8,false,0.013772475199997088,0.013772475199997088,false
255,true,0.9730986576134881,-1.0335852916251246e6,1.0411446684708074e6,0.032797174295410514,0.08302576292771846,8,false,0.013772475199997088,0.013772475199997088,false
255,true,0.8624079232600548,-1.0334579070203232e6,1.0410555200864467e6,-0.0546245469013229,0.3609542509075254,8,false,0.013772475199997088,0.013772475199997088,false
255,true,0.7591023247545258,-1.0334183796910421e6,1.040837925906735e6,0.4904219382442534,0.6072192318970338,8,false,0.013772475199997088,0.013772475199997088,false
255,true,1.0,-1.033556772071553e6,1.040835884491736e6,-0.4384809136390686,-0.4964809713419527,8,false,0.013772475199997088,0.013772475199997088,false
255,true,0.9725925735006846,-1.0335008018174219e6,1.0409351451400934e6,0.04050847631879151,0.10208399686962366,8,false,0.013772475199997088,0.013772475199997088,false
255,true,0.7091559048197791,-1.033554833694242e6,1.040965666054713e6,0.07135041453875601,0.8655270426534116,8,false,0.013772475199997088,0.013772475199997088,false
255,true,0.9874178379976367,-1.0336858770596083e6,1.0411673845941841e6,-0.11991829599719495,-0.15371111640706658,8,false,0.013772475199997088,0.013772475199997088,false
255,true,0.9920123451381615,-1.0336060165665256e6,1.0411707049625921e6,-0.008012925274670124,0.050895543419755995,8,false,0.013772475199997088,0.013772475199997088,false
255,true,0.9956539470339785,-1.0334915706085827e6,1.0410517391379332e6,-0.016276158043183386,-0.039331265492364764,8,false,0.013772475199997088,0.013772475199997088,false
255,true,0.9636570784760051,-1.0334407807755009e6,1.0410275963121499e6,0.03282434749417007,0.10340159095358104,8,false,0.013772475199997088,0.013772475199997088,false
255,true,0.9925422354715425,-1.0335478541602665e6,1.0409170310151961e6,0.01224697008728981,-0.07248210068792105,8,false,0.013772475199997088,0.013772475199997088,false
255,true,0.9983228127154299,-1.03344864534945e6,1.0410361576832451e6,-0.024796423851512372,-0.07487755396869034,8,false,0.013772475199997088,0.013772475199997088,false
255,true,0.9961908420999053,-1.0334644082296799e6,1.0408723960946173e6,-0.02020123426336795,-0.054405128699727356,8,false,0.013772475199997088,0.013772475199997088,false
255,true,0.7646709042171964,-1.0334844488466091e6,1.0408754508879e6,0.5698470014613122,0.6200166709022596,8,false,0.013772475199997088,0.013772475199997088,false
255,true,0.997597532397847,-1.0334425871819574e6,1.0409286602484687e6,-0.3571254282724112,-0.6046511336462572,8,false,0.013772475199997088,0.013772475199997088,false
255,true,0.9714103232199535,-1.0334690296241869e6,1.0409192761988471e6,0.11836832796689123,-0.24984254606533796,8,false,0.013772475199997088,0.013772475199997088,false
255,true,0.9510658324968532,-1.0334111458676823e6,1.0408502638223404e6,-0.2864513988606632,-0.3861722289584577,8,false,0.013772475199997088,0.013772475199997088,false
255,true,0.971245904612338,-1.0334746816687157e6,1.0408316116280733e6,0.0005834490293636918,0.12210830941330642,8,false,0.013772475199997088,0.013772475199997088,false
255,true,0.996705404687055,-1.0335399132469372e6,1.0410162814979287e6,-0.03383499733172357,-0.07971068634651601,8,false,0.013772475199997088,0.013772475199997088,false
255,true,0.9013407491045706,-1.0335747721669661e6,1.0410723219446657e6,0.14169834554195404,0.24235962808597833,8,false,0.013772475199997088,0.013772475199997088,false
255,true,0.9639646981422495,-1.0334659161047913e6,1.0409982049100767e6,-0.05318665748927742,0.19844059203751385,8,false,0.013772475199997088,0.013772475199997088,false
255,true,0.9932987063015568,-1.0334705679549025e6,1.0408847818899795e6,0.012543304939754307,-0.13733718218281865,8,false,0.013772475199997088,0.013772475199997088,false
255,true,0.967562127304303,-1.0335788979949288e6,1.0410181190701379e6,-0.04476192721631378,0.1617615126306191,8,false,0.013772475199997088,0.013772475199997088,false
255,true,0.9137155399216571,-1.0335215744134353e6,1.0410750773219507e6,0.19689017161726952,0.2476669210009277,8,false,0.013772475199997088,0.013772475199997088,false
255,true,0.9912763394025756,-1.0334203303572431e6,1.0409257989233986e6,-0.018774537253193557,-0.30201610969379544,8,false,0.013772475199997088,0.013772475199997088,false
255,true,0.99028709181535,-1.0332823589742782e6,1.0406743774392842e6,-0.25544689130038023,-0.27854207099881023,8,false,0.013772475199997088,0.013772475199997088,false
255,true,0.9694024529851585,-1.0335494563335321e6,1.0407843016605764e6,0.08132674370426685,0.08517579617910087,8,false,0.013772475199997088,0.013772475199997088,false
255,true,0.9887675189358199,-1.0335999008877587e6,1.0410701370689535e6,-0.04563852399587631,-0.08343192341271788,8,false,0.013772475199997088,0.013772475199997088,false
255,true,0.9888523863863677,-1.0334238517714282e6,1.0410016838943372e6,0.016967382514849305,0.06617999752052128,8,false,0.013772475199997088,0.013772475199997088,false
255,true,0.883424693279406,-1.0334535553660886e6,1.0408254964089209e6,-0.019179255818016827,0.30991951387841254,8,false,0.013772475199997088,0.013772475199997088,false
255,true,0.9863132546687761,-1.0333849869088779e6,1.0408544484921799e6,-0.0065161194652318954,0.07102608657442033,8,false,0.013772475199997088,0.013772475199997088,false
255,true,0.8820499490487642,-1.0334399454743378e6,1.040816982794436e6,0.2089142823824659,0.2977374803740531,8,false,0.013772475199997088,0.013772475199997088,false
255,true,0.8497242048833882,-1.0334381709035332e6,1.0409506856414352e6,-0.2365212154109031,0.4907975313253701,8,false,0.013772475199997088,0.013772475199997088,false
255,true,0.6905647760197813,-1.0333885739733996e6,1.0408267560900019e6,0.7859444610076025,0.8092536920448765,8,false,0.013772475199997088,0.013772475199997088,false
255,true,0.6751180654306987,-1.033349158288422e6,1.0409105961723443e6,-0.684219078742899,1.4881258008535951,8,false,0.013772475199997088,0.013772475199997088,false
255,true,0.8851421699886785,-1.0335677042794636e6,1.0409609503799941e6,-0.055760601069778204,0.3238622290082276,8,false,0.013772475199997088,0.013772475199997088,false
255,true,0.9743791431082748,-1.0335238878143531e6,1.040853950408183e6,-0.014384023495949805,0.09947903838474303,8,false,0.013772475199997088,0.013772475199997088,false
255,true,0.994406573860188,-1.0335287878545523e6,1.0410052861271516e6,0.02986906631849706,-0.05476330732926726,8,false,0.013772475199997088,0.013772475199997088,false
255,true,0.986878657480399,-1.0335385167653377e6,1.0409404936989606e6,-0.010749901295639575,0.07945857394952327,8,false,0.013772475199997088,0.013772475199997088,false
255,true,0.9979527072028549,-1.0334263092697758e6,1.040907171872262e6,-0.04847033938858658,-0.07963674224447459,8,false,0.013772475199997088,0.013772475199997088,false
255,true,0.7106102774563045,-1.0335266904857797e6,1.0410413987974768e6,0.013495889259502292,0.7596480776555836,8,false,0.013772475199997088,0.013772475199997088,false
255,true,0.9268100410376167,-1.033465505677301e6,1.0409442332274514e6,0.17157811229117215,0.19975046429317445,8,false,0.013772475199997088,0.013772475199997088,false
255,true,0.9998655509944048,-1.0334388038320731e6,1.0408658701283094e6,-0.15870820241980255,-0.20618442236445844,8,false,0.013772475199997088,0.013772475199997088,false
255,true,0.981592918329387,-1.0335105950995258e6,1.0409338707256679e6,0.041775444988161325,0.0726906603667885,8,false,0.013772475199997088,0.013772475199997088,false
255,true,0.9981638618823458,-1.0335015249702905e6,1.0409673978030108e6,-0.065863061347045,-0.086455037468113,8,false,0.013772475199997088,0.013772475199997088,false
255,true,0.9642771758476008,-1.0334821957347918e6,1.0409727539554661e6,0.06154525117017329,0.09819330205209553,8,false,0.013772475199997088,0.013772475199997088,false
255,true,0.9917591767787647,-1.0334367407098347e6,1.04093812905762e6,-0.0733645522268489,-0.0854393735062331,8,false,0.013772475199997088,0.013772475199997088,false
255,true,0.9851329425476664,-1.0334227643330378e6,1.0408483499316445e6,-0.0008535714587196708,0.05150013801176101,8,false,0.013772475199997088,0.013772475199997088,false
255,true,0.7771717888964621,-1.0335949504513001e6,1.041051432995882e6,0.47967160923872143,0.5083957647439092,8,false,0.013772475199997088,0.013772475199997088,false
255,true,0.9873193927221854,-1.0336050911558951e6,1.0409742183410173e6,-0.2674059526761994,-0.4619016043143347,8,false,0.013772475199997088,0.013772475199997088,false
255,true,0.9972385617306572,-1.0336067170276496e6,1.0411362283852259e6,-0.08467323216609657,-0.2138382070697844,8,false,0.013772475199997088,0.013772475199997088,false
255,true,0.7640138341098867,-1.0334096852543817e6,1.040983119148423e6,-0.06050389457959682,0.7161924423417076,8,false,0.013772475199997088,0.013772475199997088,false
255,true,0.8604848792342316,-1.0334569933985036e6,1.0408712623035709e6,-0.009506716975010931,0.37101812206674367,8,false,0.013772475199997088,0.013772475199997088,false
255,true,0.9846338155894734,-1.0333330598604338e6,1.0407982779136554e6,-0.04787949821911752,-0.07834611926227808,8,false,0.013772475199997088,0.013772475199997088,false
255,true,0.9218990191618637,-1.0333936095169993e6,1.0410645795509331e6,0.059511017170734704,0.17168413242325187,8,false,0.013772475199997088,0.013772475199997088,false
255,true,0.9264611824156002,-1.0333762140743342e6,1.0407530398105301e6,0.09503878885880113,0.21280156751163304,8,false,0.013772475199997088,0.013772475199997088,false
255,true,0.9868093937256439,-1.0335239373628696e6,1.0408433680304288e6,0.03493352106306702,-0.15693989279679954,8,false,0.013772475199997088,0.013772475199997088,false
255,true,0.73887718558593,-1.0334657994647478e6,1.0410544617371125e6,0.6509866846026853,0.8329925355501473,8,false,0.013772475199997088,0.013772475199997088,false
255,true,0.991828611225749,-1.0334912975062056e6,1.0408717224345064e6,-0.7020930107682943,-0.8368294896790758,8,false,0.013772475199997088,0.013772475199997088,false
255,true,0.8387947790790506,-1.0335036737466598e6,1.040974502962778e6,0.06876103882677853,0.49445749109145254,8,false,0.013772475199997088,0.013772475199997088,false
255,true,0.9746417116577047,-1.0334659957035991e6,1.0408635147390239e6,-0.0537506298860535,-0.2169503141194582,8,false,0.013772475199997088,0.013772475199997088,false
255,true,0.9780667550643307,-1.0333448679247786e6,1.0407336811334015e6,-0.05222336633596569,-0.17006195953581482,8,false,0.013772475199997088,0.013772475199997088,false
255,true,0.9530112999936592,-1.0334272031028928e6,1.0408541619466649e6,0.004883461631834507,0.18162861349992454,8,false,0.013772475199997088,0.013772475199997088,false
255,true,0.9951581905756877,-1.0333846465198582e6,1.0407763863142254e6,-0.024402827257290483,-0.12243055389262736,8,false,0.013772475199997088,0.013772475199997088,false
255,true,0.867291940028676,-1.033402566486833e6,1.0407528052915552e6,-0.008632251876406372,0.3871028082212433,8,false,0.013772475199997088,0.013772475199997088,false
255,true,0.9198023007720674,-1.0336178951831292e6,1.041023061529635e6,0.15584127011243254,0.2415906898677349,8,false,0.013772475199997088,0.013772475199997088,false
255,true,0.9543223721227805,-1.03360029116627e6,1.0410163944423342e6,-0.1846026595449075,-0.24947011331096292,8,false,0.013772475199997088,0.013772475199997088,false
255,true,0.9877908655022347,-1.033509793222533e6,1.0411520892158208e6,-0.02787507395260036,-0.06691518134903163,8,false,0.013772475199997088,0.013772475199997088,false
255,true,0.9525315138152588,-1.0335525533758473e6,1.0410146848412789e6,0.03794191684573889,0.13786749192513525,8,false,0.013772475199997088,0.013772475199997088,false
255,true,0.9912223030224915,-1.0335017117324305e6,1.0410271950534205e6,-0.021900940570048988,-0.07223290053661913,8,false,0.013772475199997088,0.013772475199997088,false
255,true,0.8466124491113493,-1.0335862963285126e6,1.0410716939708821e6,0.3402233502129093,0.3872707337141037,8,false,0.013772475199997088,0.013772475199997088,false
255,true,0.9997212563514898,-1.033348638697665e6,1.0408966801700243e6,-0.23030546470545232,-0.3826168867526576,8,false,0.013772475199997088,0.013772475199997088,false
255,true,0.9905414717467877,-1.0335894573630029e6,1.0408913137944218e6,0.045158768887631595,-0.15940641157794744,8,false,0.013772475199997088,0.013772475199997088,false
255,true,0.8446138238623606,-1.033426605305306e6,1.0409897773312549e6,-0.12803109688684344,0.49300700379535556,8,false,0.013772475199997088,0.013772475199997088,false
255,true,0.9784078209751451,-1.0334192152983284e6,1.0408774853774871e6,-0.002645252854563296,0.09316382696852088,8,false,0.013772475199997088,0.013772475199997088,false
255,true,0.9987503750089451,-1.0334736526061393e6,1.0408409710342867e6,-0.010023843497037888,-0.08167493448127061,8,false,0.013772475199997088,0.013772475199997088,false
255,true,0.8747916881579267,-1.0334704173064791e6,1.0409109954707909e6,0.2311175080249086,0.3432276704115793,8,false,0.013772475199997088,0.013772475199997088,false
255,true,0.8209305435206895,-1.033398871879567e6,1.0409008525793063e6,0.12379066739231348,0.6265345981810242,8,false,0.013772475199997088,0.013772475199997088,false
255,true,0.9976285009722003,-1.0334338292188568e6,1.0406828109374495e6,-0.015377469127997756,-0.41574727406259626,8,false,0.013772475199997088,0.013772475199997088,false
255,true,0.9959101940427402,-1.0334394461023306e6,1.0410142360125395e6,-0.3540335225407034,-0.370630890247412,8,false,0.013772475199997088,0.013772475199997088,false
255,true,0.9946242057371925,-1.0334328999146358e6,1.0408341992940822e6,-0.002114255214110017,-0.061937463004142046,8,false,0.013772475199997088,0.013772475199997088,false
255,true,0.8783888832009831,-1.0334713913443354e6,1.040778850058928e6,0.2770204956177622,0.326238855952397,8,false,0.013772475199997088,0.013772475199997088,false
255,true,0.8419063720246425,-1.0335935123597156e6,1.0410987397434561e6,0.3711144571425393,0.5621102572185919,8,false,0.013772475199997088,0.013772475199997088,false
255,true,0.9764878133404943,-1.033496085507804e6,1.0410282262209464e6,-0.3187494601588696,-0.6743304225383326,8,false,0.013772475199997088,0.013772475199997088,false
255,true,0.9623632816339318,-1.0334913903593433e6,1.041023043793203e6,-0.2198094610357657,-0.36706191836856306,8,false,0.013772475199997088,0.013772475199997088,false
255,true,0.9970507139399822,-1.0334713794959835e6,1.0408624075981115e6,0.008311537909321487,-0.15501450712326914,8,false,0.013772475199997088,0.013772475199997088,false
255,true,0.9941248383858903,-1.0334132953444235e6,1.0408707621853712e6,-0.12333776045124978,-0.1414056192152202,8,false,0.013772475199997088,0.013772475199997088,false
255,true,0.6815238772771925,-1.0335990701082345e6,1.0409774229803558e6,0.07615305890794843,0.8736560727702454,8,false,0.013772475199997088,0.013772475199997088,false
255,true,0.6795261318482746,-1.0336119936546977e6,1.0411267706005224e6,0.3761812800075859,0.9715262142708525,8,false,0.013772475199997088,0.013772475199997088,false
255,true,0.9767470180748229,-1.0334677861893688e6,1.0410637953518918e6,-0.4321147329173982,-0.50131616438739,8,false,0.013772475199997088,0.013772475199997088,false
255,true,0.9717646066392154,-1.0335225354790349e6,1.0409866940300112e6,-0.022739053703844547,0.1052955910563469,8,false,0.013772475199997088,0.013772475199997088,false
255,true,0.9670680650432107,-1.033373008851485e6,1.0408591824920165e6,0.06682968139648438,0.09613395377527922,8,false,0.013772475199997088,0.013772475199997088,false
255,true,0.9094910651061164,-1.033483005301805e6,1.0409330545486473e6,0.0664343771059066,0.26583985704928637,8,false,0.013772475199997088,0.013772475199997088,false
255,true,0.9973120647559491,-1.0334689268991386e6,1.0410278467462695e6,-0.1033419092418626,-0.15187268471345305,8,false,0.013772475199997088,0.013772475199997088,false
255,true,0.9655089867378788,-1.0334715936963673e6,1.0409080733197662e6,0.09548909799195826,0.11950564233120531,8,false,0.013772475199997088,0.013772475199997088,false
255,true,0.9409044506302361,-1.0334015478796517e6,1.0408016442678601e6,-0.054866263060830534,0.21936106483917683,8,false,0.013772475199997088,0.013772475199997088,false
255,true,0.9282339570297576,-1.033404183945706e6,1.0407387095454828e6,-0.08533408003859222,0.2152053345926106,8,false,0.013772475199997088,0.013772475199997088,false
255,true,0.8916411999314148,-1.0334231922413416e6,1.0407496719425975e6,0.06315535958856344,0.2550838466268033,8,false,0.013772475199997088,0.013772475199997088,false
255,true,0.9981339215555081,-1.0334855924720444e6,1.0409284497360981e6,-0.041297895135357976,-0.10094358015339822,8,false,0.013772475199997088,0.013772475199997088,false
255,true,0.948544382113125,-1.0335660651664699e6,1.0411086834331242e6,0.08991602377500385,0.14670572546310723,8,false,0.013772475199997088,0.013772475199997088,false
255,true,0.999872471365004,-1.0335522432951817e6,1.0409437129185329e6,-0.023302062531001866,-0.15204973937943578,8,false,0.013772475199997088,0.013772475199997088,false
255,true,0.9660503390083325,-1.0334900351142819e6,1.0411781059684497e6,-0.10865010519046336,0.12910446571186185,8,false,0.013772475199997088,0.013772475199997088,false
255,true,0.9049403836459945,-1.033464205838539e6,1.0409249407285154e6,0.07100830157287419,0.20342458877712488,8,false,0.013772475199997088,0.013772475199997088,false
255,true,0.9965212792236909,-1.0334947303269133e6,1.0409189026672193e6,-0.012328909942880273,-0.0705749966436997,8,false,0.013772475199997088,0.013772475199997088,false
255,true,0.9999342216398661,-1.0334748458205062e6,1.0409291369812476e6,0.009598637348972261,-0.07623834593687207,8,false,0.013772475199997088,0.013772475199997088,false
255,true,0.9961102343887658,-1.0334848830680058e6,1.0409188857476654e6,-0.03616227302700281,-0.06811470701359212,8,false,0.013772475199997088,0.013772475199997088,false
255,true,0.9934227542028357,-1.0335125451494453e6,1.0410757984010398e6,-0.023970817564986646,-0.043092736043035984,8,false,0.013772475199997088,0.013772475199997088,false
255,true,0.7987332031662369,-1.0335334471083678e6,1.0408649866567748e6,0.16764114575926214,0.4747816298622638,8,false,0.013772475199997088,0.013772475199997088,false
255,true,0.8782694132717314,-1.0334956297255041e6,1.0410201968162331e6,-0.12004717660602182,0.3799009348731488,8,false,0.013772475199997088,0.013772475199997088,false
255,true,0.7945388963636139,-1.0334946408463788e6,1.0409212643446539e6,0.3221313974354416,0.5309685945976526,8,false,0.013772475199997088,0.013772475199997088,false
255,true,0.985118392901854,-1.0334469419310577e6,1.0408253965102889e6,-0.22318876057397574,-0.36642393562942743,8,false,0.013772475199997088,0.013772475199997088,false
255,true,0.969028206397543,-1.0333635887094636e6,1.0407475513498577e6,-0.06624753668438643,-0.16022395028267056,8,false,0.013772475199997088,0.013772475199997088,false
255,true,0.9077555919200713,-1.0334244604847301e6,1.0407538893263288e6,0.09690108511131257,0.2678624556865543,8,false,0.013772475199997088,0.013772475199997088,false
255,true,0.999698365851883,-1.0334655098373235e6,1.0409427838290586e6,-0.17100736987777054,-0.18677415407728404,8,false,0.013772475199997088,0.013772475199997088,false
255,true,0.9592322850222521,-1.0334371932704429e6,1.040882125921936e6,0.004470716463401914,0.10954706848133355,8,false,0.013772475199997088,0.013772475199997088,false
255,true,0.9047105522383019,-1.0333169156082633e6,1.0407307199587349e6,0.042922439984977245,0.2363693715305999,8,false,0.013772475199997088,0.013772475199997088,false
255,true,0.9702095266556136,-1.0334073461413014e6,1.0408793427305012e6,0.040200778748840094,0.12039813038427383,8,false,0.013772475199997088,0.013772475199997088,false
255,true,0.9989692249354716,-1.0334058150588138e6,1.0408112406528875e6,-0.026008905027993023,-0.11342649080324918,8,false,0.013772475199997088,0.013772475199997088,false
255,true,0.9328014464378471,-1.0334305934482266e6,1.0408216262088023e6,0.043317232630215585,0.2098849667236209,8,false,0.013772475199997088,0.013772475199997088,false
255,true,0.9734311745584976,-1.0335178144109945e6,1.0409510465104467e6,0.02045881829690188,0.13440277054905891,8,false,0.013772475199997088,0.013772475199997088,false
255,true,0.9932478982812922,-1.0334404307554023e6,1.0408540809346549e6,-0.012626264127902687,-0.14005161228124052,8,false,0.013772475199997088,0.013772475199997088,false
255,true,0.9997593774741368,-1.0334335305051098e6,1.0408179900520483e6,-0.09608853480312973,-0.1454776228638366,8,false,0.013772475199997088,0.013772475199997088,false
255,true,0.7926643419708221,-1.0334408116174989e6,1.0407647080494947e6,-0.01884702534880489,0.5337381835561246,8,false,0.013772475199997088,0.013772475199997088,false
255,true,0.9063094751166262,-1.0334379580415438e6,1.0409830115903242e6,0.08671494317241013,0.21428072883281857,8,false,0.013772475199997088,0.013772475199997088,false
255,true,0.9501149238842633,-1.033430720908533e6,1.040771751660982e6,-0.03871099534444511,0.1703137792646885,8,false,0.013772475199997088,0.013772475199997088,false
255,true,0.9399493245482851,-1.033592725480081e6,1.0409833896542152e6,0.06832837522961199,0.17906266218051314,8,false,0.013772475199997088,0.013772475199997088,false
255,true,0.9987560015781295,-1.0334821193881799e6,1.04106253310901e6,-0.09325875493232161,-0.12305590510368347,8,false,0.013772475199997088,0.013772475199997088,false
255,true,0.9276891609416089,-1.0334120081230758e6,1.0408174333840896e6,0.16086651373188943,0.1827593285124749,8,false,0.013772475199997088,0.013772475199997088,false
255,true,0.9580824200683885,-1.0334360330691923e6,1.0408864469687782e6,-0.13783785479608923,0.19194307876750827,8,false,0.013772475199997088,0.013772475199997088,false
255,true,0.8000994413404571,-1.0334281725329364e6,1.0408916580747343e6,0.24119699688162655,0.5387925230897963,8,false,0.013772475199997088,0.013772475199997088,false
255,true,0.9727517748809424,-1.0335509059220575e6,1.0410854210944858e6,0.12823258445132524,-0.3145210084039718,8,false,0.013772475199997088,0.013772475199997088,false
255,true,0.9911294714985827,-1.0335060370439822e6,1.0409698564720158e6,-0.399413438863121,-0.4289597587194294,8,false,0.013772475199997088,0.013772475199997088,false
255,true,0.8792099130911609,-1.0337740068703184e6,1.0412155968355512e6,0.27268248121254146,0.3030725569697097,8,false,0.013772475199997088,0.013772475199997088,false
255,true,0.9211720777378517,-1.0334182150136095e6,1.0411754978568029e6,0.1879044653614983,-0.2916486947797239,8,false,0.013772475199997088,0.013772475199997088,false
255,true,0.9669474756477212,-1.0335204307713876e6,1.0409015030656948e6,0.0191762043396011,-0.47877970011904836,8,false,0.013772475199997088,0.013772475199997088,false
255,true,0.9743035199715615,-1.0334595035922251e6,1.0410899467758503e6,0.05863791098818183,-0.5033792619360611,8,false,0.013772475199997088,0.013772475199997088,false
255,true,0.8664721429452205,-1.0334199327610674e6,1.0408556614523327e6,-0.2672920635668561,-0.5555973633890972,8,false,0.013772475199997088,0.013772475199997088,false
255,true,0.9980265830851562,-1.0335426987562231e6,1.0409267675119354e6,-0.15871265099849552,-0.29176160192582756,8,false,0.013772475199997088,0.013772475199997088,false
255,true,0.999868490996674,-1.0334592404634968e6,1.0409693703881555e6,-0.09837747865822166,-0.14440878899767995,8,false,0.013772475199997088,0.013772475199997088,false
255,true,0.9647974474893932,-1.0334177854179544e6,1.0408879785289278e6,0.030264385393820703,0.10857399448286742,8,false,0.013772475199997088,0.013772475199997088,false
255,true,0.9695201976696126,-1.0335032544957171e6,1.0408731417325232e6,-0.003896109643392265,0.10979363264050335,8,false,0.013772475199997088,0.013772475199997088,false
255,true,0.9822658062866334,-1.0335215947437503e6,1.0409646182974839e6,0.022379833972081542,0.08743072126526386,8,false,0.013772475199997088,0.013772475199997088,false
255,true,0.9947883676553055,-1.0335161307602549e6,1.0410563000790082e6,-0.03586141730193049,-0.08441595709882677,8,false,0.013772475199997088,0.013772475199997088,false
255,true,0.8922882470984026,-1.0334696487294176e6,1.0410174026552106e6,0.04713611106853932,0.2697753687389195,8,false,0.013772475199997088,0.013772475199997088,false
255,true,0.9877809377498018,-1.0335726466705969e6,1.0409755638301702e6,-0.0688707031076774,-0.10048018081579357,8,false,0.013772475199997088,0.013772475199997088,false
255,true,0.9826472689812642,-1.0333139933572657e6,1.040864864239155e6,-0.014948317431844771,0.08409735735040158,8,false,0.013772475199997088,0.013772475199997088,false
255,true,0.9940732201372172,-1.0335207422973155e6,1.0408035023955277e6,0.008092293748632073,0.040037316153757274,8,false,0.013772475199997088,0.013772475199997088,false
255,true,0.9644915006253095,-1.0335546067239983e6,1.0410371120651799e6,0.028718915185891092,0.09489914332516491,8,false,0.013772475199997088,0.013772475199997088,false
255,true,0.9964931205558958,-1.0336012281993943e6,1.0411100135641157e6,-0.023733026930131018,-0.06652507104445249,8,false,0.013772475199997088,0.013772475199997088,false
255,true,0.9702959837194681,-1.0335398321703214e6,1.0410270339173215e6,-0.01668951741885394,0.08870388730429113,8,false,0.013772475199997088,0.013772475199997088,false
255,true,0.835926507740463,-1.0334132407161077e6,1.0409427482711648e6,0.05560265190433711,0.37267123081255704,8,false,0.013772475199997088,0.013772475199997088,false
255,true,0.7174018460866328,-1.0334644901854867e6,1.04081283718872e6,0.06178581377025694,0.7409585525747389,8,false,0.013772475199997088,0.013772475199997088,false
255,true,0.9986776821090784,-1.0335886774719679e6,1.0409936800268732e6,-0.07214572816155851,-0.12501704029273242,8,false,0.013772475199997088,0.013772475199997088,false
255,true,0.9884413336880038,-1.0336010709936213e6,1.0410567128111114e6,-0.026795657468028367,0.0612900402629748,8,false,0.013772475199997088,0.013772475199997088,false
255,true,0.9565505026346085,-1.0335742025704773e6,1.0411922252010969e6,0.030132219311781228,0.11693800531793386,8,false,0.013772475199997088,0.013772475199997088,false
255,true,0.9376784272156076,-1.0335678868660358e6,1.0411269338060197e6,-0.04443357069976628,0.18067245930433273,8,false,0.013772475199997088,0.013772475199997088,false
255,true,0.8411114880851892,-1.033534114930668e6,1.0410190625761824e6,0.04832683177664876,0.38153673708438873,8,false,0.013772475199997088,0.013772475199997088,false
255,true,0.9484115314333983,-1.0334537785349143e6,1.0409829766517351e6,-0.043792791198939085,0.15758707060012966,8,false,0.013772475199997088,0.013772475199997088,false
255,true,0.9665821714394843,-1.0335336321425403e6,1.0409714740220757e6,0.028184841386973858,0.09095073421485722,8,false,0.013772475199997088,0.013772475199997088,false
255,true,0.9743568721180756,-1.0334068063502624e6,1.0409643982653555e6,0.003261131700128317,0.10252687730826437,8,false,0.013772475199997088,0.013772475199997088,false
255,true,0.964313355651832,-1.0333749171914388e6,1.0407703885373576e6,-0.0010750876972451806,0.12217507162131369,8,false,0.013772475199997088,0.013772475199997088,false
255,true,0.9826424695397379,-1.0334755489245938e6,1.0408689484232621e6,0.051615754957310855,0.07217888510785997,8,false,0.013772475199997088,0.013772475199997088,false
255,true,0.8080772694916014,-1.0333603368769549e6,1.0406947628372419e6,0.4332609309349209,0.5337290506577119,8,false,0.013772475199997088,0.013772475199997088,false
255,true,0.977036918121136,-1.0333944392735618e6,1.0407148367098811e6,0.016173505689948797,-0.5659375779796392,8,false,0.013772475199997088,0.013772475199997088,false
255,true,0.9990454825676881,-1.0334001558579955e6,1.0408991974139336e6,-0.4185396778630093,-0.5656690415926278,8,false,0.013772475199997088,0.013772475199997088,false
255,true,0.8254077323815238,-1.0333665442015651e6,1.0407894972756247e6,0.05164443643298,0.5326748291263357,8,false,0.013772475199997088,0.013772475199997088,false
255,true,0.9943687057301357,-1.0333636542889548e6,1.0407010021410586e6,0.037039693677797914,-0.19077377079520375,8,false,0.013772475199997088,0.013772475199997088,false
255,true,0.9671113963378996,-1.0334090622581012e6,1.0407592111873879e6,0.10862222861032933,-0.23009933158755302,8,false,0.013772475199997088,0.013772475199997088,false
255,true,0.9918814625698902,-1.0334113948546093e6,1.0408580925530385e6,-0.19807048153597862,-0.33397216512821615,8,false,0.013772475199997088,0.013772475199997088,false
255,true,0.8085036145585692,-1.0334756518056319e6,1.0408351451471145e6,0.3819069426972419,0.5564649156294763,8,false,0.013772475199997088,0.013772475199997088,false
255,true,0.9078212607376641,-1.0333948695226779e6,1.040905000849709e6,-0.13782323442865163,-0.5277692556846887,8,false,0.013772475199997088,0.013772475199997088,false
255,true,0.9653363432233665,-1.0333739728904364e6,1.0407522005699897e6,0.061490291031077504,-0.38744329649489373,8,false,0.013772475199997088,0.013772475199997088,false
255,true,0.972843159124805,-1.033366696319913e6,1.0407782711881773e6,-0.13927581463940442,-0.43602802662644535,8,false,0.013772475199997088,0.013772475199997088,false
255,true,0.9990321176872773,-1.0334810383459008e6,1.0409038569301828e6,-0.1192397695267573,-0.29188457084819674,8,false,0.013772475199997088,0.013772475199997088,false
255,true,0.9477131489818554,-1.0335172779238232e6,1.040953898869584e6,0.1203744049416855,0.22780823498032987,8,false,0.013772475199997088,0.013772475199997088,false
255,true,0.9075095741753647,-1.0336278837425937e6,1.04108971825011e6,0.21355153457261622,0.36454814835451543,8,false,0.013772475199997088,0.013772475199997088,false
255,true,0.9840872056205902,-1.0334703088031672e6,1.0409752125998108e6,-0.43753229815047234,-0.5030287206172943,8,false,0.013772475199997088,0.013772475199997088,false
255,true,0.95124520013243,-1.0333206900931885e6,1.0407285144501224e6,0.08193077752366662,0.15367824700661004,8,false,0.013772475199997088,0.013772475199997088,false
255,true,0.9991667918857613,-1.0333232353311974e6,1.0407509266985857e6,-0.11474074004217982,-0.15325797069817781,8,false,0.013772475199997088,0.013772475199997088,false
255,true,0.9727318426903726,-1.0334343130815048e6,1.0406385649789823e6,-0.03805447544436902,0.09789091069251299,8,false,0.013772475199997088,0.013772475199997088,false
255,true,0.9640575623897388,-1.0334428007048991e6,1.0408594158877775e6,0.04555035603698343,0.09045845991931856,8,false,0.013772475199997088,0.013772475199997088,false
255,true,0.9994178235878476,-1.0333959387879586e6,1.0407638850861976e6,-0.0306028185877949,-0.06489753467030823,8,false,0.013772475199997088,0.013772475199997088,false
255,true,0.971349909279498,-1.0333842186241286e6,1.0407417537615022e6,0.004406867315992713,0.08306413248647004,8,false,0.013772475199997088,0.013772475199997088,false
255,true,0.9061376898804407,-1.0334560556870736e6,1.0406777171216155e6,0.13202932430431247,0.2315073129720986,8,false,0.013772475199997088,0.013772475199997088,false
255,true,0.8756835778078921,-1.0335874519656808e6,1.0409721935759323e6,0.11774519900791347,0.37244694062974304,8,false,0.013772475199997088,0.013772475199997088,false
255,true,0.9891892022576512,-1.033584391715625e6,1.0411699852263045e6,0.04505674948450178,-0.2539268872933462,8,false,0.013772475199997088,0.013772475199997088,false
255,true,0.890070376264102,-1.0334582228690281e6,1.040992374787714e6,-0.2610454404493794,0.3946691049495712,8,false,0.013772475199997088,0.013772475199997088,false
255,true,0.8042177651154883,-1.0335293177575987e6,1.0408924757469865e6,0.0065634382190182805,0.5282590304268524,8,false,0.013772475199997088,0.013772475199997088,false
255,true,0.8997664281788569,-1.0335422867697465e6,1.041076986066888e6,0.2593324196059257,0.26624717854429036,8,false,0.013772475199997088,0.013772475199997088,false
255,true,0.9963266302342809,-1.0335273844464031e6,1.0409936202515016e6,-0.12086097046267241,-0.31529184174723923,8,false,0.013772475199997088,0.013772475199997088,false
255,true,0.9893357828705012,-1.0334249151375681e6,1.0408991671070742e6,-0.1455954584525898,-0.18899650988169014,8,false,0.013772475199997088,0.013772475199997088,false
255,true,0.919910893260323,-1.033451930725159e6,1.0410111311809777e6,0.08222779270727187,0.22680607729125768,8,false,0.013772475199997088,0.013772475199997088,false
255,true,0.9990097988459988,-1.0334194969322548e6,1.0407748076994553e6,-0.11950638925191015,-0.15516990167088807,8,false,0.013772475199997088,0.013772475199997088,false
255,true,0.9943823684429035,-1.0334380912713102e6,1.0409935072092415e6,-0.03068155492655933,-0.040667957393452525,8,false,0.013772475199997088,0.013772475199997088,false
255,true,0.9989262555387469,-1.0334182789562561e6,1.040765455336623e6,-0.003913239110261202,-0.014258448034524918,8,false,0.013772475199997088,0.013772475199997088,false
255,true,0.9395366300312031,-1.0334229211468564e6,1.0408582596913421e6,0.04411914979573339,0.1327439338201657,8,false,0.013772475199997088,0.013772475199997088,false
255,true,0.9497960423273049,-1.0333744690916124e6,1.0407986272432904e6,0.05865695490501821,0.1433837169315666,8,false,0.013772475199997088,0.013772475199997088,false
255,true,0.9651030487898982,-1.0333214258812433e6,1.0406962747465222e6,0.012337492546066642,0.13799086946528405,8,false,0.013772475199997088,0.013772475199997088,false
255,true,0.9261674735164961,-1.0333590891694183e6,1.0409721963943582e6,0.14850904804188758,0.24863579496741295,8,false,0.013772475199997088,0.013772475199997088,false
255,true,0.9639923546882466,-1.0333778917574369e6,1.0407949061969755e6,-0.05214997089933604,-0.2673667138442397,8,false,0.013772475199997088,0.013772475199997088,false
255,true,0.9748933220424276,-1.0336535822689094e6,1.0409791408393015e6,0.06900109420530498,-0.187942179501988,8,false,0.013772475199997088,0.013772475199997088,false
255,true,0.9987830136708461,-1.0335931669156575e6,1.0412126566848452e6,-0.14937404787633568,-0.2521561075700447,8,false,0.013772475199997088,0.013772475199997088,false
255,true,0.9745290603930243,-1.0336777446799623e6,1.0410384162322241e6,0.014320468879304826,0.14062661794014275,8,false,0.013772475199997088,0.013772475199997088,false
255,true,0.930379739373429,-1.0335798239193887e6,1.0410517623919395e6,0.022507092682644725,0.24178003042470664,8,false,0.013772475199997088,0.013772475199997088,false
255,true,0.9380536644962395,-1.0335446117991819e6,1.0409726819481422e6,-0.05157705408055335,0.21913577220402658,8,false,0.013772475199997088,0.013772475199997088,false
255,true,0.9728595715026459,-1.0335312204898365e6,1.0410290375207115e6,0.06689234101213515,0.12216679728589952,8,false,0.013772475199997088,0.013772475199997088,false
255,true,0.9886231322979613,-1.0335461462111131e6,1.0410294274886862e6,-0.1053128915373236,-0.1548069320851937,8,false,0.013772475199997088,0.013772475199997088,false
255,true,0.9852566740423768,-1.0333765859067409e6,1.0408513821367434e6,0.014051466947421432,0.07796294649597257,8,false,0.013772475199997088,0.013772475199997088,false
255,true,0.9762004490357665,-1.0336108888550573e6,1.0409922090756105e6,0.005868071224540472,0.11451003490947187,8,false,0.013772475199997088,0.013772475199997088,false
255,true,0.9344014905801186,-1.0335817862239965e6,1.0409839626487308e6,0.08544511103536934,0.19952953734900802,8,false,0.013772475199997088,0.013772475199997088,false
255,true,0.9669782201496852,-1.0335418546478659e6,1.0409975785048389e6,-0.003088383353315294,-0.16745613364037126,8,false,0.013772475199997088,0.013772475199997088,false
255,true,0.9539131606703064,-1.0334940124637919e6,1.0409294550534557e6,-0.1324263388523832,0.1795291070593521,8,false,0.013772475199997088,0.013772475199997088,false
255,true,0.9703888938510495,-1.0334634028172347e6,1.0408658694062112e6,0.027176872827112675,0.08667505101766437,8,false,0.013772475199997088,0.013772475199997088,false
255,true,0.8158307804280884,-1.0335439216219991e6,1.0409504677407544e6,-0.05788218672387302,0.48666862479876727,8,false,0.013772475199997088,0.013772475199997088,false
255,true,0.9235815570343343,-1.0335085400543227e6,1.0410220363991773e6,0.09083506988827139,0.1499645859003067,8,false,0.013772475199997088,0.013772475199997088,false
255,true,0.9981991558767329,-1.0334077832880554e6,1.0408177064321759e6,0.01571777556091547,-0.10257646511308849,8,false,0.013772475199997088,0.013772475199997088,false
255,true,0.9960707909359764,-1.0333998947773846e6,1.0407763000096189e6,-0.019584962050430477,-0.08768934174440801,8,false,0.013772475199997088,0.013772475199997088,false
255,true,0.995601663488895,-1.0335418836026253e6,1.0409545927221022e6,0.0038232319056987762,-0.08542522066272795,8,false,0.013772475199997088,0.013772475199997088,false
255,true,0.8513282522117367,-1.033500060627015e6,1.0410185693548279e6,0.38499821932055056,0.4140079413773492,8,false,0.013772475199997088,0.013772475199997088,false
255,true,0.7863069581228107,-1.0336764149917049e6,1.0411700520806857e6,0.0977143959607929,0.7861225251108408,8,false,0.013772475199997088,0.013772475199997088,false
255,true,0.9637037674824153,-1.0336620000067737e6,1.0411610641214192e6,-0.03650790429674089,-0.5582626250106841,8,false,0.013772475199997088,0.013772475199997088,false
255,true,0.8446333254324644,-1.0336468450988642e6,1.041068412232593e6,-0.34843657235614955,0.6069665617542341,8,false,0.013772475199997088,0.013772475199997088,false
255,true,0.7873341927412641,-1.033431856140895e6,1.0410454748987579e6,-0.12143291207030416,0.660630572354421,8,false,0.013772475199997088,0.013772475199997088,false
255,true,0.9425126294525935,-1.0334861521967248e6,1.0409389055688146e6,0.08851437584962696,0.18085614929441363,8,false,0.013772475199997088,0.013772475199997088,false
255,true,0.9644244187490897,-1.0334655606303015e6,1.0409243453518847e6,0.028855539159849286,-0.15587410307489336,8,false,0.013772475199997088,0.013772475199997088,false
255,true,0.9771263945604637,-1.0333450645065726e6,1.0408520548923119e6,-0.13869067991618067,-0.19639343267772347,8,false,0.013772475199997088,0.013772475199997088,false
255,true,0.9880195842489765,-1.0333490340140946e6,1.0407798100573291e6,-0.012130092596635222,0.0624894528882578,8,false,0.013772475199997088,0.013772475199997088,false
255,true,0.9900296005663052,-1.0335014251340145e6,1.0408325447877743e6,-0.005591945257037878,0.05971405562013388,8,false,0.013772475199997088,0.013772475199997088,false
255,true,0.9238891547182227,-1.0334355712512562e6,1.040945727485747e6,0.09246146772056818,0.19161984499078244,8,false,0.013772475199997088,0.013772475199997088,false
255,true,0.904119233832263,-1.0334592812498359e6,1.0408758454969663e6,0.11196693230886012,0.29434746282640845,8,false,0.013772475199997088,0.013772475199997088,false
255,true,0.9821261314726445,-1.0335431887798086e6,1.0409537608125028e6,-0.12295509246177971,-0.22208638081792742,8,false,0.013772475199997088,0.013772475199997088,false
255,true,0.9886637268019393,-1.0334859865293029e6,1.0410196526557396e6,-0.029144986416213214,0.08250913245137781,8,false,0.013772475199997088,0.013772475199997088,false
255,true,0.8245265656764179,-1.0333087788100956e6,1.0406988047318863e6,-0.038204003241844475,0.4634302501799539,8,false,0.013772475199997088,0.013772475199997088,false
255,true,0.9419604400162951,-1.0334272938744535e6,1.0407072438864199e6,0.07445542688947171,0.1589697158196941,8,false,0.013772475199997088,0.013772475199997088,false
255,true,0.9918251930958857,-1.0334524979161232e6,1.0408668800881885e6,0.02078236499801278,-0.1221273218980059,8,false,0.013772475199997088,0.013772475199997088,false
255,true,0.9790510649326293,-1.0335453257344149e6,1.0409993920157141e6,-0.039580747368745506,-0.12887890555430204,8,false,0.013772475199997088,0.013772475199997088,false
255,true,0.9956783683970655,-1.0334934649774206e6,1.0408392547888245e6,0.019282846595160663,-0.11965394695289433,8,false,0.013772475199997088,0.013772475199997088,false
255,true,0.9953454074446971,-1.0335366445106105e6,1.0409287926089797e6,0.016074649640358984,-0.13149287574924529,8,false,0.013772475199997088,0.013772475199997088,false
255,true,0.980807302228777,-1.0335633164239712e6,1.041078665693513e6,-0.07733165309764445,-0.13694799761287868,8,false,0.013772475199997088,0.013772475199997088,false
255,true,0.9793334780060248,-1.0335634021600863e6,1.0410510126859262e6,0.042021456407383084,0.09017451177351177,8,false,0.013772475199997088,0.013772475199997088,false
255,true,0.9050369029621073,-1.0335311974959599e6,1.0410705751685507e6,0.13210645702201873,0.29276775592006743,8,false,0.013772475199997088,0.013772475199997088,false
255,true,0.9155952581740094,-1.033435321909277e6,1.0409433861809431e6,-0.10484371904749423,0.31158551620319486,8,false,0.013772475199997088,0.013772475199997088,false
255,true,0.9938255106744679,-1.0335692542525135e6,1.0409898961776494e6,0.0399514134041965,-0.12932398170232773,8,false,0.013772475199997088,0.013772475199997088,false
255,true,0.8584163536349474,-1.0334974237666572e6,1.041062288942658e6,0.4049460602691397,0.43115330080036074,8,false,0.013772475199997088,0.013772475199997088,false
255,true,0.9998825632705787,-1.0335246712500752e6,1.0409227240554872e6,-0.21068480843678117,-0.5568673061206937,8,false,0.013772475199997088,0.013772475199997088,false
255,true,0.9995720503322425,-1.0334086502005107e6,1.0409211675668247e6,0.00012084969785064459,-0.35149976378306746,8,false,0.013772475199997088,0.013772475199997088,false
255,true,0.6521398066247374,-1.0334849638536735e6,1.0408240075331778e6,-0.01776046771556139,1.273406402906403,8,false,0.013772475199997088,0.013772475199997088,false
255,true,0.9740779683841578,-1.0335309825148513e6,1.0409025635468203e6,-0.23055118543561548,-0.31132307555526495,8,false,0.013772475199997088,0.013772475199997088,false
255,true,0.9945767495672856,-1.0334881812188312e6,1.0409906944747188e6,0.026599887060001493,-0.1253580601187423,8,false,0.013772475199997088,0.013772475199997088,false
255,true,0.9953358226750291,-1.033616706345202e6,1.0409917289772696e6,-0.09676732798106968,-0.13749085983727127,8,false,0.013772475199997088,0.013772475199997088,false
255,true,0.6199984171246126,-1.0334858529466718e6,1.041062589079661e6,0.05190681712701917,1.1406575095606968,8,false,0.013772475199997088,0.013772475199997088,false
255,true,0.9860379922786382,-1.0335193352743965e6,1.0409117071535158e6,0.02519417239818722,-0.08719220187049359,8,false,0.013772475199997088,0.013772475199997088,false
255,true,0.9819118208475942,-1.0335759992099638e6,1.0409822228340661e6,0.09938056755345315,-0.1281395957339555,8,false,0.013772475199997088,0.013772475199997088,false
255,true,0.8948806655397742,-1.0334545828699112e6,1.0410334127516727e6,-0.026957098161801696,0.38264681154396385,8,false,0.013772475199997088,0.013772475199997088,false
255,true,0.9733464329114798,-1.0334508639045418e6,1.0408834326813419e6,0.03910805319901556,-0.1986699941335246,8,false,0.013772475199997088,0.013772475199997088,false
255,true,0.9943941313349912,-1.0334492438877268e6,1.0409380059696016e6,-0.023577238665893674,-0.22822432813700289,8,false,0.013772475199997088,0.013772475199997088,false
255,true,0.9185694361299863,-1.0335800816682077e6,1.0410135889383365e6,0.020996684092096984,0.2787185072666034,8,false,0.013772475199997088,0.013772475199997088,false
255,true,0.9517242017638269,-1.0335590070164406e6,1.0409804007820389e6,-0.05911412835121155,0.23199850891251117,8,false,0.013772475199997088,0.013772475199997088,false
255,true,0.8052530545878734,-1.0335704589649772e6,1.0409440894594504e6,0.32912370772100985,0.6219495113473386,8,false,0.013772475199997088,0.013772475199997088,false
255,true,0.9998853970889644,-1.0333815090150862e6,1.0409725437388265e6,-0.40799839224200696,-0.5127390541601926,8,false,0.013772475199997088,0.013772475199997088,false
255,true,0.9979211501188953,-1.0333048073834266e6,1.0407279166005669e6,-0.03849040833301842,-0.10537215683143586,8,false,0.013772475199997088,0.013772475199997088,false
255,true,0.6781482965472195,-1.033281403590222e6,1.0406892863429452e6,0.25023329246323556,0.9353113304823637,8,false,0.013772475199997088,0.013772475199997088,false
255,true,0.9943994217096384,-1.0334366180099989e6,1.0406789773485207e6,0.03585312620270997,-0.32010466896463186,8,false,0.013772475199997088,0.013772475199997088,false
255,true,0.9997989088381312,-1.0334409149843364e6,1.0408108778799013e6,-0.22762685117777437,-0.35655956249684095,8,false,0.013772475199997088,0.013772475199997088,false
255,true,0.8709818613879232,-1.0335219265738325e6,1.0409440369359438e6,0.11154094315133989,0.36647140490822494,8,false,0.013772475199997088,0.013772475199997088,false
255,true,0.9985752034155466,-1.0334591872450497e6,1.0410719620042461e6,-0.0031770009081810713,-0.2427664565620944,8,false,0.013772475199997088,0.013772475199997088,false
255,true,0.9372661435085236,-1.0334435508376596e6,1.0408882018013869e6,0.1469655252294615,0.23967103543691337,8,false,0.013772475199997088,0.013772475199997088,false
255,true,0.9913529189941469,-1.0334458394474136e6,1.0408103616334402e6,0.014786696527153254,-0.3652015187544748,8,false,0.013772475199997088,0.013772475199997088,false
255,true,0.7423170979446091,-1.0335500452177849e6,1.0409286588609705e6,-0.045094982953742146,0.9198339376598597,8,false,0.013772475199997088,0.013772475199997088,false
255,true,0.7968710761364916,-1.0334498046750217e6,1.0410317879653688e6,0.2852604817599058,0.7066613064380363,8,false,0.013772475199997088,0.013772475199997088,false
255,true,0.9494653066237616,-1.0334386750536364e6,1.0408608388373235e6,-0.22145793261006474,-0.6363090920494869,8,false,0.013772475199997088,0.013772475199997088,false
255,true,0.9962186787289292,-1.0334348890316125e6,1.0409152210870022e6,0.010068126139231026,-0.4106771466322243,8,false,0.013772475199997088,0.013772475199997088,false
255,true,0.6121662650950619,-1.0333391413496996e6,1.0407501151094253e6,0.950639316928573,1.5292851644335315,8,false,0.013772475199997088,0.013772475199997088,false
255,true,0.9843361761550606,-1.0334326124259324e6,1.040839349783645e6,-1.1757682596798986,-1.3685314789181575,8,false,0.013772475199997088,0.013772475199997088,false
255,true,0.973023221668281,-1.0335056532932261e6,1.0409659182221668e6,0.11616550118196756,-0.1866433311952278,8,false,0.013772475199997088,0.013772475199997088,false
255,true,0.9984843916510701,-1.0334530667788025e6,1.040946745266165e6,-0.04551282606553286,-0.3061642235843465,8,false,0.013772475199997088,0.013772475199997088,false
255,true,0.9319652294057431,-1.0333323715395438e6,1.0408165875016289e6,0.07839989953208715,0.25711688701994717,8,false,0.013772475199997088,0.013772475199997088,false
255,true,0.9730526841636338,-1.0334042101599984e6,1.0407014993569942e6,0.0024941052542999387,-0.348372729960829,8,false,0.013772475199997088,0.013772475199997088,false
255,true,0.992614836227148,-1.0333729388180731e6,1.0408752391876633e6,0.04428823501802981,-0.3406539811985567,8,false,0.013772475199997088,0.013772475199997088,false
255,true,0.9921567417625474,-1.0334509127416689e6,1.040926970777673e6,-0.30082234321162105,-0.39424002869054675,8,false,0.013772475199997088,0.013772475199997088,false
255,true,0.6943639777409325,-1.0335910552755075e6,1.04100287689638e6,0.01815363101195544,0.8822678518481553,8,false,0.013772475199997088,0.013772475199997088,false
255,true,0.749894326837291,-1.0335332575646371e6,1.0409443059086514e6,0.672271034331061,0.7230379750253633,8,false,0.013772475199997088,0.013772475199997088,false
255,true,0.998783451118089,-1.033487349207942e6,1.0409845168130157e6,0.03321791486814618,-0.761203188332729,8,false,0.013772475199997088,0.013772475199997088,false
255,true,0.9985158858641114,-1.0333975118140517e6,1.0409298091693757e6,-0.19658011908177286,-0.8007998479297385,8,false,0.013772475199997088,0.013772475199997088,false
255,true,0.9188872928373032,-1.033526099946601e6,1.0409110233596796e6,-0.5899950420716777,-0.5899950420716777,8,false,0.013772475199997088,0.013772475199997088,false
255,true,0.9390851338857231,-1.0334870080690956e6,1.0410041765814401e6,0.0814255994046107,0.14872163196559995,8,false,0.013772475199997088,0.013772475199997088,false
255,true,0.9757033904960619,-1.0335163513962597e6,1.0409582695085165e6,-0.047039230237714946,0.09809621947351843,8,false,0.013772475199997088,0.013772475199997088,false
255,true,0.9698964892531762,-1.0336441568105732e6,1.0411438268405935e6,0.0642144673038274,0.09770684037357569,8,false,0.013772475199997088,0.013772475199997088,false
255,true,0.9997483274215697,-1.0334862279864358e6,1.0410657358006568e6,-0.016573297209106386,-0.10983437555842102,8,false,0.013772475199997088,0.013772475199997088,false
255,true,0.8629665431629044,-1.033452105685785e6,1.0408970395262497e6,0.03522757231257856,0.3892877259058878,8,false,0.013772475199997088,0.013772475199997088,false
255,true,0.984474772753885,-1.0333390881099758e6,1.0408408332153846e6,0.003015747293829918,-0.1461785021238029,8,false,0.013772475199997088,0.013772475199997088,false
255,true,0.9691729184060319,-1.0334889491340978e6,1.0407265138500538e6,-0.09042821626644582,0.15662958822213113,8,false,0.013772475199997088,0.013772475199997088,false
255,true,0.7412748996349097,-1.0334821460614952e6,1.0409738711931506e6,0.5466029312228784,0.6815386589150876,8,false,0.013772475199997088,0.013772475199997088,false
255,true,0.9618856881508772,-1.033486229009569e6,1.0408108565341852e6,-0.5287293420406058,-0.5852869731606916,8,false,0.013772475199997088,0.013772475199997088,false
255,true,0.7205621484708202,-1.0335530245102919e6,1.0410208335624886e6,0.39373703638557345,0.7676975432550535,8,false,0.013772475199997088,0.013772475199997088,false
255,true,0.9959762632259074,-1.033525797761786e6,1.0410461023310106e6,-0.001902093063108623,-0.44815784110687673,8,false,0.013772475199997088,0.013772475199997088,false
255,true,0.9505312258135158,-1.0335561722374848e6,1.0409861519058512e6,-0.19733058323618025,-0.4583351837936789,8,false,0.013772475199997088,0.013772475199997088,false
255,true,0.82512213851845,-1.0335421701133779e6,1.0409600786597423e6,0.4095141781726852,0.5897746931295842,8,false,0.013772475199997088,0.013772475199997088,false
255,true,0.9936263097390351,-1.0334296889874608e6,1.0408937273305147e6,0.041893981280736625,-0.6413930772105232,8,false,0.013772475199997088,0.013772475199997088,false
255,true,0.9988607891910576,-1.0334452959445626e6,1.0407887794570193e6,-0.6744648374151438,-0.7182186791906133,8,false,0.013772475199997088,0.013772475199997088,false
255,true,0.9820040552874153,-1.0336234740530557e6,1.0410763569243804e6,0.044292704784311354,0.07442409545183182,8,false,0.013772475199997088,0.013772475199997088,false
255,true,0.953344128020737,-1.0335760993628541e6,1.0411447042639281e6,0.05261152132879943,0.15436316654086113,8,false,0.013772475199997088,0.013772475199997088,false
255,true,0.9993639666774876,-1.0336584103883775e6,1.0411424524149899e6,-0.02714582101907581,-0.13031047687400132,8,false,0.013772475199997088,0.013772475199997088,false
255,true,0.876557032712899,-1.0335532426537304e6,1.0410901684078324e6,0.3150749506894499,0.3452072044601664,8,false,0.013772475199997088,0.013772475199997088,false
255,true,0.9971642282855729,-1.0336159281347548e6,1.0410523193346059e6,-0.04611264285631478,-0.42410049156751484,8,false,0.013772475199997088,0.013772475199997088,false
255,true,0.9049161803426691,-1.0334154683377767e6,1.0409849907670007e6,-0.24658723536413163,0.3951492717023939,8,false,0.013772475199997088,0.013772475199997088,false
255,true,0.8833992620211011,-1.0335048652638163e6,1.0409171656663939e6,-0.03369090857449919,0.3590920667629689,8,false,0.013772475199997088,0.013772475199997088,false
255,true,0.8859419793041088,-1.0335123351954442e6,1.0409602691733935e6,-3.941217437386513e-5,0.3296826387522742,8,false,0.013772475199997088,0.013772475199997088,false
255,true,0.9722299748931761,-1.0335043638356171e6,1.0409391223182628e6,-0.05162189155817032,0.12054725177586079,8,false,0.013772475199997088,0.013772475199997088,false
255,true,0.9092390544694494,-1.0335306558204001e6,1.0409598834374564e6,0.06112185679376125,0.23664265626575798,8,false,0.013772475199997088,0.013772475199997088,false
255,true,0.9028496248779322,-1.0335591515016299e6,1.041036880904883e6,0.08828552637714893,0.29460789589211345,8,false,0.013772475199997088,0.013772475199997088,false
255,true,0.8328017076413723,-1.0335543012012326e6,1.0409246833910852e6,0.4559370018541813,0.5431990220677108,8,false,0.013772475199997088,0.013772475199997088,false
255,true,0.9911829204970679,-1.0335690818720837e6,1.0411068878386951e6,-0.05038686969783157,-0.6186558381887153,8,false,0.013772475199997088,0.013772475199997088,false
255,true,0.9939543170784533,-1.0337298592514772e6,1.0412386257393043e6,-0.06541823700536042,-0.5917964958352968,8,false,0.013772475199997088,0.013772475199997088,false
255,true,0.9987167824405495,-1.0336156169846373e6,1.0410666097441923e6,-0.0016500535421073437,-0.5467571686021984,8,false,0.013772475199997088,0.013772475199997088,false
255,true,0.9617471208387076,-1.0334917640043308e6,1.0410634611080866e6,-0.16028398764319718,-0.5259957098169252,8,false,0.013772475199997088,0.013772475199997088,false
255,true,0.994470620199488,-1.0335552824309035e6,1.0410995708776328e6,-0.13585178880020976,-0.3658198033226654,8,false,0.013772475199997088,0.013772475199997088,false
255,true,0.9975852184177406,-1.0335773269269728e6,1.0410370046466503e6,0.015858782804571092,-0.22943411208689213,8,false,0.013772475199997088,0.013772475199997088,false
255,true,0.8934779833509968,-1.0335688651074719e6,1.0410533184288098e6,0.2828835613327101,0.35212889837566763,8,false,0.013772475199997088,0.013772475199997088,false
255,true,0.9897755208021216,-1.0336132484295979e6,1.0411289058199441e6,-0.07979210175108165,-0.5252892191056162,8,false,0.013772475199997088,0.013772475199997088,false
255,true,0.9465948970805426,-1.0335960360920675e6,1.0411495767930313e6,-0.42112842353526503,-0.44604676694143564,8,false,0.013772475199997088,0.013772475199997088,false
255,true,0.923624658518367,-1.0333970839534724e6,1.0411072263329494e6,-0.0029163190629333258,0.1877279723994434,8,false,0.013772475199997088,0.013772475199997088,false
255,true,0.9295101740088153,-1.0334286403647693e6,1.0407838637421805e6,0.09822018165141344,0.18913550721481442,8,false,0.013772475199997088,0.013772475199997088,false
255,true,0.9579262069050822,-1.0334075368340259e6,1.0407813187926785e6,0.012789057800546288,0.16986804455518723,8,false,0.013772475199997088,0.013772475199997088,false
255,true,0.8755419673118521,-1.0335462124816657e6,1.0409372848316609e6,0.012060212553478777,0.3938847075914964,8,false,0.013772475199997088,0.013772475199997088,false
255,true,0.9993623534666847,-1.0334184860273439e6,1.0408827015453804e6,-0.10398312413599342,-0.14156245870981365,8,false,0.013772475199997088,0.013772475199997088,false
255,true,0.8840799615953562,-1.0335775886101787e6,1.0409479399774745e6,0.2343416347866878,0.29910943540744483,8,false,0.013772475199997088,0.013772475199997088,false
255,true,0.9966539719997864,-1.0334330631750642e6,1.0410396086055737e6,-0.012083051726222038,-0.26324651075992733,8,false,0.013772475199997088,0.013772475199997088,false
255,true,0.9945068739944848,-1.033458835396963e6,1.0408613634129394e6,-0.11434928851667792,-0.27076006727293134,8,false,0.013772475199997088,0.013772475199997088,false
255,true,0.9840903773083018,-1.0334365997586041e6,1.040850850829359e6,0.001242664991877973,-0.1561450520530343,8,false,0.013772475199997088,0.013772475199997088,false
255,true,0.9815481383965856,-1.0335256849989699e6,1.04093703088898e6,0.0645337796304375,-0.14944179938174784,8,false,0.013772475199997088,0.013772475199997088,false
255,true,0.9947489904354915,-1.0336157120681194e6,1.0410029601180656e6,-0.07526950421743095,-0.2095358200604096,8,false,0.013772475199997088,0.013772475199997088,false
255,true,0.9731901323575025,-1.0333950897508063e6,1.0410513898410832e6,0.011124697048217058,-0.15573090326506644,8,false,0.013772475199997088,0.013772475199997088,false
255,true,0.996870242865295,-1.0334452293509092e6,1.0407953424859507e6,-0.03952671948354691,-0.15917200699914247,8,false,0.013772475199997088,0.013772475199997088,false
255,true,0.9809992923423901,-1.0334715112969346e6,1.0408701515531491e6,0.03053402458317578,-0.12054399377666414,8,false,0.013772475199997088,0.013772475199997088,false
255,true,0.999396094640989,-1.0335629987190539e6,1.0410305946131363e6,-0.05531202768906951,-0.16303504793904722,8,false,0.013772475199997088,0.013772475199997088,false
255,true,0.9529641985111361,-1.0334648681069427e6,1.0409385043591906e6,-0.005808140034787357,0.16572468809317797,8,false,0.013772475199997088,0.013772475199997088,false
255,true,0.9914333963401741,-1.0334994125605868e6,1.0409362251377363e6,-0.03755381843075156,-0.09672801289707422,8,false,0.013772475199997088,0.013772475199997088,false
255,true,0.9970996022714107,-1.0334482673264327e6,1.0408377401786202e6,-0.036411092965863645,-0.06061446841340512,8,false,0.013772475199997088,0.013772475199997088,false
255,true,0.9305636915041615,-1.0332205819648212e6,1.0406895698207469e6,0.0068159077782183886,0.16202669334597886,8,false,0.013772475199997088,0.013772475199997088,false
255,true,0.9410500349741413,-1.033262500587512e6,1.0407006835323948e6,0.004321695305407047,0.1498100325698033,8,false,0.013772475199997088,0.013772475199997088,false
255,true,0.8396602159586318,-1.0334769293661276e6,1.0407624107101688e6,0.22942537534981966,0.3968576928600669,8,false,0.013772475199997088,0.013772475199997088,false
255,true,0.7667055281503646,-1.0334941957434323e6,1.0409704694287388e6,0.3921920305583626,0.7947821805719286,8,false,0.013772475199997088,0.013772475199997088,false
255,true,0.9839028285652429,-1.0335923096818038e6,1.0410112358397063e6,-0.021742131444625556,-0.6302059689769521,8,false,0.013772475199997088,0.013772475199997088,false
255,true,0.9749497500067427,-1.0335909104390502e6,1.0411588407764189e6,-0.5024152162950486,-0.6068046278087422,8,false,0.013772475199997088,0.013772475199997088,false
255,true,0.9927973633398344,-1.0335624727979298e6,1.0410949297499963e6,0.013382227276451886,-0.11581572401337326,8,false,0.013772475199997088,0.013772475199997088,false
255,true,0.9572791144136823,-1.0335383247287254e6,1.0410587024566358e6,0.09157365921419114,0.16777028003707528,8,false,0.013772475199997088,0.013772475199997088,false
255,true,0.9897942837585103,-1.0334280346685633e6,1.0409139495365166e6,0.009223233559168875,-0.2346046444727108,8,false,0.013772475199997088,0.013772475199997088,false
255,true,0.6716838409214032,-1.0335839566306026e6,1.0410185203981099e6,0.5338390966644511,1.096660117385909,8,false,0.013772475199997088,0.013772475199997088,false
255,true,0.9995998073620761,-1.0335254744473618e6,1.0410062875156906e6,-0.3350187101168558,-0.7699188262922689,8,false,0.013772475199997088,0.013772475199997088,false
255,true,0.9918211722464586,-1.0334434664235703e6,1.0410390177864779e6,-0.39189719955902547,-0.4295708159916103,8,false,0.013772475199997088,0.013772475199997088,false
255,true,0.9787384373291825,-1.0334876847644894e6,1.0408372405914331e6,-0.01378518482670188,0.08923324651550502,8,false,0.013772475199997088,0.013772475199997088,false
255,true,0.9769285391776897,-1.0334603950459758e6,1.0408579205677026e6,0.05714503466151655,0.07980210788082331,8,false,0.013772475199997088,0.013772475199997088,false
255,true,0.7910270917560814,-1.0336014372660895e6,1.0410191925759062e6,0.006726260995492339,0.5477777345804498,8,false,0.013772475199997088,0.013772475199997088,false
255,true,0.9641218287627873,-1.0336033457666755e6,1.0409862781299341e6,-0.0372459227219224,0.13730957312509418,8,false,0.013772475199997088,0.013772475199997088,false
255,true,0.8736758491594256,-1.033632948210981e6,1.0411430256265888e6,0.25961296958848834,0.32802357734180987,8,false,0.013772475199997088,0.013772475199997088,false
255,true,0.9989555864742999,-1.0336992011621821e6,1.0412795996247844e6,0.009445492178201675,-0.2879001355031505,8,false,0.013772475199997088,0.013772475199997088,false
255,true,0.8419974835066606,-1.0335617108230323e6,1.0412534487912975e6,-0.07643128174822778,0.5436821689363569,8,false,0.013772475199997088,0.013772475199997088,false
255,true,0.9736498655296417,-1.03369419277016e6,1.0412364569448731e6,0.1276736648287624,-0.2557923805434257,8,false,0.013772475199997088,0.013772475199997088,false
255,true,0.9993144733583849,-1.0334687359364858e6,1.0410548157366266e6,-0.03210053197108209,-0.38138005894143134,8,false,0.013772475199997088,0.013772475199997088,false
255,true,0.9742179893521454,-1.0334012390194352e6,1.0408917093800819e6,-0.3004166156752035,-0.3524473336292431,8,false,0.013772475199997088,0.013772475199997088,false
255,true,0.9799424166487074,-1.0334301641968447e6,1.0409842250680553e6,0.06263915647286922,0.095760882133618,8,false,0.013772475199997088,0.013772475199997088,false
255,true,0.8882730486455447,-1.0334346198679234e6,1.0409079523663786e6,0.15588423144072294,0.32723228982649744,8,false,0.013772475199997088,0.013772475199997088,false
255,true,0.6737206764740004,-1.0334355213294722e6,1.0408291206787848e6,-0.25352725060656667,1.1222211344866082,8,false,0.013772475199997088,0.013772475199997088,false
255,true,0.9657286135750563,-1.0334664112457372e6,1.0409242233200317e6,0.02608989947475493,0.07888754550367594,8,false,0.013772475199997088,0.013772475199997088,false
255,true,0.9362598040574905,-1.0335459595413288e6,1.0408048711721841e6,0.014500618795864284,0.17248151206877083,8,false,0.013772475199997088,0.013772475199997088,false
255,true,0.9932415274930976,-1.0334162320584932e6,1.0409787810868485e6,-0.03401380975265056,-0.0703867869451642,8,false,0.013772475199997088,0.013772475199997088,false
255,true,0.9072199684015058,-1.0334158149683066e6,1.0408985691432406e6,-0.0028027426451444626,0.2294097151607275,8,false,0.013772475199997088,0.013772475199997088,false
255,true,0.9376000668828488,-1.0334019890509982e6,1.0408909849523602e6,0.08368857123423368,0.16966706851962954,8,false,0.013772475199997088,0.013772475199997088,false
255,true,0.8232009089301104,-1.0334171712977386e6,1.0408463195543847e6,-0.0304040809860453,0.49782645516097546,8,false,0.013772475199997088,0.013772475199997088,false
255,true,0.9725508207330125,-1.0334228941718156e6,1.0408066185406711e6,0.007925175945274532,0.10019977355841547,8,false,0.013772475199997088,0.013772475199997088,false
255,true,0.9576005400128157,-1.0334391486398203e6,1.0408060218321276e6,0.12894417357165366,0.16282632539514452,8,false,0.013772475199997088,0.013772475199997088,false
255,true,0.8541436225263446,-1.0334407679493336e6,1.0410459002615742e6,0.004146510269492865,0.48379812319763005,8,false,0.013772475199997088,0.013772475199997088,false
255,true,0.860002200346731,-1.0334645024174629e6,1.0408441526731747e6,-0.17251989839132875,0.48827770294155926,8,false,0.013772475199997088,0.013772475199997088,false
255,true,0.8992507640396266,-1.0335852257217293e6,1.0411638259768466e6,0.21832159697078168,0.2571098356274888,8,false,0.013772475199997088,0.013772475199997088,false
255,true,0.882251384614112,-1.0333872641159325e6,1.0409149939894433e6,0.2652126632165164,0.4176772157661617,8,false,0.013772475199997088,0.013772475199997088,false
255,true,0.9996032200629964,-1.0334328333449762e6,1.0408492571615136e6,-0.12341248453594744,-0.5352869200287387,8,false,0.013772475199997088,0.013772475199997088,false
255,true,0.778184148779344,-1.0335323024613269e6,1.0408995814558698e6,-0.3314614244736731,0.7920776758110151,8,false,0.013772475199997088,0.013772475199997088,false
255,true,0.9410168251128195,-1.0335218398058286e6,1.0409830650958512e6,-0.060408980352804065,0.17743234056979418,8,false,0.013772475199997088,0.013772475199997088,false
255,true,0.9881613329048857,-1.033424296174045e6,1.0408580124274017e6,0.01711548725143075,0.040646336623467505,8,false,0.013772475199997088,0.013772475199997088,false
255,true,0.8838560845868055,-1.0334389835030498e6,1.0408728603781062e6,0.12778835068456829,0.2589235898340121,8,false,0.013772475199997088,0.013772475199997088,false
255,true,0.9140424960314686,-1.0334832771326717e6,1.0408434010945299e6,-0.022582110483199358,0.28761143516749144,8,false,0.013772475199997088,0.013772475199997088,false
255,true,0.9909709845636435,-1.0334094194292073e6,1.0409370199921185e6,-0.1036909765098244,-0.10599626216571778,8,false,0.013772475199997088,0.013772475199997088,false
255,true,0.8577467692451384,-1.0334269817327347e6,1.0409326416779711e6,-0.0022611365420743823,0.3240874067414552,8,false,0.013772475199997088,0.013772475199997088,false
255,true,0.9610311494689612,-1.0334686181540433e6,1.0407968197380998e6,0.051848518778569996,0.10253201390150934,8,false,0.013772475199997088,0.013772475199997088,false
255,true,0.9894499081934336,-1.0336471690454477e6,1.0410315936585129e6,0.02660839702002704,-0.07006554200779647,8,false,0.013772475199997088,0.013772475199997088,false
255,true,0.9770955671789022,-1.0336067381399311e6,1.0411911601337e6,0.03649415844120085,0.10026955395005643,8,false,0.013772475199997088,0.013772475199997088,false
255,true,0.9743373483495386,-1.033582753811821e6,1.041075278253515e6,0.06764314218889922,0.12695482489652932,8,false,0.013772475199997088,0.013772475199997088,false
255,true,0.9999946546590363,-1.0334642861256667e6,1.0409860802470305e6,-0.0887742325430736,-0.19595444935839623,8,false,0.013772475199997088,0.013772475199997088,false
255,true,0.9850312110706686,-1.0334456667788064e6,1.0409913768715481e6,-0.04563238855917007,-0.1130558765726164,8,false,0.013772475199997088,0.013772475199997088,false
255,true,0.9950297156501969,-1.0334740235149163e6,1.040852048440274e6,0.031083561363629997,-0.07175462110899389,8,false,0.013772475199997088,0.013772475199997088,false
255,true,0.7520369245685069,-1.0334694379607951e6,1.0409330072539434e6,0.3410554196452722,0.7012094348901883,8,false,0.013772475199997088,0.013772475199997088,false
255,true,0.9918470901686256,-1.0333979243259279e6,1.0408323822321622e6,-0.07177726353984326,-0.4461944280192256,8,false,0.013772475199997088,0.013772475199997088,false
255,true,0.9677352811985621,-1.0335467476933155e6,1.0409169136975786e6,-0.11228498129639775,-0.3765942382160574,8,false,0.013772475199997088,0.013772475199997088,false
255,true,0.995941584691887,-1.033570200534364e6,1.041074777280765e6,-0.017633183859288692,-0.2647141421912238,8,false,0.013772475199997088,0.013772475199997088,false
255,true,0.9983398744953095,-1.0336033584224237e6,1.0409606369196242e6,0.013339675380848348,-0.24204405397176743,8,false,0.013772475199997088,0.013772475199997088,false
255,true,0.5612073194184917,-1.0335632777774815e6,1.041055434029371e6,0.3081519394181669,1.6999404206871986,8,false,0.013772475199997088,0.013772475199997088,false
255,true,0.9988499235385488,-1.033548691722495e6,1.040910013756484e6,-0.5229383311234415,-0.5629744732286781,8,false,0.013772475199997088,0.013772475199997088,false
255,true,0.7906027980853519,-1.0334113351064635e6,1.0409181477973826e6,0.28324527223594487,0.5143378933425993,8,false,0.013772475199997088,0.013772475199997088,false
255,true,0.9383209864528953,-1.0333221352183233e6,1.0407140295488412e6,0.12603859463706613,-0.31331469863653183,8,false,0.013772475199997088,0.013772475199997088,false
255,true,0.9171507715598606,-1.0332574331292723e6,1.0407746198581646e6,-0.35313237737864256,-0.4168254964752123,8,false,0.013772475199997088,0.013772475199997088,false
255,true,0.9481166975704415,-1.033568566397957e6,1.0408351376189378e6,0.02156691811978817,0.18031257204711437,8,false,0.013772475199997088,0.013772475199997088,false
255,true,0.93330444477614,-1.0335464688159953e6,1.0410905225764978e6,-0.07327858789358288,0.22547279729042202,8,false,0.013772475199997088,0.013772475199997088,false
255,true,0.9161279015294899,-1.033530636535774e6,1.0409082738239988e6,0.024050326785072684,0.2319482567254454,8,false,0.013772475199997088,0.013772475199997088,false
255,true,0.7753884792912042,-1.0335810507799485e6,1.0409456820297482e6,0.1750644837738946,0.6224427585257217,8,false,0.013772475199997088,0.013772475199997088,false
255,true,0.9517054647531363,-1.033498315548802e6,1.0410761800730382e6,-0.1348769359756261,-0.23979385406710207,8,false,0.013772475199997088,0.013772475199997088,false
255,true,0.8887451549438243,-1.0334773419745222e6,1.0409536089880798e6,0.2430540268542245,0.3265647627413273,8,false,0.013772475199997088,0.013772475199997088,false
255,true,0.9752784065095552,-1.033515861019296e6,1.0409762988742653e6,-0.26783041015733033,-0.3216725777601823,8,false,0.013772475199997088,0.013772475199997088,false
255,true,0.9703306161965699,-1.0334460508740928e6,1.0409023199959026e6,0.10788873129058629,0.11791747715324163,8,false,0.013772475199997088,0.013772475199997088,false
255,true,0.996270480170917,-1.0336383859789252e6,1.041128657375201e6,-0.07489334675483406,-0.18915001687128097,8,false,0.013772475199997088,0.013772475199997088,false
255,true,0.906897720802257,-1.033657230911201e6,1.0411552436906619e6,-0.06453047867398709,0.2849958820734173,8,false,0.013772475199997088,0.013772475199997088,false
255,true,0.84985212480947,-1.033617599414171e6,1.0412818844988326e6,0.036739339237101376,0.37000680703204125,8,false,0.013772475199997088,0.013772475199997088,false
255,true,0.8916351953680413,-1.0335431784979138e6,1.041111146061487e6,0.14077110739890486,0.2956488581839949,8,false,0.013772475199997088,0.013772475199997088,false
255,true,0.9984529396684608,-1.0333730248346115e6,1.0408676511957374e6,-0.06944373983424157,-0.2140796243911609,8,false,0.013772475199997088,0.013772475199997088,false
255,true,0.7587956681258763,-1.0333597786835396e6,1.0407700866221304e6,-0.11329425894655287,0.7383666412206367,8,false,0.013772475199997088,0.013772475199997088,false
255,true,0.9577075971578863,-1.033376364523676e6,1.0409253091195772e6,0.11537969356868416,0.12298826349433511,8,false,0.013772475199997088,0.013772475199997088,false
255,true,0.9668474673251508,-1.0335853231978756e6,1.0409345678656402e6,0.07647035003174096,0.14681023464072496,8,false,0.013772475199997088,0.013772475199997088,false
255,true,0.940107827467793,-1.0334485357820332e6,1.0409597819405572e6,0.01835788891185075,0.25394055095966905,8,false,0.013772475199997088,0.013772475199997088,false
255,true,0.9381452636251433,-1.033500478908155e6,1.0409877815366936e6,-0.1602641048375517,0.2851310680853203,8,false,0.013772475199997088,0.013772475199997088,false
255,true,0.9796181906568309,-1.0334321075762458e6,1.040952747543834e6,-0.019643110455945134,0.11082897649612278,8,false,0.013772475199997088,0.013772475199997088,false
255,true,0.9886085579734643,-1.0333802936583392e6,1.040818958028678e6,-0.02668864279985428,-0.09076473512686789,8,false,0.013772475199997088,0.013772475199997088,false
255,true,0.8633744124393051,-1.0335174654041214e6,1.0409131035942609e6,0.045080309617333114,0.3587762644747272,8,false,0.013772475199997088,0.013772475199997088,false
255,true,0.9924301375648542,-1.0334267246122685e6,1.0409517344237637e6,-0.07286845601629466,-0.10321014770306647,8,false,0.013772475199997088,0.013772475199997088,false
255,true,0.9785460382054916,-1.0335443440314746e6,1.0410312784844697e6,0.04989765351638198,0.073159538093023,8,false,0.013772475199997088,0.013772475199997088,false
255,true,0.954591306689882,-1.0335578637906002e6,1.0409635843359827e6,-0.02520219108555466,0.14590438059531152,8,false,0.013772475199997088,0.013772475199997088,false
255,true,0.9459100661799785,-1.0334521221232826e6,1.0409265280863799e6,0.11856039916165173,0.14784764929208905,8,false,0.013772475199997088,0.013772475199997088,false
255,true,0.9553719958524701,-1.0334142530698112e6,1.0407932373919241e6,-0.10071881173644215,0.200090037076734,8,false,0.013772475199997088,0.013772475199997088,false
255,true,0.9854026620942756,-1.0333981543693289e6,1.0408332682444998e6,0.028731534024700522,-0.07230513903778046,8,false,0.013772475199997088,0.013772475199997088,false
255,true,0.9993298301786525,-1.0333618059717452e6,1.0407386462198136e6,-0.07298642478417605,-0.10587400081567466,8,false,0.013772475199997088,0.013772475199997088,false
255,true,0.9700882247182046,-1.0334641064252895e6,1.0408867273740905e6,0.0828398362500593,0.096557094482705,8,false,0.013772475199997088,0.013772475199997088,false
255,true,0.8563458233791476,-1.0334522177468116e6,1.0408836733700865e6,0.33655568095855415,0.38566125684883446,8,false,0.013772475199997088,0.013772475199997088,false
255,true,0.9638635657693403,-1.033467509189885e6,1.0410005640997562e6,0.17592519044410437,-0.42450571001973003,8,false,0.013772475199997088,0.013772475199997088,false
255,true,0.9594293988153416,-1.033493008486458e6,1.040875215570665e6,-0.30071994476020336,-0.6072884807363153,8,false,0.013772475199997088,0.013772475199997088,false
255,true,0.9116189280671676,-1.0335159282694795e6,1.0409973372894309e6,0.23467535490635782,0.3267428766703233,8,false,0.013772475199997088,0.013772475199997088,false
255,true,0.9868014371393924,-1.0335213268362959e6,1.0409682551347058e6,-0.04221864172723144,-0.5249533839523792,8,false,0.013772475199997088,0.013772475199997088,false
255,true,0.8729832131507422,-1.0334637668971367e6,1.0409447325865373e6,0.40333002794068307,0.5411892904667184,8,false,0.013772475199997088,0.013772475199997088,false
255,true,0.9960359356463182,-1.033481021535865e6,1.0410006589889507e6,-0.7761727262986824,-0.9024405545787886,8,false,0.013772475199997088,0.013772475199997088,false
255,true,0.9942806474354773,-1.033548583275336e6,1.0410255226910916e6,0.05131167348008603,-0.12489071232266724,8,false,0.013772475199997088,0.013772475199997088,false
255,true,0.9995595559706606,-1.0334970912574789e6,1.040745274557239e6,-0.014859492774121463,-0.18443565117195249,8,false,0.013772475199997088,0.013772475199997088,false
255,true,0.9975410250691137,-1.0335036982513164e6,1.0410700952661649e6,-0.06302927352953702,-0.16475973825436085,8,false,0.013772475199997088,0.013772475199997088,false
255,true,0.9705045269409427,-1.0335876770892703e6,1.0410795078614107e6,0.058657390996813774,0.131362849380821,8,false,0.013772475199997088,0.013772475199997088,false
255,true,0.6188094339735993,-1.0335663684664594e6,1.0411006446703549e6,0.05186777201015502,1.261906732339412,8,false,0.013772475199997088,0.013772475199997088,false
255,true,0.7305899684618392,-1.0334307369431471e6,1.0408694220440179e6,-0.1604613943491131,0.868480451987125,8,false,0.013772475199997088,0.013772475199997088,false
255,true,0.9955179728870348,-1.0334299563311759e6,1.0409539346364978e6,0.005207686801441014,-0.04970431188121438,8,false,0.013772475199997088,0.013772475199997088,false
255,true,0.9423506966789089,-1.033528520444998e6,1.0408433976511137e6,0.07043363875709474,0.16106682980898768,8,false,0.013772475199997088,0.013772475199997088,false
255,true,0.9701777216028372,-1.0335289544358118e6,1.0409285199304306e6,0.020453000906854868,0.13070684054400772,8,false,0.013772475199997088,0.013772475199997088,false
255,true,0.9872242310587338,-1.033520124558469e6,1.0409703711254491e6,-0.05075498518999666,-0.15806726866867393,8,false,0.013772475199997088,0.013772475199997088,false
255,true,0.9886093890222527,-1.0333784974967792e6,1.0408435511662066e6,-0.03833587921690196,-0.08850756823085248,8,false,0.013772475199997088,0.013772475199997088,false
255,true,0.9284188595270572,-1.0334301657210585e6,1.0407618856853493e6,0.0044272844679653645,0.21043823473155499,8,false,0.013772475199997088,0.013772475199997088,false
255,true,0.9930468858922864,-1.0335015207971924e6,1.0408302538372156e6,0.00886238890234381,-0.08341600256972015,8,false,0.013772475199997088,0.013772475199997088,false
255,true,0.7697481195837292,-1.0333854968367688e6,1.0408927387010726e6,0.15746957424562424,0.6318271239288151,8,false,0.013772475199997088,0.013772475199997088,false
255,true,0.9712527591106207,-1.033376821887367e6,1.0407286842163951e6,-0.18237885367125273,-0.23961163125932217,8,false,0.013772475199997088,0.013772475199997088,false
255,true,0.9523624321075741,-1.0333693398178393e6,1.0408147486302571e6,0.08597604662645608,0.14481241290923208,8,false,0.013772475199997088,0.013772475199997088,false
255,true,0.9710723660317249,-1.0333800393813108e6,1.0408861630382382e6,-0.06952529889531434,-0.14524106995668262,8,false,0.013772475199997088,0.013772475199997088,false
255,true,0.9757085691665649,-1.0336172281318054e6,1.0409563739348926e6,-0.02796591364312917,0.09199511120095849,8,false,0.013772475199997088,0.013772475199997088,false
255,true,0.9805212667801908,-1.0334917348020946e6,1.0409782608134982e6,0.0032819241750985384,0.06980675656814128,8,false,0.013772475199997088,0.013772475199997088,false
255,true,0.8800885016672497,-1.0335570742823781e6,1.0410287731624251e6,0.24224505422171205,0.2987897696439177,8,false,0.013772475199997088,0.013772475199997088,false
255,true,0.9721915542120608,-1.0334985947434779e6,1.0410154819496528e6,0.04122366476804018,-0.2816932040732354,8,false,0.013772475199997088,0.013772475199997088,false
255,true,0.9901411074730243,-1.0334611976498837e6,1.0409583678848662e6,-0.3184099531499669,-0.32050178584177047,8,false,0.013772475199997088,0.013772475199997088,false
255,true,0.5520173269720812,-1.0336060608163609e6,1.0409778603518786e6,0.28326155024114996,1.4133830786449835,8,false,0.013772475199997088,0.013772475199997088,false
255,true,0.9839414110638348,-1.0335210569721159e6,1.0409844838277836e6,-0.27201862493529916,-0.29518153658136725,8,false,0.013772475199997088,0.013772475199997088,false
255,true,0.919707865484082,-1.0334440665522313e6,1.0409249774798361e6,0.14257423917297274,0.20232260727789253,8,false,0.013772475199997088,0.013772475199997088,false
255,true,0.9547112469908721,-1.0335651528089166e6,1.0409571169354703e6,0.08938716514967382,0.1777149571571499,8,false,0.013772475199997088,0.013772475199997088,false
255,true,0.987365524666039,-1.033528325395961e6,1.041047771009788e6,-0.09083508199546486,-0.2503037533024326,8,false,0.013772475199997088,0.013772475199997088,false
255,true,0.9903896278237726,-1.0335752115497697e6,1.0410450904562838e6,0.09371084289159626,-0.15517094475217164,8,false,0.013772475199997088,0.013772475199997088,false
255,true,0.9942497426088688,-1.0334764331797763e6,1.0410112844362855e6,-0.14481208543293178,-0.24562595936004072,8,false,0.013772475199997088,0.013772475199997088,false
255,true,0.9991008175570287,-1.033452303093677e6,1.0409742835366235e6,-0.06976063083857298,-0.10213140724226832,8,false,0.013772475199997088,0.013772475199997088,false
255,true,0.8828410894568102,-1.0335389659495428e6,1.0409873233375435e6,0.031680427491664886,0.2964066443964839,8,false,0.013772475199997088,0.013772475199997088,false
255,true,0.9812351270156925,-1.0334037813192147e6,1.0409323690781583e6,-0.010869597317650914,0.08690435416065156,8,false,0.013772475199997088,0.013772475199997088,false
255,true,0.8885436246151304,-1.0335153690061611e6,1.0409814305305129e6,-0.009287726017646492,0.2871451766695827,8,false,0.013772475199997088,0.013772475199997088,false
255,true,0.9896604607561414,-1.0335154599030233e6,1.0409790219161978e6,-0.00888500886503607,0.04767724045086652,8,false,0.013772475199997088,0.013772475199997088,false
255,true,0.9703280310457623,-1.0334952256215474e6,1.0409686449685396e6,0.00014418771024793386,0.10164808772969991,8,false,0.013772475199997088,0.013772475199997088,false
255,true,0.8247940100937105,-1.0337148251035656e6,1.0412078604069825e6,0.2562681750860065,0.41146890458185226,8,false,0.013772475199997088,0.013772475199997088,false
255,true,0.9392891246292192,-1.0337285683191742e6,1.0412419452925128e6,0.23614298412576318,-0.297427256940864,8,false,0.013772475199997088,0.013772475199997088,false
255,true,0.9763300655002481,-1.0335104012440179e6,1.0411663306357827e6,-0.4881811060477048,-0.5227373295929283,8,false,0.013772475199997088,0.013772475199997088,false
255,true,0.9981381032592374,-1.0334069965028584e6,1.0410156650031006e6,-0.013726760167628527,-0.05018815957009792,8,false,0.013772475199997088,0.013772475199997088,false
255,true,0.8272596417724671,-1.0335378549928286e6,1.0408520371395807e6,0.31590427306946367,0.4107480861712247,8,false,0.013772475199997088,0.013772475199997088,false
255,true,0.9428066008956203,-1.0334650706041292e6,1.0409872499237104e6,-0.35084816708695143,-0.36261902656406164,8,false,0.013772475199997088,0.013772475199997088,false
255,true,0.7929010907586915,-1.0334470195503545e6,1.0410006320607928e6,0.11096621584147215,0.48152904270682484,8,false,0.013772475199997088,0.013772475199997088,false
255,true,0.9727004541520236,-1.033659335429663e6,1.0410806252077582e6,0.06999760947655886,0.1321168807335198,8,false,0.013772475199997088,0.013772475199997088,false
255,true,0.9988730689431202,-1.0335463309006301e6,1.0410592924212209e6,-0.037869069492444396,-0.17941016098484397,8,false,0.013772475199997088,0.013772475199997088,false
255,true,0.9904657558423374,-1.0334697535085462e6,1.0410105775775901e6,-0.01154369255527854,-0.13376675941981375,8,false,0.013772475199997088,0.013772475199997088,false
255,true,0.9943508742792269,-1.0336008927274136e6,1.0410333280636312e6,0.049360986333340406,-0.13974178454373032,8,false,0.013772475199997088,0.013772475199997088,false
255,true,0.978185658230019,-1.0333452830358049e6,1.0408783604408433e6,-0.10148751270025969,-0.1732626467710361,8,false,0.013772475199997088,0.013772475199997088,false
255,true,0.9219250415451508,-1.0333749198043076e6,1.0406868685632965e6,0.20505344588309526,0.20726459647994488,8,false,0.013772475199997088,0.013772475199997088,false
255,true,0.7917983248041641,-1.0335228803183957e6,1.0408914825011326e6,-0.1231827896554023,0.6896288718562573,8,false,0.013772475199997088,0.013772475199997088,false
255,true,0.8215903746415293,-1.0334980755189854e6,1.0409962132379604e6,0.12957355997059494,0.5363359233597293,8,false,0.013772475199997088,0.013772475199997088,false
255,true,0.9888834708582552,-1.0335181711623799e6,1.0409626426303339e6,-0.24115567584522069,-0.29350907378830016,8,false,0.013772475199997088,0.013772475199997088,false
255,true,0.991587590215427,-1.0334572908042679e6,1.0409092520387348e6,0.0433193693170324,0.05410431954078376,8,false,0.013772475199997088,0.013772475199997088,false
255,true,0.9659791313245741,-1.0334863376787859e6,1.0409373979407717e6,-0.008387727779336274,0.12180736672598869,8,false,0.013772475199997088,0.013772475199997088,false
255,true,0.9730159566601807,-1.0334760803115589e6,1.0410091616123226e6,0.035690857912413776,0.11164805118460208,8,false,0.013772475199997088,0.013772475199997088,false
255,true,0.9908094226942633,-1.0334799471634172e6,1.0408839892589619e6,0.010255457367748022,-0.1100593333831057,8,false,0.013772475199997088,0.013772475199997088,false
255,true,0.9752327108989229,-1.0335285740514247e6,1.041076650835415e6,0.07400789903476834,-0.11923920456320047,8,false,0.013772475199997088,0.013772475199997088,false
255,true,0.9248799208714343,-1.0334416748913574e6,1.0409263463161539e6,-0.12778536032419652,0.25438632362056524,8,false,0.013772475199997088,0.013772475199997088,false
255,true,0.9115149358893799,-1.0335282378628213e6,1.0409420549976532e6,-0.03346503304783255,0.2576796233188361,8,false,0.013772475199997088,0.013772475199997088,false
255,true,0.9706642345610366,-1.0336539812699526e6,1.0411718699417887e6,0.0619782981229946,0.09846758272033185,8,false,0.013772475199997088,0.013772475199997088,false
255,true,0.9446181373648818,-1.0334691748643599e6,1.0411549341357285e6,-0.04289725690614432,0.1762564203236252,8,false,0.013772475199997088,0.013772475199997088,false
255,true,0.9841910351674267,-1.0334796759617347e6,1.0409224808626857e6,0.06001789856236428,0.07836293103173375,8,false,0.013772475199997088,0.013772475199997088,false
255,true,0.9904281085267452,-1.0335192152362836e6,1.0410254458233492e6,-0.06707834044937044,-0.12750633421819657,8,false,0.013772475199997088,0.013772475199997088,false
255,true,0.8122349225956114,-1.0334771752579327e6,1.0409078362061077e6,0.017288327915593982,0.4896843899041414,8,false,0.013772475199997088,0.013772475199997088,false
255,true,0.9565526707047795,-1.0334291431967864e6,1.0408861574499286e6,-0.015743105439469218,0.157475036685355,8,false,0.013772475199997088,0.013772475199997088,false
255,true,0.9224310912302197,-1.0334293272009774e6,1.0408638347514959e6,0.027378903003409505,0.19481031585019082,8,false,0.013772475199997088,0.013772475199997088,false
255,true,0.9989741823923306,-1.033327430714018e6,1.0407491974455746e6,0.004602778819389641,-0.0893818192416802,8,false,0.013772475199997088,0.013772475199997088,false
255,true,0.9906568443389656,-1.0334523357718134e6,1.0407639979694592e6,-0.02440803241916001,0.092363340430893,8,false,0.013772475199997088,0.013772475199997088,false
255,true,0.871461732606116,-1.033354883120017e6,1.0407718637753583e6,0.027246104087680578,0.3631159671349451,8,false,0.013772475199997088,0.013772475199997088,false
255,true,0.996354396119362,-1.0335494888537591e6,1.0408696913049379e6,-0.01754354126751423,-0.08882862993050367,8,false,0.013772475199997088,0.013772475199997088,false
255,true,0.8018762433228086,-1.0335134013057647e6,1.040967444757429e6,0.04605549923144281,0.5099505303660408,8,false,0.013772475199997088,0.013772475199997088,false
255,true,0.9903003688853166,-1.0335461021757408e6,1.0410144288500453e6,-0.03414643311407417,-0.11613880551885813,8,false,0.013772475199997088,0.013772475199997088,false
255,true,0.9834875550048405,-1.0335127272946337e6,1.0411808689084272e6,-0.022172095137648284,0.08669501391705126,8,false,0.013772475199997088,0.013772475199997088,false
255,true,0.997044432994097,-1.0334687180055459e6,1.0409751090285712e6,-0.02300822373945266,-0.07163011026568711,8,false,0.013772475199997088,0.013772475199997088,false
255,true,0.9727924234223975,-1.0334021675899422e6,1.0409397286269505e6,-0.04279092128854245,0.09215114684775472,8,false,0.013772475199997088,0.013772475199997088,false
255,true,0.8464356128878604,-1.0335052068577376e6,1.040820821033227e6,0.16478832717984915,0.3594620390795171,8,false,0.013772475199997088,0.013772475199997088,false
255,true,0.9937169124679619,-1.0334004529408728e6,1.0409692272339051e6,-0.11852165043819696,-0.16666346311103553,8,false,0.013772475199997088,0.013772475199997088,false
255,true,0.9053148734892286,-1.0335785940718924e6,1.0409486663692448e6,0.09302513604052365,0.21537153248209506,8,false,0.013772475199997088,0.013772475199997088,false
255,true,1.0,-1.0334292401169804e6,1.0409388279335697e6,-0.02339292550459504,-0.13626367063261569,8,false,0.013772475199997088,0.013772475199997088,false
255,true,0.9901186901302923,-1.0334831605075947e6,1.0409066911320058e6,-0.033871471299789846,-0.1025716537842527,8,false,0.013772475199997088,0.013772475199997088,false
255,true,0.9132065451855678,-1.0333846523490298e6,1.0408307810041702e6,0.15198395668994635,0.25440269289538264,8,false,0.013772475199997088,0.013772475199997088,false
255,true,0.9999989245799346,-1.0334073796372919e6,1.0407607970722496e6,-0.056657517212443054,-0.22934589046053588,8,false,0.013772475199997088,0.013772475199997088,false
255,true,0.9844790259944545,-1.0333917668488122e6,1.0408168641337319e6,-0.15086919732857496,-0.16217847121879458,8,false,0.013772475199997088,0.013772475199997088,false
255,true,0.9023414547088098,-1.0333918146377526e6,1.0407618149655985e6,0.06857296626549214,0.24264371418394148,8,false,0.013772475199997088,0.013772475199997088,false
255,true,0.9929552064987568,-1.0335191477744593e6,1.0409296818496715e6,0.05814055446535349,-0.0994884284446016,8,false,0.013772475199997088,0.013772475199997088,false
255,true,0.9994739095253657,-1.033619744177079e6,1.0411351756248655e6,-0.03827212005853653,-0.16121828695759177,8,false,0.013772475199997088,0.013772475199997088,false
255,true,0.9676098095842396,-1.0335438781048596e6,1.0410232050846444e6,-0.016262379358522594,0.127202610950917,8,false,0.013772475199997088,0.013772475199997088,false
255,true,0.9600657033778178,-1.0336127128004661e6,1.041057905031523e6,-0.09872059314511716,0.13448940531816334,8,false,0.013772475199997088,0.013772475199997088,false
255,true,0.4606322484142405,-1.0334991003350101e6,1.0410988418459874e6,0.03986863140016794,1.9628133397782221,8,false,0.013772475199997088,0.013772475199997088,false
255,true,0.9658980456943765,-1.0334842229888197e6,1.04100612001427e6,0.0736970208818093,0.09645992214791477,8,false,0.013772475199997088,0.013772475199997088,false
255,true,0.8182315556890832,-1.0334314261657863e6,1.0409546115145239e6,0.2799861708190292,0.49176035448908806,8,false,0.013772475199997088,0.013772475199997088,false
255,true,0.9999227140549204,-1.0333892367563761e6,1.0409141321717922e6,-0.3420921815559268,-0.3727841451764107,8,false,0.013772475199997088,0.013772475199997088,false
255,true,0.8717021928687136,-1.0335031938886668e6,1.0408515185249122e6,0.19254947744775563,0.28770473413169384,8,false,0.013772475199997088,0.013772475199997088,false
255,true,0.9986318121405985,-1.0334833036541743e6,1.0409019077786714e6,-0.2060241923900321,-0.23878214019350708,8,false,0.013772475199997088,0.013772475199997088,false
255,true,0.8961714027795236,-1.0334846205833224e6,1.040968688624552e6,0.07834346347954124,0.24287206784356385,8,false,0.013772475199997088,0.013772475199997088,false
255,true,0.996182281085772,-1.0334765584839322e6,1.0408064566778488e6,-0.07303250534459949,-0.10653100290801376,8,false,0.013772475199997088,0.013772475199997088,false
255,true,0.8779021208053999,-1.0334819362367974e6,1.0410226990916263e6,0.27609751431737095,0.31419203081168234,8,false,0.013772475199997088,0.013772475199997088,false
255,true,0.9756007920864229,-1.0333318646042192e6,1.0407785643192863e6,-0.22544580628164113,-0.33153115026652813,8,false,0.013772475199997088,0.013772475199997088,false
255,true,0.9823325317185285,-1.0335130513922042e6,1.0408222298183234e6,-0.034672503592446446,0.10122984589543194,8,false,0.013772475199997088,0.013772475199997088,false
255,true,0.9985390651967562,-1.0335064531882245e6,1.0410242155626162e6,-0.018672468257136643,-0.06273238698486239,8,false,0.013772475199997088,0.013772475199997088,false
255,true,0.8685441414605023,-1.033476364816235e6,1.0410198641194019e6,0.07691179192624986,0.32529406680259854,8,false,0.013772475199997088,0.013772475199997088,false
255,true,0.9306145612192073,-1.0333286333713838e6,1.0407107200595145e6,0.1408079288667068,0.23640012042596936,8,false,0.013772475199997088,0.013772475199997088,false
255,true,0.997760909469124,-1.0336310870974277e6,1.0409322619642473e6,-0.21177299180999398,-0.26387818658258766,8,false,0.013772475199997088,0.013772475199997088,false
255,true,0.9344614855718438,-1.0334183473349953e6,1.0409780813940385e6,0.10126058419700712,0.18153007829096168,8,false,0.013772475199997088,0.013772475199997088,false
255,true,0.9507778148892616,-1.0334402194721428e6,1.0407753059404533e6,-0.060121382237412035,0.18320270243566483,8,false,0.013772475199997088,0.013772475199997088,false
255,true,0.7441095892777557,-1.0334365242137105e6,1.040768594381503e6,0.6266027704114094,0.7124821819597855,8,false,0.013772475199997088,0.013772475199997088,false
255,true,0.9957741088324729,-1.0333408724476908e6,1.040768084336936e6,-0.5617294269613922,-0.6997871603816748,8,false,0.013772475199997088,0.013772475199997088,false
255,true,0.9981189467822079,-1.0334678297739178e6,1.0407683625071787e6,-0.03269133984576911,-0.13087018369697034,8,false,0.013772475199997088,0.013772475199997088,false
255,true,0.9949180275085564,-1.0335710502703345e6,1.0410644354426957e6,-0.04473438404966146,-0.10869601729791611,8,false,0.013772475199997088,0.013772475199997088,false
255,true,0.9954597242685339,-1.03343408917381e6,1.041026071668014e6,-0.06522512447554618,-0.0777363603701815,8,false,0.013772475199997088,0.013772475199997088,false
255,true,0.9845787137557362,-1.0334533585592776e6,1.0408838591753625e6,0.029245694167912006,0.04905820463318378,8,false,0.013772475199997088,0.013772475199997088,false
255,true,0.9297850323919531,-1.0336236632622917e6,1.0410560098672309e6,0.15174658654723316,0.1913492011372,8,false,0.013772475199997088,0.013772475199997088,false
255,true,0.9969982151903903,-1.0333733559206246e6,1.0409775604413983e6,-0.06172293482813984,-0.19024626619648188,8,false,0.013772475199997088,0.013772475199997088,false
255,true,0.9903315571985656,-1.0333984101736975e6,1.0409234978677139e6,-0.11032467533368617,-0.12528772291261703,8,false,0.013772475199997088,0.013772475199997088,false
255,true,0.9851543039154793,-1.0333862761872014e6,1.0408405075450959e6,0.014169393922202289,0.0617414943408221,8,false,0.013772475199997088,0.013772475199997088,false
255,true,0.845636784415917,-1.0334357306651997e6,1.0408222758295847e6,0.05371083365753293,0.3823598064482212,8,false,0.013772475199997088,0.013772475199997088,false
255,true,0.9918707615269912,-1.0335436876495399e6,1.0409150336693532e6,-0.052708208560943604,-0.0851980084553361,8,false,0.013772475199997088,0.013772475199997088,false
255,true,0.9568417386155292,-1.0335435083728601e6,1.0411074423147783e6,-0.014205976272933185,0.119480921770446,8,false,0.013772475199997088,0.013772475199997088,false
255,true,0.8817722132689307,-1.0335351822244737e6,1.0409509322149758e6,0.045425669639371336,0.2756107138702646,8,false,0.013772475199997088,0.013772475199997088,false
255,true,0.9529251532373173,-1.0334476838676516e6,1.0409848875865358e6,-0.024978790315799415,0.14212967921048403,8,false,0.013772475199997088,0.013772475199997088,false
255,true,0.8510572642507402,-1.0335135021574188e6,1.0409592413364762e6,0.3245912925340235,0.38387734175194055,8,false,0.013772475199997088,0.013772475199997088,false
255,true,0.9908696199557504,-1.0334228225945982e6,1.0408756205114208e6,-0.3175814589485526,-0.3489865236915648,8,false,0.013772475199997088,0.013772475199997088,false
255,true,0.9319290615994532,-1.0334482296920626e6,1.0408446261243378e6,0.10095329291652888,0.1775681247236207,8,false,0.013772475199997088,0.013772475199997088,false
255,true,0.9343269086595719,-1.0334643007966883e6,1.040894667244523e6,-0.0014864683616906404,0.22991141374222934,8,false,0.013772475199997088,0.013772475199997088,false
255,true,0.9888186154750181,-1.0334900013795377e6,1.0409119592667978e6,-0.06706862710416317,-0.12986058311071247,8,false,0.013772475199997088,0.013772475199997088,false
255,true,0.7407070125989976,-1.0336337943716506e6,1.0410640747876769e6,-0.007015910581685603,0.7218045964837074,8,false,0.013772475199997088,0.013772475199997088,false
255,true,0.7063805648813637,-1.0335329294782527e6,1.0410990461774374e6,0.17321404034737498,0.8335635092807934,8,false,0.013772475199997088,0.013772475199997088,false
255,true,0.938504977272577,-1.033451831808688e6,1.0408633469997883e6,0.05749906867276877,0.27291001530829817,8,false,0.013772475199997088,0.013772475199997088,false
255,true,0.9879388523353088,-1.033470160608251e6,1.0409636301622405e6,-0.24489941471256316,-0.3121903372230008,8,false,0.013772475199997088,0.013772475199997088,false
255,true,0.901914738762101,-1.0334392386029456e6,1.0408216625734357e6,0.06525139894802123,0.26682821090798825,8,false,0.013772475199997088,0.013772475199997088,false
255,true,0.8212615397573907,-1.0336149644888089e6,1.0410498526475283e6,0.0827548666857183,0.5298616316867992,8,false,0.013772475199997088,0.013772475199997088,false
255,true,0.9994299234426396,-1.033555218853744e6,1.0410367847555e6,-0.057394062052480876,-0.22230564954224974,8,false,0.013772475199997088,0.013772475199997088,false
255,true,0.9950936777936082,-1.0333552890904666e6,1.0408661273829623e6,-0.023968548397533596,-0.1433348247082904,8,false,0.013772475199997088,0.013772475199997088,false
255,true,0.9372339396539214,-1.0334086215116739e6,1.0407247206174497e6,0.022190529038198292,0.21914476377423853,8,false,0.013772475199997088,0.013772475199997088,false
255,true,0.9961666035532825,-1.0335220638363649e6,1.0408818846515182e6,-0.07795748801436275,-0.14484422549139708,8,false,0.013772475199997088,0.013772475199997088,false
255,true,0.9991144574275879,-1.0334594907137252e6,1.0409998220677561e6,-0.01655289577320218,-0.072746382211335,8,false,0.013772475199997088,0.013772475199997088,false
255,true,0.879664011308706,-1.0336149806806642e6,1.0410132475568725e6,0.05383529141545296,0.3103354040067643,8,false,0.013772475199997088,0.013772475199997088,false
255,true,0.9809768947217753,-1.0333302315507224e6,1.041000532378367e6,0.05320136551745236,-0.10994818340986967,8,false,0.013772475199997088,0.013772475199997088,false
255,true,0.9982276568390219,-1.033432333406998e6,1.040767637406041e6,-0.03118735773023218,-0.1640266585163772,8,false,0.013772475199997088,0.013772475199997088,false
255,true,0.6956219075233548,-1.0334285179240196e6,1.0408959848404693e6,0.8050650979857892,0.9251844285754487,8,false,0.013772475199997088,0.013772475199997088,false
255,true,0.9834150635347076,-1.0333296563916927e6,1.0407525927585302e6,-0.8257357479305938,-0.8972139607649297,8,false,0.013772475199997088,0.013772475199997088,false
255,true,0.9376245645640826,-1.033411261890793e6,1.0406868537658708e6,0.03253511758521199,0.22500132699497044,8,false,0.013772475199997088,0.013772475199997088,false
255,true,0.965444562109506,-1.0334893330355923e6,1.0408839106522264e6,-0.05322085553780198,0.1670541149796918,8,false,0.013772475199997088,0.013772475199997088,false
255,true,0.8537136219276833,-1.033545848882556e6,1.0408838657637994e6,0.22214457509107888,0.39259184221737087,8,false,0.013772475199997088,0.013772475199997088,false
255,true,0.9156359284834314,-1.0334519401540271e6,1.04100176978557e6,-0.019361480954103172,0.3332827785052359,8,false,0.013772475199997088,0.013772475199997088,false
255,true,0.9986131988757689,-1.0334715307577663e6,1.0408930152189268e6,-0.16481286101043224,-0.27753002929966897,8,false,0.013772475199997088,0.013772475199997088,false
255,true,0.9050164265429114,-1.0334954540835377e6,1.0409803765903332e6,0.1892811720026657,0.2921660977881402,8,false,0.013772475199997088,0.013772475199997088,false
255,true,0.9967884991479177,-1.0335356381410315e6,1.0409417929549487e6,-0.028974785935133696,-0.3257690746104345,8,false,0.013772475199997088,0.013772475199997088,false
255,true,0.8474052219985624,-1.0334476043367463e6,1.0409587139910476e6,0.14813396718818694,0.5171087514609098,8,false,0.013772475199997088,0.013772475199997088,false
255,true,0.9935942156341521,-1.033430690166318e6,1.0409175289379997e6,-0.05759044166188687,-0.4376457678154111,8,false,0.013772475199997088,0.013772475199997088,false
255,true,0.9999823766065351,-1.0333674131950589e6,1.040765628969259e6,-0.026971909101121128,-0.37985372892580926,8,false,0.013772475199997088,0.013772475199997088,false
255,true,0.6546118225495833,-1.0336280072742694e6,1.0409690586986998e6,1.1640000317711383,1.2583648059517145,8,false,0.013772475199997088,0.013772475199997088,false
255,true,0.9694280985432221,-1.0335413689795294e6,1.0411655170262897e6,-0.987278523738496,-1.4837408006424084,8,false,0.013772475199997088,0.013772475199997088,false
255,true,0.9665446634160773,-1.0335064919437441e6,1.0410305061958431e6,0.1272542345104739,-0.5111322056036443,8,false,0.013772475199997088,0.013772475199997088,false
255,true,0.9962503911220233,-1.033507360910528e6,1.0409532765738214e6,-0.1486614509485662,-0.6643442359054461,8,false,0.013772475199997088,0.013772475199997088,false
255,true,0.9746461279525814,-1.0334662519464424e6,1.0409497870280369e6,-0.4354951257118955,-0.48521825985517353,8,false,0.013772475199997088,0.013772475199997088,false
255,true,0.8139477356499384,-1.0335535482136552e6,1.041001205634631e6,0.3741711408365518,0.46607868932187557,8,false,0.013772475199997088,0.013772475199997088,false
255,true,0.877077974774861,-1.0334181674002565e6,1.0408848222069909e6,-0.2595419925637543,0.5110928721260279,8,false,0.013772475199997088,0.013772475199997088,false
255,true,0.9962744831257822,-1.0333806168705401e6,1.0407509512373407e6,0.025230200961232185,-0.17699509765952826,8,false,0.013772475199997088,0.013772475199997088,false
255,true,0.999996313810293,-1.0334772244121548e6,1.0407769354932467e6,-0.16123181174043566,-0.20354840601794422,8,false,0.013772475199997088,0.013772475199997088,false
255,true,0.9967305971969175,-1.0335584505787092e6,1.0409991675558852e6,0.00111870258115232,-0.04953128728084266,8,false,0.013772475199997088,0.013772475199997088,false
255,true,0.9052735895206038,-1.0335256689479154e6,1.0410468275162368e6,0.07010854384861887,0.24245811882428825,8,false,0.013772475199997088,0.013772475199997088,false
255,true,0.9532794389473495,-1.0337113755676916e6,1.0410841964715747e6,-0.07615793135482818,0.1617393596097827,8,false,0.013772475199997088,0.013772475199997088,false
255,true,0.413796698394051,-1.0335388163915807e6,1.0411625603850504e6,0.3864059892948717,2.484463935950771,8,false,0.013772475199997088,0.013772475199997088,false
255,true,0.927188521511407,-1.0334420979015891e6,1.0409391058331829e6,0.2297338368371129,-0.43235427036415786,8,false,0.013772475199997088,0.013772475199997088,false
255,true,0.9835800674724594,-1.0334826372188682e6,1.0409556261236172e6,0.022580469027161598,-0.667994404444471,8,false,0.013772475199997088,0.013772475199997088,false
255,true,0.9999353476538128,-1.0334634544014116e6,1.0411172777239807e6,-0.01457745535299182,-0.6900524327065796,8,false,0.013772475199997088,0.013772475199997088,false
255,true,0.9947788339963586,-1.03343960660131e6,1.041051360368797e6,-0.4881434488343075,-0.6676197127671912,8,false,0.013772475199997088,0.013772475199997088,false
255,true,0.8462846272199344,-1.0334401214814895e6,1.0407869523850473e6,0.3822106748120859,0.45379046199377626,8,false,0.013772475199997088,0.013772475199997088,false
255,true,0.8825738885286453,-1.033470697154582e6,1.0408557522678461e6,-0.10719888610765338,-0.553599413135089,8,false,0.013772475199997088,0.013772475199997088,false
255,true,0.9998401560697939,-1.0335660580434686e6,1.0410359721900383e6,-0.06707580562215298,-0.45553954027127475,8,false,0.013772475199997088,0.013772475199997088,false
255,true,0.9864019675340598,-1.0335368260285329e6,1.0410940163350911e6,-0.23164994572289288,-0.3676660767523572,8,false,0.013772475199997088,0.013772475199997088,false
255,true,0.9684071182399411,-1.0335178863295633e6,1.0408822915995794e6,0.1383032986195758,-0.1635603962931782,8,false,0.013772475199997088,0.013772475199997088,false
255,true,0.9981317872149628,-1.033528992690488e6,1.0410133430738949e6,-0.10594858042895794,-0.28411945840343833,8,false,0.013772475199997088,0.013772475199997088,false
255,true,0.9998027972497188,-1.0333683438994967e6,1.040815055399865e6,-0.05829395796172321,-0.19741221005097032,8,false,0.013772475199997088,0.013772475199997088,false
255,true,0.911459961081692,-1.0333813468606711e6,1.0408497515924062e6,-0.11505254765506834,0.2822014410048723,8,false,0.013772475199997088,0.013772475199997088,false
255,true,0.8987663490428912,-1.0334179169073809e6,1.0407664388529588e6,0.19771012640558183,0.2390401231823489,8,false,0.013772475199997088,0.013772475199997088,false
255,true,0.9888874446936402,-1.0334364434088431e6,1.040781167232221e6,-0.1617673330474645,-0.23294089292176068,8,false,0.013772475199997088,0.013772475199997088,false
255,true,0.9894925857113687,-1.0334316526330416e6,1.0409717250257784e6,0.023002987494692206,-0.05783482547849417,8,false,0.013772475199997088,0.013772475199997088,false
255,true,0.9973931445592904,-1.0334346785150731e6,1.0407157837774944e6,-0.050999895902350545,-0.08932481578085572,8,false,0.013772475199997088,0.013772475199997088,false
255,true,0.9283942690316096,-1.0334755603963159e6,1.040917257966666e6,0.14302846940699965,0.18397713743615896,8,false,0.013772475199997088,0.013772475199997088,false
255,true,0.9871400710017519,-1.0335002005447107e6,1.0409613943365515e6,-0.057911927229724824,-0.1707047806121409,8,false,0.013772475199997088,0.013772475199997088,false
255,true,0.9860688610984305,-1.0334861522967829e6,1.0410434375484947e6,-0.05103960179258138,-0.09844879037700593,8,false,0.013772475199997088,0.013772475199997088,false
255,true,0.998387445600904,-1.0334581872867564e6,1.0408478669881971e6,0.007272906717844307,-0.07918219908606261,8,false,0.013772475199997088,0.013772475199997088,false
255,true,0.9606427015280097,-1.0334359761926228e6,1.040899277804998e6,0.01612399599980563,0.13096113491337746,8,false,0.013772475199997088,0.013772475199997088,false
255,true,0.6037029681573884,-1.0334155276076264e6,1.0408508853950284e6,0.1996431810548529,1.2512998678721488,8,false,0.013772475199997088,0.013772475199997088,false
255,true,0.9967273603759511,-1.033355152315402e6,1.0407097795922509e6,-0.1343383793719113,-0.2917771866777912,8,false,0.013772475199997088,0.013772475199997088,false
255,true,0.9442005833280147,-1.0333732952369611e6,1.0407017352181791e6,-0.06968416657764465,0.19023700756952167,8,false,0.013772475199997088,0.013772475199997088,false
255,true,0.9203828036108602,-1.0333179435025352e6,1.0407642540621101e6,0.13269650738220662,0.2299688159255311,8,false,0.013772475199997088,0.013772475199997088,false
255,true,0.99778928279162,-1.0333673276383097e6,1.0406679941333359e6,-0.05300425027962774,-0.21380248642526567,8,false,0.013772475199997088,0.013772475199997088,false
255,true,0.944636123338314,-1.0334873044227033e6,1.040789949617255e6,-0.0734886199934408,0.22022749646566808,8,false,0.013772475199997088,0.013772475199997088,false
255,true,0.9256534452570283,-1.0333603585909912e6,1.040818280195806e6,0.11737823951989412,0.2168245924403891,8,false,0.013772475199997088,0.013772475199997088,false
255,true,0.9287709915876419,-1.0335385499732628e6,1.0409663230240112e6,0.07219240930862725,0.25182986655272543,8,false,0.013772475199997088,0.013772475199997088,false
255,true,0.8620250041934951,-1.0335662322867311e6,1.0409556114031549e6,-0.03099851799197495,0.5116217684699222,8,false,0.013772475199997088,0.013772475199997088,false
255,true,0.5529112378843053,-1.0335606802530667e6,1.0410718640284978e6,1.0379285855451599,1.700573404901661,8,false,0.013772475199997088,0.013772475199997088,false
255,true,1.0,-1.0335674894575771e6,1.0409893637299326e6,-0.45642304234206676,-1.2646126591134816,8,false,0.013772475199997088,0.013772475199997088,false
255,true,0.9835126944820272,-1.033553061790172e6,1.0411070122737623e6,-0.5669101878302172,-0.8095015562139452,8,false,0.013772475199997088,0.013772475199997088,false
255,true,0.7243115382995373,-1.0334931720544818e6,1.0409619985526891e6,-0.20783233491238207,0.8989784735022113,8,false,0.013772475199997088,0.013772475199997088,false
255,true,0.9492188231299064,-1.033476398511478e6,1.040991717561028e6,0.07899314805399626,0.15180671121925116,8,false,0.013772475199997088,0.013772475199997088,false
255,true,0.9515369881969522,-1.0334248165543843e6,1.040965178444066e6,-0.009034018847160041,0.16766183800064027,8,false,0.013772475199997088,0.013772475199997088,false
255,true,0.9935510598484023,-1.0334795652716985e6,1.0408883212792041e6,-0.01691894477698952,-0.1252332148142159,8,false,0.013772475199997088,0.013772475199997088,false
255,true,0.9178013170882837,-1.0335499575309819e6,1.0410191408572411e6,0.2190645090304315,0.25970435270573944,8,false,0.013772475199997088,0.013772475199997088,false
255,true,0.725828764530292,-1.0336759607542049e6,1.0412512705359763e6,0.05398666730616242,0.9540189723484218,8,false,0.013772475199997088,0.013772475199997088,false
255,true,0.7644447675065043,-1.0337335492724703e6,1.041359779880481e6,-0.21193468279670924,0.8540773454587907,8,false,0.013772475199997088,0.013772475199997088,false
255,true,0.9210064548968974,-1.0336145265124951e6,1.0412714441968015e6,0.082099829451181,0.2873737564077601,8,false,0.013772475199997088,0.013772475199997088,false
255,true,0.9979027862466411,-1.0333835934855777e6,1.0409150733787346e6,-0.08113506122026592,-0.23280742799397558,8,false,0.013772475199997088,0.013772475199997088,false
255,true,0.9940363524634793,-1.0334186098025322e6,1.0409747800204493e6,-0.018729014787822962,-0.1585627947933972,8,false,0.013772475199997088,0.013772475199997088,false
255,true,0.890485448749809,-1.0334862730207565e6,1.0408783866567244e6,0.28687514388002455,0.3379251442383975,8,false,0.013772475199997088,0.013772475199997088,false
255,true,0.8989618817100813,-1.0334936768463635e6,1.0411010468421634e6,-0.2530312651069835,0.4091438438044861,8,false,0.013772475199997088,0.013772475199997088,false
255,true,0.9854177601011122,-1.0335531004726351e6,1.0410220690550413e6,-0.09822522499598563,-0.16129515634384006,8,false,0.013772475199997088,0.013772475199997088,false
255,true,0.8919442397291045,-1.0335333680166093e6,1.0410277380661698e6,-0.03410557296592742,0.29670489160344005,8,false,0.013772475199997088,0.013772475199997088,false
255,true,0.713517562201206,-1.033467208180877e6,1.0410517326013173e6,0.27826728264335543,0.7782155256718397,8,false,0.013772475199997088,0.013772475199997088,false
255,true,0.9227305212751975,-1.03342510082287e6,1.0408660193291921e6,-0.1891960713546723,-0.3092285976745188,8,false,0.013772475199997088,0.013772475199997088,false
255,true,0.8652238982389585,-1.0335003496709997e6,1.0408777190571377e6,-0.01869248691946268,0.3928044445347041,8,false,0.013772475199997088,0.013772475199997088,false
255,true,0.9994385134744938,-1.033418531718355e6,1.040843263065263e6,-0.11093410546891391,-0.12265139061491936,8,false,0.013772475199997088,0.013772475199997088,false
255,true,0.9906278425779814,-1.033398731249294e6,1.040713941852133e6,0.010762888356111944,0.04129899467807263,8,false,0.013772475199997088,0.013772475199997088,false
255,true,0.8200412968949465,-1.0334291558963185e6,1.0407621742911031e6,0.14587302249856293,0.4246106813661754,8,false,0.013772475199997088,0.013772475199997088,false
255,true,0.9756865265523805,-1.0335608808893218e6,1.0409584430482906e6,0.028149437974207103,-0.1654491777298972,8,false,0.013772475199997088,0.013772475199997088,false
255,true,0.9640706080302317,-1.0335428669640612e6,1.0410345856381401e6,-0.08921206893865019,0.19183985353447497,8,false,0.013772475199997088,0.013772475199997088,false
255,true,0.9424393586494116,-1.0334871817857702e6,1.0409281333803185e6,0.17239806428551674,0.18918490677606314,8,false,0.013772475199997088,0.013772475199997088,false
255,true,0.9514845485519419,-1.033469828168537e6,1.0409436406244144e6,-0.1862538397544995,-0.24285870464518666,8,false,0.013772475199997088,0.013772475199997088,false
255,true,0.9999898652824007,-1.0334544267705572e6,1.0408894535368092e6,-0.05227345007006079,-0.09437123232055455,8,false,0.013772475199997088,0.013772475199997088,false
255,true,0.9853597844998578,-1.0335635352897838e6,1.0409858961893051e6,-0.014335298328660429,0.06278753431979567,8,false,0.013772475199997088,0.013772475199997088,false
255,true,0.9522402358688911,-1.0334592583941777e6,1.0410250051620014e6,0.06491980864666402,0.12117210822179914,8,false,0.013772475199997088,0.013772475199997088,false
255,true,0.9927649664228397,-1.0334789368977871e6,1.0408873073921811e6,-0.023382135550491512,-0.08712534082587808,8,false,0.013772475199997088,0.013772475199997088,false
255,true,0.9605665740462015,-1.0335460835850392e6,1.0409484617695934e6,0.030760666937567294,0.1260070982389152,8,false,0.013772475199997088,0.013772475199997088,false
255,true,0.9848962229049134,-1.0335530016196967e6,1.0409830273976276e6,0.03215959342196584,0.08670029044151306,8,false,0.013772475199997088,0.013772475199997088,false
255,true,0.99485036880039,-1.0334143066438134e6,1.0407196182232503e6,-0.032894947566092014,-0.12235352012794465,8,false,0.013772475199997088,0.013772475199997088,false
255,true,0.9541908219846988,-1.0335983047494971e6,1.0410304757502318e6,0.07337619876489043,0.1839220499387011,8,false,0.013772475199997088,0.013772475199997088,false
255,true,0.9867795746351806,-1.0336402985893335e6,1.0410449022391802e6,0.06769417272880673,-0.14689030649606138,8,false,0.013772475199997088,0.013772475199997088,false
255,true,0.9934813301652566,-1.0333781048933829e6,1.0410447021801024e6,-0.0662328222533688,-0.22524635982699692,8,false,0.013772475199997088,0.013772475199997088,false
255,true,0.9995119237904239,-1.0334325770136641e6,1.0407976878002724e6,-0.007775273988954723,-0.17937850824091583,8,false,0.013772475199997088,0.013772475199997088,false
255,true,0.8326822596172138,-1.0334814722273126e6,1.0408454210892704e6,-0.05305609561037272,0.5039112146478146,8,false,0.013772475199997088,0.013772475199997088,false
255,true,0.8153149330574432,-1.0335095800380962e6,1.0410011946819085e6,0.4402444901643321,0.5233097265008837,8,false,0.013772475199997088,0.013772475199997088,false
255,true,0.9929796289468715,-1.0334839129205047e6,1.0408327133450668e6,-0.2799548867624253,-0.5195290303090587,8,false,0.013772475199997088,0.013772475199997088,false
255,true,0.9027846634132777,-1.0334737719483476e6,1.0410299072231292e6,0.2595028621144593,0.34889187279623,8,false,0.013772475199997088,0.013772475199997088,false
255,true,0.9070859390725742,-1.0335173690192874e6,1.0409377472004993e6,-0.4912922888761386,-0.5350016423035413,8,false,0.013772475199997088,0.013772475199997088,false
255,true,0.9631056010872465,-1.0334614169809986e6,1.040888215470069e6,0.027654427802190185,0.104832514654845,8,false,0.013772475199997088,0.013772475199997088,false
255,true,0.975725223950819,-1.0335124131064455e6,1.0409526591201837e6,0.027681173873133957,0.09729316108860075,8,false,0.013772475199997088,0.013772475199997088,false
255,true,0.9720789824342089,-1.0335400545361204e6,1.0410542348372529e6,0.022806642926298082,0.10602594318334013,8,false,0.013772475199997088,0.013772475199997088,false
255,true,0.9875602626880318,-1.0334902088752881e6,1.0409735181464965e6,-0.05562893918249756,-0.11510810058098286,8,false,0.013772475199997088,0.013772475199997088,false
255,true,0.9826136573813812,-1.0335545993001699e6,1.0410366694387292e6,-0.0229572911048308,0.07027561380527914,8,false,0.013772475199997088,0.013772475199997088,false
255,true,0.9634335933383656,-1.0334823820119138e6,1.0409842569841477e6,0.0472275527426973,0.10948036960326135,8,false,0.013772475199997088,0.013772475199997088,false
255,true,0.9752885315350454,-1.0334232860335303e6,1.0409120096002395e6,0.037808480323292315,0.10020503157284111,8,false,0.013772475199997088,0.013772475199997088,false
255,true,0.9998365803943788,-1.0334815500817158e6,1.0409413249902755e6,-0.018518160097301006,-0.11662438220810145,8,false,0.013772475199997088,0.013772475199997088,false
255,true,0.9141971863648782,-1.0333704386655614e6,1.0408443517634678e6,0.143071242258884,0.2558051171945408,8,false,0.013772475199997088,0.013772475199997088,false
255,true,0.990998407372301,-1.0333999590444218e6,1.0408111955020553e6,-0.09321359044406563,-0.24298729421570897,8,false,0.013772475199997088,0.013772475199997088,false
255,true,0.9930274857197,-1.0333580550796719e6,1.0407176811903612e6,-0.11788822151720524,-0.1440858489368111,8,false,0.013772475199997088,0.013772475199997088,false
255,true,0.9596942868740479,-1.0334884822486582e6,1.0407774588706439e6,0.04223830997943878,0.09686101006809622,8,false,0.013772475199997088,0.013772475199997088,false
255,true,0.9929564215231372,-1.033673548787809e6,1.040959279344311e6,-0.0093562884721905,-0.062355357338674366,8,false,0.013772475199997088,0.013772475199997088,false
255,true,0.9780028218435696,-1.0336484170175187e6,1.0412638938320515e6,0.02361754875164479,0.0931901236763224,8,false,0.013772475199997088,0.013772475199997088,false
255,true,0.9423010663566515,-1.0336908207028672e6,1.0411014487887073e6,0.01063795224763453,0.18058939627371728,8,false,0.013772475199997088,0.013772475199997088,false
255,true,0.9970901458428302,-1.0335890899021435e6,1.0411825986308405e6,-0.024699829518795013,-0.10030413628555834,8,false,0.013772475199997088,0.013772475199997088,false
255,true,0.849286955357767,-1.0334265532125485e6,1.0410098940358248e6,0.03708047000691295,0.4083020824473351,8,false,0.013772475199997088,0.013772475199997088,false
255,true,0.9973584998176808,-1.033360208231369e6,1.0407502703248179e6,-0.08609092177357525,-0.11819307878613472,8,false,0.013772475199997088,0.013772475199997088,false
255,true,0.9951833166835435,-1.0334975114929246e6,1.0408275664563435e6,0.013198268366977572,-0.04240530414972454,8,false,0.013772475199997088,0.013772475199997088,false
255,true,0.83027292329136,-1.0335721212849134e6,1.0410308876961974e6,0.04697980196215212,0.4144667540676892,8,false,0.013772475199997088,0.013772475199997088,false
255,true,0.9883715107347235,-1.0337186137601223e6,1.0412665621623871e6,-0.0057918987004086375,-0.0873256417689845,8,false,0.013772475199997088,0.013772475199997088,false
255,true,0.8786458434608789,-1.033503035893678e6,1.0411915415861536e6,-0.03919714177027345,0.3205636215861887,8,false,0.013772475199997088,0.013772475199997088,false
255,true,0.6890929451357358,-1.0335423970143334e6,1.0409851286894244e6,0.11464245803654194,0.8405569092137739,8,false,0.013772475199997088,0.013772475199997088,false
255,true,0.9997299907174617,-1.0334649045834244e6,1.0409022469885139e6,-0.031631842255592346,-0.158760822028853,8,false,0.013772475199997088,0.013772475199997088,false
255,true,0.9961901836555147,-1.0335535641149019e6,1.0409845611244411e6,-0.027574551408179104,-0.12417287018615752,8,false,0.013772475199997088,0.013772475199997088,false
255,true,0.8886537475044134,-1.0335810254544356e6,1.0410646555306966e6,-0.019170490209944546,0.31303254154045135,8,false,0.013772475199997088,0.013772475199997088,false
255,true,0.907427529277479,-1.0334245626626464e6,1.0408989050221972e6,-0.030563494889065623,0.2535024428507313,8,false,0.013772475199997088,0.013772475199997088,false
255,true,0.9978954987402746,-1.0335584740382043e6,1.040834810371824e6,-0.009214027435518801,-0.05019446450751275,8,false,0.013772475199997088,0.013772475199997088,false
255,true,0.9141313032716241,-1.0335825706837289e6,1.0411281737229306e6,0.0030397746013477445,0.2114190144930035,8,false,0.013772475199997088,0.013772475199997088,false
255,true,0.8721818279579754,-1.0334844969504655e6,1.0410448859444186e6,0.14963100082241,0.31525560515001416,8,false,0.013772475199997088,0.013772475199997088,false
255,true,0.9765055071326628,-1.0333800479610173e6,1.0408781477143506e6,-0.0031264275312423706,-0.18753720284439623,8,false,0.013772475199997088,0.013772475199997088,false
255,true,0.9346445979198907,-1.0333342459363318e6,1.0406754292980743e6,0.13296876766253263,0.23875667620450258,8,false,0.013772475199997088,0.013772475199997088,false
255,true,0.9636147432429412,-1.0335742538585312e6,1.0408507236428142e6,0.010570600628852844,-0.30785515683237463,8,false,0.013772475199997088,0.013772475199997088,false
255,true,0.9826005794128247,-1.0335039308665615e6,1.0410444324451429e6,-0.1875780288828537,-0.29872160335071385,8,false,0.013772475199997088,0.013772475199997088,false
255,true,0.9874179759805906,-1.0336223582836426e6,1.0410938428202748e6,0.015073068789206445,-0.11989514180459082,8,false,0.013772475199997088,0.013772475199997088,false
255,true,0.8151387544558959,-1.0335646466277726e6,1.0412257859036352e6,0.439897628268227,0.5491979033686221,8,false,0.013772475199997088,0.013772475199997088,false
255,true,0.9340635711398582,-1.0335726858274823e6,1.0410563757316277e6,-0.4632217960897833,-0.5843688291497529,8,false,0.013772475199997088,0.013772475199997088,false
255,true,0.7353526954995695,-1.0336231484694658e6,1.0411278445259514e6,0.011969010694883764,0.7746997659560293,8,false,0.013772475199997088,0.013772475199997088,false
255,true,0.9844120014455899,-1.0336641680606909e6,1.0411322739249142e6,-0.014703118009492755,-0.10939929774031043,8,false,0.013772475199997088,0.013772475199997088,false
255,true,0.9840556818820344,-1.0336509553671483e6,1.0410978031529309e6,-0.001820096862502396,-0.11611363815609366,8,false,0.013772475199997088,0.013772475199997088,false
255,true,0.7946863708565785,-1.0334363232769016e6,1.0409565609613603e6,0.3414955852786079,0.5875030886381865,8,false,0.013772475199997088,0.013772475199997088,false
255,true,0.9647003059116325,-1.0333821690776722e6,1.0408071008464512e6,-0.11629701196216047,-0.4559313046047464,8,false,0.013772475199997088,0.013772475199997088,false
255,true,0.9911306803695273,-1.0333140304655897e6,1.0406896891464851e6,-0.33885253639891744,-0.3531672393437475,8,false,0.013772475199997088,0.013772475199997088,false
255,true,0.9636944917386484,-1.0333266876322296e6,1.0407134339849296e6,-0.02191095403395593,0.107309052022174,8,false,0.013772475199997088,0.013772475199997088,false
255,true,0.9266151815746,-1.0333652675019273e6,1.0407511506976619e6,0.05010199232492596,0.15101994795259088,8,false,0.013772475199997088,0.013772475199997088,false
255,true,0.9598445190409557,-1.0333189309877084e6,1.040741247945555e6,0.06675927061587572,0.1294321835739538,8,false,0.013772475199997088,0.013772475199997088,false
255,true,0.8163120215791771,-1.0336062826443729e6,1.0409232066419944e6,-0.061991119058802724,0.5055037026759237,8,false,0.013772475199997088,0.013772475199997088,false
255,true,0.9702075281994016,-1.0335082285904767e6,1.0411117936669139e6,0.0024842940038070083,0.09979198349174112,8,false,0.013772475199997088,0.013772475199997088,false
255,true,0.9362638719948757,-1.033387505831424e6,1.0409021042599606e6,-0.012316082487814128,0.1709388478193432,8,false,0.013772475199997088,0.013772475199997088,false
255,true,0.572727089041166,-1.03349344080293e6,1.0408797610347287e6,0.7857875486370176,1.3357281881617382,8,false,0.013772475199997088,0.013772475199997088,false
255,true,0.9701085629970706,-1.0333736429143522e6,1.0408542531758584e6,-0.697911586612463,-0.7937640068121254,8,false,0.013772475199997088,0.013772475199997088,false
255,true,0.9863546868566069,-1.033362877756092e6,1.0407877938158136e6,-0.007625441299751401,-0.12315657723229378,8,false,0.013772475199997088,0.013772475199997088,false
255,true,0.9027675345403049,-1.0333330711742039e6,1.0407159083073604e6,0.022324070218019187,0.3052856178255752,8,false,0.013772475199997088,0.013772475199997088,false
255,true,0.6887343710772903,-1.0334076251810837e6,1.0407560168671568e6,0.09225066844373941,0.9605217162752524,8,false,0.013772475199997088,0.013772475199997088,false
255,true,0.99861841796261,-1.0334031545661042e6,1.0409174220798257e6,-0.03542739246040583,-0.22433965175878257,8,false,0.013772475199997088,0.013772475199997088,false
255,true,0.9403552893532234,-1.0334497600837903e6,1.0408772051657457e6,0.12086674303282052,0.23233032878488302,8,false,0.013772475199997088,0.013772475199997088,false
255,true,0.9978356123876017,-1.0335854786117448e6,1.0410463057844449e6,-0.3003585507394746,-0.3123654759256169,8,false,0.013772475199997088,0.013772475199997088,false
255,true,0.7453559012148351,-1.0335511028107007e6,1.0410491536916603e6,0.07451784971635789,0.6472716012503952,8,false,0.013772475199997088,0.013772475199997088,false
255,true,0.9179542872845505,-1.0334961438081198e6,1.0410531661702137e6,-0.05327975552063435,0.23937462293542922,8,false,0.013772475199997088,0.013772475199997088,false
255,true,0.996093757648679,-1.0335006638928237e6,1.0409972174837854e6,0.0025262427516281605,-0.047894513816572726,8,false,0.013772475199997088,0.013772475199997088,false
255,true,0.9930734953671373,-1.0334843796162853e6,1.0408501318639512e6,-0.0037077079759910703,-0.05341701186262071,8,false,0.013772475199997088,0.013772475199997088,false
255,true,0.9857045358773564,-1.0334849170942475e6,1.0408205005957375e6,0.0182893262244761,0.07501680741552263,8,false,0.013772475199997088,0.013772475199997088,false
255,true,0.8514783584889593,-1.0335223741011954e6,1.0408287447834777e6,0.10106601275037974,0.3899296795716509,8,false,0.013772475199997088,0.013772475199997088,false
255,true,0.8657915127687505,-1.0333649487995708e6,1.0408448202197003e6,0.0729881371371448,0.41691356303635985,8,false,0.013772475199997088,0.013772475199997088,false
255,true,0.9949701405371971,-1.0334991816120662e6,1.0408163325257876e6,-0.15828096505720168,-0.21524991584010422,8,false,0.013772475199997088,0.013772475199997088,false
255,true,0.6612191506492097,-1.0335109607125963e6,1.0410348661955607e6,-0.010113620548509061,0.9719530021538958,8,false,0.013772475199997088,0.013772475199997088,false
255,true,0.9478240887923293,-1.0334148544025095e6,1.0409016459385264e6,0.11184252880048007,0.16816397570073605,8,false,0.013772475199997088,0.013772475199997088,false
255,true,0.9867065273684814,-1.03347868611999e6,1.0409158014792907e6,-0.0402022716589272,-0.1753567459527403,8,false,0.013772475199997088,0.013772475199997088,false
255,true,0.9989292658283933,-1.0334842121039039e6,1.0408876625842593e6,-0.08911874529439956,-0.13297869369853288,8,false,0.013772475199997088,0.013772475199997088,false
255,true,0.9667000214338703,-1.0335018701530157e6,1.0409432179024552e6,-0.03277214372064918,0.09793880092911422,8,false,0.013772475199997088,0.013772475199997088,false
255,true,0.9426554908507241,-1.0334458163727758e6,1.0409873170863672e6,-0.0044370535761117935,0.13294467644300312,8,false,0.013772475199997088,0.013772475199997088,false
255,true,0.8515663787778094,-1.0334638745305792e6,1.040882122922767e6,0.2807176981586963,0.3521538858767599,8,false,0.013772475199997088,0.013772475199997088,false
255,true,0.9325001560730539,-1.0334793944784461e6,1.0408794648804605e6,-0.1841727972496301,-0.282861647894606,8,false,0.013772475199997088,0.013772475199997088,false
255,true,0.9161858264165738,-1.0335024748991415e6,1.040945751130979e6,0.21288371295668185,0.2390580140054226,8,false,0.013772475199997088,0.013772475199997088,false
255,true,0.9669179610836103,-1.0333705017185649e6,1.0408228298274372e6,-0.17202977288980037,-0.3016157007077709,8,false,0.013772475199997088,0.013772475199997088,false
255,true,0.9639594192110236,-1.0334991275556316e6,1.0408974302526995e6,0.08386176580097526,0.15898699616082013,8,false,0.013772475199997088,0.013772475199997088,false
255,true,0.9729896716828126,-1.0333626710649094e6,1.0408680423258084e6,0.0585435131797567,-0.2207756832940504,8,false,0.013772475199997088,0.013772475199997088,false
255,true,0.9935258228961782,-1.033547429980664e6,1.040733956670032e6,-0.20941256894730031,-0.2830322607187554,8,false,0.013772475199997088,0.013772475199997088,false
255,true,0.9889369349720467,-1.0334457024200679e6,1.0407828553000044e6,0.02424541872460395,-0.07084339112043381,8,false,0.013772475199997088,0.013772475199997088,false
255,true,0.9321525221834239,-1.0334673117908482e6,1.0409547993264631e6,-0.03825099486857653,0.2199280186323449,8,false,0.013772475199997088,0.013772475199997088,false
255,true,0.9951506704623286,-1.0336185017345109e6,1.0410349297140389e6,-0.03599695407319814,-0.04956036643125117,8,false,0.013772475199997088,0.013772475199997088,false
255,true,0.7390497951943782,-1.0334272447332622e6,1.0410580655321425e6,0.23626318154856563,0.6612416780553758,8,false,0.013772475199997088,0.013772475199997088,false
255,true,0.9809944520712769,-1.033373403513532e6,1.0407851099169165e6,-0.05483213230036199,-0.2416072569321841,8,false,0.013772475199997088,0.013772475199997088,false
255,true,0.9826666101493721,-1.0334213869970146e6,1.0407305608707652e6,0.03613918833434582,-0.1999132668133825,8,false,0.013772475199997088,0.013772475199997088,false
255,true,0.9954182497445547,-1.0333539374651557e6,1.0407213160179876e6,0.005715810460969806,-0.24229015677701682,8,false,0.013772475199997088,0.013772475199997088,false
255,true,0.8646938695055869,-1.0334902090523028e6,1.0409638205994386e6,-0.18155741377267987,0.4722472181310877,8,false,0.013772475199997088,0.013772475199997088,false
255,true,0.8301699069178257,-1.033477342102443e6,1.04100180026656e6,-0.040915113873779774,0.4630577062489465,8,false,0.013772475199997088,0.013772475199997088,false
255,true,0.9845644535580206,-1.0335843477771067e6,1.041033361871388e6,0.032659318298101425,0.05647748941555619,8,false,0.013772475199997088,0.013772475199997088,false
255,true,0.9925248132233455,-1.0336857248876665e6,1.0411740098991104e6,-0.001031638472341001,-0.053781398688443005,8,false,0.013772475199997088,0.013772475199997088,false
255,true,0.9762373881227083,-1.0335302197802912e6,1.0411983182565551e6,0.04653115151450038,0.08744788775220513,8,false,0.013772475199997088,0.013772475199997088,false
255,true,0.9866833925429801,-1.0335612237201344e6,1.0410405448624116e6,0.034561329521238804,-0.10124721948523074,8,false,0.013772475199997088,0.013772475199997088,false
255,true,0.9997919010018216,-1.0335520251114703e6,1.0409830364115267e6,-0.037977791973389685,-0.13714031351264566,8,false,0.013772475199997088,0.013772475199997088,false
255,true,0.9893238508293768,-1.0334824348799924e6,1.0409216678701406e6,-0.07783338229637593,-0.09867258532904088,8,false,0.013772475199997088,0.013772475199997088,false
255,true,0.921836170628162,-1.03343260209276e6,1.0410118063831462e6,0.0026153207290917635,0.18954261695034802,8,false,0.013772475199997088,0.013772475199997088,false
255,true,0.9815446897265503,-1.0334982302861392e6,1.0408976929936552e6,-0.023279059096239507,0.06587422848679125,8,false,0.013772475199997088,0.013772475199997088,false
255,true,0.7817831275391817,-1.0334953878330075e6,1.0410040939447888e6,0.5023144407896325,0.5269907102920115,8,false,0.013772475199997088,0.013772475199997088,false
255,true,0.8901989004307609,-1.0335227925357459e6,1.0410213496498577e6,-0.29239577904809266,-0.4946755348937586,8,false,0.013772475199997088,0.013772475199997088,false
255,true,0.9455079949389993,-1.0334936111789786e6,1.0410067499700347e6,-0.12026165635325015,0.22416001581586897,8,false,0.013772475199997088,0.013772475199997088,false
255,true,0.9541309258844508,-1.0333108075834499e6,1.0407737277958838e6,-0.02258619701024145,0.15913678822107613,8,false,0.013772475199997088,0.013772475199997088,false
255,true,0.7617506599727136,-1.0333547930891645e6,1.0408412072945938e6,0.36769214703235775,0.6393520854180679,8,false,0.013772475199997088,0.013772475199997088,false
255,true,0.9172782487351431,-1.0334029903449246e6,1.0406776938232045e6,-0.34936144237872213,-0.4377624709159136,8,false,0.013772475199997088,0.013772475199997088,false
255,true,0.9972565511243371,-1.0334300570001033e6,1.0407142896232426e6,0.003139156731776893,-0.08738772512879223,8,false,0.013772475199997088,0.013772475199997088,false
255,true,0.8583569941422763,-1.0336713559874508e6,1.0410913073254105e6,0.2700641576666385,0.3745086536509916,8,false,0.013772475199997088,0.013772475199997088,false
255,true,0.8540242769006129,-1.0334656529112685e6,1.0411523658069054e6,0.16061727283522487,0.5301140352385119,8,false,0.013772475199997088,0.013772475199997088,false
255,true,0.9533153393133992,-1.0334349994939086e6,1.0407747439375953e6,0.08530897879973054,-0.48218076943885535,8,false,0.013772475199997088,0.013772475199997088,false
255,true,0.978653078575395,-1.0334293426806272e6,1.0409295906214276e6,-0.14903013221919537,-0.5828197378432378,8,false,0.013772475199997088,0.013772475199997088,false
255,true,0.9692838515008594,-1.0334482533426115e6,1.0408512970289472e6,-0.06530588585883379,-0.44445746985729784,8,false,0.013772475199997088,0.013772475199997088,false
255,true,0.9152205234775778,-1.0334877363938754e6,1.0409114700363724e6,-0.19021391414571553,-0.39468266803305596,8,false,0.013772475199997088,0.013772475199997088,false
255,true,0.977395483821385,-1.0335301563915302e6,1.0410368662595558e6,-0.04944276006426662,-0.18158628279343247,8,false,0.013772475199997088,0.013772475199997088,false
255,true,0.9767738200415961,-1.0335117294778153e6,1.0407679610761907e6,-0.106145471916534,0.14275079569779336,8,false,0.013772475199997088,0.013772475199997088,false
255,true,0.9172384240730822,-1.0334998422697951e6,1.0410275592930479e6,0.011413602973334491,0.21883388597052544,8,false,0.013772475199997088,0.013772475199997088,false
255,true,0.8724107019637499,-1.0335182657580763e6,1.0408045220618027e6,0.07310614350717515,0.32694611325860023,8,false,0.013772475199997088,0.013772475199997088,false
255,true,0.9362407916069916,-1.0334430266672868e6,1.0408655509051171e6,-0.06607174058444798,0.21483842912130058,8,false,0.013772475199997088,0.013772475199997088,false
255,true,0.9451404584208242,-1.0334602896475355e6,1.0408604252858025e6,0.13038554857484996,0.15754846669733524,8,false,0.013772475199997088,0.013772475199997088,false
255,true,0.9945890220914755,-1.033577892175076e6,1.0409678154012075e6,-0.004707842832431197,-0.18629620596766472,8,false,0.013772475199997088,0.013772475199997088,false
255,true,0.9849886948395364,-1.0335693577318119e6,1.0410022285882878e6,0.04569662292487919,-0.17937716376036406,8,false,0.013772475199997088,0.013772475199997088,false
255,true,0.7563719055086914,-1.033466628633903e6,1.0408996091767332e6,0.6484033556189388,0.7925738987978548,8,false,0.013772475199997088,0.013772475199997088,false
255,true,0.9667974561208231,-1.0335651344141562e6,1.0409758767876378e6,-0.6107850669650361,-0.8720191733445972,8,false,0.013772475199997088,0.013772475199997088,false
255,true,0.9975462524330131,-1.0335100692154038e6,1.0411226196393407e6,-0.20645736472215503,-0.2591180170420557,8,false,0.013772475199997088,0.013772475199997088,false
255,true,0.9156665444516349,-1.0335188476840304e6,1.0409926881655513e6,0.023406266584061086,0.22108435642439872,8,false,0.013772475199997088,0.013772475199997088,false
255,true,0.9866119186603501,-1.0335591151131842e6,1.0410458882325721e6,0.02195752097759396,-0.08993514301255345,8,false,0.013772475199997088,0.013772475199997088,false
255,true,0.975122639209157,-1.033395525345147e6,1.0408519519138949e6,0.010590291814878583,0.11367186799179763,8,false,0.013772475199997088,0.013772475199997088,false
255,true,0.9973934904843416,-1.0334792571515024e6,1.0408922348850622e6,-0.016994273173622787,-0.1317065580515191,8,false,0.013772475199997088,0.013772475199997088,false
255,true,0.8197788795028643,-1.0335738350632791e6,1.0410166722076264e6,-0.04534243873786181,0.5109484783606604,8,false,0.013772475199997088,0.013772475199997088,false
255,true,0.8838885234685169,-1.033480788054662e6,1.0410086011326538e6,0.14606684201862663,0.2911224195268005,8,false,0.013772475199997088,0.013772475199997088,false
255,true,0.9987961137517238,-1.0334762365125656e6,1.0409411695644099e6,-0.07450906815938652,-0.19401224865578115,8,false,0.013772475199997088,0.013772475199997088,false
255,true,0.8569993715396236,-1.0334863209021983e6,1.0409479768884551e6,-0.032001094543375075,0.4043405125848949,8,false,0.013772475199997088,0.013772475199997088,false
255,true,0.9953923853527615,-1.0336111135754902e6,1.0410336699162552e6,-0.031908347737044096,-0.10044595261570066,8,false,0.013772475199997088,0.013772475199997088,false
255,true,0.9227801114153786,-1.0336144091699863e6,1.0410672045218489e6,0.07677515409886837,0.2052182025508955,8,false,0.013772475199997088,0.013772475199997088,false
255,true,0.9510392795896511,-1.0334972421777018e6,1.0410889651563102e6,0.13096198707353324,0.16290065529756248,8,false,0.013772475199997088,0.013772475199997088,false
255,true,0.7839228169686099,-1.0335718043425203e6,1.0410878044062117e6,-0.19350774842314422,0.7142685640137643,8,false,0.013772475199997088,0.013772475199997088,false
255,true,0.9810275630880821,-1.0334881096291364e6,1.041057360125512e6,0.022913277964107692,0.08468768000602722,8,false,0.013772475199997088,0.013772475199997088,false
255,true,0.779359929478887,-1.0335090540223329e6,1.0409675494279177e6,0.44992345420178026,0.6105180101003498,8,false,0.013772475199997088,0.013772475199997088,false
255,true,0.9982594830968949,-1.0334596915501514e6,1.0408750518522271e6,-0.2729281267384067,-0.5463981756474823,8,false,0.013772475199997088,0.013772475199997088,false
255,true,0.9695697176314897,-1.0335336987131189e6,1.0408993319228542e6,-0.21896147553343326,-0.29115064488723874,8,false,0.013772475199997088,0.013772475199997088,false
255,true,0.9394630285994697,-1.0335269779112728e6,1.0409289693477458e6,0.032665632548741996,0.18175996222998947,8,false,0.013772475199997088,0.013772475199997088,false
255,true,0.9703396312006708,-1.0336245250403079e6,1.0411467186097915e6,0.011606889311224222,0.1161853646626696,8,false,0.013772475199997088,0.013772475199997088,false
255,true,0.9992430463786249,-1.0335045705514319e6,1.0412136447691022e6,-0.04786096140742302,-0.08819897042121738,8,false,0.013772475199997088,0.013772475199997088,false
255,true,0.9596792883897082,-1.0335080205658764e6,1.0409553557601605e6,0.027433908777311444,0.1342390642967075,8,false,0.013772475199997088,0.013772475199997088,false
255,true,0.8069412320544685,-1.0334391258648114e6,1.0409430285035623e6,0.35048996610566974,0.5367990884697065,8,false,0.013772475199997088,0.013772475199997088,false
255,true,0.8798851840115831,-1.033438687484824e6,1.0408238880226787e6,-0.3746500003617257,0.454943984746933,8,false,0.013772475199997088,0.013772475199997088,false
255,true,0.7668309246363822,-1.0334587981038318e6,1.0409458687247921e6,0.1803248911164701,0.6163815782638267,8,false,0.013772475199997088,0.013772475199997088,false
255,true,0.9987405462371896,-1.0335954932440441e6,1.0410759605987782e6,-0.13811076746787876,-0.23912844189908355,8,false,0.013772475199997088,0.013772475199997088,false
255,true,0.9966096499776699,-1.0336677226647484e6,1.0410873933078669e6,-0.06136335793416947,-0.09711121674627066,8,false,0.013772475199997088,0.013772475199997088,false
255,true,0.8481275589175481,-1.0334456853847812e6,1.041028957835147e6,0.07512161077465862,0.37927297852002084,8,false,0.013772475199997088,0.013772475199997088,false
255,true,0.985589448547626,-1.0335057482270901e6,1.0409826980013673e6,0.06536874698940665,-0.10153522284235805,8,false,0.013772475199997088,0.013772475199997088,false
255,true,0.9947685739478054,-1.0334762151317361e6,1.0409659419662377e6,-0.11759241588879377,-0.16289966879412532,8,false,0.013772475199997088,0.013772475199997088,false
255,true,0.9800354535080591,-1.0335140778742722e6,1.04091996198286e6,-0.02314787288196385,0.07584782177582383,8,false,0.013772475199997088,0.013772475199997088,false
255,true,0.9163453897743463,-1.0335973867919034e6,1.0410722340567746e6,0.07195481786038727,0.21022324287332594,8,false,0.013772475199997088,0.013772475199997088,false
255,true,0.9986683506775086,-1.0335952605981857e6,1.0411104396528809e6,-0.05649665358942002,-0.11493225849699229,8,false,0.013772475199997088,0.013772475199997088,false
255,true,0.9801348407856135,-1.0335615432260673e6,1.0411436073529288e6,-0.013650132692418993,0.07904283842071891,8,false,0.013772475199997088,0.013772475199997088,false
255,true,0.9966517355997856,-1.0335920999765039e6,1.0410752075517626e6,0.011377944727428257,-0.03881057118996978,8,false,0.013772475199997088,0.013772475199997088,false
255,true,0.9812114713093196,-1.0335826127854479e6,1.0410878573322665e6,-0.002164003672078252,0.06854655779898167,8,false,0.013772475199997088,0.013772475199997088,false
255,true,0.9513330402827868,-1.0333969818616004e6,1.0409944716308358e6,0.08266771188937128,0.13691135949920863,8,false,0.013772475199997088,0.013772475199997088,false
255,true,0.9938557249012959,-1.0334216752654033e6,1.0406736542645907e6,-0.030121252057142556,-0.12245625187642872,8,false,0.013772475199997088,0.013772475199997088,false
255,true,0.9600144084153971,-1.033452747531457e6,1.0408786880160328e6,0.016688467119820416,0.16099681437481195,8,false,0.013772475199997088,0.013772475199997088,false
255,true,0.9122963563241775,-1.0333421670878711e6,1.0407751369997007e6,0.1201711498433724,0.2788120780605823,8,false,0.013772475199997088,0.013772475199997088,false
255,true,0.9987591398362825,-1.0334060834854495e6,1.0409581464881628e6,-0.11066760926041752,-0.23385286761913449,8,false,0.013772475199997088,0.013772475199997088,false
255,true,0.7184405450851783,-1.0333675935173631e6,1.0408689898174888e6,0.09488056355621666,0.8440746375126764,8,false,0.013772475199997088,0.013772475199997088,false
255,true,0.9956652100831944,-1.0333115204371247e6,1.0407539018163725e6,-0.19714373059105128,-0.22701342275831848,8,false,0.013772475199997088,0.013772475199997088,false
255,true,0.9427955825790261,-1.0334183927722714e6,1.0406582773181071e6,0.1330728146713227,0.15261281980201602,8,false,0.013772475199997088,0.013772475199997088,false
255,true,0.9502121014957731,-1.0334414885482136e6,1.0408147282865262e6,0.0001712520606815815,0.19269744399935007,8,false,0.013772475199997088,0.013772475199997088,false
255,true,0.9992575644504533,-1.0334637286863844e6,1.0408691043864532e6,-0.1441256144316867,-0.17505322163924575,8,false,0.013772475199997088,0.013772475199997088,false
255,true,0.9903155465145033,-1.0334709254125895e6,1.0408348905541175e6,0.018313954584300518,0.04655880492646247,8,false,0.013772475199997088,0.013772475199997088,false
255,true,0.9719463502001319,-1.0335178106193738e6,1.0408740723664984e6,0.048114516655914485,0.09293485793750733,8,false,0.013772475199997088,0.013772475199997088,false
255,true,0.9576322563874929,-1.0335722538520882e6,1.040914644019041e6,0.07456398208159953,0.1409918259596452,8,false,0.013772475199997088,0.013772475199997088,false
255,true,0.9660962111014328,-1.03356460198216e6,1.0409341221036871e6,0.029051614576019347,0.16871557931881398,8,false,0.013772475199997088,0.013772475199997088,false
255,true,0.9968668275703562,-1.0334821589465203e6,1.0410322180258966e6,0.016473926370963454,-0.14950809348374605,8,false,0.013772475199997088,0.013772475199997088,false
255,true,0.9999228362898289,-1.0333840098080279e6,1.0408765593959264e6,-0.040704708895646036,-0.21545012178830802,8,false,0.013772475199997088,0.013772475199997088,false
255,true,0.9625520339747107,-1.0333915313179616e6,1.0408080353145474e6,0.08938414976000786,0.18942438368685544,8,false,0.013772475199997088,0.013772475199997088,false
255,true,0.9965373650412033,-1.0335313213693424e6,1.0408736756562266e6,0.07146616245154291,-0.2462108985055238,8,false,0.013772475199997088,0.013772475199997088,false
255,true,0.9400227218489617,-1.033463152785697e6,1.0409155014477634e6,0.10623596876394004,-0.3071309133665636,8,false,0.013772475199997088,0.013772475199997088,false
255,true,0.8218891957468074,-1.0334938686668046e6,1.0409335898493801e6,0.011709812330082059,0.6501531050307676,8,false,0.013772475199997088,0.013772475199997088,false
255,true,0.9401601454268863,-1.0334975619727484e6,1.0409618710160496e6,0.14381120156031102,-0.4293083067750558,8,false,0.013772475199997088,0.013772475199997088,false
255,true,0.9980949020018889,-1.0334404103548819e6,1.0409027841510497e6,-0.5132159781642258,-0.5629136007046327,8,false,0.013772475199997088,0.013772475199997088,false
255,true,0.6470793887552182,-1.0334694529108275e6,1.040997021112131e6,0.4484333891887218,1.0537625369615853,8,false,0.013772475199997088,0.013772475199997088,false
255,true,0.9933006621024848,-1.0334627890439067e6,1.0409053330762106e6,-0.1527637237450108,-0.5176174697699025,8,false,0.013772475199997088,0.013772475199997088,false
255,true,0.988066082312638,-1.033543550944541e6,1.0409533847627136e6,-0.12274892709683627,-0.36444598610978574,8,false,0.013772475199997088,0.013772475199997088,false
255,true,0.9692946637622039,-1.0334840747876556e6,1.041006219613328e6,-0.1295856578508392,-0.2127476668683812,8,false,0.013772475199997088,0.013772475199997088,false
255,true,0.5665054127543336,-1.0335209815087396e6,1.0409841027422366e6,1.3825606405735016,1.4664090540027246,8,false,0.013772475199997088,0.013772475199997088,false
255,true,0.9724978684558445,-1.0335135422112676e6,1.0409789896216092e6,-1.1402954319491982,-1.487045663758181,8,false,0.013772475199997088,0.013772475199997088,false
255,true,0.9957446955488707,-1.0334493496114021e6,1.0409284537695211e6,-0.2888540591811761,-0.34828850836493075,8,false,0.013772475199997088,0.013772475199997088,false
255,true,0.9709623801546088,-1.0334992401388045e6,1.0409378224517766e6,0.01575185393448919,0.12666435772553086,8,false,0.013772475199997088,0.013772475199997088,false
255,true,0.9295056354354034,-1.0335157273682387e6,1.0409384527630517e6,-0.020184491528198123,0.23251448688097298,8,false,0.013772475199997088,0.013772475199997088,false
255,true,0.652958263459039,-1.033517926161617e6,1.0409443140218216e6,0.037424207432195544,1.0368376752594486,8,false,0.013772475199997088,0.013772475199997088,false
255,true,0.9951823031021203,-1.0335610774295233e6,1.0409030055718293e6,-0.07902155874762684,-0.09979292680509388,8,false,0.013772475199997088,0.013772475199997088,false
255,true,0.9373579336565955,-1.0335038145398312e6,1.0409444916278013e6,0.018702188041061163,0.16247860330622643,8,false,0.013772475199997088,0.013772475199997088,false
255,true,0.9909426240707099,-1.033477819138577e6,1.040990165186086e6,0.04535025800578296,-0.060826337430626154,8,false,0.013772475199997088,0.013772475199997088,false
255,true,0.9964148905815495,-1.0334574559334911e6,1.0408114904348826e6,0.018139914027415216,-0.10615787748247385,8,false,0.013772475199997088,0.013772475199997088,false
255,true,0.8660891865647368,-1.033453803811715e6,1.04087246442376e6,-0.012401610962115228,0.36056521895807236,8,false,0.013772475199997088,0.013772475199997088,false
255,true,0.9671553134241203,-1.0336136467300486e6,1.0408834515063524e6,-0.06555783504154533,0.13905816769693047,8,false,0.013772475199997088,0.013772475199997088,false
255,true,0.9961590760462875,-1.0334082761778977e6,1.0410016017114393e6,0.013724649674259126,-0.03172260313294828,8,false,0.013772475199997088,0.013772475199997088,false
255,true,0.8997336957337894,-1.0334522038626553e6,1.0407113127036087e6,0.17720513290259987,0.24683029809966683,8,false,0.013772475199997088,0.013772475199997088,false
255,true,0.997990917483019,-1.0335642833412985e6,1.0409268648257593e6,-0.12108577834442258,-0.22413895942736417,8,false,0.013772475199997088,0.013772475199997088,false
255,true,0.87364190750397,-1.033723964506303e6,1.0411753691191965e6,0.10895950288977474,0.3502790177008137,8,false,0.013772475199997088,0.013772475199997088,false
255,true,0.9319120402746887,-1.0334705672586496e6,1.041137988663664e6,0.2092832000926137,0.2647242466919124,8,false,0.013772475199997088,0.013772475199997088,false
255,true,0.9715318429572704,-1.0335072437170935e6,1.0410387991463724e6,-0.23430608038324863,-0.3636700608767569,8,false,0.013772475199997088,0.013772475199997088,false
255,true,0.88018820783474,-1.0334475571641782e6,1.0408174986184279e6,-0.11456960719078779,0.395527983433567,8,false,0.013772475199997088,0.013772475199997088,false
255,true,0.9701349257304375,-1.0334356612616446e6,1.040902525287473e6,0.05901428684592247,0.11041050183121115,8,false,0.013772475199997088,0.013772475199997088,false
255,true,0.9976731867596603,-1.0334680538809515e6,1.040954403652024e6,-0.07632821425795555,-0.11459866992663592,8,false,0.013772475199997088,0.013772475199997088,false
255,true,0.9979370036840004,-1.0334386151096495e6,1.0408840927608506e6,-0.012631278834305704,-0.04573843418620527,8,false,0.013772475199997088,0.013772475199997088,false
255,true,0.9923153034887289,-1.0335964373588932e6,1.0408605879485568e6,0.030517384875565767,0.0448634356725961,8,false,0.013772475199997088,0.013772475199997088,false
255,true,0.963884163458641,-1.0334896221668327e6,1.0410067399760372e6,0.020038714283145964,0.10903374524787068,8,false,0.013772475199997088,0.013772475199997088,false
255,true,0.8971776262214098,-1.0334765154616032e6,1.0408915171685164e6,0.10282788623590022,0.27294370881281793,8,false,0.013772475199997088,0.013772475199997088,false
255,true,0.8938914031752723,-1.0334761694257132e6,1.040924811011048e6,-0.1299093266716227,0.3413658280624077,8,false,0.013772475199997088,0.013772475199997088,false
255,true,0.9829375132248569,-1.0333946965245495e6,1.0409747085335191e6,-0.0170614073285833,0.07341103604994714,8,false,0.013772475199997088,0.013772475199997088,false
255,true,0.9943459727141598,-1.0334013084761816e6,1.0407683242346052e6,-0.007316563045606017,-0.04447519197128713,8,false,0.013772475199997088,0.013772475199997088,false
255,true,0.785486873244836,-1.0334012444308355e6,1.0407929511950038e6,0.05393394723068923,0.5496853027725592,8,false,0.013772475199997088,0.013772475199997088,false
255,true,0.9375361809787436,-1.0334776081779012e6,1.0408401208060435e6,-0.0527120865881443,0.18495411309413612,8,false,0.013772475199997088,0.013772475199997088,false
255,true,0.9565684578277533,-1.0336768570831454e6,1.041127285325443e6,0.06402840535156429,0.10316360532306135,8,false,0.013772475199997088,0.013772475199997088,false
255,true,0.7846811267323076,-1.0336092856356642e6,1.0411270525108599e6,-0.007877942873165011,0.5953142789658159,8,false,0.013772475199997088,0.013772475199997088,false
255,true,0.9817550167834508,-1.03351655944643e6,1.0410497893022113e6,-0.03200916282366961,0.07913650874979794,8,false,0.013772475199997088,0.013772475199997088,false
255,true,0.8631873928113439,-1.0334347738559649e6,1.0409208296286667e6,0.06768210884183645,0.3505302353296429,8,false,0.013772475199997088,0.013772475199997088,false
255,true,0.9606817359559477,-1.0334722153190583e6,1.0407696086678928e6,0.00994667096529156,0.1515021554660052,8,false,0.013772475199997088,0.013772475199997088,false
255,true,0.9221625159176365,-1.0334505717675978e6,1.040821360789289e6,0.13705462496727705,0.2668270847061649,8,false,0.013772475199997088,0.013772475199997088,false
255,true,0.9559986234772506,-1.033434046008199e6,1.0408590274879823e6,0.06426055904012173,0.23806091607548296,8,false,0.013772475199997088,0.013772475199997088,false
255,true,0.9853881163502177,-1.0333966040010367e6,1.0408986502041575e6,-0.032616502488963306,-0.30767588363960385,8,false,0.013772475199997088,0.013772475199997088,false
255,true,0.9844096161421727,-1.033422367247471e6,1.0408206636145664e6,-0.0239673851756379,-0.28648484114091843,8,false,0.013772475199997088,0.013772475199997088,false
255,true,0.9985064711220784,-1.0333586726719275e6,1.0408397615828059e6,-0.1976836312096566,-0.2868638528743759,8,false,0.013772475199997088,0.013772475199997088,false
255,true,0.9907453193615707,-1.0334573617684105e6,1.0408056892493505e6,0.06884363712742925,-0.08166568167507648,8,false,0.013772475199997088,0.013772475199997088,false
255,true,0.9993430148423085,-1.0334653433160471e6,1.0407973408069125e6,-0.12119681888725609,-0.14470253069885075,8,false,0.013772475199997088,0.013772475199997088,false
255,true,0.9400299651345204,-1.0334799001255418e6,1.0409263648002798e6,0.124710627598688,0.15751674596685916,8,false,0.013772475199997088,0.013772475199997088,false
255,true,0.9170934326159416,-1.0336068053794935e6,1.0410348257206681e6,0.055986626888625324,0.2935701992828399,8,false,0.013772475199997088,0.013772475199997088,false
255,true,0.9970924753840286,-1.0334843107983542e6,1.0411050988938578e6,-0.14005851047113538,-0.2050054530845955,8,false,0.013772475199997088,0.013772475199997088,false
255,true,0.8950237824871623,-1.0335168606154114e6,1.0409713659663221e6,-0.03640347858890891,0.29319436894729733,8,false,0.013772475199997088,0.013772475199997088,false
255,true,0.9658649217894694,-1.0334551134326708e6,1.0409848840899185e6,0.021964095532894135,0.09107792598661035,8,false,0.013772475199997088,0.013772475199997088,false
255,true,0.9890053476689565,-1.0334863245435955e6,1.040865641561043e6,0.019853083067573607,-0.0553734676213935,8,false,0.013772475199997088,0.013772475199997088,false
255,true,0.9985924184182019,-1.0334399068103837e6,1.0408521329715172e6,-0.008864253293722868,-0.07695164508186281,8,false,0.013772475199997088,0.013772475199997088,false
255,true,0.9931137661003359,-1.0334064487539808e6,1.0408074395399372e6,-0.035528819309547544,-0.060257788049057126,8,false,0.013772475199997088,0.013772475199997088,false
255,true,0.988974180619107,-1.0334817131112453e6,1.0411379959185404e6,0.012599934474565089,0.05153916927520186,8,false,0.013772475199997088,0.013772475199997088,false
255,true,0.896198739242487,-1.0334235759149482e6,1.0409310309717548e6,0.02473554539028555,0.25988003867678344,8,false,0.013772475199997088,0.013772475199997088,false
255,true,0.9824873848853088,-1.033425928204699e6,1.040862983296305e6,-0.03117380663752556,0.07401143165770918,8,false,0.013772475199997088,0.013772475199997088,false
255,true,0.9189849280422151,-1.0334842648948074e6,1.0407905550280042e6,0.13305912062060088,0.1936050992226228,8,false,0.013772475199997088,0.013772475199997088,false
255,true,0.9908699534132978,-1.0334615711036528e6,1.0409876490755202e6,0.05617323168553412,-0.16333208326250315,8,false,0.013772475199997088,0.013772475199997088,false
255,true,0.8030145210807695,-1.0334391354104863e6,1.0409137837290207e6,0.3444239372620359,0.6427867162274197,8,false,0.013772475199997088,0.013772475199997088,false
255,true,0.991056022610934,-1.0333926199901962e6,1.0408182829300257e6,-0.33321781549602747,-0.537593340035528,8,false,0.013772475199997088,0.013772475199997088,false
255,true,0.998934928868821,-1.0333425674916251e6,1.0407170519073249e6,-0.14162102050613612,-0.20400550332851708,8,false,0.013772475199997088,0.013772475199997088,false
255,true,0.9880478717050319,-1.033416755092396e6,1.0408054674285476e6,0.010385693632997572,-0.08817026275210083,8,false,0.013772475199997088,0.013772475199997088,false
255,true,0.9351226984279332,-1.0334015523522865e6,1.0407610549718455e6,0.1701616890495643,0.20383018639404327,8,false,0.013772475199997088,0.013772475199997088,false
255,true,0.9914395750332686,-1.0334719241209005e6,1.0408233486985519e6,-0.11472814960870892,-0.24026234971825033,8,false,0.013772475199997088,0.013772475199997088,false
255,true,0.9803074301408096,-1.0334637571163485e6,1.0410981796001159e6,-0.1438050646102056,-0.1438050646102056,8,false,0.013772475199997088,0.013772475199997088,false
255,true,0.9328607077638507,-1.0334030962384724e6,1.0407943129160681e6,0.08674094011075795,0.1602977013681084,8,false,0.013772475199997088,0.013772475199997088,false
255,true,0.969838136911894,-1.0334832335210228e6,1.0408898027833477e6,-0.045565974432975054,0.13253138773143291,8,false,0.013772475199997088,0.013772475199997088,false
255,true,0.9836799993064168,-1.0333302221961124e6,1.0408359373534308e6,-0.01788743119686842,0.06903496896848083,8,false,0.013772475199997088,0.013772475199997088,false
255,true,0.9906275162785106,-1.0335510474715423e6,1.0408438788003143e6,-0.02648162725381553,0.05469138396438211,8,false,0.013772475199997088,0.013772475199997088,false
255,true,0.9382872446913572,-1.0334798131337984e6,1.0409874439705723e6,-0.0010482610668987036,0.12915072869509459,8,false,0.013772475199997088,0.013772475199997088,false
255,true,0.9481249464443576,-1.0334840010248648e6,1.0410158479944803e6,0.01798129442613572,0.12358275603037328,8,false,0.013772475199997088,0.013772475199997088,false
255,true,0.9538250429946595,-1.0334553563158293e6,1.0409562706121736e6,0.014891744474880397,0.11783301655668765,8,false,0.013772475199997088,0.013772475199997088,false
255,true,0.9634831568204165,-1.0334584462773075e6,1.0408064810536843e6,0.04610193439293653,0.1241217948263511,8,false,0.013772475199997088,0.013772475199997088,false
255,true,0.9714699185290514,-1.0334821179841507e6,1.0409391115963315e6,0.045336006209254265,0.125418396666646,8,false,0.013772475199997088,0.013772475199997088,false
255,true,0.9981288527368452,-1.0335852440905535e6,1.0410587514523969e6,-0.08909061166923493,-0.1372429319890216,8,false,0.013772475199997088,0.013772475199997088,false
255,true,0.9851284675709251,-1.0336236092546727e6,1.0410642724215607e6,0.04590942757204175,0.06907730584498495,8,false,0.013772475199997088,0.013772475199997088,false
255,true,0.7780194234825404,-1.0335926814500224e6,1.0411297774376872e6,0.04255042620934546,0.6168261783896014,8,false,0.013772475199997088,0.013772475199997088,false
255,true,0.8939310535430396,-1.0335708209651959e6,1.0409664284924819e6,-0.09125154453795403,0.31580631842371076,8,false,0.013772475199997088,0.013772475199997088,false
255,true,0.946104898088842,-1.0335281199585749e6,1.0410348753951476e6,0.03448902617674321,0.14417822030372918,8,false,0.013772475199997088,0.013772475199997088,false
255,true,0.9665696680353645,-1.0334926808579777e6,1.0410167946871821e6,-0.04058914934284985,0.11405410640873015,8,false,0.013772475199997088,0.013772475199997088,false
255,true,0.9010905266476843,-1.0333345853339641e6,1.0408572260807446e6,0.162247882806696,0.24423814855981618,8,false,0.013772475199997088,0.013772475199997088,false
255,true,0.9831834537331149,-1.0333721441713674e6,1.0408544917195109e6,0.0410731250885874,-0.20586803369224072,8,false,0.013772475199997088,0.013772475199997088,false
255,true,0.9382138149310647,-1.0335493616901331e6,1.0409035793821599e6,0.06530698831193149,-0.2528710481710732,8,false,0.013772475199997088,0.013772475199997088,false
255,true,0.9031226605254289,-1.0334443616529404e6,1.0409516178186617e6,-0.12220884184353054,0.357519090292044,8,false,0.013772475199997088,0.013772475199997088,false
255,true,0.9681059486956203,-1.033359042720243e6,1.0408060421133756e6,-0.04819556558504701,-0.18310274020768702,8,false,0.013772475199997088,0.013772475199997088,false
255,true,0.9971815104523468,-1.0334573266760898e6,1.0407883812371484e6,-0.09082365629728884,-0.13303392298985273,8,false,0.013772475199997088,0.013772475199997088,false
255,true,0.9991079575998174,-1.0333259363756923e6,1.0407292735611191e6,-0.035203162231482565,-0.05442143452819437,8,false,0.013772475199997088,0.013772475199997088,false
255,true,0.8353975132382596,-1.0334142224795001e6,1.0407805144601573e6,0.01612570113502443,0.3897427711635828,8,false,0.013772475199997088,0.013772475199997088,false
255,true,0.9845986178938155,-1.0334525481023485e6,1.040798568212252e6,-0.005465312511660159,0.06487907352857292,8,false,0.013772475199997088,0.013772475199997088,false
255,true,0.936926412916311,-1.0335109205311456e6,1.0408976148747045e6,-0.00514420191757381,0.1672230678377673,8,false,0.013772475199997088,0.013772475199997088,false
255,true,0.9089636959809069,-1.0335747852370725e6,1.0410527418144803e6,0.19731240288820118,0.20327039004769176,8,false,0.013772475199997088,0.013772475199997088,false
255,true,0.9980647524901126,-1.0335239778812067e6,1.0409879459874613e6,-0.1364633709890768,-0.21353386994451284,8,false,0.013772475199997088,0.013772475199997088,false
255,true,0.9211541594263852,-1.0333912253566582e6,1.0408099903990688e6,0.11187861114740372,0.22917979501653463,8,false,0.013772475199997088,0.013772475199997088,false
255,true,0.983142693476887,-1.0333953634453606e6,1.0408973028717855e6,-0.10199199244379997,-0.18558742722962052,8,false,0.013772475199997088,0.013772475199997088,false
255,true,0.9627920813264726,-1.0335192686081675e6,1.0409389709914072e6,0.024045442580245435,0.14221110846847296,8,false,0.013772475199997088,0.013772475199997088,false
255,true,0.9109760746840545,-1.0335590956563874e6,1.0410170454503208e6,0.02390259876847267,0.2687978893518448,8,false,0.013772475199997088,0.013772475199997088,false
255,true,0.9338736979517067,-1.0334308075428023e6,1.0409030268216522e6,-0.11207152670249343,0.21195324009750038,8,false,0.013772475199997088,0.013772475199997088,false
255,true,0.7084487596452328,-1.0335067478552617e6,1.0409219064570589e6,0.7441788216819987,0.7515005696332082,8,false,0.013772475199997088,0.013772475199997088,false
255,true,0.9906230290256236,-1.0333974546961654e6,1.04086603588656e6,0.00017251784447580576,-0.7604843990411609,8,false,0.013772475199997088,0.013772475199997088,false
255,true,0.7505532991078933,-1.0335674125946239e6,1.0408907880612011e6,0.8955560235772282,1.0599790647393093,8,false,0.013772475199997088,0.013772475199997088,false
255,true,0.9904667755540677,-1.033322245131849e6,1.0408278342485094e6,-1.5166753970552236,-1.6493798793526366,8,false,0.013772475199997088,0.013772475199997088,false
255,true,0.9962678484118562,-1.0334523260339226e6,1.0407231301596707e6,0.028310000780038536,-0.15653361252043396,8,false,0.013772475199997088,0.013772475199997088,false
255,true,0.8927768585669398,-1.0334475808328594e6,1.0409255043064824e6,-0.05546133604366332,0.3459502093028277,8,false,0.013772475199997088,0.013772475199997088,false
255,true,0.9766039820741961,-1.03343338550566e6,1.0409117311943683e6,0.08393449138384312,-0.12616988189984113,8,false,0.013772475199997088,0.013772475199997088,false
255,true,0.9999364126203659,-1.0334247880666603e6,1.0408428794396815e6,-0.08239807409700006,-0.21077444509137422,8,false,0.013772475199997088,0.013772475199997088,false
255,true,0.9537153857207689,-1.0334793818825481e6,1.0409179708545738e6,-0.10464128677267581,0.16491750709246844,8,false,0.013772475199997088,0.013772475199997088,false
255,true,0.953990407469462,-1.0334667373039885e6,1.0410438934330214e6,0.022125250892713666,0.10571977950166911,8,false,0.013772475199997088,0.013772475199997088,false
255,true,0.8644881624040915,-1.0333606634184e6,1.0407899990894094e6,-0.0147019037976861,0.33723764203023165,8,false,0.013772475199997088,0.013772475199997088,false
255,true,0.9746289810211998,-1.0336220357613759e6,1.0409706298753528e6,0.028216571547091007,0.08184128277935088,8,false,0.013772475199997088,0.013772475199997088,false
255,true,0.9972781459688064,-1.0334791149635445e6,1.0410483248413391e6,-0.05076548317447305,-0.057691525551490486,8,false,0.013772475199997088,0.013772475199997088,false
255,true,0.9517919338657772,-1.0335954564531306e6,1.0410510872623563e6,0.03391359094530344,0.10306322667747736,8,false,0.013772475199997088,0.013772475199997088,false
255,true,0.9987163156558162,-1.0336060842448805e6,1.0410925909658968e6,0.008600606699474156,-0.05224896303843707,8,false,0.013772475199997088,0.013772475199997088,false
255,true,0.8914630615432265,-1.0334439362370819e6,1.0409071583215995e6,0.18454391008708626,0.2627459126524627,8,false,0.013772475199997088,0.013772475199997088,false
255,true,0.8150640412187602,-1.0334940957519375e6,1.0409459262646643e6,0.15557288692798465,0.6036037080921233,8,false,0.013772475199997088,0.013772475199997088,false
255,true,0.9945940571708018,-1.0336088748967651e6,1.0410871035313257e6,-0.005195168545469642,-0.36774499202147126,8,false,0.013772475199997088,0.013772475199997088,false
255,true,0.9812472335432951,-1.0335656105053468e6,1.0413210154025778e6,-0.25117377121932805,-0.34233715024311095,8,false,0.013772475199997088,0.013772475199997088,false
255,true,0.7379072874841917,-1.0334311515622257e6,1.0409914138701138e6,0.5011471014004201,0.7588509739143774,8,false,0.013772475199997088,0.013772475199997088,false
255,true,0.9918913571960656,-1.0335410225510496e6,1.0409031990014013e6,0.0754473062697798,-0.6272577291820198,8,false,0.013772475199997088,0.013772475199997088,false
255,true,0.9913827070889252,-1.0335057767643208e6,1.040814521565503e6,-0.13073279848322272,-0.7124804916093126,8,false,0.013772475199997088,0.013772475199997088,false
255,true,0.9593600977527789,-1.0334703078717521e6,1.0408399800502824e6,0.030344523605890572,-0.5746569763869047,8,false,0.013772475199997088,0.013772475199997088,false
255,true,0.6558408834304991,-1.0334344980743217e6,1.0409119399650896e6,-0.530615471303463,1.4717140276916325,8,false,0.013772475199997088,0.013772475199997088,false
255,true,0.9445359310860141,-1.0336040649969178e6,1.0411148999447045e6,-0.0647876156726852,0.17337413621135056,8,false,0.013772475199997088,0.013772475199997088,false
255,true,0.982385643150599,-1.0335325660600071e6,1.0410790986272471e6,0.04795754479710013,0.06033988040871918,8,false,0.013772475199997088,0.013772475199997088,false
255,true,0.9645073545753683,-1.033419598693254e6,1.0409445452189397e6,0.04161400883458555,0.1286267585819587,8,false,0.013772475199997088,0.013772475199997088,false
255,true,0.988424731466707,-1.0335355368532529e6,1.0409200256756996e6,-0.037176423938944936,-0.08970456791575998,8,false,0.013772475199997088,0.013772475199997088,false
255,true,0.8512946364318138,-1.0335528822874496e6,1.0410752183551559e6,0.2977378598880023,0.38814927730709314,8,false,0.013772475199997088,0.013772475199997088,false
255,true,0.9984813295212904,-1.0335337923938816e6,1.040993660130243e6,-0.34339862293563783,-0.36204838659614325,8,false,0.013772475199997088,0.013772475199997088,false
255,true,0.9535424189398987,-1.033439350904101e6,1.0408931100513982e6,0.07481488946359605,0.12217530072666705,8,false,0.013772475199997088,0.013772475199997088,false
255,true,0.9878887293879062,-1.0336080418803388e6,1.0410097454080408e6,0.06992551346775144,-0.09777252946514636,8,false,0.013772475199997088,0.013772475199997088,false
255,true,0.9725598205298611,-1.0335462503743825e6,1.0411204884610072e6,-0.04557733971159905,-0.12680783891119063,8,false,0.013772475199997088,0.013772475199997088,false
255,true,0.8727114906286809,-1.0335205419589545e6,1.0410068117783893e6,0.2220354820601642,0.36704788415227085,8,false,0.013772475199997088,0.013772475199997088,false
255,true,0.9774694585755433,-1.0334364797349218e6,1.0408676179661771e6,-0.28676827903836966,-0.32548088778275996,8,false,0.013772475199997088,0.013772475199997088,false
255,true,0.9694251286553234,-1.0334214812704792e6,1.0409021853740591e6,0.04371008579619229,0.11055525613483042,8,false,0.013772475199997088,0.013772475199997088,false
255,true,0.9901111358818449,-1.0335105166940608e6,1.0410244545092547e6,0.018064445350319147,-0.096808897331357,8,false,0.013772475199997088,0.013772475199997088,false
255,true,0.8695999714576371,-1.0335042207199056e6,1.0410196532463309e6,-0.08436739828903228,0.38129460613708943,8,false,0.013772475199997088,0.013772475199997088,false
255,true,0.9786687431565896,-1.033553269458023e6,1.0408723477386554e6,0.004910807474516332,0.06351103924680501,8,false,0.013772475199997088,0.013772475199997088,false
255,true,0.9567394372940119,-1.0334721948541797e6,1.0409613198951337e6,-0.02804515545722097,0.11832523078192025,8,false,0.013772475199997088,0.013772475199997088,false
255,true,0.9813924756197913,-1.0335276036642913e6,1.041007481094888e6,0.026211349526420236,0.059774253400973976,8,false,0.013772475199997088,0.013772475199997088,false
255,true,0.9882226994519858,-1.0334353487133136e6,1.0409237939206865e6,0.006917688064277172,0.06033189478330314,8,false,0.013772475199997088,0.013772475199997088,false
255,true,0.9964073499153255,-1.0335599091141827e6,1.0409138384247018e6,0.02013391919899732,-0.04010424064472318,8,false,0.013772475199997088,0.013772475199997088,false
255,true,0.9696336407465693,-1.0335514516034974e6,1.0410414343159012e6,0.005563140264712274,0.10664209141395986,8,false,0.013772475199997088,0.013772475199997088,false
255,true,0.9797257228440719,-1.0335160801667214e6,1.0410994148832541e6,-0.0016758692217990756,0.08016793185379356,8,false,0.013772475199997088,0.013772475199997088,false
255,true,0.9553854722606179,-1.0336359188740626e6,1.0411797153412767e6,0.017478081863373518,0.13730685668997467,8,false,0.013772475199997088,0.013772475199997088,false
255,true,0.7606826530997352,-1.0335035993461249e6,1.0410472571109837e6,0.4795591738075018,0.6448016490321606,8,false,0.013772475199997088,0.013772475199997088,false
255,true,0.9688809569878781,-1.0335885658315129e6,1.041074544339499e6,0.16710101813077927,-0.5566940433345735,8,false,0.013772475199997088,0.013772475199997088,false
255,true,0.9923424812587989,-1.0334673582205608e6,1.0410513161681963e6,-0.04440083308145404,-0.6830432432470843,8,false,0.013772475199997088,0.013772475199997088,false
255,true,0.8945993657006375,-1.033535447845176e6,1.0409708170963757e6,-0.4677044509444386,-0.644817546242848,8,false,0.013772475199997088,0.013772475199997088,false
255,true,0.9773619791583363,-1.0336249698538244e6,1.0411095498723115e6,0.054732076241634786,-0.191022350336425,8,false,0.013772475199997088,0.013772475199997088,false
255,true,0.9751859518725068,-1.0335350405616171e6,1.0410799462622523e6,-0.1738498747581616,-0.2510177327785641,8,false,0.013772475199997088,0.013772475199997088,false
255,true,0.9961640749956977,-1.0335297016183542e6,1.0410086896995547e6,-0.031961013562977314,-0.07356424257159233,8,false,0.013772475199997088,0.013772475199997088,false
255,true,0.9910882299053173,-1.0333971950913596e6,1.0409147932085429e6,-0.008404629654251039,0.0636575564276427,8,false,0.013772475199997088,0.013772475199997088,false
255,true,0.9798680606345777,-1.0333643377927318e6,1.0408848939449261e6,-0.00459649960976094,0.08050242136232555,8,false,0.013772475199997088,0.013772475199997088,false
255,true,0.97841368595414,-1.0334885481761108e6,1.0408461198801479e6,0.011713084299117327,0.09314805001486093,8,false,0.013772475199997088,0.013772475199997088,false
255,true,0.8988535974649382,-1.0334952569513835e6,1.0409347740263349e6,-0.011825791327282786,0.28170735482126474,8,false,0.013772475199997088,0.013772475199997088,false
255,true,0.9715269896161386,-1.0333275151241897e6,1.0409401790028707e6,-0.020096579799428582,0.10049872426316142,8,false,0.013772475199997088,0.013772475199997088,false
255,true,0.9858139582089495,-1.0334383398115042e6,1.0408455548559424e6,-0.037900962750427425,0.06225136935245246,8,false,0.013772475199997088,0.013772475199997088,false
255,true,0.9370162676285618,-1.0334315494731714e6,1.0409070504924947e6,0.04758667154237628,0.1198656513588503,8,false,0.013772475199997088,0.013772475199997088,false
255,true,0.7327813219148842,-1.0335236095850385e6,1.0409317021450193e6,0.18800458800978959,0.6397760150721297,8,false,0.013772475199997088,0.013772475199997088,false
255,true,0.9127091163996337,-1.0334988374808143e6,1.0408988997814362e6,0.286679447744973,0.31827551778405905,8,false,0.013772475199997088,0.013772475199997088,false
255,true,0.9847018543170732,-1.0335136791011904e6,1.0411612315878626e6,-0.4679416446015239,-0.4880438996478915,8,false,0.013772475199997088,0.013772475199997088,false
255,true,0.978287933764688,-1.033382985364145e6,1.0408871879283241e6,0.025062465574592352,0.08519244042690843,8,false,0.013772475199997088,0.013772475199997088,false
255,true,0.9854906362914935,-1.0334258108224528e6,1.0407435068436716e6,0.04170828603673726,0.07960821234155446,8,false,0.013772475199997088,0.013772475199997088,false
255,true,0.9767138033359907,-1.0336069359193267e6,1.0410201919542279e6,0.03143440966960043,0.11237137101124972,8,false,0.013772475199997088,0.013772475199997088,false
255,true,0.9988777231159358,-1.0334943156635079e6,1.0410272642919273e6,-0.04067679459694773,-0.13301558780949563,8,false,0.013772475199997088,0.013772475199997088,false
255,true,0.9736552936587648,-1.0335015869303433e6,1.0409633717162979e6,-0.03271427657455206,-0.10450847842730582,8,false,0.013772475199997088,0.013772475199997088,false
255,true,0.9466893223763606,-1.033439611054364e6,1.0408870191517144e6,0.06633280648384243,0.16728713153861463,8,false,0.013772475199997088,0.013772475199997088,false
255,true,0.8258647806230841,-1.0334427278688655e6,1.0408956239908708e6,0.28020218980964273,0.5158661091700196,8,false,0.013772475199997088,0.013772475199997088,false
255,true,0.9663260441111827,-1.0334566269084589e6,1.0408596739014417e6,-0.34834293101448566,-0.4162198133999482,8,false,0.013772475199997088,0.013772475199997088,false
255,true,0.9918659933951959,-1.0334663847247399e6,1.04093886059667e6,0.02155643457081169,-0.07187680795323104,8,false,0.013772475199997088,0.013772475199997088,false
255,true,0.9637692995427901,-1.0333907809414914e6,1.0408547690187582e6,0.030464346171356738,0.13654391840100288,8,false,0.013772475199997088,0.013772475199997088,false
255,true,0.8675469606868974,-1.033367199849188e6,1.0408095367583443e6,0.23428224306553602,0.3673445472959429,8,false,0.013772475199997088,0.013772475199997088,false
255,true,0.9996015638050033,-1.033513395633136e6,1.0407781690266752e6,-0.14622670714743435,-0.34289895952679217,8,false,0.013772475199997088,0.013772475199997088,false
255,true,0.7857294328661019,-1.0334397968047608e6,1.0410105513748592e6,-0.1393113670637831,0.6835510652745143,8,false,0.013772475199997088,0.013772475199997088,false
255,true,0.964125402701412,-1.0334016754880805e6,1.0407611734770469e6,0.07824719441123307,0.12540430529043078,8,false,0.013772475199997088,0.013772475199997088,false
255,true,0.70742235981305,-1.0334778093138973e6,1.0408704370230961e6,-0.06318305316381156,0.9019912073854357,8,false,0.013772475199997088,0.013772475199997088,false
255,true,0.9324718447258836,-1.0335354577685583e6,1.0409674530234539e6,0.1793504657689482,0.21103084820788354,8,false,0.013772475199997088,0.013772475199997088,false
255,true,0.9231957790506445,-1.033544024112457e6,1.0410201132572587e6,-0.09795799118001014,0.2998520799446851,8,false,0.013772475199997088,0.013772475199997088,false
255,true,0.998386829523497,-1.0333896826364645e6,1.0408729493347637e6,-0.04877513868268579,-0.16905136045534164,8,false,0.013772475199997088,0.013772475199997088,false
255,true,0.7017099225478545,-1.0334694611880146e6,1.0408059292950114e6,0.7834717171499506,0.8779419336933643,8,false,0.013772475199997088,0.013772475199997088,false
255,true,0.9996597972115295,-1.0335634545204242e6,1.0410065101271983e6,-0.7574759024428204,-0.8882361997384578,8,false,0.013772475199997088,0.013772475199997088,false
255,true,0.9988716033219462,-1.0334532320900342e6,1.0411051570002793e6,-0.0010047836694866419,-0.13148193387314677,8,false,0.013772475199997088,0.013772475199997088,false
255,true,0.9787667532605613,-1.0335148013692545e6,1.0410656359918424e6,0.03885617514606565,-0.12932926835492253,8,false,0.013772475199997088,0.013772475199997088,false
255,true,0.9709795476271756,-1.033565842884448e6,1.0408233803092814e6,-0.04555586352944374,-0.17479189741425216,8,false,0.013772475199997088,0.013772475199997088,false
255,true,0.9932733014742178,-1.0335056110457212e6,1.0410413273364108e6,-0.08819806051906198,-0.12218933703843504,8,false,0.013772475199997088,0.013772475199997088,false
255,true,0.9289745939885401,-1.0334926795554472e6,1.0409456311545953e6,0.10419327532872558,0.18411472730804235,8,false,0.013772475199997088,0.013772475199997088,false
255,true,0.8107276198486604,-1.0335315438494593e6,1.0410198825800464e6,0.19449606852140278,0.5528944991528988,8,false,0.013772475199997088,0.013772475199997088,false
255,true,0.8117558807629469,-1.0333875882003835e6,1.0408665446244208e6,0.07112318475265056,0.674446569988504,8,false,0.013772475199997088,0.013772475199997088,false
255,true,0.9825325389656911,-1.0334196685060326e6,1.0407608489253118e6,-0.24568118690513074,-0.4225129660917446,8,false,0.013772475199997088,0.013772475199997088,false
255,true,0.7743633972161232,-1.0332837756630178e6,1.0407428530728888e6,-0.14930680964607745,0.7046255553141236,8,false,0.013772475199997088,0.013772475199997088,false
255,true,0.9605508454448056,-1.0336491938141695e6,1.0409266624745248e6,0.04430774331558496,0.10090377344749868,8,false,0.013772475199997088,0.013772475199997088,false
255,true,0.8737550331910209,-1.0336422826253347e6,1.0412073501834935e6,0.27423680131323636,0.31905975565314293,8,false,0.013772475199997088,0.013772475199997088,false
255,true,0.9771642381963654,-1.0336811283950395e6,1.0412274432289087e6,-0.11855105869472027,-0.3147074512671679,8,false,0.013772475199997088,0.013772475199997088,false
255,true,0.99671395330982,-1.0335447986993582e6,1.041188786275562e6,-0.16573329968377948,-0.19809899246320128,8,false,0.013772475199997088,0.013772475199997088,false
255,true,0.9580238974060669,-1.033580513227032e6,1.0410773458544414e6,0.09547130763530731,0.12479824910406023,8,false,0.013772475199997088,0.013772475199997088,false
255,true,0.9902292123605446,-1.0335473008695478e6,1.040972109797406e6,0.02288753737229854,-0.15482285944744945,8,false,0.013772475199997088,0.013772475199997088,false
255,true,0.8956209639671222,-1.0335746681424746e6,1.041050124099723e6,0.27785482013132423,0.32650695485062897,8,false,0.013772475199997088,0.013772475199997088,false
255,true,0.9953378513812569,-1.0334456000484946e6,1.041026563037506e6,-0.38049505127128214,-0.4509858461096883,8,false,0.013772475199997088,0.013772475199997088,false
255,true,0.9967677156321632,-1.0334373844234911e6,1.0409168401340551e6,0.028998349676840007,-0.06077943101990968,8,false,0.013772475199997088,0.013772475199997088,false
255,true,0.9931531287376238,-1.0333780389406553e6,1.040773588752221e6,-0.011310928734019399,-0.08251613681204617,8,false,0.013772475199997088,0.013772475199997088,false
255,true,0.9134731703497554,-1.0334537626262084e6,1.0409277691331932e6,0.09012844215612859,0.26502822746988386,8,false,0.013772475199997088,0.013772475199997088,false
255,true,0.9950546929926436,-1.0334905769755015e6,1.0408308372235252e6,-0.06664712284691632,-0.16732990683522075,8,false,0.013772475199997088,0.013772475199997088,false
255,true,0.9783961102025479,-1.0337277881682212e6,1.0411902839207533e6,0.09460309857968241,0.10594585002399981,8,false,0.013772475199997088,0.013772475199997088,false
255,true,0.9991456914860531,-1.0335210267796981e6,1.0410518363142431e6,-0.055191681371070445,-0.18949966982472688,8,false,0.013772475199997088,0.013772475199997088,false
255,true,0.9992859282660099,-1.0334018702297424e6,1.0408957296021399e6,-0.12079745612572879,-0.14979406248312443,8,false,0.013772475199997088,0.013772475199997088,false
255,true,0.9198600200228596,-1.0336982969485745e6,1.0410893955547747e6,0.09490561613347381,0.20147247973363847,8,false,0.013772475199997088,0.013772475199997088,false
255,true,0.9968605234510227,-1.0337267833986206e6,1.041048028200157e6,-0.05941643728874624,-0.12954741332214326,8,false,0.013772475199997088,0.013772475199997088,false
255,true,0.9558847915580436,-1.0335717269515233e6,1.0411646572834247e6,0.06555643165484071,0.13168165681418031,8,false,0.013772475199997088,0.013772475199997088,false
255,true,0.9739618804345883,-1.0334343902884934e6,1.0409274934474658e6,-0.06762864743359387,0.1250641846563667,8,false,0.013772475199997088,0.013772475199997088,false
255,true,0.8719761584693546,-1.0334914106330056e6,1.0408022489260873e6,0.0706434422172606,0.331373778404668,8,false,0.013772475199997088,0.013772475199997088,false
255,true,0.8922462838384261,-1.0334298154773106e6,1.0408975065281433e6,0.31067169073503464,0.3407188425771892,8,false,0.013772475199997088,0.013772475199997088,false
255,true,0.999974080112479,-1.033454958353438e6,1.0408507898630227e6,-0.08680288458708674,-0.44352536101359874,8,false,0.013772475199997088,0.013772475199997088,false
255,true,0.8914751967013264,-1.0335206545287244e6,1.0408886222730496e6,-0.3328136728378013,0.3939285919768736,8,false,0.013772475199997088,0.013772475199997088,false
255,true,0.9650110642982328,-1.0334990886719102e6,1.0410494430659444e6,0.016181790037080646,0.09658265532925725,8,false,0.013772475199997088,0.013772475199997088,false
255,true,0.9935706958843414,-1.0335369340218563e6,1.0410959041874787e6,-0.016440178733319044,0.04285062395501882,8,false,0.013772475199997088,0.013772475199997088,false
255,true,0.9697915256507298,-1.03344400736076e6,1.0409351395871831e6,0.04243115964345634,0.08131615980528295,8,false,0.013772475199997088,0.013772475199997088,false
255,true,0.6140011345291438,-1.0334673054545795e6,1.0409147459500746e6,1.1538523363415152,1.2005115824285895,8,false,0.013772475199997088,0.013772475199997088,false
255,true,0.9767124977100792,-1.033533520722009e6,1.0409905236131488e6,0.11786421237047762,-1.2156975918915123,8,false,0.013772475199997088,0.013772475199997088,false
255,true,0.9903742011146104,-1.033365504791032e6,1.0408488042674056e6,-0.0838603547308594,-1.328653714270331,8,false,0.013772475199997088,0.013772475199997088,false
255,true,0.9741154521406461,-1.0333761095469942e6,1.0408950578934634e6,-1.1221077599329874,-1.2615857581840828,8,false,0.013772475199997088,0.013772475199997088,false
255,true,0.8662502001753947,-1.0334669122292876e6,1.0408276799021467e6,0.36066050676163286,0.38709947920870036,8,false,0.013772475199997088,0.013772475199997088,false
255,true,0.9866794511657787,-1.0334251460235355e6,1.0410317051641638e6,-0.3477900776779279,-0.4858531104400754,8,false,0.013772475199997088,0.013772475199997088,false
255,true,0.9484766300649315,-1.0334924395148639e6,1.040963578815031e6,-0.041098285000771284,0.18241128174122423,8,false,0.013772475199997088,0.013772475199997088,false
255,true,0.9838354097634779,-1.0334380153060731e6,1.0408808126405475e6,-0.010068078176118433,-0.12056519568432122,8,false,0.013772475199997088,0.013772475199997088,false
255,true,0.9404688351451921,-1.0334476599650712e6,1.0408621034568743e6,-0.032776122097857296,0.1834971421631053,8,false,0.013772475199997088,0.013772475199997088,false
255,true,0.8476553053799926,-1.0335148499682712e6,1.0409283413502595e6,0.2012751898728311,0.39892488333862275,8,false,0.013772475199997088,0.013772475199997088,false
255,true,0.9875706953314134,-1.0336737811236547e6,1.0411032517089624e6,-0.031428940477781,-0.2618696215795353,8,false,0.013772475199997088,0.013772475199997088,false
255,true,0.9928361961061501,-1.0335857851851378e6,1.0411805669103971e6,-0.16819457104429603,-0.2239988757064566,8,false,0.013772475199997088,0.013772475199997088,false
255,true,0.9982067134792897,-1.033479341977822e6,1.0410302377316164e6,-0.009953897795639932,-0.08237685181666166,8,false,0.013772475199997088,0.013772475199997088,false
255,true,0.7514936393796282,-1.0335052206086011e6,1.0408909874046688e6,0.1590541338082403,0.6488804263062775,8,false,0.013772475199997088,0.013772475199997088,false
255,true,0.9918325510901664,-1.0336408009458077e6,1.0411169265454162e6,-0.03721289348322898,-0.1862028465839103,8,false,0.013772475199997088,0.013772475199997088,false
255,true,0.9852502286499254,-1.0334374898071231e6,1.0410313083654201e6,0.02669541258364916,-0.17802020581439137,8,false,0.013772475199997088,0.013772475199997088,false
255,true,0.9543307484792275,-1.0335870034233888e6,1.040997288938141e6,0.022177923005074263,-0.1967491601826623,8,false,0.013772475199997088,0.013772475199997088,false
255,true,0.6592434429907889,-1.0334939373777396e6,1.0411099450473384e6,0.31977774493861943,1.1721150680677965,8,false,0.013772475199997088,0.013772475199997088,false
255,true,0.9416064140981079,-1.0335158777758327e6,1.0410807428773833e6,-0.15004411537665874,-0.5319384625181556,8,false,0.013772475199997088,0.013772475199997088,false
255,true,0.9999065781176935,-1.0334986372845084e6,1.0410634104979141e6,-0.11360131029505283,-0.4001527829095721,8,false,0.013772475199997088,0.013772475199997088,false
255,true,0.9941608041912635,-1.0334401257766522e6,1.0408879113301884e6,-0.013159229303710163,-0.25003998586907983,8,false,0.013772475199997088,0.013772475199997088,false
255,true,0.9663182602910542,-1.0333785272707698e6,1.0409151949195616e6,0.0560901362914592,-0.2554126059403643,8,false,0.013772475199997088,0.013772475199997088,false
255,true,1.0,-1.0334469838378134e6,1.0407640761939083e6,-0.04787423089146614,-0.3309645459521562,8,false,0.013772475199997088,0.013772475199997088,false
255,true,0.9976976946439114,-1.0332620456770859e6,1.0408262376503247e6,-0.18310043052770197,-0.2975944095524028,8,false,0.013772475199997088,0.013772475199997088,false
255,true,0.9863511162093257,-1.0333464358721527e6,1.0406897857965361e6,-0.08079057896975428,-0.09104253468103707,8,false,0.013772475199997088,0.013772475199997088,false
255,true,0.9689262333885387,-1.0333259919608777e6,1.0407109233445638e6,0.022036692476831377,0.0887499749660492,8,false,0.013772475199997088,0.013772475199997088,false
255,true,0.9649935328778795,-1.0334676752559271e6,1.0407250638319742e6,0.050170394708402455,0.10267247923184186,8,false,0.013772475199997088,0.013772475199997088,false
255,true,0.9936036279166898,-1.0334415184998022e6,1.0408351052121151e6,0.019333498319610953,-0.09241247922182083,8,false,0.013772475199997088,0.013772475199997088,false
255,true,0.8997143429247952,-1.033496409449278e6,1.0410194440700823e6,0.04833468212746084,0.3033479265868664,8,false,0.013772475199997088,0.013772475199997088,false
255,true,0.63258403931933,-1.0335146342446718e6,1.0410347251241455e6,0.3072198983281851,1.1950974410865456,8,false,0.013772475199997088,0.013772475199997088,false
255,true,0.999571578246124,-1.0334476747242052e6,1.041039616093243e6,-0.30962402070872486,-0.440461972495541,8,false,0.013772475199997088,0.013772475199997088,false
255,true,0.9517384689923846,-1.033471571662009e6,1.0409844124248737e6,0.13660848583094776,0.2104338820790872,8,false,0.013772475199997088,0.013772475199997088,false
255,true,0.9657946194263175,-1.033531098304319e6,1.0409826103259136e6,-0.01138094300404191,-0.2413920919643715,8,false,0.013772475199997088,0.013772475199997088,false
255,true,0.8384257983692356,-1.0334648018194448e6,1.0409706508048788e6,0.24804966384544969,0.575766462367028,8,false,0.013772475199997088,0.013772475199997088,false
255,true,0.9925839062470975,-1.0336297068031807e6,1.0410526980724403e6,-0.26668083819095045,-0.5145423209760338,8,false,0.013772475199997088,0.013772475199997088,false
255,true,0.9975793869266867,-1.033491678366055e6,1.0410744743766417e6,-0.2051316376309842,-0.25621687166858464,8,false,0.013772475199997088,0.013772475199997088,false
255,true,0.9716071382065248,-1.0335294682114199e6,1.0408701026506943e6,0.0019824017072096467,0.0928254087921232,8,false,0.013772475199997088,0.013772475199997088,false
255,true,0.9658144405926391,-1.0333328417007393e6,1.0408819127202529e6,0.0054170755902305245,0.10753811069298536,8,false,0.013772475199997088,0.013772475199997088,false
255,true,0.9712602993030766,-1.0333007161640937e6,1.0405218709456761e6,0.06027227605227381,0.11617614713031799,8,false,0.013772475199997088,0.013772475199997088,false
255,true,0.9903616543744658,-1.0334075486406534e6,1.0407670584804891e6,-0.12138001550920308,-0.12138001550920308,8,false,0.013772475199997088,0.013772475199997088,false
255,true,0.9493214672540405,-1.0334758420997428e6,1.0408504299038551e6,0.05925062682945281,0.10085526132024825,8,false,0.013772475199997088,0.013772475199997088,false
255,true,0.9639409337982504,-1.033479813521032e6,1.0410020119700056e6,0.09537585801444948,0.11403201473876834,8,false,0.013772475199997088,0.013772475199997088,false
255,true,0.9276273686671603,-1.0336443458479313e6,1.0410174083356943e6,0.07189905911218375,0.23297142679803073,8,false,0.013772475199997088,0.013772475199997088,false
255,true,0.9888442896268461,-1.0335381310347213e6,1.0411683011538164e6,-0.15997862338554114,-0.21568760729860514,8,false,0.013772475199997088,0.013772475199997088,false
255,true,0.9691715111396053,-1.0335744746069561e6,1.0410236963777522e6,-0.009257550816982985,0.10103616630658507,8,false,0.013772475199997088,0.013772475199997088,false
255,true,0.9843508607367965,-1.0334326663351512e6,1.0410040545253666e6,0.007709289202466607,0.06488236202858388,8,false,0.013772475199997088,0.013772475199997088,false
255,true,0.8625793056639024,-1.033447936027083e6,1.0407728637430371e6,-0.045350864646025,0.35831889091059566,8,false,0.013772475199997088,0.013772475199997088,false
255,true,0.9483841942255651,-1.033440535580034e6,1.0408216492145258e6,0.0006086507346481085,0.1270311757689342,8,false,0.013772475199997088,0.013772475199997088,false
255,true,0.5457259582630725,-1.0336445271469009e6,1.0410503258212327e6,1.3517168655525893,1.4025105085456744,8,false,0.013772475199997088,0.013772475199997088,false
255,true,1.0,-1.0335624530186075e6,1.0410388693237603e6,-1.3017752775922418,-1.3620021919487044,8,false,0.013772475199997088,0.013772475199997088,false
255,true,0.8768638039589294,-1.0335896656011322e6,1.0410581463233478e6,0.13266827631741762,0.3292052912293002,8,false,0.013772475199997088,0.013772475199997088,false
255,true,0.9718916342362227,-1.0334364294101376e6,1.0408981462805872e6,-0.004853973048739135,-0.1831653598928824,8,false,0.013772475199997088,0.013772475199997088,false
255,true,0.9991393783102762,-1.0333214593233025e6,1.0406841838661806e6,-0.15279278927482665,-0.20289933285675943,8,false,0.013772475199997088,0.013772475199997088,false
255,true,0.9751119103515329,-1.0334506849003533e6,1.0407434454454911e6,0.05085816350765526,0.08268527779728174,8,false,0.013772475199997088,0.013772475199997088,false
255,true,0.7962765650357126,-1.0335461389448578e6,1.040914970150711e6,0.5042119059944525,0.5508140089223161,8,false,0.013772475199997088,0.013772475199997088,false
255,true,0.8870158639651499,-1.0335752473004619e6,1.0410757347620189e6,-0.44363050360698253,-0.5865121012320742,8,false,0.013772475199997088,0.013772475199997088,false
255,true,0.8854384397522629,-1.0334065767896273e6,1.0409058469453721e6,0.17701526056043804,0.3599379187216982,8,false,0.013772475199997088,0.013772475199997088,false
255,true,0.9338613340403914,-1.033378543697721e6,1.0407948078637694e6,0.18682004732545465,-0.33294220676179975,8,false,0.013772475199997088,0.013772475199997088,false
255,true,0.9393041547407649,-1.0335870789703476e6,1.0410314032589686e6,0.17808416648767889,-0.514647162752226,8,false,0.013772475199997088,0.013772475199997088,false
255,true,0.9890343633429528,-1.0337082336569977e6,1.0412965402592529e6,-0.48417514318134636,-0.6641055665677413,8,false,0.013772475199997088,0.013772475199997088,false
255,true,0.9926913288963825,-1.0337345189199552e6,1.0412763143872488e6,0.015810346347279847,-0.20958975749090314,8,false,0.013772475199997088,0.013772475199997088,false
255,true,0.9315920518416645,-1.0336331201690586e6,1.0412699347360281e6,0.12009164341725409,0.2585776806809008,8,false,0.013772475199997088,0.013772475199997088,false
255,true,0.9744548388357809,-1.0335299501852036e6,1.0411134574152745e6,-0.22166950989048928,-0.33657974237576127,8,false,0.013772475199997088,0.013772475199997088,false
255,true,0.870988099089696,-1.0335093151156983e6,1.0410197512382166e6,0.013288857997395098,0.3719317454379052,8,false,0.013772475199997088,0.013772475199997088,false
255,true,0.9934177264710013,-1.0334616251814512e6,1.0409483040310774e6,-0.12491019524168223,-0.14768307853955775,8,false,0.013772475199997088,0.013772475199997088,false
255,true,0.991522802323282,-1.0334434644057213e6,1.0408372438148806e6,0.008950649877078831,0.038128274492919445,8,false,0.013772475199997088,0.013772475199997088,false
255,true,0.9562988688149202,-1.033376144201079e6,1.0408059429803042e6,0.02333166031166911,0.11213235987816006,8,false,0.013772475199997088,0.013772475199997088,false
255,true,0.9376106606602889,-1.0335550298270741e6,1.0409111347396777e6,0.06546221091412008,0.15236274793278426,8,false,0.013772475199997088,0.013772475199997088,false
255,true,0.9444807717785751,-1.0335715507354848e6,1.0408906652695155e6,0.06184557965025306,0.20723263768013567,8,false,0.013772475199997088,0.013772475199997088,false
255,true,0.999682748089738,-1.0337253791280955e6,1.0412067426636879e6,-0.061042486457154155,-0.16427827684674412,8,false,0.013772475199997088,0.013772475199997088,false
255,true,0.951108434310688,-1.0333388378333194e6,1.0410184191143359e6,-0.037457908503711224,0.1890448925551027,8,false,0.013772475199997088,0.013772475199997088,false
255,true,0.8095540526133003,-1.0332900369649952e6,1.0407603629077951e6,0.02666051615960896,0.515399007126689,8,false,0.013772475199997088,0.013772475199997088,false
255,true,0.9970975489121723,-1.0335541766879327e6,1.0408254832456376e6,-0.02199691953137517,-0.10653866804204881,8,false,0.013772475199997088,0.013772475199997088,false
255,true,0.878072396256307,-1.0334163602626686e6,1.0409647057602529e6,-0.014397688210010529,0.34377768950071186,8,false,0.013772475199997088,0.013772475199997088,false
255,true,0.8984634375040452,-1.0335237689368646e6,1.0408812550342743e6,0.08157132077030838,0.2723942350130528,8,false,0.013772475199997088,0.013772475199997088,false
255,true,0.9978180842650003,-1.0335213459355069e6,1.0409100076650964e6,0.01521902671083808,-0.16149282502010465,8,false,0.013772475199997088,0.013772475199997088,false
255,true,0.9051499450257222,-1.0335152745431667e6,1.0410119816802373e6,0.29296238417737186,0.3163068472640589,8,false,0.013772475199997088,0.013772475199997088,false
255,true,0.916835626829093,-1.0335737376336403e6,1.0411648475808402e6,-0.31436747673433274,-0.426605720538646,8,false,0.013772475199997088,0.013772475199997088,false
255,true,0.9108999875077738,-1.0336450055633938e6,1.0411057769317144e6,-0.07104728883132339,0.2982280559372157,8,false,0.013772475199997088,0.013772475199997088,false
255,true,0.9955053133107221,-1.033490025755059e6,1.0409543369886072e6,0.006338710663840175,-0.06696264038328081,8,false,0.013772475199997088,0.013772475199997088,false
255,true,0.9911686549492127,-1.0334695656797478e6,1.0409813345378503e6,-0.02972555416636169,-0.07346493238583207,8,false,0.013772475199997088,0.013772475199997088,false
255,true,0.9989228476352113,-1.0335428819963355e6,1.0409544261934712e6,-0.014496091403998435,-0.0565485575934872,8,false,0.013772475199997088,0.013772475199997088,false
255,true,0.9489368210910305,-1.0335987795160047e6,1.0410386856667387e6,0.08059920475352556,0.1365863491082564,8,false,0.013772475199997088,0.013772475199997088,false
255,true,0.9912818457332364,-1.0335958451008507e6,1.041023562456929e6,-0.0030942182056605816,-0.09154190740082413,8,false,0.013772475199997088,0.013772475199997088,false
255,true,0.6745021140063407,-1.033485218943922e6,1.0410485274865027e6,-0.03378607367631048,0.9648003467591479,8,false,0.013772475199997088,0.013772475199997088,false
255,true,0.933552141014404,-1.0334326427243699e6,1.0408406955713305e6,0.14554130902979523,0.17932020197622478,8,false,0.013772475199997088,0.013772475199997088,false
255,true,0.9577503461587408,-1.0333886530121814e6,1.0407766179282916e6,-0.21622064244002104,-0.21622064244002104,8,false,0.013772475199997088,0.013772475199997088,false
255,true,0.8973683662687341,-1.0335206028194019e6,1.0408434616951573e6,0.024680290138348937,0.2129608942195773,8,false,0.013772475199997088,0.013772475199997088,false
255,true,0.9185400171887497,-1.0334978254524611e6,1.0410252151427433e6,0.08189625118393451,0.19944046647287905,8,false,0.013772475199997088,0.013772475199997088,false
255,true,0.9627809285205366,-1.0335955509668711e6,1.0410123841922034e6,0.10305463336408138,0.12619950156658888,8,false,0.013772475199997088,0.013772475199997088,false
255,true,0.9783508051828981,-1.0335632064136268e6,1.0411496125092062e6,-0.186264859396033,-0.18876162741798908,8,false,0.013772475199997088,0.013772475199997088,false
255,true,0.9877792501119362,-1.0334808947832894e6,1.0409144718675105e6,0.020878889481537044,0.0507578207179904,8,false,0.013772475199997088,0.013772475199997088,false
255,true,0.9911703611451516,-1.0334670728701764e6,1.0409212971028119e6,0.031468765693716705,0.0526589147048071,8,false,0.013772475199997088,0.013772475199997088,false
255,true,0.8358851892544124,-1.0334913358150024e6,1.0410126523213526e6,0.15501815255265683,0.4169506625039503,8,false,0.013772475199997088,0.013772475199997088,false
255,true,0.9865029464796907,-1.0335230954967126e6,1.0410227427025692e6,-0.09929887403268367,-0.22394575201906264,8,false,0.013772475199997088,0.013772475199997088,false
255,true,0.9947391051313699,-1.0334000108196234e6,1.0408434202638983e6,-0.030281242914497852,-0.13469078380148858,8,false,0.013772475199997088,0.013772475199997088,false
255,true,0.8350380958344911,-1.033496502573422e6,1.040874676707033e6,-0.03128778503742069,0.4433584293583408,8,false,0.013772475199997088,0.013772475199997088,false
255,true,0.9711536874535527,-1.033520672729971e6,1.0409205341393756e6,0.04270103597082198,0.10717718466185033,8,false,0.013772475199997088,0.013772475199997088,false
255,true,0.9992087192162604,-1.0334953248674007e6,1.0409905412785722e6,-0.023581984103657305,-0.12493673979770392,8,false,0.013772475199997088,0.013772475199997088,false
255,true,0.929160972718995,-1.0335105384374216e6,1.0410206270971543e6,0.1434480152092874,0.22025036544073373,8,false,0.013772475199997088,0.013772475199997088,false
255,true,0.9997086613655601,-1.0334996880605685e6,1.0408548649561548e6,-0.004162222729064524,-0.2333287496585399,8,false,0.013772475199997088,0.013772475199997088,false
255,true,0.9746188288679449,-1.0334843459963507e6,1.0408630744859304e6,-0.07098311185836792,-0.23147025925572962,8,false,0.013772475199997088,0.013772475199997088,false
255,true,0.9936122277586068,-1.0335209357700709e6,1.0410455442367673e6,0.03652574913576245,-0.15750782063696533,8,false,0.013772475199997088,0.013772475199997088,false
255,true,0.9948313489479739,-1.0334658342952236e6,1.0409077014639998e6,-0.0216935375938192,-0.19157606770750135,8,false,0.013772475199997088,0.013772475199997088,false
255,true,0.9040744866485778,-1.0333704215544268e6,1.040813923127727e6,0.04750561492983252,0.32629155030008405,8,false,0.013772475199997088,0.013772475199997088,false
255,true,0.9579596696765008,-1.033385764348023e6,1.0407481577394968e6,-0.029968996299430728,-0.23301082442048937,8,false,0.013772475199997088,0.013772475199997088,false
255,true,0.9811018842466113,-1.0334684355626061e6,1.0408365761880943e6,-0.0710189079400152,-0.19381196284666657,8,false,0.013772475199997088,0.013772475199997088,false
255,true,0.8296003406018538,-1.0335243545577491e6,1.0409665893567912e6,0.14037549402564764,0.4869481248315424,8,false,0.013772475199997088,0.013772475199997088,false
255,true,0.9752156454779118,-1.0335928873627415e6,1.0411331686790506e6,-0.21429229120258242,-0.25936410925351083,8,false,0.013772475199997088,0.013772475199997088,false
255,true,0.9748521817741376,-1.0336162183412897e6,1.0411386705881952e6,0.01657577487640083,0.08895902463700622,8,false,0.013772475199997088,0.013772475199997088,false
255,true,0.8362117408718509,-1.0336509645682678e6,1.0411982514776088e6,0.32982502796221524,0.4259032735135406,8,false,0.013772475199997088,0.013772475199997088,false
255,true,0.8455506443621897,-1.0336591422720519e6,1.041040598726744e6,-0.01036717218812555,0.5559960957616568,8,false,0.013772475199997088,0.013772475199997088,false
255,true,0.8224683637126922,-1.0337084805776421e6,1.0412907601094857e6,-0.33717573329340667,0.6336875684792176,8,false,0.013772475199997088,0.013772475199997088,false
255,true,0.8986427303990471,-1.0336241327155738e6,1.041264458606526e6,0.06269954121671617,0.2569840132491663,8,false,0.013772475199997088,0.013772475199997088,false
255,true,0.892671332652023,-1.0334644563903009e6,1.0410470146273442e6,0.08554931893013418,0.31811830890364945,8,false,0.013772475199997088,0.013772475199997088,false
255,true,0.9996324674151926,-1.0335045243009451e6,1.0409546510661682e6,-0.09603034937754273,-0.2011409910628572,8,false,0.013772475199997088,0.013772475199997088,false
255,true,0.9965442419245891,-1.0334569004330077e6,1.0409122848274715e6,-0.07826704229228199,-0.11619975871872157,8,false,0.013772475199997088,0.013772475199997088,false
255,true,0.9049850022045854,-1.0335178988745091e6,1.0409125116771137e6,0.202225829125382,0.22898036532569677,8,false,0.013772475199997088,0.013772475199997088,false
255,true,0.9965658973395831,-1.0335263951298225e6,1.0410948968035476e6,-0.1923366750124842,-0.20888363989070058,8,false,0.013772475199997088,0.013772475199997088,false
255,true,0.9106435661069309,-1.033554455459935e6,1.0410497618811494e6,0.15512544219382107,0.2082174343522638,8,false,0.013772475199997088,0.013772475199997088,false
255,true,0.9422971486480685,-1.0334780889044948e6,1.0410407839998021e6,0.05488079856149852,0.2148360926657915,8,false,0.013772475199997088,0.013772475199997088,false
255,true,0.9991345295855295,-1.0335342580272037e6,1.0409210160766859e6,-0.0800889526726678,-0.22074201772920787,8,false,0.013772475199997088,0.013772475199997088,false
255,true,0.9874304689145826,-1.033430332375685e6,1.0409527928716809e6,-0.07332183024846017,-0.1428839861182496,8,false,0.013772475199997088,0.013772475199997088,false
255,true,0.8010616319783243,-1.0334009620728231e6,1.0408467058394682e6,0.5126678450033069,0.5347456068266183,8,false,0.013772475199997088,0.013772475199997088,false
255,true,0.9738481781672617,-1.0334573837783865e6,1.0408669638518638e6,-0.08145144523587078,-0.5486453371122479,8,false,0.013772475199997088,0.013772475199997088,false
255,true,0.9073660217971571,-1.0335581848269285e6,1.0410240057471102e6,-0.3413168425904587,-0.48050192766822875,8,false,0.013772475199997088,0.013772475199997088,false
255,true,0.9991834687421707,-1.0335103214515757e6,1.0409907192562047e6,-0.03694884281139821,-0.16230190359055996,8,false,0.013772475199997088,0.013772475199997088,false
255,true,0.6954444778405116,-1.0334549943576875e6,1.0409314728830251e6,-0.008797028451226652,0.9226274804677814,8,false,0.013772475199997088,0.013772475199997088,false
255,true,0.995529270980628,-1.0335194906750072e6,1.0409626685954632e6,-0.05606886208988726,-0.11599078739527613,8,false,0.013772475199997088,0.013772475199997088,false
255,true,0.978453150032583,-1.0334809654809252e6,1.0409394233004567e6,0.017797909793443978,0.10187416023109108,8,false,0.013772475199997088,0.013772475199997088,false
255,true,0.9872993579932088,-1.0334929962102419e6,1.0409331002718494e6,0.03062990657053888,-0.10838123573921621,8,false,0.013772475199997088,0.013772475199997088,false
255,true,0.993377413773867,-1.0335764703931904e6,1.0410247935573114e6,-0.009559564990922809,-0.1379517229506746,8,false,0.013772475199997088,0.013772475199997088,false
255,true,0.9475254356614079,-1.0337643421716002e6,1.0412468931633212e6,0.07852152979467064,0.1952051519183442,8,false,0.013772475199997088,0.013772475199997088,false
255,true,0.9995634473484669,-1.0337400827600252e6,1.0412447561910978e6,-0.057564151589758694,-0.1837894523050636,8,false,0.013772475199997088,0.013772475199997088,false
255,true,0.8463472178678114,-1.0335380336875474e6,1.0412285480486043e6,-0.12123328971210867,0.4609107478754595,8,false,0.013772475199997088,0.013772475199997088,false
255,true,0.9730830657562982,-1.033526623670303e6,1.0409373837199559e6,0.043085145531222224,0.06933698058128357,8,false,0.013772475199997088,0.013772475199997088,false
255,true,0.9049664530521095,-1.033497497629521e6,1.0410449267016833e6,0.03521090804133564,0.25379906536545604,8,false,0.013772475199997088,0.013772475199997088,false
255,true,0.994297345518211,-1.0334774163607708e6,1.0409237338117517e6,-0.03964539151638746,-0.0827524458291009,8,false,0.013772475199997088,0.013772475199997088,false
255,true,0.7908796444946,-1.033359251315525e6,1.0408406758442321e6,0.3083761956077069,0.5186393121257424,8,false,0.013772475199997088,0.013772475199997088,false
255,true,0.9996866693300873,-1.0333660741708823e6,1.0407105776278026e6,-0.02619308209978044,-0.36174065130762756,8,false,0.013772475199997088,0.013772475199997088,false
255,true,0.9014116720571954,-1.0334187838805796e6,1.0407810366753961e6,-0.03532722860109061,0.38636128534562886,8,false,0.013772475199997088,0.013772475199997088,false
255,true,0.9917379824197788,-1.0334278766550843e6,1.0409009204130886e6,-0.033178236219100654,-0.2841892170254141,8,false,0.013772475199997088,0.013772475199997088,false
255,true,0.9962151070011604,-1.0334254569364331e6,1.0408538555059573e6,0.026500171632505953,-0.2574084911029786,8,false,0.013772475199997088,0.013772475199997088,false
255,true,0.7750731130086935,-1.0334903715816237e6,1.0409171721258619e6,0.12727996276225895,0.7720072696683928,8,false,0.013772475199997088,0.013772475199997088,false
255,true,0.999766952595158,-1.0334788813442787e6,1.0409086718452831e6,-0.05779659084510058,-0.39336430246476084,8,false,0.013772475199997088,0.013772475199997088,false
255,true,0.991393503178524,-1.033476735070393e6,1.0409372763432433e6,-0.28384576097596437,-0.36367332574445754,8,false,0.013772475199997088,0.013772475199997088,false
255,true,0.9042916580405306,-1.0334331854610143e6,1.0409034195928967e6,0.21648639347404242,0.2771866468247026,8,false,0.013772475199997088,0.013772475199997088,false
255,true,0.9964704100316653,-1.0334798699884389e6,1.0408217195934609e6,-0.2149857389740646,-0.3036146138329059,8,false,0.013772475199997088,0.013772475199997088,false
255,true,0.9916327230293186,-1.0334180656790447e6,1.040874488548493e6,-0.039516671444289386,-0.08994485798757523,8,false,0.013772475199997088,0.013772475199997088,false
255,true,0.9343824286905084,-1.0335674992577134e6,1.0410012651079365e6,0.12188972567673773,0.18314539804123342,8,false,0.013772475199997088,0.013772475199997088,false
255,true,0.9987390944230458,-1.0334414240714868e6,1.0409414796934234e6,0.02556125191040337,-0.1610646229237318,8,false,0.013772475199997088,0.013772475199997088,false
255,true,0.9932592833769992,-1.0335910439782453e6,1.0409443588207097e6,-0.06320463470183313,-0.17199977417476475,8,false,0.013772475199997088,0.013772475199997088,false
255,true,0.9865883498424808,-1.0334711114624954e6,1.0410113291654803e6,0.016298880567774177,-0.10831474920269102,8,false,0.013772475199997088,0.013772475199997088,false
255,true,0.9281288672103232,-1.0335396930742475e6,1.0409801932388212e6,0.08291949599515647,0.24565475655253977,8,false,0.013772475199997088,0.013772475199997088,false
255,true,0.9924768632564599,-1.0335104061573902e6,1.0410054049158205e6,-0.16455127287190408,-0.22199226985685527,8,false,0.013772475199997088,0.013772475199997088,false
255,true,0.9575258611683003,-1.0336682105576011e6,1.0411005608444003e6,0.04741468245629221,0.12748244358226657,8,false,0.013772475199997088,0.013772475199997088,false
255,true,0.8728301441318278,-1.0336190146165858e6,1.0410803493328426e6,-0.015129208215512335,0.3605393582256511,8,false,0.013772475199997088,0.013772475199997088,false
255,true,0.9908945089134693,-1.0336311975069115e6,1.0410342403420935e6,-0.022966188029386103,-0.08989251032471657,8,false,0.013772475199997088,0.013772475199997088,false
255,true,0.9981614289601813,-1.0334979015030173e6,1.0410292548509352e6,-0.05272305058315396,-0.0678730031941086,8,false,0.013772475199997088,0.013772475199997088,false
255,true,0.9915649937616557,-1.0335260485913905e6,1.0410688663928009e6,-0.005994330509565771,0.03177608421538025,8,false,0.013772475199997088,0.013772475199997088,false
255,true,0.913491035269917,-1.0336746148191666e6,1.0412046707800357e6,0.1021806086646393,0.18541706283576787,8,false,0.013772475199997088,0.013772475199997088,false
255,true,0.9871499198169381,-1.0335373624752555e6,1.0411917956748737e6,0.031626206706278026,-0.10139753099065274,8,false,0.013772475199997088,0.013772475199997088,false
255,true,0.9997957822728241,-1.0335382333683518e6,1.0410374990545561e6,-0.05103956104721874,-0.1310944026336074,8,false,0.013772475199997088,0.013772475199997088,false
255,true,0.9375015237382687,-1.0335115212275485e6,1.0409888319998544e6,-0.04305477987509221,0.2026623635319993,8,false,0.013772475199997088,0.013772475199997088,false
255,true,0.9991139249920593,-1.0334999022978498e6,1.0409422898310764e6,-0.03972142096608877,-0.05057651561219245,8,false,0.013772475199997088,0.013772475199997088,false
255,true,0.9766351787833008,-1.0334433803465291e6,1.0408876309193119e6,0.0263201774796471,0.06965846894308925,8,false,0.013772475199997088,0.013772475199997088,false
255,true,0.9450384200391134,-1.0334183237928429e6,1.0408665293457188e6,0.06904734601266682,0.14238686941098422,8,false,0.013772475199997088,0.013772475199997088,false
255,true,0.9974056017510522,-1.0334275596307128e6,1.0408246625203105e6,-0.059560630354098976,-0.10659563250374049,8,false,0.013772475199997088,0.013772475199997088,false
255,true,0.8576588125686359,-1.0334687660619611e6,1.0408357928916997e6,0.012172948801890016,0.33982007461600006,8,false,0.013772475199997088,0.013772475199997088,false
255,true,0.8870027454039,-1.0334943855373398e6,1.040890391510416e6,0.21882752724923193,0.2983813608298078,8,false,0.013772475199997088,0.013772475199997088,false
255,true,0.9734799192660486,-1.0334995376411917e6,1.0409229246969778e6,0.06139871431514621,-0.2692974319215864,8,false,0.013772475199997088,0.013772475199997088,false
255,true,0.9792488758429254,-1.0335761306279233e6,1.0409901697800192e6,-0.04887645714916289,-0.3209234311943874,8,false,0.013772475199997088,0.013772475199997088,false
255,true,0.9999713279953151,-1.033513921476578e6,1.0409397709436003e6,-0.2213123212568462,-0.2913232777500525,8,false,0.013772475199997088,0.013772475199997088,false
255,true,0.9469846559198283,-1.0333481869147408e6,1.0408334833195168e6,-0.03368842299096286,0.16192720097023994,8,false,0.013772475199997088,0.013772475199997088,false
255,true,0.9827335310724511,-1.0336014270095435e6,1.0408054065010024e6,0.033710908610373735,0.0734926275908947,8,false,0.013772475199997088,0.013772475199997088,false
255,true,0.9868824254851449,-1.0334532778295538e6,1.0409757926329287e6,0.013598239165730774,-0.08767884375993162,8,false,0.013772475199997088,0.013772475199997088,false
255,true,0.8657690578710233,-1.0333826030766207e6,1.0409086137290408e6,0.19118859991431236,0.3726722840219736,8,false,0.013772475199997088,0.013772475199997088,false
255,true,0.9473508112785928,-1.0333940077187095e6,1.040956954193916e6,-0.16716205212287605,0.2845409087603912,8,false,0.013772475199997088,0.013772475199997088,false
255,true,0.975381065474794,-1.0335114069355757e6,1.0408514176002028e6,0.02774679707363248,0.1106305222492665,8,false,0.013772475199997088,0.013772475199997088,false
255,true,0.9707596415416083,-1.0336035714411117e6,1.0410517237079317e6,0.054223943036049604,0.13130522472783923,8,false,0.013772475199997088,0.013772475199997088,false
255,true,0.618811066664562,-1.0336189750950517e6,1.0409837539456775e6,1.1818640413694084,1.3213877342641354,8,false,0.013772475199997088,0.013772475199997088,false
255,true,0.9961908479569743,-1.0336084326248224e6,1.0411853454609999e6,-0.6254217301029712,-1.3565083931898698,8,false,0.013772475199997088,0.013772475199997088,false
255,true,0.9908547143242775,-1.0334711611310785e6,1.0410833372240495e6,-0.3489987115608528,-0.7268885042285547,8,false,0.013772475199997088,0.013772475199997088,false
255,true,0.9997544001364524,-1.0335219043315802e6,1.0409875365782153e6,-0.224161523161456,-0.404460308724083,8,false,0.013772475199997088,0.013772475199997088,false
255,true,0.9307470350309925,-1.033502874142411e6,1.040949446833759e6,0.11576672422233969,0.23148263746406883,8,false,0.013772475199997088,0.013772475199997088,false
255,true,0.7888931154715084,-1.0334914675920756e6,1.041032939247808e6,0.568901629303582,0.7064011143520474,8,false,0.013772475199997088,0.013772475199997088,false
255,true,0.997470667277435,-1.0335471601625193e6,1.0409619810579878e6,-0.05810917308554053,-0.8683001692406833,8,false,0.013772475199997088,0.013772475199997088,false
255,true,0.9363803488367588,-1.033594570529373e6,1.0410569145501185e6,0.1882080198265612,-0.7957081717904657,8,false,0.013772475199997088,0.013772475199997088,false
255,true,0.9945532971916193,-1.033463033324499e6,1.0409568269456621e6,-0.5113102634204552,-0.9821090325713158,8,false,0.013772475199997088,0.013772475199997088,false
255,true,0.9520796165359403,-1.0336429773602764e6,1.041035252361083e6,0.09519736666698009,-0.47957432246766984,8,false,0.013772475199997088,0.013772475199997088,false
255,true,0.9970770958029384,-1.0335260274192372e6,1.0410865029031244e6,-0.08555885381065309,-0.5669932452728972,8,false,0.013772475199997088,0.013772475199997088,false
255,true,0.9834705892949099,-1.0335237463103271e6,1.0409807353009288e6,0.13306283403653651,-0.47115216171368957,8,false,0.013772475199997088,0.013772475199997088,false
255,true,0.9982935261348507,-1.0334464796701297e6,1.040951519251081e6,-0.40823536249808967,-0.5769898400176316,8,false,0.013772475199997088,0.013772475199997088,false
255,true,0.9992606128101229,-1.0334498031010848e6,1.0409810515932816e6,-0.13195845833979547,-0.17756103537976742,8,false,0.013772475199997088,0.013772475199997088,false
255,true,0.9987444404501801,-1.0335474604183919e6,1.0409835040792639e6,-0.020900829695165157,-0.07528245588764548,8,false,0.013772475199997088,0.013772475199997088,false
255,true,0.9604188964014696,-1.0335461992451608e6,1.0411479017680782e6,-0.01910286385100335,0.12315646931529045,8,false,0.013772475199997088,0.013772475199997088,false
255,true,0.7695597839350041,-1.0335886572455108e6,1.0411052385794525e6,0.32712165149860084,0.6103059992892668,8,false,0.013772475199997088,0.013772475199997088,false
255,true,0.8341589598757287,-1.0334441415498079e6,1.0409821248059805e6,-0.11278487707022578,0.5815434363903478,8,false,0.013772475199997088,0.013772475199997088,false
255,true,0.995841416181354,-1.0334450841291365e6,1.040836738875965e6,-0.14018297393340617,-0.24816003465093672,8,false,0.013772475199997088,0.013772475199997088,false
255,true,0.9994760504911941,-1.0333942371529667e6,1.0408957381139814e6,-0.08924034528899938,-0.11094503663480282,8,false,0.013772475199997088,0.013772475199997088,false
255,true,0.9322378338116568,-1.0336211608351436e6,1.0410130486045025e6,0.03214902325998992,0.1603610021993518,8,false,0.013772475199997088,0.013772475199997088,false
255,true,0.9999701023803408,-1.0334990260125655e6,1.0410047435865069e6,-0.057524073985405266,-0.0714995915768668,8,false,0.013772475199997088,0.013772475199997088,false
255,true,0.9636631893444899,-1.0333984707840177e6,1.0408826078074316e6,0.024278928991407156,0.0890904173720628,8,false,0.013772475199997088,0.013772475199997088,false
255,true,0.9894101124782148,-1.0334342624364849e6,1.0407950563492699e6,0.02469277731142938,0.04899367317557335,8,false,0.013772475199997088,0.013772475199997088,false
255,true,0.9393203672722711,-1.0334856155025684e6,1.0408540398805423e6,0.0077997257467359304,0.16510417638346553,8,false,0.013772475199997088,0.013772475199997088,false
255,true,0.9688667462142698,-1.033617885262324e6,1.0410124553061458e6,0.035788865643553436,0.11272573110181838,8,false,0.013772475199997088,0.013772475199997088,false
255,true,0.9319817928615115,-1.033686920406938e6,1.0412761363349446e6,0.10917730291839689,0.20019263518042862,8,false,0.013772475199997088,0.013772475199997088,false
255,true,0.9050330925822844,-1.0336536410052448e6,1.041112259960357e6,0.1540112509392202,0.33028051734436303,8,false,0.013772475199997088,0.013772475199997088,false
255,true,0.9821429542203558,-1.033511607826328e6,1.0411465960929067e6,-0.2853078948101029,-0.35094198444858193,8,false,0.013772475199997088,0.013772475199997088,false
255,true,0.9929248813076037,-1.0335118579469607e6,1.0410202030372289e6,-0.020492027513682842,-0.07029815681744367,8,false,0.013772475199997088,0.013772475199997088,false
255,true,0.9896117233120328,-1.0335488597315864e6,1.040959404292446e6,0.009335936279967427,-0.052468383801169693,8,false,0.013772475199997088,0.013772475199997088,false
255,true,0.9733852732036484,-1.0334901928621883e6,1.0409188005750028e6,0.050373762380331755,0.1213643295923248,8,false,0.013772475199997088,0.013772475199997088,false
255,true,0.6025971233085711,-1.0333662579353296e6,1.0408355520528841e6,0.03476481756661087,1.3242667542072013,8,false,0.013772475199997088,0.013772475199997088,false
255,true,0.9762204733211058,-1.033585909366223e6,1.0409719778782286e6,0.001333337975665927,-0.1366424640873447,8,false,0.013772475199997088,0.013772475199997088,false
255,true,0.8724346644359249,-1.03343696061877e6,1.0409996758708741e6,0.133509676088579,0.3771282098023221,8,false,0.013772475199997088,0.013772475199997088,false
255,true,0.9978548634828982,-1.0334802118367727e6,1.040951510131619e6,-0.2205433048075065,-0.2744649575324729,8,false,0.013772475199997088,0.013772475199997088,false
255,true,0.9899140750484569,-1.0336088766350381e6,1.0410857358171458e6,-0.00572746351826936,0.0573174268938601,8,false,0.013772475199997088,0.013772475199997088,false
255,true,0.7546010789422524,-1.0335508927780711e6,1.0410716594059472e6,0.0722654415294528,0.6482346756383777,8,false,0.013772475199997088,0.013772475199997088,false
255,true,0.7156413720379232,-1.03345361919096e6,1.0409750870326499e6,-0.0016525068785995245,0.8579988859128207,8,false,0.013772475199997088,0.013772475199997088,false
255,true,0.9583487215971608,-1.0332706996352975e6,1.0407165237333484e6,-0.08097883919253945,0.16481369349639863,8,false,0.013772475199997088,0.013772475199997088,false
255,true,0.9849683387346406,-1.0334325831566479e6,1.0406599497094527e6,0.011147870682179928,0.06478717038407922,8,false,0.013772475199997088,0.013772475199997088,false
255,true,0.970825896087801,-1.0336215545102053e6,1.0410164701981235e6,0.01341036125086248,0.09844879631418735,8,false,0.013772475199997088,0.013772475199997088,false
255,true,0.9977937381918159,-1.0335857474855686e6,1.0410508355904665e6,0.03673005593009293,-0.07052700943313539,8,false,0.013772475199997088,0.013772475199997088,false
255,true,0.8888581465621864,-1.0334556969256079e6,1.0409929940621882e6,-0.06281841255258769,0.3147133686579764,8,false,0.013772475199997088,0.013772475199997088,false
255,true,0.9883903165839759,-1.0334348333739818e6,1.0408644882617425e6,-0.009141146438196301,0.07042976887896657,8,false,0.013772475199997088,0.013772475199997088,false
255,true,0.8527471422702927,-1.0333822561909975e6,1.0407773789596006e6,0.12058967084158212,0.36352832708507776,8,false,0.013772475199997088,0.013772475199997088,false
255,true,0.933049921741365,-1.0335693156640121e6,1.0409342897652672e6,-0.01179447490721941,0.26938198634888977,8,false,0.013772475199997088,0.013772475199997088,false
255,true,0.9953761072166721,-1.033397092196614e6,1.0409196138373605e6,-0.06884830095805228,-0.15267344482708722,8,false,0.013772475199997088,0.013772475199997088,false
255,true,0.8034832811344138,-1.0336602079173459e6,1.0410419719273823e6,0.14560636482201517,0.49107917433138937,8,false,0.013772475199997088,0.013772475199997088,false
255,true,0.9196016570337461,-1.0336837739036591e6,1.0412313784521691e6,0.011390648083761334,0.29695549281314015,8,false,0.013772475199997088,0.013772475199997088,false
255,true,0.9987620722292552,-1.0336024484937972e6,1.0411870386154142e6,-0.0046053980477154255,-0.23344751668628305,8,false,0.013772475199997088,0.013772475199997088,false
255,true,0.9751722205356151,-1.0335736380081903e6,1.0410841160160042e6,-0.15692564158234745,-0.19982328347396106,8,false,0.013772475199997088,0.013772475199997088,false
255,true,0.9530359432835279,-1.0334495593508655e6,1.0409805715118315e6,0.0762469241162762,0.1456258469261229,8,false,0.013772475199997088,0.013772475199997088,false
255,true,0.9735409707009478,-1.0334953023586312e6,1.0408832039968724e6,-0.025021388311870396,0.13408355542924255,8,false,0.013772475199997088,0.013772475199997088,false
255,true,0.8814195592669607,-1.0334384690181294e6,1.0409613444382058e6,-0.05497075605671853,0.3559711138950661,8,false,0.013772475199997088,0.013772475199997088,false
255,true,0.9944642677295068,-1.0336242933442941e6,1.0409547167393373e6,-0.00923093652818352,-0.06830220494884998,8,false,0.013772475199997088,0.013772475199997088,false
255,true,0.939690179906549,-1.0335985095425899e6,1.0411675886665037e6,0.11649467493407428,0.16694808879401535,8,false,0.013772475199997088,0.013772475199997088,false
255,true,0.995872058900701,-1.033583869443654e6,1.0409667245473975e6,-0.0014536299277096987,-0.16180575091857463,8,false,0.013772475199997088,0.013772475199997088,false
255,true,0.9893550927839514,-1.0335277245290772e6,1.041022530326073e6,0.05908772081602365,-0.1551393080735579,8,false,0.013772475199997088,0.013772475199997088,false
255,true,0.8962793849182448,-1.0335584026765203e6,1.0410300297441367e6,0.2362778135575354,0.3910778771387413,8,false,0.013772475199997088,0.013772475199997088,false
255,true,0.999088588943664,-1.0335653540144393e6,1.0410739246744042e6,-0.2516207714797929,-0.4267155498964712,8,false,0.013772475199997088,0.013772475199997088,false
255,true,0.9975893449745217,-1.0334725966058791e6,1.0409803993189838e6,-0.0730689859483391,-0.20109275204595178,8,false,0.013772475199997088,0.013772475199997088,false
255,true,0.9981053870919668,-1.0334771173778722e6,1.0409619651083131e6,-0.07532660535071045,-0.13381851627491415,8,false,0.013772475199997088,0.013772475199997088,false
255,true,0.9336353781054366,-1.0335079229063359e6,1.0409199178447113e6,0.03786311682779342,0.18361846287734807,8,false,0.013772475199997088,0.013772475199997088,false
255,true,0.9880507868052327,-1.0334596111110745e6,1.0409426045811927e6,0.0036921745631843805,-0.09231319185346365,8,false,0.013772475199997088,0.013772475199997088,false
255,true,0.987544429212305,-1.0334940695567942e6,1.040945109687457e6,-0.006627516238950193,-0.10012443515006453,8,false,0.013772475199997088,0.013772475199997088,false
255,true,0.9135346100462309,-1.0333723841633676e6,1.040825285968154e6,0.07190819538664073,0.2740695070242509,8,false,0.013772475199997088,0.013772475199997088,false
255,true,0.7378703844937551,-1.0335096277188124e6,1.040846818665713e6,0.6357598075410351,0.7988699177512899,8,false,0.013772475199997088,0.013772475199997088,false
255,true,0.9441889046368053,-1.0335388909429768e6,1.0410131401673508e6,0.17086976335849613,-0.7877431155648082,8,false,0.013772475199997088,0.013772475199997088,false
255,true,0.8817220147884766,-1.0335732830116696e6,1.0410322711732871e6,0.5438290088204667,-0.9735714743146673,8,false,0.013772475199997088,0.013772475199997088,false
255,true,0.9783060760343285,-1.0334770329766958e6,1.0409896189955756e6,-0.8240955742076039,-1.5312539048027247,8,false,0.013772475199997088,0.013772475199997088,false
255,true,0.9744459991182577,-1.0333663056577115e6,1.0408787760795559e6,-0.5880063010845333,-0.6880350597202778,8,false,0.013772475199997088,0.013772475199997088,false
255,true,0.6871902930652243,-1.0333317757411256e6,1.040874374894306e6,0.22426241298671812,0.9475522224092856,8,false,0.013772475199997088,0.013772475199997088,false
255,true,0.9892295051096152,-1.033337947334506e6,1.0406835003633742e6,-0.1325507777510211,-0.34592537523712963,8,false,0.013772475199997088,0.013772475199997088,false
255,true,0.9996800858011919,-1.0333578963630205e6,1.0406850288136902e6,-0.09084309276659042,-0.21690864150878042,8,false,0.013772475199997088,0.013772475199997088,false
255,true,0.9041282044817689,-1.0334496586834965e6,1.040858645144127e6,-0.0006260337540879846,0.28054111066740006,8,false,0.013772475199997088,0.013772475199997088,false
255,true,0.9967997156426835,-1.0335589304473471e6,1.0409613242576236e6,-0.07542098418343812,-0.1020681819645688,8,false,0.013772475199997088,0.013772475199997088,false
255,true,0.976510141310824,-1.0333636805318693e6,1.0409078412445748e6,-0.03157430293504149,0.07853875611908734,8,false,0.013772475199997088,0.013772475199997088,false
255,true,0.8712094262499575,-1.0335534262203058e6,1.0408717892663148e6,0.1550862347939983,0.27551811176817864,8,false,0.013772475199997088,0.013772475199997088,false
255,true,0.9997331353604559,-1.0334791049985894e6,1.0408746693491729e6,-0.10257802135311067,-0.15063428378198296,8,false,0.013772475199997088,0.013772475199997088,false
255,true,0.8963064463869169,-1.0334740574424642e6,1.0408720487552177e6,-0.03946401923894882,0.27604619367048144,8,false,0.013772475199997088,0.013772475199997088,false
255,true,0.9563114840237812,-1.0334004843219406e6,1.0408715966983403e6,0.007287890766747296,0.11001781839877367,8,false,0.013772475199997088,0.013772475199997088,false
255,true,0.9600813638720315,-1.0335063177737094e6,1.0408873806347159e6,0.08816534862853587,0.11324495857115835,8,false,0.013772475199997088,0.013772475199997088,false
255,true,0.963944394935039,-1.0335485348983627e6,1.0409959350461315e6,0.01213988964445889,0.1579325805651024,8,false,0.013772475199997088,0.013772475199997088,false
255,true,0.9621916450012283,-1.0336065669080825e6,1.041044215839107e6,0.07754745322745293,0.15796447987668216,8,false,0.013772475199997088,0.013772475199997088,false
255,true,0.9868385300246031,-1.0335073209417115e6,1.0410262056260067e6,-0.07679250335786492,-0.18196567695122212,8,false,0.013772475199997088,0.013772475199997088,false
255,true,0.9968468887916022,-1.0336080578429099e6,1.0411322729682277e6,-0.05625151551794261,-0.09806664241477847,8,false,0.013772475199997088,0.013772475199997088,false
255,true,0.9843129763002766,-1.0335779559789698e6,1.0411485865657356e6,-0.006899349042214453,0.07670493435580283,8,false,0.013772475199997088,0.013772475199997088,false
255,true,0.9565840867115583,-1.0335900750463069e6,1.0409423283292475e6,0.015445143450051546,0.12860572838690132,8,false,0.013772475199997088,0.013772475199997088,false
255,true,0.7914440882157194,-1.0336242835580942e6,1.041105324568705e6,0.019436918548308313,0.5632096698973328,8,false,0.013772475199997088,0.013772475199997088,false
255,true,0.960749031830647,-1.0333562842241592e6,1.0409243262897158e6,0.09201739728450775,0.14024659257847816,8,false,0.013772475199997088,0.013772475199997088,false
255,true,0.9946286400639333,-1.0334762615934052e6,1.0407984490801211e6,0.023502500145696104,-0.19059419876430184,8,false,0.013772475199997088,0.013772475199997088,false
255,true,0.990271757914243,-1.033524110683508e6,1.0408067618838898e6,-0.03997417748905718,-0.21305868425406516,8,false,0.013772475199997088,0.013772475199997088,false
255,true,0.9818602343907239,-1.0334714019990487e6,1.0409946578958138e6,0.03445318283047527,-0.16145043494179845,8,false,0.013772475199997088,0.013772475199997088,false
255,true,0.9968631734187658,-1.0335512362700306e6,1.0409241518274095e6,-0.1303839903557673,-0.19038127653766423,8,false,0.013772475199997088,0.013772475199997088,false
255,true,0.8804379819299656,-1.0334746329473547e6,1.0409691159195957e6,0.10793415026273578,0.32148745469748974,8,false,0.013772475199997088,0.013772475199997088,false
255,true,0.9678973006067141,-1.0334635105479083e6,1.0409202834630042e6,0.06184017425402999,0.19484033866319805,8,false,0.013772475199997088,0.013772475199997088,false
255,true,0.8984497897636002,-1.0333465498373427e6,1.0408924627573228e6,0.05568122607655823,0.3950630590552464,8,false,0.013772475199997088,0.013772475199997088,false
255,true,0.9939640748655103,-1.0335064534936794e6,1.0408476741100689e6,-0.038300266955047846,-0.2703248850302771,8,false,0.013772475199997088,0.013772475199997088,false
255,true,0.9974287243203512,-1.0335114063392705e6,1.0409840720378801e6,-0.19537430885247886,-0.23302821500692517,8,false,0.013772475199997088,0.013772475199997088,false
255,true,0.8994586365751817,-1.0333595775307145e6,1.0407866031076192e6,0.1461841679411009,0.267973598674871,8,false,0.013772475199997088,0.013772475199997088,false
255,true,0.9389351742376857,-1.0333866810578606e6,1.0407355104380758e6,-0.07405698718503118,0.23253252753056586,8,false,0.013772475199997088,0.013772475199997088,false
255,true,0.9929019739912607,-1.0335301493954636e6,1.0408242138800499e6,0.05527728737797588,-0.1349377199076116,8,false,0.013772475199997088,0.013772475199997088,false
255,true,0.9970070807310695,-1.0333998933387307e6,1.0409713459978751e6,0.015571535681374371,-0.1836616627406329,8,false,0.013772475199997088,0.013772475199997088,false
255,true,0.9472867184912527,-1.0334253374361538e6,1.0407640048271595e6,0.16518343216739595,0.20716476044617593,8,false,0.013772475199997088,0.013772475199997088,false
255,true,0.999797260624045,-1.0334479260258871e6,1.040804729533952e6,-0.14522156200837344,-0.36500789236743003,8,false,0.013772475199997088,0.013772475199997088,false
255,true,0.8468421800789592,-1.0334392523508167e6,1.0408416792315906e6,0.4251240664161742,0.48628585308324546,8,false,0.013772475199997088,0.013772475199997088,false
255,true,0.9984788176543283,-1.0333661419035258e6,1.0407355340273528e6,-0.6383528712904081,-0.6650016895728186,8,false,0.013772475199997088,0.013772475199997088,false
255,true,0.9836976366640507,-1.0337811020834208e6,1.0411243054848877e6,0.03807913768105209,0.0695076062111184,8,false,0.013772475199997088,0.013772475199997088,false
255,true,0.7280701173446811,-1.0335005220495817e6,1.0412501483023876e6,0.7039160652784631,0.7456638326402754,8,false,0.013772475199997088,0.013772475199997088,false
255,true,0.9863629541753746,-1.0335111252246586e6,1.0409844576151299e6,-0.6752823296701536,-0.7584903213428333,8,false,0.013772475199997088,0.013772475199997088,false
255,true,0.9998148155127646,-1.0335914391858323e6,1.0411087937546233e6,-0.0035466764820739627,-0.07969674852211028,8,false,0.013772475199997088,0.013772475199997088,false
255,true,0.994785174563504,-1.0335452028909152e6,1.0409862071835748e6,-0.021557555650360882,-0.0804218064295128,8,false,0.013772475199997088,0.013772475199997088,false
255,true,0.8871696715120727,-1.0335591819168397e6,1.0410649644143617e6,0.22532751399558038,0.29078882024623454,8,false,0.013772475199997088,0.013772475199997088,false
255,true,0.9986310790793672,-1.0333938405086313e6,1.0409002717025541e6,0.012709446251392365,-0.2829033015295863,8,false,0.013772475199997088,0.013772475199997088,false
255,true,0.9982499818180294,-1.033544291361213e6,1.0408527733967828e6,-0.23223265842534602,-0.2916404288262129,8,false,0.013772475199997088,0.013772475199997088,false
255,true,0.8516687647693563,-1.0335510392711505e6,1.041053067915662e6,0.06370365608017892,0.376355409855023,8,false,0.013772475199997088,0.013772475199997088,false
255,true,0.9982536010227415,-1.0334068307069708e6,1.0409411013865614e6,0.0012022575829178095,-0.11931345285847783,8,false,0.013772475199997088,0.013772475199997088,false
255,true,0.9970636801283085,-1.0335349336855892e6,1.0408632584804592e6,-0.0015664850361645222,-0.14089430135209113,8,false,0.013772475199997088,0.013772475199997088,false
255,true,0.9921105011800357,-1.0334529653007565e6,1.0407883539211443e6,-0.03639445058070123,-0.13107461528852582,8,false,0.013772475199997088,0.013772475199997088,false
255,true,0.7852267055824231,-1.0333755118101113e6,1.0408636174748376e6,0.3620178288547322,0.6055971457390115,8,false,0.013772475199997088,0.013772475199997088,false
255,true,0.9986215013165347,-1.0333189785367349e6,1.0407138220004421e6,0.0010872511193156242,-0.45715034275781363,8,false,0.013772475199997088,0.013772475199997088,false
255,true,0.9778347815555456,-1.03339208410232e6,1.0407632364626182e6,0.12785234267357737,-0.465010374202393,8,false,0.013772475199997088,0.013772475199997088,false
255,true,0.8767942831801515,-1.033476311461981e6,1.0407955531792329e6,0.1693369634449482,-0.5790803194977343,8,false,0.013772475199997088,0.013772475199997088,false
255,true,0.9974177648300577,-1.0334876205965445e6,1.040908584078276e6,-0.1651323032565415,-0.7477685642661527,8,false,0.013772475199997088,0.013772475199997088,false
255,true,0.9833197778569173,-1.0336339689777587e6,1.0409376123451109e6,0.054602131829597056,-0.5809142157668248,8,false,0.013772475199997088,0.013772475199997088,false
255,true,0.9912228591688776,-1.0334760426638455e6,1.0410518436924623e6,0.022647800971753895,-0.6416602743556723,8,false,0.013772475199997088,0.013772475199997088,false
255,true,0.9659273571815162,-1.0333830906814486e6,1.0408451528443815e6,-0.4437339963624254,-0.6546308433171362,8,false,0.013772475199997088,0.013772475199997088,false
255,true,0.9987756153890339,-1.033412394918617e6,1.0408212700486076e6,-0.0051882496336475015,-0.22145261312834918,8,false,0.013772475199997088,0.013772475199997088,false
255,true,0.9962113474150589,-1.0334037198949442e6,1.0408285945909959e6,-0.007786949863657355,-0.22297153680119663,8,false,0.013772475199997088,0.013772475199997088,false
255,true,0.9836351280648769,-1.0333983783266565e6,1.040825359669905e6,0.059369738097302616,-0.20009763562120497,8,false,0.013772475199997088,0.013772475199997088,false
255,true,0.9875430709229133,-1.0333497731455754e6,1.0407588931524885e6,-0.04450429591815919,-0.25710292998701334,8,false,0.013772475199997088,0.013772475199997088,false
255,true,0.9949589309364781,-1.0334559465824043e6,1.0406948923964456e6,0.05812922096811235,-0.2263684495119378,8,false,0.013772475199997088,0.013772475199997088,false
255,true,0.9688792618923273,-1.0334789846893096e6,1.0408500046545604e6,0.14458848570939153,-0.2752347190398723,8,false,0.013772475199997088,0.013772475199997088,false
255,true,1.0,-1.0335809464534264e6,1.0410134411500688e6,-0.07579041831195354,-0.4116230923682451,8,false,0.013772475199997088,0.013772475199997088,false
255,true,0.9967112980079491,-1.0336771304812011e6,1.0411579312814991e6,-0.2966733218636364,-0.3376297625945881,8,false,0.013772475199997088,0.013772475199997088,false
255,true,0.9991811873110206,-1.0335451256196706e6,1.0411580917839601e6,-0.019297762773931026,-0.047634807880967855,8,false,0.013772475199997088,0.013772475199997088,false
255,true,0.9683544687943927,-1.0335707628963299e6,1.0410821725291827e6,0.04105914488900453,0.09268621646333486,8,false,0.013772475199997088,0.013772475199997088,false
255,true,0.9840837648299108,-1.0334740840727943e6,1.041015089306362e6,0.01572443707846105,0.07954603002872318,8,false,0.013772475199997088,0.013772475199997088,false
255,true,0.6525599633713963,-1.0336028206435826e6,1.0408898832812369e6,0.8314274821896106,1.0363712531980127,8,false,0.013772475199997088,0.013772475199997088,false
255,true,0.999814027874567,-1.0333857188931634e6,1.0409830578407521e6,-0.10022679006215185,-0.9040796030312777,8,false,0.013772475199997088,0.013772475199997088,false
255,true,0.981764746852426,-1.0334134866456293e6,1.0408081168643278e6,-0.6001643830677494,-0.806682069785893,8,false,0.013772475199997088,0.013772475199997088,false
255,true,0.721920738077648,-1.0333182603248698e6,1.0407976891027617e6,0.313537728972733,0.9050869880011305,8,false,0.013772475199997088,0.013772475199997088,false
255,true,0.983374865183738,-1.0334514704276082e6,1.0406718440017668e6,-0.3459572654683143,-0.5304111739387736,8,false,0.013772475199997088,0.013772475199997088,false
255,true,0.6532316730676802,-1.0334785027241294e6,1.0409543364954414e6,0.2083661110373214,1.1643215911462903,8,false,0.013772475199997088,0.013772475199997088,false
255,true,0.9791456390717803,-1.0334784193816284e6,1.0409599617726363e6,0.0268694250844419,-0.394813263672404,8,false,0.013772475199997088,0.013772475199997088,false
255,true,0.9947285489256411,-1.0334920135105236e6,1.0409330173312436e6,-0.25559209345374256,-0.3992291872855276,8,false,0.013772475199997088,0.013772475199997088,false
255,true,0.9563551915949133,-1.033607773825875e6,1.0410938817845903e6,0.0757539204787463,0.1830242972355336,8,false,0.013772475199997088,0.013772475199997088,false
255,true,1.0,-1.0334872559449384e6,1.0410496285256266e6,-0.09224861115217209,-0.23720180662348866,8,false,0.013772475199997088,0.013772475199997088,false
255,true,0.9499494138736043,-1.033610035755e6,1.0410107722312737e6,0.020054308231920004,0.19713161827530712,8,false,0.013772475199997088,0.013772475199997088,false
255,true,0.9995806720227673,-1.0335424677390329e6,1.0411562605739625e6,-0.12140639254357666,-0.1666835433570668,8,false,0.013772475199997088,0.013772475199997088,false
255,true,0.917283733297885,-1.0334997608161223e6,1.0409742445312521e6,0.18793407874181867,0.21318648813758045,8,false,0.013772475199997088,0.013772475199997088,false
255,true,0.994981612949619,-1.0334651529836416e6,1.0410143258614895e6,-0.14558715757448226,-0.21769469534046948,8,false,0.013772475199997088,0.013772475199997088,false
255,true,0.9763125486789115,-1.0334119078354206e6,1.0409095974386936e6,-0.07636673236265779,0.11108794785104692,8,false,0.013772475199997088,0.013772475199997088,false
255,true,0.9564377777660487,-1.0333542165345259e6,1.0407463361463451e6,0.0499029770726338,0.10859041276853532,8,false,0.013772475199997088,0.013772475199997088,false
255,true,0.591540445661858,-1.0334864964124708e6,1.0408867843174327e6,1.2688778847223148,1.2914971673162654,8,false,0.013772475199997088,0.013772475199997088,false
255,true,0.971598327186777,-1.033540769059528e6,1.0409816074777605e6,-0.41140645125415176,-1.332427122630179,8,false,0.013772475199997088,0.013772475199997088,false
255,true,0.7443213119230347,-1.0335437795165472e6,1.0410291678472412e6,-0.16506299993488938,1.1461918279528618,8,false,0.013772475199997088,0.013772475199997088,false
255,true,0.9994644047870535,-1.0334341854250337e6,1.0409447879977908e6,-0.055377114680595696,-0.7476362384622917,8,false,0.013772475199997088,0.013772475199997088,false
255,true,0.9926485368631905,-1.0334379059355599e6,1.0409093614425549e6,-0.40486614569090307,-0.6865803694818169,8,false,0.013772475199997088,0.013772475199997088,false
255,true,0.9601264088565145,-1.0336010497167746e6,1.0409499401077343e6,-0.18069027713499963,-0.29790009022690356,8,false,0.013772475199997088,0.013772475199997088,false
255,true,0.9990225533613073,-1.0335733932323786e6,1.041143389589395e6,-0.04840258532203734,-0.11367517232429236,8,false,0.013772475199997088,0.013772475199997088,false
255,true,0.8944805694877901,-1.0335686432912403e6,1.041097369583619e6,0.10963854053989053,0.2801933145383373,8,false,0.013772475199997088,0.013772475199997088,false
255,true,0.9985468279851156,-1.033442551941278e6,1.0409705604697517e6,-0.03790301096159965,-0.17560553026851267,8,false,0.013772475199997088,0.013772475199997088,false
255,true,0.9934372442042382,-1.0335354667558853e6,1.0410288423986782e6,0.018446500063873827,-0.13805702899117023,8,false,0.013772475199997088,0.013772475199997088,false
255,true,0.9352375063266671,-1.03351111400622e6,1.0409984655208964e6,0.1598602201556787,0.23372518096584827,8,false,0.013772475199997088,0.013772475199997088,false
255,true,0.9956123570111332,-1.0336227852351972e6,1.0410831755935502e6,0.015420121373608708,-0.3183060691226274,8,false,0.013772475199997088,0.013772475199997088,false
255,true,0.9997846577966621,-1.0336083352005889e6,1.041115719336457e6,-0.2964051414746791,-0.33551657455973327,8,false,0.013772475199997088,0.013772475199997088,false
255,true,0.9866518950536091,-1.0335550834110049e6,1.041128831760985e6,-0.01778863079380244,0.059012487065047026,8,false,0.013772475199997088,0.013772475199997088,false
255,true,0.78051845382556,-1.0336103514726044e6,1.0411428486799797e6,0.31555082905106246,0.5145594340283424,8,false,0.013772475199997088,0.013772475199997088,false
255,true,0.9999051490801107,-1.033649308222457e6,1.0412554717332732e6,0.009358132490888238,-0.310429384582676,8,false,0.013772475199997088,0.013772475199997088,false
255,true,0.9932335799450461,-1.0335937209305248e6,1.0411431022980646e6,0.037452903226949275,-0.3303109749685973,8,false,0.013772475199997088,0.013772475199997088,false
255,true,0.8365930920412296,-1.0335119345874971e6,1.0410868775006344e6,-0.062231687596067786,0.5801034170435742,8,false,0.013772475199997088,0.013772475199997088,false
255,true,0.9931269530530545,-1.0334285701441022e6,1.0409226982090739e6,-0.18492580752354115,-0.3155046897009015,8,false,0.013772475199997088,0.013772475199997088,false
255,true,0.931983425821546,-1.0334296563821047e6,1.0407865009541129e6,-0.07032147119753063,0.2535137039376423,8,false,0.013772475199997088,0.013772475199997088,false
255,true,0.9178191258902352,-1.033526406002342e6,1.0409312311823887e6,0.06137134158052504,0.22942187124863267,8,false,0.013772475199997088,0.013772475199997088,false
255,true,0.9867546034133559,-1.0335873276869501e6,1.041171015318694e6,0.051606158493086696,-0.10839967627543956,8,false,0.013772475199997088,0.013772475199997088,false
255,true,0.9945011931503748,-1.0333962613292107e6,1.040915732080062e6,-0.0750420936383307,-0.16208032669965178,8,false,0.013772475199997088,0.013772475199997088,false
255,true,0.996988694924112,-1.0334846156586717e6,1.0408595403824477e6,0.02391503914259374,-0.0958675896981731,8,false,0.013772475199997088,0.013772475199997088,false
255,true,0.9889613586168263,-1.0337081232620488e6,1.0411556245627039e6,0.02409294922836125,-0.11304314329754561,8,false,0.013772475199997088,0.013772475199997088,false
255,true,0.9986266340848793,-1.0337187103164754e6,1.0411370466320118e6,0.0048911996418610215,-0.13684232521336526,8,false,0.013772475199997088,0.013772475199997088,false
255,true,0.9976543938137198,-1.0336808773960907e6,1.0411428044540986e6,-0.00935255701187998,-0.15459003881551325,8,false,0.013772475199997088,0.013772475199997088,false
255,true,0.9849113314373334,-1.0335669279425747e6,1.0412267125908536e6,0.0205485625192523,-0.13759574119467288,8,false,0.013772475199997088,0.013772475199997088,false
255,true,0.9322128376400243,-1.0333558921044297e6,1.0408803820337934e6,0.07455214532092214,0.2398938649566844,8,false,0.013772475199997088,0.013772475199997088,false
255,true,0.9070404565596538,-1.0335263024256624e6,1.040846450290262e6,-0.14489892462734133,0.3377214464126155,8,false,0.013772475199997088,0.013772475199997088,false
255,true,0.9984075544153558,-1.0336451976922378e6,1.0411292427251457e6,-0.049854574259370565,-0.08696022722870111,8,false,0.013772475199997088,0.013772475199997088,false
255,true,0.924208534475817,-1.0335904349787781e6,1.0412827486943371e6,0.1486611982109025,0.20356020145118237,8,false,0.013772475199997088,0.013772475199997088,false
255,true,0.999502180646284,-1.0335437983575881e6,1.0410257101174536e6,-0.19018790870904922,-0.20413365901913494,8,false,0.013772475199997088,0.013772475199997088,false
255,true,0.8901733789835367,-1.0334010385807002e6,1.0409160490004627e6,0.11500338139012456,0.25702984700910747,8,false,0.013772475199997088,0.013772475199997088,false
255,true,0.9939439367164202,-1.0334986075465531e6,1.0408977082219968e6,-0.0736302292207256,-0.12334795529022813,8,false,0.013772475199997088,0.013772475199997088,false
255,true,0.9993304386208972,-1.0334670414931782e6,1.0409976745285154e6,-0.03563218959607184,-0.055210320046171546,8,false,0.013772475199997088,0.013772475199997088,false
255,true,0.8631852156944914,-1.0334128692788911e6,1.0408173069999181e6,0.034255303209647536,0.30814095109235495,8,false,0.013772475199997088,0.013772475199997088,false
255,true,0.8265129927476705,-1.033527610262548e6,1.0409326685329198e6,0.020084311603568494,0.4301540028536692,8,false,0.013772475199997088,0.013772475199997088,false
255,true,0.9819085018835182,-1.0336026077980059e6,1.0411412275746478e6,-0.0025118901394307613,0.07481811777688563,8,false,0.013772475199997088,0.013772475199997088,false
255,true,0.9343135502979991,-1.0336136006647893e6,1.0411307529123666e6,0.1194522944279015,0.17881109297741205,8,false,0.013772475199997088,0.013772475199997088,false
255,true,0.9869092134472446,-1.0335933454478871e6,1.041010355347397e6,-0.05634579958859831,-0.15868495928589255,8,false,0.013772475199997088,0.013772475199997088,false
255,true,0.9693226348608219,-1.0336260742592231e6,1.041176765083077e6,0.015376417548395693,0.14823233452625573,8,false,0.013772475199997088,0.013772475199997088,false
255,true,0.9994057942352003,-1.0335958294117451e6,1.0410873239954388e6,-0.019876371137797832,-0.12611209484748542,8,false,0.013772475199997088,0.013772475199997088,false
255,true,0.9814243743378879,-1.0335602733016885e6,1.0410007307032974e6,-0.08252722735051066,-0.11708215158432722,8,false,0.013772475199997088,0.013772475199997088,false
255,true,0.9299532818925795,-1.0336351309964773e6,1.0409819762211684e6,0.09274762182030827,0.16777049261145294,8,false,0.013772475199997088,0.013772475199997088,false
255,true,0.9939083458152036,-1.0335024416597608e6,1.0410314262576136e6,-0.017987924511544406,-0.13291359250433743,8,false,0.013772475199997088,0.013772475199997088,false
255,true,0.964748325866864,-1.0335037225033253e6,1.0409852313635029e6,0.09305418678559363,0.15073697629850358,8,false,0.013772475199997088,0.013772475199997088,false
255,true,0.9973779989070368,-1.0336135664357312e6,1.0410669100993421e6,-0.04302088462281972,-0.20317641808651388,8,false,0.013772475199997088,0.013772475199997088,false
255,true,0.8392859986917839,-1.0334665536890961e6,1.0409009603321302e6,0.2720494505483657,0.48890610644593835,8,false,0.013772475199997088,0.013772475199997088,false
255,true,0.9999440110032435,-1.0334890242091909e6,1.0409918234680183e6,-0.20888038829434663,-0.4400987031403929,8,false,0.013772475199997088,0.013772475199997088,false
255,true,0.9986165022231134,-1.0333737375478492e6,1.0409144983790806e6,-0.09383161563891917,-0.2270311826141551,8,false,0.013772475199997088,0.013772475199997088,false
255,true,0.9914775041559912,-1.0335531312918323e6,1.0408720126229378e6,-0.04763996182009578,-0.14257242949679494,8,false,0.013772475199997088,0.013772475199997088,false
255,true,0.842643420090489,-1.0334531448588328e6,1.0409301970878944e6,0.30821015022229403,0.42509079328738153,8,false,0.013772475199997088,0.013772475199997088,false
255,true,0.9702556172211086,-1.0334969220588206e6,1.0409904408166001e6,0.12266035913489759,-0.39610122074373066,8,false,0.013772475199997088,0.013772475199997088,false
255,true,0.9997902840059469,-1.0334266904637803e6,1.0408748308098277e6,-0.411032447242178,-0.5236328727332875,8,false,0.013772475199997088,0.013772475199997088,false
255,true,0.9785620623040088,-1.0335003615848543e6,1.0409940032623311e6,0.05857601319439709,0.10158967145252973,8,false,0.013772475199997088,0.013772475199997088,false
255,true,0.987065246480111,-1.0335069785766056e6,1.0409867499098353e6,-0.05684370209928602,-0.13621972419787198,8,false,0.013772475199997088,0.013772475199997088,false
255,true,0.9937170303292722,-1.0335266253867077e6,1.0410053449113205e6,-0.017828676500357687,-0.09512113290838897,8,false,0.013772475199997088,0.013772475199997088,false
255,true,0.9956190812241051,-1.0335187459250519e6,1.0410150486651254e6,0.001460432424210012,-0.0696466516237706,8,false,0.013772475199997088,0.013772475199997088,false
255,true,0.9672048765436715,-1.0335146760829927e6,1.0409553602869425e6,-0.029999960912391543,0.12450437247753143,8,false,0.013772475199997088,0.013772475199997088,false
255,true,0.9610153464165313,-1.033550181986325e6,1.0409780556153033e6,0.04164286109153181,0.12117011880036443,8,false,0.013772475199997088,0.013772475199997088,false
255,true,0.9860681777888091,-1.0335001874532311e6,1.0409921142689569e6,0.005599642056040466,-0.09722126671113074,8,false,0.013772475199997088,0.013772475199997088,false
255,true,0.8796303339746661,-1.0333415074736829e6,1.0408259595367482e6,-0.05805182468611747,0.33761639206204563,8,false,0.013772475199997088,0.013772475199997088,false
255,true,0.7751620462028289,-1.0335514305914778e6,1.0408751538767869e6,0.1794441711390391,0.6046591403428465,8,false,0.013772475199997088,0.013772475199997088,false
255,true,0.784029729349281,-1.0334527739088405e6,1.0409881163689716e6,-0.11496301926672459,0.7004648455185816,8,false,0.013772475199997088,0.013772475199997088,false
255,true,0.9451530904768211,-1.0334737299035653e6,1.0408368405077005e6,0.06065351306460798,0.18941250641364604,8,false,0.013772475199997088,0.013772475199997088,false
255,true,0.9972613085341494,-1.0335091192385802e6,1.0409529787808345e6,0.012756315409205854,-0.17799020488746464,8,false,0.013772475199997088,0.013772475199997088,false
255,true,0.8154235189886337,-1.0334925427963616e6,1.0409468585515264e6,0.5281214757123962,0.5544253687839955,8,false,0.013772475199997088,0.013772475199997088,false
255,true,0.9937684122331738,-1.0332555046414352e6,1.0407470863950044e6,-0.33644099649973214,-0.6960808940930292,8,false,0.013772475199997088,0.013772475199997088,false
255,true,0.9972906282152851,-1.0335274543118861e6,1.0407828167396862e6,-0.035735914250835776,-0.36972311162389815,8,false,0.013772475199997088,0.013772475199997088,false
255,true,0.9492579098812055,-1.0334677662529956e6,1.0408853298884294e6,0.10411630000453442,-0.33717575191985816,8,false,0.013772475199997088,0.013772475199997088,false
255,true,0.9993607773915124,-1.0334411750327535e6,1.0409548128109396e6,-0.3358759459806606,-0.4191111056134105,8,false,0.013772475199997088,0.013772475199997088,false
255,true,0.9999045578959626,-1.0333046888830581e6,1.0407412567337211e6,-0.08925189974252135,-0.115680648596026,8,false,0.013772475199997088,0.013772475199997088,false
255,true,0.7883888220338143,-1.0334029527779791e6,1.04081633311345e6,0.465900472830981,0.5160636253422126,8,false,0.013772475199997088,0.013772475199997088,false
255,true,0.8398931252815376,-1.0333944554140907e6,1.0408320030206665e6,0.4775590335484594,0.6235159425996244,8,false,0.013772475199997088,0.013772475199997088,false
255,true,0.9890474751745095,-1.0334732866845045e6,1.0408480099225101e6,-0.4160008077742532,-0.9549199294997379,8,false,0.013772475199997088,0.013772475199997088,false
255,true,0.9593407243145023,-1.0334328179875428e6,1.0409284747976018e6,-0.3791122167604044,-0.5375727654900402,8,false,0.013772475199997088,0.013772475199997088,false
