n_steps,is_accept,acceptance_rate,log_density,hamiltonian_energy,hamiltonian_energy_error,max_hamiltonian_energy_error,tree_depth,numerical_error,step_size,nom_step_size,is_adapt
255,true,1.0,-520591.5843572215,533267.6004741102,-1855.9542468078434,-1855.9542468078434,8,false,0.0125,0.0125,true
1,true,0.0,-520591.5843572215,527555.8388665052,0.0,3.9545649360429696e6,0,true,0.17981887619720974,0.17981887619720974,true
5,true,1.3864517212894659e-12,-520591.5843572215,527567.5385324933,0.0,9389.509289814974,2,true,0.03038959180427677,0.03038959180427677,true
1023,true,0.999993930798457,-522800.10024126095,527483.6043006018,-0.17262090637814254,-0.24456395895686,10,false,0.0029973925692414532,0.0029973925692414532,true
1023,true,0.9999949379285443,-523402.5077269334,529851.3633328363,-0.14265602873638272,-0.15576314402278513,10,false,0.004054084811090853,0.004054084811090853,true
511,true,0.9999949072350127,-524317.709892241,530528.5768780198,-0.025167989660985768,-0.04285026411525905,9,false,0.006339859328457869,0.006339859328457869,true
511,true,0.9961742434208262,-524316.0371528956,531422.4892350617,0.0010557594941928983,-0.045373594271950424,9,false,0.01079166760989597,0.01079166760989597,true
255,true,0.81759632508589,-524304.7154242262,531286.8396210589,0.3272786521119997,0.49470476887654513,8,false,0.019082388487359745,0.019082388487359745,true
255,true,0.9935136650847384,-524185.1703696623,531259.50924179,-0.3149200694169849,-0.5182440988719463,8,false,0.0198047416947573,0.0198047416947573,true
5,true,0.03502205816959782,-524185.1703696623,531204.4905120876,0.0,16078.790539488662,2,true,0.03616556603676121,0.03616556603676121,true
1023,true,0.9984101420259585,-524338.3294929981,531319.1071824934,0.000362126505933702,0.0063791233114898205,10,false,0.0032133483125077744,0.0032133483125077744,true
1023,true,0.9438388459499212,-524211.12068782526,531341.9426271117,0.08222402329556644,0.13546419760677963,10,false,0.006038664133680848,0.006038664133680848,true
511,true,0.998957415015771,-524253.564911538,531259.0115177494,-0.24244265048764646,-0.25453501858282834,9,false,0.009585751342307613,0.009585751342307613,true
255,true,0.8170521511223632,-524252.4858057107,531240.3643343422,0.32850626041181386,0.4496746939839795,8,false,0.01809098345012553,0.01809098345012553,true
255,true,0.9175137684586271,-524231.1079978563,531282.8579196887,-0.2510342486202717,0.3969023027457297,8,false,0.01928245611728378,0.01928245611728378,true
5,true,0.006281250332261476,-524231.1079978563,531304.9738203136,0.0,3496.9075995754683,2,true,0.028080760672578958,0.028080760672578958,true
1023,true,0.9999580482488891,-524175.62941449304,531210.431964218,-0.001369816018268466,-0.002973487018607557,10,false,0.0024675290046597426,0.0024675290046597426,true
1023,true,0.995681013228192,-524224.8118696313,531230.0858003305,0.004201535833999515,0.015930448658764362,10,false,0.004678451830979985,0.004678451830979985,true
511,true,0.951791616543102,-524268.2439885089,531320.1558663471,0.07022242667153478,0.13005977938883007,9,false,0.008683794600947911,0.008683794600947911,true
255,true,0.9922988890806222,-524409.5056716681,531424.5570805295,-0.1356792178703472,-0.25672972830943763,8,false,0.014001541417731746,0.014001541417731746,true
4,true,7.057755834131645e-10,-524409.5056716681,531323.503483762,0.0,1134.8994717744645,2,true,0.025292015490534496,0.025292015490534496,true
1023,true,0.9987803344125652,-524218.1533786669,531400.8751991302,0.003650338272564113,0.004523096373304725,10,false,0.002407636543738736,0.002407636543738736,true
1023,true,0.9987464106908779,-524237.2955786869,531234.2754362992,-0.02003434707876295,-0.026228815084323287,10,false,0.004458256174881503,0.004458256174881503,true
511,true,0.9818799347031546,-524244.7814730633,531365.7513804868,0.01638639799784869,0.053935424191877246,9,false,0.00817265168245308,0.00817265168245308,true
255,true,0.9682583005843666,-524217.08241849655,531164.3816441495,-0.041874504182487726,0.160652601509355,8,false,0.014128724294067108,0.014128724294067108,true
255,true,0.9836441667844211,-524102.3704357959,531134.8302124904,-0.1220504577504471,-0.19364321790635586,8,false,0.023279326810704035,0.023279326810704035,true
3,true,0.021760844490521652,-524102.3704357959,531136.4558119461,0.0,11469.252117838594,1,true,0.03973043343844586,0.03973043343844586,true
1023,true,0.9924979583354891,-524225.27520791744,531109.5714742555,0.01594050833955407,0.01837956008967012,10,false,0.004508602003362289,0.004508602003362289,true
511,true,0.9952798434736734,-524239.10010580206,531273.0081469367,-0.01370563660748303,-0.05551777780056,9,false,0.007926114943839893,0.007926114943839893,true
255,true,0.997916077378896,-524209.2815600322,531194.984153055,-0.027649969211779535,-0.13489187182858586,8,false,0.013909962455640464,0.013909962455640464,true
61,true,0.13504303657770217,-524208.78838874353,531196.3517973496,-0.23086530854925513,1040.2467751129298,5,true,0.02435934919640154,0.02435934919640154,true
1023,true,0.9985020775177299,-524180.9967548782,531188.9737599995,0.00011974899098277092,0.00584823708049953,10,false,0.004056895689574444,0.004056895689574444,true
511,true,0.9765953224014225,-524204.2843236799,531161.3034987095,0.034482325660064816,0.05715782684274018,9,false,0.007122108224543902,0.007122108224543902,true
511,true,0.9580146330462314,-524187.46583862114,531151.4748787446,-0.12030731688719243,0.14760256127920002,9,false,0.011684785185852508,0.011684785185852508,true
255,true,0.7727570854099168,-524351.4101182035,531310.4124680725,0.24323199316859245,0.5400990253547207,8,false,0.018103902177908363,0.018103902177908363,true
255,true,0.9928193402887854,-524300.1652943664,531343.5906241116,-0.055863575311377645,-0.20494989154394716,8,false,0.017113225310036034,0.017113225310036034,true
4,true,0.07638739779844043,-524295.1752249374,531442.9132688874,1.1857573261950165,1325.8016460980289,2,true,0.02874582753187413,0.02874582753187413,true
1023,true,0.9998330769368413,-524390.2422846673,531417.3333874508,-0.03283987706527114,-0.03954147663898766,10,false,0.004467891676972032,0.004467891676972032,true
511,true,0.9777852370812442,-524138.3658784839,531288.2871899061,0.021837815875187516,0.06384440162219107,9,false,0.007658422839570587,0.007658422839570587,true
255,true,0.9984006767163452,-524238.8354296154,531122.7176424264,0.0027861491544172168,-0.11274835269432515,8,false,0.012307476163410453,0.012307476163410453,true
255,true,0.7413501686882346,-524261.1129842751,531218.356979656,0.4118689853930846,0.8976139898877591,8,false,0.020687856077719984,0.020687856077719984,true
255,true,0.9741639761733797,-524399.6984970943,531417.1557994303,-0.1931984513066709,-0.5116911251097918,8,false,0.018095037615741952,0.018095037615741952,true
5,true,0.21722386436208768,-524395.7996786792,531195.5873169107,-0.16288304538466036,2594.3473493912024,2,true,0.028330747773546373,0.028330747773546373,true
511,true,0.9985461906423466,-524316.818664101,531345.1452975008,-0.01629696600139141,-0.037866168189793825,9,false,0.006770916631399216,0.006770916631399216,true
511,true,0.7801089338706555,-524380.8994592631,531354.9687092577,0.48909221962094307,0.5804346712538972,9,false,0.011260787029353259,0.011260787029353259,true
511,true,0.8486653789090736,-524406.0655818303,531197.2672419648,-0.4379659533733502,0.5968675770564005,9,false,0.01091201819513506,0.01091201819513506,true
255,true,0.9797456002907537,-524490.340792234,531639.6241731425,0.07619865774177015,-0.1064746908377856,8,false,0.012488708182498528,0.012488708182498528,true
255,true,0.9967721697928186,-524359.1966733097,531446.9565915241,-0.10407587070949376,-0.44141967117320746,8,false,0.01955336364007309,0.01955336364007309,true
3,true,0.001191900427343091,-524359.1966733097,531313.2319664607,0.0,2637.548600356211,1,true,0.03168790983936983,0.03168790983936983,true
1023,true,0.986284988289269,-524190.8717328288,531332.5281593186,-0.011775240767747164,0.040042098495177925,10,false,0.004805389747637355,0.004805389747637355,true
511,true,0.9832225921993683,-524291.1999306988,531243.9861280948,0.015313904848881066,0.052008964703418314,9,false,0.007618612146345334,0.007618612146345334,true
511,true,0.649968340044124,-524248.07720817806,531423.4849800922,0.004511077422648668,1.0909320313949138,9,false,0.011918395540671567,0.011918395540671567,true
511,true,0.9576342496792593,-524177.35226002283,531218.5198002061,-0.05200714559759945,0.12092420982662588,9,false,0.008537192813923355,0.008537192813923355,true
255,true,0.8896976897914733,-524333.9985612022,531294.6348733362,0.21126349491532892,0.2451072371331975,8,false,0.012504309158151018,0.012504309158151018,true
255,true,0.97811094838941,-524327.2665538772,531386.8567812312,-0.1238416259875521,-0.3296767115825787,8,false,0.015591834055639634,0.015591834055639634,true
255,true,0.18199455143432328,-524237.8820813433,531324.159340671,0.1814030873356387,15.313113675452769,8,false,0.023719888844886853,0.023719888844886853,true
1023,true,0.9916183383087934,-524193.7989531447,531211.3946290954,-0.03021533985156566,-0.0420065555954352,10,false,0.005901753126330526,0.005901753126330526,true
511,true,0.985427008759101,-524198.2223653982,531159.9922194808,0.0025889395037665963,0.05240141926333308,9,false,0.00926209745782499,0.00926209745782499,true
255,true,0.9362744300900442,-524318.7035793066,531233.4334536052,0.1052696795668453,0.20261500519700348,8,false,0.014255610849011087,0.014255610849011087,true
255,true,0.9951532534360252,-524333.5745338828,531409.780828157,-0.25470999686513096,-0.31621400418225676,8,false,0.019563270595853065,0.019563270595853065,true
5,true,0.10954987860149475,-524333.5745338828,531333.1144109512,0.0,11653.414213764714,2,true,0.03046630588291231,0.03046630588291231,true
511,true,0.98254551209996,-524338.6811533588,531417.5006692691,0.00399081117939204,0.04317725892178714,9,false,0.006725558890328945,0.006725558890328945,true
511,true,0.9655481800397231,-524231.5850219727,531335.0235593566,0.018997082603164017,0.0948528959415853,9,false,0.010198559967352666,0.010198559967352666,true
255,true,0.9324618692095636,-524215.6122929567,531276.0637330626,-0.02417421597056091,0.22914330393541604,8,false,0.014831036154927308,0.014831036154927308,true
255,true,0.9639734041692978,-524234.7818918425,531240.3596128137,0.03693799034226686,0.1774542551720515,8,false,0.01999152195211179,0.01999152195211179,true
5,true,0.272292310418913,-524235.99821222713,531305.3955046249,-0.1153954096371308,1353.5109296999872,2,true,0.0287375873363031,0.0287375873363031,true
511,true,0.9215541527338068,-524213.08265174815,531240.2687510209,0.1492420407012105,0.19254663679748774,9,false,0.00937684635776643,0.00937684635776643,true
255,true,0.7550006282756392,-524229.7673552555,531137.5867251243,0.4252929073991254,0.8312527242815122,8,false,0.012317472404472332,0.012317472404472332,true
511,true,0.9738463231875645,-524222.6260846422,531434.4935386785,-0.39551631454378366,-0.6124639041954651,9,false,0.011342674454118367,0.011342674454118367,true
255,true,0.5097352517057414,-524225.0644139784,531240.0143290678,-0.037978556589223444,2.318796881707385,8,false,0.01656313157340966,0.01656313157340966,true
511,true,0.9941973476842981,-524040.1034731317,531136.5551816287,0.0030224905349314213,-0.13324079615995288,9,false,0.009123927276574798,0.009123927276574798,true
255,true,0.9891298049104532,-524286.007083701,531110.7998019338,-0.29651953815482557,-0.30046387389302254,8,false,0.01385779827128623,0.01385779827128623,true
255,true,0.7620460143652916,-524278.32071939815,531350.289747412,-0.020946901058778167,0.631427671178244,8,false,0.020735422948444836,0.020735422948444836,true
255,true,0.8839621224219582,-524251.66344627447,531294.9192163523,0.014145959517918527,0.2629437366267666,8,false,0.019357220736594946,0.019357220736594946,true
255,true,0.9598653181443156,-524197.48373562016,531247.1347321864,0.07459593308158219,0.12169795914087445,8,false,0.023211761989048948,0.023211761989048948,true
5,true,0.06289540324650808,-524200.11319381435,531241.6207962802,1.7048140012193471,22254.344821200473,2,true,0.032427959620552255,0.032427959620552255,true
511,true,0.9655684768303323,-524230.293041379,531338.0775037012,-0.025879101012833416,0.1146242719842121,9,false,0.007326127988023197,0.007326127988023197,true
511,true,0.8777378774467486,-524242.09941592877,531151.2206223912,0.0664486278546974,0.3692765993764624,9,false,0.010377668558818675,0.010377668558818675,true
255,true,0.9466625960848939,-524214.55741763796,531204.546325878,0.16348349174950272,-0.29294498241506517,8,false,0.012280939180267734,0.012280939180267734,true
255,true,0.9964492387221185,-524208.4043460112,531153.5553761075,-0.7678883519256487,-0.8419121921760961,8,false,0.016649752653707568,0.016649752653707568,true
13,true,0.012348290140386456,-524212.878649516,531237.1402288581,1.9110239250585437,1618.4942720547551,3,true,0.02484564700564474,0.02484564700564474,true
1023,true,0.9780651081768732,-524194.1833655895,531247.956372321,-0.06623437628149986,-0.09267888544127345,10,false,0.005272415706286218,0.005272415706286218,true
511,true,0.9848147243458322,-524292.6289940532,531245.3116060839,0.03675136109814048,-0.05707470886409283,9,false,0.00760010125044699,0.00760010125044699,true
511,true,0.9753932695343576,-524304.5277833048,531394.245807602,-0.18323422619141638,-0.1887145423097536,9,false,0.011062118483560266,0.011062118483560266,true
255,true,0.9456550279577034,-524297.6155544132,531257.3001125171,0.04346574156079441,0.13203455845359713,8,false,0.01575150897503447,0.01575150897503447,true
255,true,0.7485793708105206,-524296.9738622744,531412.1621190192,0.3479310085531324,0.7398541334550828,8,false,0.02110028402286033,0.02110028402286033,true
255,true,0.8127923639319299,-524324.0467456653,531246.2291332614,0.33561363676562905,0.7333158851834014,8,false,0.01926225737096316,0.01926225737096316,true
255,true,0.9079274909816283,-524358.036056309,531432.0571950631,-0.1518165678717196,-0.7610475659603253,8,false,0.019911544839715654,0.019911544839715654,true
11,true,0.0829782758341629,-524357.2725271466,531231.10203797,0.09363585279788822,1153.2127819422167,3,true,0.024686268346965228,0.024686268346965228,true
511,true,0.9895028344471817,-524248.7259013045,531366.5457448981,-0.0008633538382127881,-0.06869291758630425,9,false,0.006340736727664754,0.006340736727664754,true
511,true,0.8855214545148608,-524250.6725759471,531262.7556705958,0.027440521982498467,0.3465054959524423,9,false,0.009205759546151236,0.009205759546151236,true
511,true,0.6800925580265188,-524258.041704667,531366.7423461179,0.020934195024892688,1.0843683597631752,9,false,0.010945150556200302,0.010945150556200302,true
511,true,0.9985451438137467,-524270.3165626808,531339.8666465541,-0.14680181944277138,-0.17089364386629313,9,false,0.008829046215915445,0.008829046215915445,true
255,true,0.9590945248131949,-524206.26956920134,531275.4476659673,0.07474019948858768,0.1097686926368624,8,false,0.012953148928026983,0.012953148928026983,true
255,true,0.9934535941224206,-524291.6579844916,531252.368210908,0.06015301961451769,-0.22403944900725037,8,false,0.017597004594164113,0.017597004594164113,true
8,true,0.13323795432154978,-524297.265548389,531214.9903593536,2.8094210897106677,1701.336500335019,3,true,0.02541276922577857,0.02541276922577857,true
511,true,0.9996056631448662,-524211.8999849429,531295.1188149184,-0.2206544732907787,-0.2912090236786753,9,false,0.007458639095322451,0.007458639095322451,true
511,true,0.9998985634948344,-524110.862012557,531081.5405536518,-0.1333467586664483,-0.1587300554383546,9,false,0.010898953618399751,0.010898953618399751,true
255,true,0.9151078264092485,-524213.01240023086,531152.8060167097,-0.025091775343753397,0.22944341355469078,8,false,0.015883661458789406,0.015883661458789406,true
255,true,0.9437295662921235,-524388.827740247,531273.2891592176,0.18219240370672196,0.18219240370672196,8,false,0.019766005244696502,0.019766005244696502,true
255,true,0.9385040818130136,-524435.3782799622,531205.2369558086,-0.051965825841762125,0.4253618101356551,8,false,0.025863942880056032,0.025863942880056032,true
1,true,0.0,-524435.3782799622,531445.1738577863,0.0,1.0405599775813177e6,0,true,0.3327064362148735,0.3327064362148735,true
3,true,1.2805200876964171e-6,-524435.3782799622,531384.2060000199,0.0,1543.0934330455493,1,true,0.05439510092881724,0.05439510092881724,true
1023,true,0.9874666075383379,-524311.8580534086,531457.4439002227,0.019906934699974954,0.033101510838605464,10,false,0.0052645706296464145,0.0052645706296464145,true
1023,true,0.9999895790236206,-524216.6027228954,531239.2197896313,-0.021404561353847384,-0.05671064357738942,10,false,0.006789347493950665,0.006789347493950665,true
511,true,0.995043950760405,-524190.0121898046,531178.0956862924,-0.054976459010504186,-0.08079978195019066,9,false,0.010519923570443065,0.010519923570443065,true
255,true,0.8445684331504129,-524138.65707121516,531090.2555487466,0.05917605361901224,0.4121345084859058,8,false,0.017532826244585503,0.017532826244585503,true
255,true,0.9508706598015576,-524059.5531483274,531120.9609659591,0.0189799799118191,0.20833762467373163,8,false,0.019262492167776507,0.019262492167776507,true
255,true,0.9751283983703717,-524088.26263628044,531293.6763062895,0.0072511613834649324,-0.42358739336486906,8,false,0.03018145098552102,0.03018145098552102,true
5,true,0.20126987795170836,-524097.2783225155,531112.5162458154,-0.17129035701509565,5459.441010713577,2,true,0.051928924604502255,0.051928924604502255,true
511,true,0.9991970191325145,-524357.8999518247,531237.2680371456,0.009132478386163712,-0.02828488952945918,9,false,0.007801348965688929,0.007801348965688929,true
511,true,0.9980321343999871,-524338.9748248302,531423.3364865183,-0.06797189696226269,-0.12511528900358826,9,false,0.014694454061741191,0.014694454061741191,true
255,true,0.323920478678122,-524251.08355648053,531384.1706875961,0.18074741400778294,4.157575923134573,8,false,0.027653204143212207,0.027653204143212207,true
1023,true,0.9940229775851664,-524220.9937200024,531316.4155040444,-0.021334754419513047,0.02407727378886193,10,false,0.006277618616404614,0.006277618616404614,true
511,true,0.9064877641401715,-524268.31632880034,531305.8954560332,0.17647414549719542,0.20030470751225948,9,false,0.011732699218696295,0.011732699218696295,true
255,true,0.9969425324645035,-524267.86256294494,531320.2754799125,-0.259547665133141,-0.3492391729960218,8,false,0.016640235203845603,0.016640235203845603,true
22,true,0.3258880205078756,-524268.69325022254,531286.5100643067,0.06143091677222401,1257.3643702019472,4,true,0.031087522762655695,0.031087522762655695,true
1023,true,0.9990411639406508,-524166.18918389786,531181.5939442762,-0.014933895436115563,-0.02234232716728002,10,false,0.007422198043665422,0.007422198043665422,true
511,true,0.9948896229211148,-524224.38933597784,531143.429805941,-0.013505784561857581,-0.043345746118575335,9,false,0.013946241784191883,0.013946241784191883,true
255,true,0.3030792368586623,-524236.4227994463,531263.2772394107,0.4423087318427861,4.072460824390873,8,false,0.025649159118129507,0.025649159118129507,true
1023,true,0.9995910599174742,-524226.12649939785,531238.8038857996,-0.015778263099491596,-0.025463083176873624,10,false,0.005941592830998281,0.005941592830998281,true
511,true,0.9995781715212229,-524158.8830074265,531181.2480410701,-0.007388656260445714,-0.03231147420592606,9,false,0.011063074244923138,0.011063074244923138,true
255,true,0.8572406070082979,-524127.79460944823,531187.2426687689,0.05967063980642706,0.38759634317830205,8,false,0.020395614436553237,0.020395614436553237,true
255,true,0.7264653226074504,-524111.3176925789,531148.6732729428,0.3421276666922495,0.9168184915324673,8,false,0.024613822794046072,0.024613822794046072,true
255,true,0.9081872417850917,-524026.97863466595,531050.0706557957,0.1671647491166368,0.40976308984681964,8,false,0.02031741485764606,0.02031741485764606,true
255,true,0.9655713965663031,-524192.3084342587,531046.9228284747,-0.6940022786147892,-1.0496607514796779,8,false,0.02828438388256893,0.02828438388256893,true
2,true,1.2495086549790396e-12,-524192.3084342587,531118.2032511903,0.0,1326.3046110336436,1,true,0.04607190164689719,0.04607190164689719,true
1023,true,0.9971397920492696,-524172.64601527876,531198.2324319654,-0.011137779569253325,-0.011624098289757967,10,false,0.004942493832740375,0.004942493832740375,true
511,true,0.9936479354448935,-524161.1714999321,531085.1162113522,0.007667048368602991,0.016854283050633967,9,false,0.008849316656971931,0.008849316656971931,true
255,true,0.9852835212362394,-524194.9480047858,531221.2908174548,0.03187067317776382,0.05209688516333699,8,false,0.015540580643849907,0.015540580643849907,true
255,true,0.5078094937496287,-524196.73700602894,531204.3266558482,1.0432961768237874,1.8074406891828403,8,false,0.026424835395832586,0.026424835395832586,true
511,true,0.9994926621071889,-524266.94073674927,531355.3400228448,-0.07730816584080458,-0.24284881120547652,9,false,0.01217725410678838,0.01217725410678838,true
255,true,0.8787000345018025,-524304.0667749221,531367.4142367605,-0.2433526151580736,-0.5299650396918878,8,false,0.021369766466128308,0.021369766466128308,true
255,true,0.8462807563994056,-524480.5359137763,531541.4836049486,-0.027976635843515396,0.6024248256580904,8,false,0.02690953951765184,0.02690953951765184,true
12,true,0.09269971218526574,-524484.7345592573,531545.2787944112,-0.0996358155971393,1072.7825303957798,3,true,0.030979255422163027,0.030979255422163027,true
1023,true,0.9953414493545503,-524338.9976296937,531555.4856102152,-0.006847256212495267,0.016780156176537275,10,false,0.0049058564289596795,0.0049058564289596795,true
511,true,0.9949725944185415,-524244.26047525747,531297.5224774011,0.013551582116633654,0.021687778760679066,9,false,0.00842489079798035,0.00842489079798035,true
511,true,0.9982070216628218,-524146.87014775095,531137.7863374734,-0.0060284193605184555,-0.09618382470216602,9,false,0.014331895156034839,0.014331895156034839,true
255,true,0.9964355056473642,-524195.50019555434,531087.726976555,0.06354512681718916,-0.2403345857746899,8,false,0.024381603502232892,0.024381603502232892,true
4,true,0.20745345996892095,-524192.50235552626,531249.9502169467,0.18659658753313124,6738.486571600544,2,true,0.04095577934420062,0.04095577934420062,true
511,true,0.9999955958995296,-524242.48212618945,531238.3293911257,-0.038797127665020525,-0.050804887316189706,9,false,0.009274846576456497,0.009274846576456497,true
255,true,0.9763060535251711,-524069.28913505026,531131.260895945,-0.019273081328719854,0.07365376828238368,8,false,0.01570884831499082,0.01570884831499082,true
255,true,0.7880820388621427,-524132.2873929714,531147.4492563818,0.16500609018839896,0.5495193121023476,8,false,0.02488463179030689,0.02488463179030689,true
255,true,0.632951668455765,-524117.63919863896,531083.8527542765,0.5581217723665759,1.2005186727037653,8,false,0.024575454045783915,0.024575454045783915,true
255,true,0.9976815752998313,-524187.8691480716,531132.0513383871,-0.06997968920040876,-0.29028878815006465,8,false,0.016580547638221123,0.016580547638221123,true
255,true,0.986058840794541,-524183.16321020684,531300.5332579585,-0.463419382693246,-0.7728117193328217,8,false,0.027382793995525404,0.027382793995525404,true
5,true,0.03390670166047422,-524183.16321020684,531193.3332139277,0.0,24710.52660470479,2,true,0.04365537502077894,0.04365537502077894,true
1023,true,0.9923339987153826,-524195.11138711683,531223.7560459696,0.007851945236325264,0.03071742458269,10,false,0.00699930021747144,0.00699930021747144,true
511,true,0.9921778650825986,-524245.8108931764,531216.429537933,-0.07274083932861686,-0.07395319966599345,9,false,0.011358862676145205,0.011358862676145205,true
255,true,0.7260720835020535,-524237.4608794951,531290.3935331445,0.02869857253972441,0.7094844791572541,8,false,0.018304505294496846,0.018304505294496846,true
255,true,0.9864575848624135,-524143.2515134179,531207.0343305503,0.03154343809001148,0.09364687197376043,8,false,0.015651970726441776,0.015651970726441776,true
1,true,0.0,-524143.2515134179,531286.1003222496,0.0,37439.3202594138,0,true,0.2196852231087122,0.2196852231087122,true
5,true,0.021642764700539174,-524143.2515134179,531267.9140141342,0.0,3714.4572657621466,2,true,0.03685711153719966,0.03685711153719966,true
1023,true,0.998821078283404,-524098.4164043101,531185.2520562394,-0.0029618763364851475,0.006948293186724186,10,false,0.003835101518898075,0.003835101518898075,true
1023,true,0.9953433272748528,-524087.7786913161,531071.0172773234,0.009274911019019783,0.014156086021102965,10,false,0.005177829777581982,0.005177829777581982,true
511,true,0.9995575893844354,-524106.16498532146,530942.9049347687,-0.005757747916504741,-0.039400400943122804,9,false,0.007992552353584462,0.007992552353584462,true
255,true,0.9980156811051638,-524102.91689008905,530984.8610733515,0.026848923065699637,-0.09483643434941769,8,false,0.013589153693288438,0.013589153693288438,true
255,true,0.9975802860739368,-524066.609800523,530957.7040754653,-0.06211722153238952,-0.352669230196625,8,false,0.024169429648912638,0.024169429648912638,true
2,true,1.689746617847211e-18,-524066.609800523,530969.1853644925,0.0,1406.9361810152186,1,true,0.04416752282709021,0.04416752282709021,true
1023,true,0.999805007725482,-524168.9646892942,531054.8258583675,-0.005852268310263753,-0.0069587306352332234,10,false,0.0035097876704935547,0.0035097876704935547,true
1023,true,0.9942268423649983,-524205.16114582197,531137.384811803,-0.0014368565753102303,0.016018767259083688,10,false,0.006567436882163545,0.006567436882163545,true
511,true,0.9703802238721753,-524087.204377237,531058.3958521746,0.01212698279414326,0.06851214147172868,9,false,0.012173036890910153,0.012173036890910153,true
255,true,0.9489223183304761,-524084.2388402427,531119.8776628427,0.07247868808917701,0.1587505245115608,8,false,0.020977886174958556,0.020977886174958556,true
8,true,0.03450046250305109,-524084.2388402427,531172.1881107419,0.0,3258.6576152768685,3,true,0.03375955477451358,0.03375955477451358,true
1023,true,0.9999135201114491,-524370.7333580046,531190.2576686591,-0.00024801946710795164,-0.0030504782916978,10,false,0.0031293374200493294,0.0031293374200493294,true
1023,true,0.9974931244544596,-524385.3180819197,531466.2327840419,0.002941939397715032,0.010989638278260827,10,false,0.0059589866555359436,0.0059589866555359436,true
511,true,0.9961704012563195,-524396.8197881088,531417.4975762027,0.011888771783560514,-0.04151185951195657,9,false,0.0111921441263312,0.0111921441263312,true
255,true,0.996053837718472,-524324.2081577282,531419.7794076363,-0.08497091371100396,-0.18867807171773165,8,false,0.020777458834350684,0.020777458834350684,true
4,true,0.10178295131172764,-524324.2081577282,531272.5277976871,0.0,1455.6622151043266,2,true,0.038231804430106486,0.038231804430106486,true
1023,true,0.9987373315317877,-524169.0697420298,531271.040570472,0.0043373703956604,0.006594371749088168,10,false,0.004740029318116703,0.004740029318116703,true
511,true,0.9687334671974441,-524194.9735353122,531189.5181938412,0.05052079784218222,0.09151340404059738,9,false,0.00882257064330681,0.00882257064330681,true
255,true,0.7475330494678275,-524238.28741179605,531136.0292859485,-0.17107234871946275,0.8350656182738021,8,false,0.014882930855691163,0.014882930855691163,true
511,true,0.8950794842881421,-524310.0995343049,531252.136804449,0.07879191031679511,0.2756585816387087,9,false,0.013017526822059875,0.013017526822059875,true
255,true,0.9973196236031303,-524286.1290567307,531382.9930101953,-0.15713132556993514,-0.2333841355284676,8,false,0.017528237340022797,0.017528237340022797,true
26,true,0.14323254620830067,-524290.7632020789,531300.3500813071,0.46025725884828717,1181.011735580163,4,true,0.03153597822738559,0.03153597822738559,true
1023,true,0.9809700909571234,-524290.9865517396,531371.3964542059,0.030428251484408975,0.04905249213334173,10,false,0.004895575986699895,0.004895575986699895,true
511,true,0.9794437530431449,-524167.34874611266,531316.5525302874,-0.11005799449048936,-0.14051486330572516,9,false,0.008419212322221748,0.008419212322221748,true
255,true,0.9995627560567382,-524198.5425710911,531203.3311752182,-0.014013901934958994,-0.09666871663648635,8,false,0.014286947787995719,0.014286947787995719,true
255,true,0.43024705563002374,-524300.8986566574,531293.8191064631,-0.07069482409860939,2.7903007604181767,8,false,0.025415350199122902,0.025415350199122902,true
511,true,0.9670611918111368,-524283.8184949157,531183.2756519263,0.06400093587581068,0.08425495272967964,9,false,0.009295167804512559,0.009295167804512559,true
255,true,0.9748276383017936,-524326.3107966154,531361.8244775798,-0.15410151612013578,-0.22148871421813965,8,false,0.01503736206092332,0.01503736206092332,true
255,true,0.9901489760856645,-524321.8292467381,531446.2992421468,-0.10789218766149133,-0.16693619219586253,8,false,0.02464871747285092,0.02464871747285092,true
3,true,0.003285600787850559,-524321.8292467381,531359.2169741987,0.0,2868.7527611238183,1,true,0.04176566979309968,0.04176566979309968,true
1023,true,0.9964943678953478,-524363.4041155564,531223.8318344053,0.006377398734912276,0.009882517624646425,10,false,0.005023154213255396,0.005023154213255396,true
511,true,0.9997245142456699,-524359.1550794824,531349.2170582372,-0.0018257122719660401,-0.028374471003189683,9,false,0.008692594429725883,0.008692594429725883,true
255,true,0.8384621092015432,-524273.97124450037,531383.7003902253,0.21984359715133905,0.4213414875557646,8,false,0.015038210205717474,0.015038210205717474,true
255,true,0.8980052780538786,-524306.7260188856,531202.672174077,-0.28100747941061854,0.3992000214057043,8,false,0.01693442613193726,0.01693442613193726,true
255,true,0.9946229691930436,-524293.8870393891,531313.4036677628,-0.03024774754885584,-0.16375524934846908,8,false,0.022205048010056908,0.022205048010056908,true
3,true,3.305178162511516e-6,-524293.8870393891,531407.4325106246,0.0,1654.1787080978975,1,true,0.03715976355366398,0.03715976355366398,true
1023,true,0.9970447066753211,-524195.1464425933,531225.5867331221,0.0016248581232503057,0.011441176058724523,10,false,0.0048889815430511714,0.0048889815430511714,true
511,true,0.9976347212720821,-524181.5562180707,531206.4547689185,0.0008022538386285305,-0.027440913021564484,9,false,0.008260804679597921,0.008260804679597921,true
255,true,0.9838016204935349,-524317.6470878618,531287.7768429575,0.00865604542195797,0.0707518111448735,8,false,0.013868789150751864,0.013868789150751864,true
255,true,0.5425478862367734,-524145.88554684655,531329.174177217,1.3105388097465038,1.6966633369447663,8,false,0.02232210994256265,0.02232210994256265,true
511,true,0.9961106139012237,-524161.86129608646,531270.8551761634,-0.40409340721089393,-0.4330804910277948,9,false,0.011972877289216952,0.011972877289216952,true
255,true,0.888026046009931,-524237.6889113696,531266.6258057446,0.02775124053005129,0.316705874633044,8,false,0.019744502635965444,0.019744502635965444,true
255,true,0.8762538707457468,-524278.936376706,531298.6904153654,0.032437524292618036,0.40110612846910954,8,false,0.024835508278683104,0.024835508278683104,true
127,true,0.11310064079685936,-524253.0179433081,531196.3778165593,0.1079375792760402,33.226452113711275,7,false,0.03026148050824948,0.03026148050824948,true
1023,true,0.9850036258455499,-524234.2316323915,531215.6643942195,0.032609173795208335,0.04197472787927836,10,false,0.005864514917954115,0.005864514917954115,true
511,true,0.9629380170391838,-524008.8073379529,531071.4202562586,0.1007700035115704,0.13002715166658163,9,false,0.009331253790224685,0.009331253790224685,true
255,true,0.9976773975007206,-524158.92011854367,531175.7150644922,-0.4432111860951409,-0.508351836935617,8,false,0.014000164090864504,0.014000164090864504,true
255,true,0.6698737587807693,-524168.61852233845,531053.2887063291,-0.08921172854024917,1.082070580800064,8,false,0.02267206297067434,0.02267206297067434,true
255,true,0.6609510434321988,-524272.1253339628,531254.9124539462,0.15332473011221737,0.9437475762097165,8,false,0.016932119335227317,0.016932119335227317,true
511,true,0.9778771122801866,-524226.716291406,531236.7945828838,0.07243826519697905,-0.10811784060206264,9,false,0.012432134581710977,0.012432134581710977,true
255,true,0.9834764690364672,-524251.4930473928,531322.8100379079,-0.23089230142068118,-0.401224706787616,8,false,0.01906273253777755,0.01906273253777755,true
127,true,0.20652222584819385,-524289.2793869784,531366.3096434427,0.41323425620794296,10.178607713314705,7,false,0.02944448486924174,0.02944448486924174,true
511,true,0.9998092011780695,-524199.00680598983,531250.9348191201,-0.028105396311730146,-0.05791297636460513,9,false,0.0076812841362597336,0.0076812841362597336,true
511,true,0.9509878230381329,-524244.37944010535,531240.6725458261,-0.0038316588615998626,0.14941932260990143,9,false,0.012313474340437646,0.012313474340437646,true
255,true,0.9463625602548063,-524267.0794525266,531230.5599460314,-0.05455025797709823,0.18452867155428976,8,false,0.017578160066246875,0.017578160066246875,true
255,true,0.997185424766274,-524375.6810562899,531348.9952592772,-0.09951139136683196,-0.19053520890884101,8,false,0.0247255854015045,0.0247255854015045,true
6,true,0.08400053090754807,-524375.6810562899,531376.7265779818,0.0,4088.02065200801,2,true,0.038783289375812095,0.038783289375812095,true
511,true,0.9937846379855497,-524358.5274158212,531415.6181718855,-0.003639126429334283,0.019772420753724873,9,false,0.008018189967464236,0.008018189967464236,true
511,true,0.9638702505959483,-524248.16863777116,531325.9502028257,0.011266854126006365,0.08504967391490936,9,false,0.012498287348070075,0.012498287348070075,true
255,true,0.9816612426483086,-524286.5701657567,531131.1605885115,0.05936044314876199,0.07041563815437257,8,false,0.018151821299663196,0.018151821299663196,true
127,true,0.9217469706447277,-524222.82326849195,531224.6573539606,-0.12798623426351696,0.3112572991522029,7,false,0.027282743425977057,0.027282743425977057,true
6,true,0.296613617763782,-524223.90342914494,531256.2327731708,-0.04885072819888592,1045.2391505979467,2,true,0.03585470921599387,0.03585470921599387,true
511,true,0.9939180576027744,-524094.0221054404,531143.7967895682,0.0200372573453933,0.030476841144263744,9,false,0.012250421534815526,0.012250421534815526,true
255,true,0.9883086346080174,-524178.59763463185,531084.2725586724,-0.04173647740390152,-0.10573029378429055,8,false,0.018810112437563142,0.018810112437563142,true
127,true,0.32422079030540735,-524249.56653229956,531199.7427295841,0.06901423959061503,3.7039152833167464,7,false,0.028402707113548448,0.028402707113548448,true
511,true,0.9170764990409407,-524232.9036831683,531187.4106739296,0.15086873748805374,0.19650869350880384,9,false,0.010483941379297165,0.010483941379297165,true
511,true,0.7799293650413355,-524180.4448098908,531180.5893813531,0.13064301549457014,0.7445136733585969,9,false,0.01360877887118497,0.01360877887118497,true
511,true,0.9990656475492247,-524249.5688177138,531196.7492984816,-0.04653574200347066,-0.41350016614887863,9,false,0.0132215788174161,0.0132215788174161,true
255,true,0.9935684138381428,-524224.3255326839,531214.73867965,-0.42819090257398784,-0.8413680748781189,8,false,0.020270165400344747,0.020270165400344747,true
127,true,0.10805221512065365,-524196.0676022872,531175.5315304558,-0.8698688168078661,54.67893306107726,7,false,0.03058511601259962,0.03058511601259962,true
511,true,0.9870381445189965,-524145.71132278803,531255.351948117,0.023065809393301606,0.031033515348099172,9,false,0.007421951688102145,0.007421951688102145,true
511,true,0.9980722610437788,-524120.17710157915,531197.9375031128,-0.048108906485140324,-0.06387955986429006,9,false,0.01105917044420954,0.01105917044420954,true
255,true,0.9975741346990697,-524206.63704155025,531112.8964004945,-0.01486459921579808,-0.038533262675628066,8,false,0.016783795796931195,0.016783795796931195,true
255,true,0.9835899673633709,-524233.5962266781,531229.3828597373,-0.007009459193795919,0.08867778757121414,8,false,0.025337202423536445,0.025337202423536445,true
6,true,0.019845920168912522,-524233.5962266781,531207.3694540281,0.0,3819.232930846396,2,true,0.037030587486293495,0.037030587486293495,true
511,true,0.9837945943896854,-524196.1939785769,531268.7039008855,0.0022907386301085353,0.03660438663791865,9,false,0.007790934821834109,0.007790934821834109,true
511,true,0.9868143766407422,-524284.6196471496,531218.559307953,0.02119083795696497,0.03755766723770648,9,false,0.011413732827648957,0.011413732827648957,true
255,true,0.9630347331291151,-524164.17683406227,531222.9495977128,0.0594960282323882,0.12694176321383566,8,false,0.01675822502751674,0.01675822502751674,true
255,true,0.8173275457180357,-524234.4549965946,531215.9192125135,-0.2002138962270692,0.6179961394518614,8,false,0.023386528532444526,0.023386528532444526,true
255,true,0.9366354988446639,-524248.9535590464,531215.8696246943,0.08972852816805243,0.16810694336891174,8,false,0.024419017506195382,0.024419017506195382,true
10,true,0.17398677026122594,-524251.21531811426,531465.3522073317,0.5399213271448389,1768.45429948729,3,true,0.03219680329398661,0.03219680329398661,true
511,true,0.9997787406603352,-524249.57914107107,531342.4107655964,0.0010517812334001064,-0.0707240205956623,9,false,0.009569177650083477,0.009569177650083477,true
255,true,0.9433289918235731,-524273.440875914,531347.5792843403,-0.0665672660106793,0.22741303162183613,8,false,0.014286505770548047,0.014286505770548047,true
255,true,0.6654799425151576,-524110.35988960887,531160.9364626389,-0.10389136127196252,1.0816370230168104,8,false,0.019053857492371682,0.019053857492371682,true
255,true,0.9742359147226114,-524131.37155280216,531046.1162453007,0.04128299711737782,0.09712176804896444,8,false,0.014852861114490284,0.014852861114490284,true
255,true,0.9210070530820754,-524146.27322754654,531219.5369798347,0.1255779075436294,0.29073102900292724,8,false,0.020956143902577072,0.020956143902577072,true
255,true,0.9858565634257,-524187.25153836235,531083.0451449343,-0.2015124107711017,-0.4540789476595819,8,false,0.026631293649397748,0.026631293649397748,true
5,true,8.172225538328433e-5,-524187.25153836235,531352.0471739522,0.0,1978.5695482162992,2,true,0.038191501058884386,0.038191501058884386,true
511,true,0.9978299103817798,-524222.78786505153,531244.0980760237,-0.007399469381198287,-0.024021141813136637,9,false,0.008480802852593231,0.008480802852593231,true
511,true,0.9666246519486121,-524219.25787130004,531276.3854141393,-0.030031237984076142,0.09983098192606121,9,false,0.012461344304930481,0.012461344304930481,true
255,true,0.9736020002188356,-524289.005681846,531258.8358962531,0.04094829107634723,0.07535559101961553,8,false,0.017212412380439895,0.017212412380439895,true
255,true,0.3126753797067445,-524297.7600112045,531274.7491200519,-0.02100605668965727,4.221801013685763,8,false,0.024018246367093363,0.024018246367093363,true
511,true,0.9648351951743501,-524364.9795165248,531343.7180670165,0.0050833101850003,0.08591771381907165,9,false,0.009797057537442947,0.009797057537442947,true
511,true,0.9858442536110209,-524250.7317584798,531337.9581832837,-0.025758122676052153,0.057782042073085904,9,false,0.013444113397787805,0.013444113397787805,true
255,true,0.8483427001554003,-524275.35455974797,531295.2593851727,0.14125531713943928,0.3307331056566909,8,false,0.01912452975147271,0.01912452975147271,true
255,true,0.995134927030599,-524314.4474008005,531270.8922057674,-0.07820602122228593,-0.19390189624391496,8,false,0.02108057899314034,0.02108057899314034,true
127,true,0.09766758433282687,-524161.0904578647,531184.9360011264,-0.04597650375217199,36.95155405183323,7,false,0.030352745526990667,0.030352745526990667,true
511,true,0.9821089434423227,-524351.2827365509,531269.420837941,8.076394442468882e-5,0.05596457689534873,9,false,0.008521925723669667,0.008521925723669667,true
2,true,1.7132392397667544e-101,-524351.2827365509,531301.3845019076,0.0,710908.9485016897,1,true,0.11866858432503023,0.11866858432503023,true
255,true,0.9738854321627818,-524392.2620958373,531425.0096625137,0.08998772909399122,0.12581260432489216,8,false,0.019862712793059855,0.019862712793059855,true
127,true,0.7293133052014141,-524202.67452023283,531360.3343126283,0.17260120925493538,0.879673412302509,7,false,0.026103998678452055,0.026103998678452055,true
255,true,0.9488536985898864,-524182.9107730418,531236.4226852288,0.09694302349817008,0.26357373245991766,8,false,0.019583315403517165,0.019583315403517165,true
127,true,0.28277027966716206,-524304.5951391998,531264.3672254657,0.41278085857629776,7.58414111030288,7,false,0.028631496829023037,0.028631496829023037,true
1023,true,0.9962634507864446,-524192.76814620075,531218.3103356982,-0.02644484001211822,-0.04953522130381316,10,false,0.005705290362001125,0.005705290362001125,true
511,true,0.9989813739027529,-524185.41937301244,531117.1830405536,0.0018920012516900897,-0.06456670409534127,9,false,0.010048718877882301,0.010048718877882301,true
255,true,0.9956625309106257,-524385.5724574124,531338.4351116089,-0.20767062448430806,-0.2521781693212688,8,false,0.018396235037543555,0.018396235037543555,true
4,true,0.003216593418187884,-524385.5724574124,531542.4080761052,0.0,4076.348739583511,2,true,0.0338728495171277,0.0338728495171277,true
1023,true,0.9996656585664897,-524371.9561504602,531617.4152221859,-0.0007366080535575747,0.0011044550919905305,10,false,0.0027228602994688843,0.0027228602994688843,true
1023,true,0.9964326199997415,-524366.6661212165,531510.0917541316,0.004847015952691436,0.0077029790263623,10,false,0.0051359834500381675,0.0051359834500381675,true
511,true,0.9360027423631183,-524363.5371039087,531432.4158659764,0.004853069433011115,0.15149466146249324,9,false,0.00961503512252816,0.00961503512252816,true
255,true,0.8814971277088592,-524301.6368062703,531468.0694233554,0.2510728274937719,0.3014318300411105,8,false,0.014870473209520285,0.014870473209520285,true
255,true,0.9999939774207324,-524291.1264039805,531329.1414228572,-0.2223958265967667,-0.5029735924908891,8,false,0.019357406546435262,0.019357406546435262,true
6,true,0.1010702223859229,-524295.5002868942,531429.7559461232,0.5018161843763664,1643.9943532990292,2,true,0.036309508175774156,0.036309508175774156,true
1023,true,0.9865342525917689,-524272.1302461508,531264.850510199,-0.009705224656499922,0.03894279384985566,10,false,0.0042522001409303015,0.0042522001409303015,true
511,true,0.999680826063871,-524038.50631755765,531088.6052464936,-0.014839590061455965,-0.03789147059433162,9,false,0.007685425113970832,0.007685425113970832,true
255,true,0.9716261117943329,-524210.67801689915,531068.9468554985,-0.07288014760706574,0.1014776291558519,8,false,0.014340897344904922,0.014340897344904922,true
255,true,0.46353855541601785,-524185.44488129305,531351.2449733875,0.6747126596746966,1.9164268499007449,8,false,0.02436990797107683,0.02436990797107683,true
511,true,0.9611979090457828,-524159.3796184364,531243.0936642006,-0.0861800410784781,0.12855002307333052,9,false,0.009029585601287258,0.009029585601287258,true
255,true,0.9721690057943578,-524470.8269065625,531378.0660108484,0.030136715155094862,0.08080538851208985,8,false,0.014818155354615205,0.014818155354615205,true
255,true,0.727407799528199,-524168.9991805522,531422.4589542048,-0.04065747745335102,0.8364658356877044,8,false,0.024912142251638732,0.024912142251638732,true
255,true,0.6912363325679071,-524226.0133394778,531204.6543952468,-0.0131199766183272,0.8687021156074479,8,false,0.020385560670487662,0.020385560670487662,true
255,true,0.8690339665938978,-524266.0016909531,531198.5263664448,0.07371302542742342,0.3171223207609728,8,false,0.015083591314960312,0.015083591314960312,true
255,true,0.9679891416057593,-524293.3445776104,531338.0898098113,0.06496697419788688,-0.1625987336738035,8,false,0.01864606612078909,0.01864606612078909,true
13,true,0.07284045691397154,-524293.3445776104,531420.5586854102,0.0,2215.406436022022,3,true,0.030400708057709315,0.030400708057709315,true
1023,true,0.9997735589019543,-524306.8162979839,531313.5624947653,-0.0021712497109547257,-0.010930873453617096,10,false,0.003978178722054639,0.003978178722054639,true
511,true,0.9984145085276276,-524183.4995972258,531268.6384793771,-0.01548637356609106,-0.025444886879995465,9,false,0.007121251336378279,0.007121251336378279,true
511,true,0.8999365572401659,-524274.1448953595,531378.3509575666,0.1823289324529469,0.2510092535521835,9,false,0.012576948102776625,0.012576948102776625,true
255,true,0.755880557293042,-524321.110986512,531309.1471960593,0.8423933897865936,0.8724718994926661,8,false,0.01680195969116013,0.01680195969116013,true
255,true,0.9448639700870478,-524340.0742955373,531408.7255191256,-0.825676265754737,-0.9876683277543634,8,false,0.015105899855640701,0.015105899855640701,true
255,true,0.8776183802531078,-524240.10266018123,531362.1391170896,-0.030988833401352167,0.4625814409228042,8,false,0.022634612147842313,0.022634612147842313,true
127,true,0.13267125020634082,-524145.7883804768,531104.3982392618,-0.454405510914512,29.261240894789807,7,false,0.028152098719579875,0.028152098719579875,true
1023,true,0.9972763651682558,-524165.7734838667,531106.9581087771,-0.0018328391015529633,0.008644743589684367,10,false,0.0048443192832236075,0.0048443192832236075,true
511,true,0.9357309240625695,-524123.776394964,531147.923739327,0.06482175004202873,0.1404720974387601,9,false,0.008325369498036939,0.008325369498036939,true
511,true,0.9721127414843754,-524192.32177634194,531127.0699928466,-0.013259602361358702,-0.14263344986829907,9,false,0.012081500473248899,0.012081500473248899,true
255,true,0.7918874188669399,-524177.858387675,531106.9719842552,-0.19116618402767926,0.7379529987229034,8,false,0.019151195110793932,0.019151195110793932,true
255,true,0.9986340804947901,-524161.959353323,531325.2758151878,-0.05478342273272574,-0.1320575810968876,8,false,0.01897281901125336,0.01897281901125336,true
7,true,0.0171099111287046,-524161.959353323,531041.1533765075,0.0,3318.9270324750105,2,true,0.03184059526237361,0.03184059526237361,true
1023,true,0.9988789413014487,-524184.0901727174,531162.0635927169,0.0008198973955586553,0.0045999165158718824,10,false,0.004426318529495114,0.004426318529495114,true
511,true,0.9512659035794614,-524202.8779123494,531123.2855644166,0.01865585322957486,0.1117138140834868,9,false,0.0074553378132614315,0.0074553378132614315,true
511,true,0.9764576492370549,-524170.44134848815,531163.851397487,0.012950361124239862,0.09512517903931439,9,false,0.011065834260046844,0.011065834260046844,true
255,true,0.9997467457941478,-524090.88999587984,531158.1662181789,-0.04954369296319783,-0.21402545692399144,8,false,0.01738001295934346,0.01738001295934346,true
127,true,0.4453379695485311,-524223.09056024783,531093.5310508794,2.177133189048618,2.7261798810213804,7,false,0.028715945821888588,0.028715945821888588,true
511,true,0.999968062423366,-524256.06758091983,531152.6553078481,-0.11863648018334061,-0.47032864089123905,9,false,0.012182718491132899,0.012182718491132899,true
255,true,0.8167931884844987,-524431.5744726985,531461.8429446584,-0.6674008768750355,-0.919140042969957,8,false,0.02004577172126922,0.02004577172126922,true
255,true,0.821786236637959,-524380.09450683,531443.2652195813,0.6281508237589151,0.6281508237589151,8,false,0.021082267945640623,0.021082267945640623,true
255,true,0.990545684576294,-524301.5001692891,531316.9618030691,-0.6509990853955969,-1.05744927120395,8,false,0.022421865309722507,0.022421865309722507,true
5,true,9.86626787380894e-5,-524301.5001692891,531229.7516347585,0.0,6332.880805421271,2,true,0.03555949615774929,0.03555949615774929,true
1023,true,0.9572891284569613,-524270.17853850743,531302.7208953297,0.024277876713313162,0.10713252401910722,10,false,0.005428501207640375,0.005428501207640375,true
511,true,0.9892509317668031,-524205.8358753704,531290.6561276863,0.04642516456078738,-0.10707150341477245,9,false,0.007989580490747696,0.007989580490747696,true
511,true,0.9990183835784476,-524378.7514137725,531223.7771842554,-0.04701967630535364,-0.36652568774297833,9,false,0.012601600690721025,0.012601600690721025,true
255,true,0.9357341771125007,-524331.7533860041,531450.4491320163,-0.7525062017375603,-0.8077429903205484,8,false,0.020208900044591124,0.020208900044591124,true
127,true,0.16731113308206927,-524239.3993803265,531363.9101921895,-0.057211930165067315,12.71574712160509,7,false,0.027854840123645613,0.027854840123645613,true
511,true,0.9922144545010553,-524220.31105168164,531137.4358148689,0.0015140790492296219,0.024449367308989167,9,false,0.006621520338683487,0.006621520338683487,true
511,true,0.9055499613780509,-524203.09285692126,531262.9981868186,0.05469203111715615,0.2144867629976943,9,false,0.010403511424833043,0.010403511424833043,true
255,true,0.9998426339400368,-524348.2672385215,531337.2357724875,-0.04220219748094678,-0.12300242984201759,8,false,0.013369731565781478,0.013369731565781478,true
255,true,0.9848314846975201,-524343.9750305817,531303.7741568274,-0.10130048810970038,-0.17672678967937827,8,false,0.021156074771475106,0.021156074771475106,true
10,true,0.1758702501953447,-524346.4092015896,531458.5352165881,0.3474140076432377,2212.6429950858,3,true,0.03219611002716704,0.03219611002716704,true
511,true,0.9839260361188052,-524252.6735732002,531242.7625581406,-0.002166387625038624,0.05793305567931384,9,false,0.008136594646045983,0.008136594646045983,true
511,true,0.9673985181544015,-524358.0119142088,531384.5720775408,0.09249102475587279,0.1195973523426801,9,false,0.012365199925725484,0.012365199925725484,true
255,true,0.9727113224565689,-524243.21610292344,531407.446972824,-0.29083346913103014,-0.35510068212170154,8,false,0.018034655353385352,0.018034655353385352,true
127,true,0.9427879845857801,-524239.2573939565,531168.0628704954,-0.03576731262728572,0.25982741720508784,7,false,0.026491976211547173,0.026491976211547173,true
7,true,0.25684289491092627,-524231.52338521305,531271.3646685864,0.047148933284915984,1001.7968349197181,2,true,0.036315697904172765,0.036315697904172765,true
511,true,0.9844075787791465,-524045.2275414376,530999.0244690765,-0.02553775510750711,0.05808998248539865,9,false,0.011351170787786764,0.011351170787786764,true
255,true,0.8847237737393076,-524071.07564756967,530927.3454463007,0.24855196638964117,0.28015181119553745,8,false,0.017027800098575414,0.017027800098575414,true
255,true,0.9158967281620914,-524203.678733872,531053.7915661781,0.026913898182101548,-0.4025551474187523,8,false,0.02057123006173651,0.02057123006173651,true
127,true,0.9857452579978931,-524340.5839048846,531323.3062602819,-0.271285853930749,-0.6450128915021196,7,false,0.026489199788156916,0.026489199788156916,true
4,true,0.05491770964391594,-524339.6927700873,531388.0573075616,1.5207715816795826,4513.153076899354,2,true,0.03939691968599482,0.03939691968599482,true
511,true,0.9987909449620533,-524351.1246293238,531330.8509437084,-0.036370447371155024,-0.10554697655607015,9,false,0.008325968253073772,0.008325968253073772,true
511,true,0.8790472141810163,-524119.04959417327,531283.5814034573,0.09396262641530484,0.3759892217349261,9,false,0.012747488620064352,0.012747488620064352,true
255,true,0.9853581259635462,-524281.1098884059,531163.7096888929,-0.2973617642419413,-0.3746458529494703,8,false,0.015164060022425489,0.015164060022425489,true
255,true,0.38965083403285183,-524278.3005655772,531276.6175438449,0.058288661180995405,3.077597937081009,8,false,0.02241070202332162,0.02241070202332162,true
511,true,0.9977624525378358,-524298.1662713088,531328.1659888395,-0.014339116984046996,-0.03686279815156013,9,false,0.009737309273410225,0.009737309273410225,true
255,true,0.9751495333229845,-524135.7160738731,531212.7440524477,0.06769834761507809,0.09199275786522776,8,false,0.014732137414847558,0.014732137414847558,true
255,true,0.8568746460455535,-524192.0641022278,531210.7011496883,-0.02791389008052647,0.48528152040671557,8,false,0.02120020595842804,0.02120020595842804,true
255,true,0.6956935532726449,-524253.2206898695,531232.5715162219,-0.2013152609579265,1.0362693869974464,8,false,0.02394389406125662,0.02394389406125662,true
255,true,0.9182472767868115,-524187.68368478055,531197.5482187867,-0.0022586608538404107,0.22597739775665104,8,false,0.019543645500837734,0.019543645500837734,true
255,true,0.9441983077898538,-524064.0045475263,531150.9367836256,0.03509569843299687,0.19146155868656933,8,false,0.02493002867447,0.02493002867447,true
6,true,0.0025472619299411504,-524064.0045475263,531034.3018251492,0.0,3178.371379255783,2,true,0.033403889721985845,0.033403889721985845,true
511,true,0.9940086986200901,-524194.4136124388,531277.0726406372,0.02022759767714888,0.021545723429881036,9,false,0.006929682224836702,0.006929682224836702,true
511,true,0.8019138248352564,-524207.87950242613,531227.2640798253,0.10363446292467415,0.5260659935884178,9,false,0.010275202876383515,0.010275202876383515,true
511,true,0.9985766713274993,-524145.2621474858,531134.7376351568,0.00245467247441411,-0.17863534740172327,9,false,0.010417722045029531,0.010417722045029531,true
255,true,0.9909774842011333,-524227.19312189333,531057.6150689315,-0.36482526804320514,-0.3969963203417137,8,false,0.015496423484010487,0.015496423484010487,true
255,true,0.2819204681634111,-524354.3838852318,531294.9987371993,1.6282583395950496,4.285737787140533,8,false,0.022628758761346627,0.022628758761346627,true
511,true,0.9999887793263085,-524185.32961252227,531215.3639476338,-0.19323582097422332,-0.2322207889519632,9,false,0.008367928004331693,0.008367928004331693,true
511,true,0.9957518767283088,-524078.04043344985,531193.1801173708,-0.03938138240482658,-0.09545750950928777,9,false,0.012423992192388001,0.012423992192388001,true
255,true,0.8858836495632841,-524080.3674920331,531086.0682015906,0.27102253457996994,0.3324691861635074,8,false,0.018230831929505996,0.018230831929505996,true
255,true,0.7679169087715212,-524142.7302575773,531119.5173792865,0.5750357093056664,0.9079937972128391,8,false,0.021622271843790813,0.021622271843790813,true
255,true,0.9582235163084076,-524163.73409856716,531069.7462290901,-0.008031041477806866,-0.9389260762836784,8,false,0.02046996765110981,0.02046996765110981,true
127,true,0.4089356715613503,-524262.1144990703,531248.7284793643,-1.6067268368788064,5.5338050809223205,7,false,0.027775076965906982,0.027775076965906982,true
255,true,0.9583673174224697,-524254.94642283727,531181.2425304865,0.018187017645686865,0.11452701967209578,8,false,0.013377384818559974,0.013377384818559974,true
255,true,0.9897453010496874,-524299.3941164522,531229.6365234625,-0.08704185602255166,-0.10160300170537084,8,false,0.018140652602728506,0.018140652602728506,true
127,true,0.6645335012295354,-524305.5747838283,531383.8315508182,0.8418477374361828,0.9463240349432454,7,false,0.02601294158427166,0.02601294158427166,true
255,true,0.8636677856738083,-524322.8448108069,531340.4177165685,0.04564304219093174,-0.5549241203116253,8,false,0.020331314531956177,0.020331314531956177,true
255,true,0.6595878170711498,-524267.6097970648,531363.7640006967,-0.649548058048822,1.5123543028021231,8,false,0.02301004487765645,0.02301004487765645,true
255,true,0.95467539996203,-524118.1494122654,531280.20235784,-0.04404064198024571,0.1535288761369884,8,false,0.017866783881388265,0.017866783881388265,true
255,true,0.9832477955064042,-524131.20947104273,531084.2967738118,-0.0009245030814781785,0.09007907554041594,8,false,0.023879206156507887,0.023879206156507887,true
9,true,0.1971166783988452,-524136.67379995785,531044.2657667354,0.9853789823828265,3373.1017172508873,3,true,0.03354251809355627,0.03354251809355627,true
511,true,0.9982679057889853,-524092.67306096206,531048.6221996847,-0.0014126233290880919,-0.12264342373237014,9,false,0.01125130587708337,0.01125130587708337,true
255,true,0.9849403370507992,-524163.52153365297,531153.1918986604,-0.05180457141250372,-0.23056009213905782,8,false,0.016244246734393925,0.016244246734393925,true
255,true,0.7445785739741984,-524313.0919747362,531146.2811081735,-0.07907838246319443,0.9446974421152845,8,false,0.022827420484965964,0.022827420484965964,true
255,true,0.9478471227302816,-524379.3635119693,531266.0830849733,0.08025417593307793,0.135322674526833,8,false,0.020773616377581777,0.020773616377581777,true
127,true,0.5945200976225739,-524276.45720518153,531323.1815843978,0.008951300289481878,1.802547347615473,7,false,0.027216073347924894,0.027216073347924894,true
255,true,0.9095779293132132,-524340.731449673,531428.5890928044,-0.0011657301802188158,0.35384382121264935,8,false,0.01895608451490256,0.01895608451490256,true
255,true,0.9577787931245976,-524453.1408915838,531411.3234937917,-0.29118992760777473,-0.3861417731968686,8,false,0.023162077716514184,0.023162077716514184,true
7,true,0.1583018789464023,-524453.0763380413,531439.5302556688,0.1692884733201936,1026.2597695227014,2,true,0.03077061084902155,0.03077061084902155,true
511,true,0.9978112550960404,-524262.09014690295,531474.4164537688,-0.0033462223364040256,-0.04017587460111827,9,false,0.009976098242340418,0.009976098242340418,true
255,true,0.9925445999281359,-524274.9699571523,531360.2120753207,0.033677641418762505,-0.07357231131754816,8,false,0.014231917100988688,0.014231917100988688,true
255,true,0.6940793944832905,-524236.1099216454,531314.6622362502,0.052560534328222275,0.9976290253689513,8,false,0.020062444071909304,0.020062444071909304,true
255,true,0.7933163032636317,-524263.8111483697,531275.7767430354,0.39036196283996105,0.6329273714218289,8,false,0.016774240908178494,0.016774240908178494,true
255,true,0.9984914610479013,-524356.067081309,531479.1035818581,-0.47952310845721513,-0.5550347422249615,8,false,0.016681933698276735,0.016681933698276735,true
255,true,0.9920067935453863,-524278.2657166344,531373.4757643354,0.04440831032115966,-0.181226966669783,8,false,0.0236524908806719,0.0236524908806719,true
4,true,0.006926289678542199,-524278.2657166344,531346.7343609986,0.0,1601.1295233943965,2,true,0.03307734248231298,0.03307734248231298,true
511,true,0.9340424722058926,-524188.5582870049,531059.0033735103,-0.001396551146171987,0.1669101807055995,9,false,0.00851260567456092,0.00851260567456092,true
511,true,0.9882742525196256,-524259.37772253,531352.9340116298,0.04693973495159298,0.06332962063606828,9,false,0.010794881301567078,0.010794881301567078,true
255,true,0.7716824384750023,-524173.8519953577,531165.2706332693,-0.1422013365663588,0.6956617529504001,8,false,0.014987739583262048,0.014987739583262048,true
255,true,0.9444982656405941,-524183.5864878369,531220.9498431002,0.06585190794430673,0.14847551274579018,8,false,0.014373601615063252,0.014373601615063252,true
255,true,0.9830042132230805,-524262.8085429654,531221.8883017992,-0.0726824845187366,-0.13475418800953776,8,false,0.018469285152504504,0.018469285152504504,true
255,true,0.8985946824868256,-524271.86868299765,531233.4417706226,0.13071731780655682,0.3484233490889892,8,false,0.025277798096817905,0.025277798096817905,true
11,true,0.024147669947892303,-524271.86868299765,531354.2722045226,0.0,1927.0287411129102,3,true,0.02995714180505754,0.02995714180505754,true
511,true,0.997615493118353,-524306.4276929111,531287.3326933939,-0.017272511846385896,-0.02696330868639052,9,false,0.008207019407065998,0.008207019407065998,true
511,true,0.9812399301755167,-524315.9151996301,531329.2146395971,0.004212754196487367,0.05743258504662663,9,false,0.0115035904160144,0.0115035904160144,true
255,true,0.8140892183752622,-524288.2249532678,531338.150457612,0.0013162761460989714,0.48641770402900875,8,false,0.015654596291768325,0.015654596291768325,true
255,true,0.5745722921223034,-524314.8411480165,531244.0175072266,0.9306808875408024,1.3709932552883402,8,false,0.016117159164231305,0.016117159164231305,true
511,true,0.9997607041609419,-524199.4078934876,531427.1067484907,-0.4062263257801533,-0.4767983267083764,9,false,0.011171991531076335,0.011171991531076335,true
255,true,0.9515894747453333,-524188.1865893242,531222.8517653045,0.14291873725596815,0.17406710155773908,8,false,0.015625329432881706,0.015625329432881706,true
255,true,0.8793904798603724,-524166.1575905597,531176.8287197051,-0.1259794522775337,0.5237114944029599,8,false,0.020148399685061585,0.020148399685061585,true
255,true,0.7565293045421431,-524132.8124390636,531071.0019304476,-0.381836841464974,0.9337170068174601,8,false,0.023049850129943532,0.023049850129943532,true
255,true,0.9487276019660298,-524136.28677530447,531161.259010119,0.03761919494718313,0.16738917352631688,8,false,0.021567139449417166,0.021567139449417166,true
127,true,0.5656934180732315,-524157.4240625595,531248.0908517063,-0.059410328161902726,1.5231256647966802,7,false,0.02758120811439592,0.02758120811439592,true
255,true,0.970625280419993,-524238.74279115995,531057.5266228397,0.0024929168866947293,0.13313602120615542,8,false,0.018947271889092905,0.018947271889092905,true
255,true,0.9807778816091054,-524360.9162815278,531319.4327382987,0.018354976316913962,0.11724005464930087,8,false,0.02507167981080134,0.02507167981080134,true
6,true,0.13045242074943772,-524360.9162815278,531380.0715730282,0.0,5148.459031163831,2,true,0.03366042593754838,0.03366042593754838,true
511,true,0.8948850057632259,-524361.2989045847,531367.471883926,0.06618062616325915,0.25363129505421966,9,false,0.011545169590216554,0.011545169590216554,true
255,true,0.9948209568933993,-524347.0365833491,531278.4084725431,-0.00012594484724104404,-0.1301787558477372,8,false,0.013520406754646202,0.013520406754646202,true
255,true,0.9725252544121997,-524281.2134671586,531366.3216392174,-0.04753198381513357,-0.23758407693821937,8,false,0.018546141410504625,0.018546141410504625,true
255,true,0.930061428815162,-524138.0145834438,531223.9033386634,-0.33450218790676445,0.3856621333397925,8,false,0.02450624005498937,0.02450624005498937,true
13,true,0.349177044917449,-524142.8529829378,531152.2274541967,0.01925900427158922,1172.0828696691897,3,true,0.0302241343032819,0.0302241343032819,true
255,true,0.9534864753010137,-524074.93233134196,531057.9873180365,0.05327076721005142,0.1046796792652458,8,false,0.014889052534825576,0.014889052534825576,true
255,true,0.9221421162590313,-524042.30429008894,531097.8280170488,0.01269206136930734,0.2474026990821585,8,false,0.019056321691283084,0.019056321691283084,true
255,true,0.7317657363255536,-524134.22816518333,531006.3056355797,-0.12098740914370865,0.84771723090671,8,false,0.02318482243178257,0.02318482243178257,true
255,true,0.6082585171266526,-524055.4584792602,531171.0197794738,0.04941332736052573,1.173622230766341,8,false,0.020921941524838755,0.020921941524838755,true
255,true,0.9806927274294726,-524265.87945154734,531127.0567967534,0.013778734137304127,0.07443805376533419,8,false,0.015583770357025324,0.015583770357025324,true
255,true,0.570902316740601,-524248.27888683305,531308.6118504098,0.09618512925226241,1.8301601691637188,8,false,0.020740581951406142,0.020740581951406142,true
255,true,0.9983441098687186,-524101.6929605563,531098.6620298591,-0.052326804492622614,-0.09589151805266738,8,false,0.014605823765050258,0.014605823765050258,true
255,true,0.3008137593069994,-524159.7983241732,531047.3527609776,0.9146826358046383,4.037324058590457,8,false,0.0199455549826576,0.0199455549826576,true
511,true,0.9998241964852816,-524071.43555856234,531038.1824146478,-0.03083509940188378,-0.220146031701006,9,false,0.009286677421127773,0.009286677421127773,true
511,true,0.9971414247694435,-524150.2131240492,531096.278628024,0.028080423013307154,-0.35218859603628516,9,false,0.012703863953582733,0.012703863953582733,true
255,true,0.994880489820891,-524144.34248596313,531142.4679216129,-0.03429781238082796,-0.6823889969382435,8,false,0.017275260305493485,0.017275260305493485,true
255,true,0.9857813956883047,-524165.89360669564,531053.0694048994,-0.29545243724714965,-1.0992988565703854,8,false,0.02336857913517496,0.02336857913517496,true
6,true,0.1668996404218418,-524163.74618147255,531320.2535723022,-1.3341554766520858,2170.052309790859,2,true,0.031121594099014997,0.031121594099014997,true
511,true,0.9970200586660009,-524163.446602255,531036.083203568,0.004011668148450553,-0.0468409025343135,9,false,0.011940461605508983,0.011940461605508983,true
255,true,0.9206913260699333,-524355.1490491218,531314.8660395994,0.06792983401101083,0.21748665056657046,8,false,0.016178909268663333,0.016178909268663333,true
255,true,0.9444735482064851,-524383.7689313523,531419.6721491378,-0.11389539344236255,0.25528548064175993,8,false,0.019502796221948056,0.019502796221948056,true
255,true,0.82751824145746,-524356.9256441304,531332.1023575353,0.18866086821071804,0.49703015643171966,8,false,0.024340148132168487,0.024340148132168487,true
255,true,0.9950452749133057,-524292.9201141486,531323.8528885707,0.06869337370153517,-0.3846587741281837,8,false,0.02545567158328564,0.02545567158328564,true
5,true,2.659514298101292e-7,-524292.9201141486,531406.5299037702,0.0,1803.1959484299878,2,true,0.03419838720428151,0.03419838720428151,true
511,true,0.9887535720846454,-524374.6261017857,531428.2573935025,-0.02600353572051972,0.069708272931166,9,false,0.010390719379450564,0.010390719379450564,true
255,true,0.8803819587935845,-524161.23527109844,531401.9882717549,0.15863206435460597,0.32147491711657494,8,false,0.013840695952735162,0.013840695952735162,true
255,true,0.9980014721700358,-524208.05090433557,531266.0154007603,-0.2799756167223677,-0.3134962983895093,8,false,0.015672301232930737,0.015672301232930737,true
255,true,0.7808170102589135,-524161.16805889714,531175.6046569251,0.18773759121540934,0.5803123555378988,8,false,0.02110605810980957,0.02110605810980957,true
255,true,0.9952234340388774,-524173.1078751203,531160.1813648002,-0.03338417084887624,-0.24095042946282774,8,false,0.02059478523212294,0.02059478523212294,true
127,true,1.0,-524058.7944045759,530985.6739633451,-0.33553141716402024,-0.4227821930544451,7,false,0.027556560926065267,0.027556560926065267,true
4,true,0.11970043351143682,-524058.7944045759,531004.4534554742,0.0,5091.724225126556,2,true,0.03707267441510568,0.03707267441510568,true
255,true,0.8494367546212136,-524153.68538104463,531030.3696214671,0.0240987102733925,0.3579655000939965,8,false,0.013723054345295744,0.013723054345295744,true
255,true,0.9968457125772924,-524246.3459638881,531181.4000892829,-0.023493208223953843,-0.052737193065695465,8,false,0.014822129060549747,0.014822129060549747,true
255,true,0.6863879321290851,-524249.0939649139,531207.3917355692,0.8176599466241896,0.8760509653948247,8,false,0.01983451433140571,0.01983451433140571,true
255,true,0.6886267772935795,-524243.7909031522,531284.6494393466,0.7755761553999037,1.2716867596609518,8,false,0.01688180722333785,0.01688180722333785,true
255,true,1.0,-524186.00750003505,531185.8475971742,-0.8906354354694486,-1.009298363700509,8,false,0.014427368280419522,0.014427368280419522,true
255,true,0.9913506592931638,-524119.85421273345,531041.5287037746,-0.043454048689454794,-0.2520824261009693,8,false,0.019350922951094116,0.019350922951094116,true
255,true,0.25247945533440186,-524256.35405188013,530989.4977472344,1.9859955200226977,7.193907619453967,8,false,0.025593915848886883,0.025593915848886883,true
511,true,0.9927935089112527,-524380.3839631551,531369.7507638506,-0.3979628480738029,-0.4703335736412555,9,false,0.011686157981039441,0.011686157981039441,true
255,true,0.9996760395418582,-524080.6200968197,531265.5556384405,-0.0752567236777395,-0.12990868417546153,8,false,0.015485845096053072,0.015485845096053072,true
255,true,0.9358813106620993,-524122.45702187205,530991.4912376851,-0.08141425449866802,0.21569757419638336,8,false,0.020693947621838644,0.020693947621838644,true
255,true,0.741562721904394,-524168.7126747497,531130.6061645716,0.08966076152864844,0.7050307462923229,8,false,0.02521073243164193,0.02521073243164193,true
255,true,0.8262256859216189,-524289.6754621101,531199.9544871227,-0.10031130851712078,0.5120089516276494,8,false,0.023270714496640664,0.023270714496640664,true
255,true,0.5619923805098681,-524231.10701021116,531351.9796515189,0.07422971387859434,1.3130995141109452,8,false,0.02423216268351836,0.02423216268351836,true
255,true,0.89897690880219,-524274.4236820598,531213.7805006711,0.08525147940963507,0.2535896834451705,8,false,0.01735464249858914,0.01735464249858914,true
255,true,0.9354805314910217,-524322.611339159,531320.936205419,-0.04038942977786064,0.23606748192105442,8,false,0.020037400318750592,0.020037400318750592,true
255,true,0.9992575839393042,-524309.3219282745,531347.269369939,-0.12550559337250888,-0.2074766168370843,8,false,0.024338129147602902,0.024338129147602902,true
7,true,0.17951249211517842,-524315.0833150985,531290.0986742747,2.593234729487449,3077.503835843061,2,true,0.03230254066000903,0.03230254066000903,true
255,true,0.9969355441930023,-524160.65203468845,531207.880327596,-0.4678263331297785,-0.4805917905177921,8,false,0.013567820119765529,0.013567820119765529,true
255,true,0.9379278480251381,-524276.58966428053,531200.1462342907,0.09326943370979279,0.15449679153971374,8,false,0.0179498731161409,0.0179498731161409,true
255,true,0.9282208633807773,-524272.8867563457,531251.3274910745,-0.015316385892219841,0.25861881161108613,8,false,0.021840763662715857,0.021840763662715857,true
127,true,0.16487965017103987,-524356.0520944018,531376.3583429814,-0.07308021420612931,12.040218474110588,7,false,0.026193390775433742,0.026193390775433742,true
511,true,0.990753583808117,-524154.5239921193,531252.9410489639,0.022210609749890864,0.0441479702712968,9,false,0.010876499635548839,0.010876499635548839,true
255,true,0.9518722465523376,-524256.2477523866,531253.5592846894,0.011244189226999879,0.16373906866647303,8,false,0.01423526519306469,0.01423526519306469,true
255,true,0.9693390734281888,-524190.09772202896,531238.1149424539,-0.08846339024603367,-0.14618552080355585,8,false,0.01763392718506275,0.01763392718506275,true
255,true,0.8611334816156156,-524238.75383331464,531173.6734896286,0.2533256351016462,0.39097780687734485,8,false,0.02235339302650547,0.02235339302650547,true
255,true,0.6498314277744701,-524209.71230025985,531204.4558824354,-0.3129631173796952,1.351738024270162,8,false,0.02439075833851521,0.02439075833851521,true
255,true,0.4587121591726149,-524202.0105857796,531257.3184758577,0.40348861855454743,2.178518448257819,8,false,0.01990803745110246,0.01990803745110246,true
511,true,0.998016680865893,-524254.45397360227,531061.3333998945,-0.011298959609121084,-0.19651125592645258,9,false,0.012520885536736935,0.012520885536736935,true
255,true,0.9991943446475231,-524306.6677177543,531231.1201722731,-0.23753891978412867,-0.2926417827839032,8,false,0.01648183498608117,0.01648183498608117,true
255,true,0.7486257277325364,-524232.80137216806,531282.5322740977,0.198168846196495,0.7173842936754227,8,false,0.02170277955114635,0.02170277955114635,true
255,true,0.5431872076977187,-524192.0287558404,531161.360985414,-0.09317500842735171,1.790797692607157,8,false,0.02030293220378545,0.02030293220378545,true
255,true,0.9272322381010589,-524321.1423133982,531301.7150332563,0.03734626388177276,0.20962482981849462,8,false,0.014379353447314485,0.014379353447314485,true
255,true,0.8861404006299481,-524255.0943039474,531357.8004644946,0.0010046344250440598,0.35319615283515304,8,false,0.017150121012839012,0.017150121012839012,true
255,true,0.9723789517069543,-524271.9135471356,531243.015909408,0.08780913869850338,-0.23854911944363266,8,false,0.019335355223490083,0.019335355223490083,true
255,true,0.9881834102355731,-524215.37916384474,531220.8372694211,-0.20590841793455184,-0.4968423559330404,8,false,0.02447044767359453,0.02447044767359453,true
5,true,0.0032832600640851145,-524215.37916384474,531137.0498834508,0.0,2641.0588768131565,2,true,0.031600287442490736,0.031600287442490736,true
511,true,0.8668095954321333,-524227.6527067566,531232.8287318225,0.19884566369000822,0.3429655224317685,9,false,0.010882331479733044,0.010882331479733044,true
511,true,0.9608990244929462,-524247.31533048,531204.2065863422,-0.2778610331006348,-0.3141914301086217,9,false,0.011954624049828451,0.011954624049828451,true
255,true,0.9246060158845518,-524135.9868501368,531167.1726780487,-0.007527098059654236,0.2036730656400323,8,false,0.014883638721157713,0.014883638721157713,true
255,true,0.5132628449596426,-524154.256810432,530974.3477978237,0.019943748018704355,1.717701412504539,8,false,0.017638577780732977,0.017638577780732977,true
511,true,0.9846228294133306,-524147.2533019569,531116.5732752329,0.04631547536700964,0.057626744732260704,9,false,0.012091478665066597,0.012091478665066597,true
255,true,0.9997055756571339,-524233.8065956214,531163.550885559,-0.045759390224702656,-0.13329156732652336,8,false,0.015511849458943534,0.015511849458943534,true
255,true,0.9103932250773954,-524248.8180940712,531266.2251262328,0.20351789763662964,0.31161945674102753,8,false,0.020278593666274273,0.020278593666274273,true
255,true,0.929717340523247,-524247.0893993084,531201.7850335145,0.03186919866129756,-0.5179442414082587,8,false,0.023533801325709664,0.023533801325709664,true
127,true,0.6040305618677698,-524238.72003478796,531283.3324808617,0.009598669945262372,1.826051966752857,7,false,0.027997503396474267,0.027997503396474267,true
255,true,0.5948824794554948,-524249.76120824536,531174.9504789541,-0.2641785213490948,1.6885550789302215,8,false,0.02169114668205051,0.02169114668205051,true
255,true,0.975212005635288,-524090.3348146391,531194.8089700763,0.05693707230966538,-0.11390363960526884,8,false,0.016622956177105984,0.016622956177105984,true
255,true,0.5936526991751249,-524055.16712790006,530953.1168407105,0.9803547391202301,1.5113085609627888,8,false,0.020981066384475368,0.020981066384475368,true
255,true,0.9955940228984311,-524118.2779599212,530996.4861801532,-0.7092964181210846,-0.7468022563261911,8,false,0.01607215135141045,0.01607215135141045,true
255,true,0.8605686480908868,-524222.0667878994,531139.0534161731,0.2878682097652927,0.3517943307524547,8,false,0.020812569501635955,0.020812569501635955,true
255,true,0.9672682909548819,-524487.9825084823,531443.1140855876,-0.20222195028327405,-0.34486943983938545,8,false,0.02258556552197573,0.02258556552197573,true
127,true,0.20212944438470715,-524268.4916307353,531398.876545972,-0.21186586190015078,8.898676999728195,7,false,0.028140166186212144,0.028140166186212144,true
255,true,0.9989699344696115,-524349.7066817253,531294.3315667368,-0.009493429912254214,-0.024832326569594443,8,false,0.013003009260676353,0.013003009260676353,true
255,true,0.8639150916894749,-524332.1153523412,531332.7439879486,0.2218006361508742,0.27806245000101626,8,false,0.016882248627324088,0.016882248627324088,true
255,true,0.9954352677746297,-524235.7515851268,531209.3217503208,-0.03564037661999464,-0.26754083135165274,8,false,0.01839468320860225,0.01839468320860225,true
255,true,0.7803676533822047,-524300.1993972574,531350.7076303845,0.7243828435894102,0.7828676424687728,8,false,0.02373092642718375,0.02373092642718375,true
255,true,0.9353587049550323,-524299.8773262682,531306.158721267,-0.8157257919665426,-1.0565723050385714,8,false,0.02320101716758431,0.02320101716758431,true
127,true,0.363361140050962,-524289.7293723483,531271.3762962609,0.6852352053392678,3.536734470166266,7,false,0.0276706097702603,0.0276706097702603,true
255,true,0.9578174248057603,-524230.59192407737,531225.0004084462,-0.03409972041845322,-0.3382771488977596,8,false,0.015865094127152382,0.015865094127152382,true
255,true,0.9563934709763026,-524175.41043171496,531180.9003499618,-0.14520074694883078,-0.45933354331646115,8,false,0.01947266551659032,0.01947266551659032,true
255,true,0.9951227688251042,-524164.8345725578,531176.148597186,-0.0287217334844172,-0.5052379053086042,8,false,0.02383727345089099,0.02383727345089099,true
9,true,0.07338440976377526,-524163.00829411123,531121.710027682,0.41562746453564614,1310.782214927487,3,true,0.030627812750819015,0.030627812750819015,true
511,true,0.9338709931006036,-524352.9719758425,531288.2720709885,-0.06008883914910257,0.23687850357964635,9,false,0.012206618450214658,0.012206618450214658,true
255,true,0.9971148377313391,-524383.4522156455,531421.9785465419,-0.09448351711034775,-0.16363673750311136,8,false,0.014518098082865104,0.014518098082865104,true
255,true,0.9973627523110861,-524221.05975272175,531295.144653935,-0.03776559396646917,-0.14916821441147476,8,false,0.0186910080460176,0.0186910080460176,true
255,true,0.45230741044722367,-524092.0063315097,531023.8074200645,0.14926838758401573,2.233790097059682,8,false,0.024046534756637414,0.024046534756637414,true
255,true,0.9607868839726785,-524344.0707832726,531179.5068791609,0.06784124358091503,0.15150840918067843,8,false,0.015561773207494974,0.015561773207494974,true
255,true,0.9816122666848218,-524329.5478828405,531316.1465805295,0.09660329844336957,-0.27187466993927956,8,false,0.0191091983002089,0.0191091983002089,true
255,true,0.9619634187729817,-524283.8573337682,531330.8619425856,0.03524655580986291,-0.5808737827464938,8,false,0.024066509841525655,0.024066509841525655,true
30,true,0.3599779316629094,-524317.7749839877,531286.1480347064,-0.05561946996022016,1039.711522934609,4,true,0.029546818340435634,0.029546818340435634,true
255,true,0.9966768849453078,-524328.3572663794,531356.4674833498,-0.009090280043892562,-0.30756298336200416,8,false,0.017089544367858655,0.017089544367858655,true
255,true,0.8110901933008527,-524330.1736240949,531361.692445323,0.31393062928691506,0.7627826613606885,8,false,0.021905797293039674,0.021905797293039674,true
255,true,0.6575786250579714,-524368.4047445196,531332.112486591,-0.5730913247680292,1.5803037757286802,8,false,0.0222685483994879,0.0222685483994879,true
255,true,0.9948418607734119,-524343.422579777,531471.5567965247,-0.1269553042948246,-0.17110397829674184,8,false,0.018707228737304373,0.018707228737304373,true
255,true,0.2838261760167751,-524352.4569149498,531481.527838139,2.089751243358478,4.5812910998938605,8,false,0.023886112599372865,0.023886112599372865,true
511,true,0.9813150216461577,-524321.7387561344,531238.1528901961,-0.4984366911230609,-0.6100404197350144,9,false,0.012644575567339137,0.012644575567339137,true
255,true,0.6319486139674472,-524315.0729285488,531402.3431599227,0.2701110161142424,1.2146739335730672,8,false,0.015874565130484335,0.015874565130484335,true
511,true,0.9999739581297971,-524220.02936864726,531241.7603324162,-0.051420070114545524,-0.29799847945105284,9,false,0.012946399900240253,0.012946399900240253,true
255,true,0.9997929242550923,-524125.40668722306,531113.4531235762,-0.08497415855526924,-0.38971544383093715,8,false,0.01661554353724728,0.01661554353724728,true
255,true,0.9660818425613514,-524200.50628403935,531222.0153412627,-0.5048231286928058,-0.5324474329827353,8,false,0.021299660401155388,0.021299660401155388,true
127,true,0.7058739393491471,-524150.9620479118,531152.7823372973,0.3906863370211795,0.7452891899738461,7,false,0.0261748421213779,0.0261748421213779,true
255,true,0.49311384971924205,-524266.6996382939,531205.9652469051,-0.11776425805874169,2.2863758468301967,8,false,0.023380051694860408,0.023380051694860408,true
255,true,0.9484643658555768,-524239.8033053007,531250.7724458085,-0.03438639733940363,0.20009638683404773,8,false,0.016113403341926177,0.016113403341926177,true
255,true,0.8140282548149462,-524235.9878804399,531250.5744819525,0.039209002745337784,0.5050156022189185,8,false,0.01936846430116316,0.01936846430116316,true
255,true,0.8395891867209158,-524283.22433906957,531216.3514020882,0.32536240899935365,0.484421617584303,8,false,0.01975577680165068,0.01975577680165068,true
255,true,0.9977452819997857,-524197.7150487524,531296.484480507,0.016625155229121447,-0.4138953738147393,8,false,0.020784329343730205,0.020784329343730205,true
127,true,0.9478012244037697,-524185.68293849146,531179.2651154903,-0.6799416766734794,-0.8791095078922808,7,false,0.026480649319765903,0.026480649319765903,true
7,true,0.058622460442454886,-524185.68293849146,531301.4776487758,0.0,1596.7193583950866,2,true,0.0317320689405915,0.0317320689405915,true
255,true,0.9167383530606945,-524217.45593107893,531176.1093091212,0.0009705435950309038,0.22087238088715822,8,false,0.012987723253414248,0.012987723253414248,true
255,true,0.9986036178138338,-524231.0678491657,531148.3910338029,-0.054138855542987585,-0.07622828264720738,8,false,0.015000887653172713,0.015000887653172713,true
255,true,0.9854088855037916,-524226.5474414937,531316.9855395621,0.03924597462173551,0.057550802594050765,8,false,0.019109231675830278,0.019109231675830278,true
255,true,0.35243062631051947,-524248.3025859918,531095.1535758963,2.78845506045036,3.3890955983661115,8,false,0.02393905525134286,0.02393905525134286,true
255,true,0.9359877548113065,-524268.4548745005,531229.3549207099,0.2547939195064828,-0.9828402218408883,8,false,0.0140313715844631,0.0140313715844631,true
255,true,0.877231952185858,-524327.3715187662,531372.4160290991,-1.3839340665144846,-1.7303460132097825,8,false,0.01656408866010276,0.01656408866010276,true
255,true,0.9024885302950637,-524290.5166663107,531290.075901633,-0.37256309017539024,-0.40977726865094155,8,false,0.018217865927104088,0.018217865927104088,true
255,true,0.7462265972317635,-524387.0705369995,531450.0126155933,0.2346533890813589,0.6831923716235906,8,false,0.020642218823044543,0.020642218823044543,true
255,true,0.9430533034306172,-524261.7170371597,531429.2314643025,0.17732279654592276,-0.25979532627388835,8,false,0.019411150712212208,0.019411150712212208,true
255,true,0.9870228234686362,-524080.5649751482,531150.8071389138,-0.4023167920531705,-0.6581000528531149,8,false,0.023067276649347563,0.023067276649347563,true
127,true,0.10388119758300114,-524129.25157334446,531134.664357943,-0.19350066117476672,36.32936193479691,7,false,0.02886179576742158,0.02886179576742158,true
511,true,0.8874886493134715,-524157.17869085324,531071.6459707584,0.15002096362877637,0.26755613880231977,9,false,0.012683091745925119,0.012683091745925119,true
255,true,0.9786879316530246,-524085.39805780916,531019.1640893426,0.048666822141967714,-0.2375401535537094,8,false,0.014111530289774507,0.014111530289774507,true
255,true,0.9968236068394416,-524134.7508141126,531001.471352766,0.010433663614094257,-0.42799119616393,8,false,0.017477844500542683,0.017477844500542683,true
255,true,0.9912397833776291,-524249.9441466393,531222.1645473927,-0.6923182312166318,-0.6923182312166318,8,false,0.022098025665726814,0.022098025665726814,true
127,true,0.7692174423833429,-524284.4315601392,531364.7598209638,0.4279403913533315,0.5800688285380602,7,false,0.027734098561611426,0.027734098561611426,true
127,true,0.43440452138687674,-524334.0214264657,531396.7921155896,-0.29652643599547446,2.949580763350241,7,false,0.02680170281176936,0.02680170281176936,true
255,true,0.9132703987193768,-524201.03563774645,531334.3096594078,0.035250437329523265,0.23867061117198318,8,false,0.017498046286973296,0.017498046286973296,true
255,true,0.583253033323588,-524278.6216242025,531216.9702514181,0.044706698739901185,1.3691344369435683,8,false,0.02003107688355937,0.02003107688355937,true
255,true,0.7961229737094855,-524337.4716048177,531264.0210452502,-0.03342458209954202,0.5751353679224849,8,false,0.015590469382359962,0.015590469382359962,true
255,true,0.9021185537088001,-524311.7281380725,531339.7167731232,0.015070569817908108,0.25812557549215853,8,false,0.01556498856678621,0.01556498856678621,true
255,true,0.9833949133471421,-524295.5162680814,531345.1979939187,-0.07772260368801653,-0.10388496052473783,8,false,0.01757959854562921,0.01757959854562921,true
255,true,0.239935601407915,-524246.77796001005,531311.5892054075,0.07541276735719293,5.834268018137664,8,false,0.02181205491088642,0.02181205491088642,true
511,true,0.9693935981794379,-524245.0241480688,531156.0820252913,0.07101437461096793,0.09763169940561056,9,false,0.011417909897628658,0.011417909897628658,true
255,true,0.9988902802058761,-524248.3464180724,531259.4455553599,-0.07048011722508818,-0.157501564710401,8,false,0.013938933777345962,0.013938933777345962,true
255,true,0.5736305647730282,-524321.7846550097,531303.2937210789,0.13117085816338658,1.48500183026772,8,false,0.017594973376496317,0.017594973376496317,true
255,true,0.9975531785979659,-524302.5158335388,531381.3480678519,-0.040368895046412945,-0.14792466640938073,8,false,0.013585524507368558,0.013585524507368558,true
255,true,0.9995973331935303,-524271.25897963403,531196.3857113183,-0.03816771903075278,-0.1818934764014557,8,false,0.01710979519488087,0.01710979519488087,true
255,true,0.6338488007387555,-524248.0753398827,531374.4045080215,0.07332053827121854,1.2584388367831707,8,false,0.021582462304635185,0.021582462304635185,true
255,true,0.941071739719432,-524126.2423741453,531148.4399538646,0.19259616069030017,0.24320168036501855,8,false,0.017874089817964938,0.017874089817964938,true
255,true,0.9504286210877481,-524262.9549642777,531156.2080125781,-0.42304654512554407,-0.5561959112528712,8,false,0.02106564959288908,0.02106564959288908,true
255,true,0.9849839080770083,-524189.33999756014,531283.6473030478,-0.10851464373990893,-0.20421633997466415,8,false,0.025080800047652223,0.025080800047652223,true
9,true,0.00020450014384866376,-524189.33999756014,531209.4634982853,0.0,2641.082583225332,3,true,0.031046121104248602,0.031046121104248602,true
511,true,0.9687242312720721,-524121.9578354626,531039.2561193256,0.0241261018672958,0.08809345331974328,9,false,0.012487132601225867,0.012487132601225867,true
255,true,0.9820015065092276,-524295.3084283904,531283.2617096191,0.04862462903838605,0.08072057121898979,8,false,0.015180056952052365,0.015180056952052365,true
255,true,0.8011495183664393,-524217.95340032066,531274.3983807347,0.4055840076180175,0.5978076283354312,8,false,0.018722540940747854,0.018722540940747854,true
255,true,0.9703701547928087,-524212.32600879227,531139.4920578996,-0.3036938562290743,-0.5220820899121463,8,false,0.018792802016349176,0.018792802016349176,true
255,true,0.6760569109664706,-524130.8076712596,531196.6469568526,0.2399704789277166,1.2418627035804093,8,false,0.02285135074160771,0.02285135074160771,true
255,true,0.9817012621602624,-524176.8266853952,531089.5618649606,0.1302257503848523,-0.49061968526802957,8,false,0.01990270174017263,0.01990270174017263,true
255,true,0.9842595621516989,-524135.45428536803,531214.778447652,-0.09339647286105901,-0.9048893176950514,8,false,0.024495041946195138,0.024495041946195138,true
15,true,0.21205268118972634,-524128.62602740456,531200.2675974871,-1.0617748365039006,1187.868823943776,3,true,0.03021407756856017,0.03021407756856017,true
255,true,0.908421490918969,-524199.581063021,531112.4531691744,0.1037552603520453,0.26898127724416554,8,false,0.01560772737720819,0.01560772737720819,true
255,true,0.9897891381786662,-524239.71862064645,531221.9799086935,-0.04328076634556055,-0.2022141587221995,8,false,0.01767880958334439,0.01767880958334439,true
255,true,0.8907288704232522,-524180.78671504627,531238.5717694291,-0.205917508341372,0.4034427552251145,8,false,0.02193148653273185,0.02193148653273185,true
255,true,0.9463007478369231,-524199.53848750814,531260.3112561826,-0.010541439754888415,0.18041588296182454,8,false,0.024331146713314964,0.024331146713314964,true
127,true,0.3055046590585398,-524345.943471881,531360.2486722101,0.08659768826328218,3.889023141004145,7,false,0.02871612533444048,0.02871612533444048,true
255,true,0.8526469315729555,-524247.21904095483,531360.8766796387,0.2451000134460628,0.3988569596549496,8,false,0.016553230027042704,0.016553230027042704,true
1,true,0.0,-524247.21904095483,531286.8188946015,0.0,150473.47569611424,0,true,0.18216047645559189,0.18216047645559189,true
127,true,0.1209100825354144,-524280.37024936,531201.158409073,-0.2535390113480389,54.05368840834126,7,false,0.02843549725842326,0.02843549725842326,true
1023,true,0.9999373576403388,-524282.49705032754,531374.5834267255,-0.005806180299259722,-0.012248863466084003,10,false,0.0036992604432626356,0.0036992604432626356,true
1023,true,0.9965431056552855,-524281.15119658725,531241.8598445978,-0.0016436079749837518,0.013955595321021974,10,false,0.004977185390189826,0.004977185390189826,true
511,true,0.9933060553307365,-524323.8942649871,531334.4811379439,-0.0064089009538292885,0.028849936090409756,9,false,0.007678401523245354,0.007678401523245354,true
255,true,0.9863195954606928,-524305.0169652365,531453.6939463608,0.02040739799849689,0.05016120721120387,8,false,0.01277435377996983,0.01277435377996983,true
255,true,0.3394667628687236,-524228.9805059813,531297.0974355516,-0.07523080194368958,3.8173929132753983,8,false,0.021865196880806778,0.021865196880806778,true
1023,true,0.9789813051877716,-524160.4970483992,531052.2114759531,0.047691714484244585,0.04916976485401392,10,false,0.005043187895848129,0.005043187895848129,true
511,true,0.9956866742383429,-524198.98230004543,531190.8544362672,0.00932120846118778,-0.1588505710242316,9,false,0.00872645830322978,0.00872645830322978,true
255,true,0.9842996241195515,-524256.62505149684,531306.5223339024,-0.06770302960649133,-0.5824728880543262,8,false,0.01613661310546318,0.01613661310546318,true
127,true,0.07128145017688992,-524180.7001584521,531203.912608729,-1.5019337866688147,170.4442329078447,7,false,0.028958890815189344,0.028958890815189344,true
1023,true,0.9976661319496746,-524285.5223198369,531278.3129784529,-0.0008194841211661696,0.006407789536751807,10,false,0.002933675049468281,0.002933675049468281,true
1023,true,0.9844172677555656,-524394.6159118583,531353.587263129,0.035070358542725444,0.035070358542725444,10,false,0.005550116663876534,0.005550116663876534,true
511,true,0.8598169121426704,-524356.6363200054,531470.9784939843,-0.04953851015307009,0.4111955176340416,9,false,0.010049098847301778,0.010049098847301778,true
511,true,0.9024087343689863,-524299.6738486252,531451.9357320006,0.033693711971864104,0.28732620435766876,9,false,0.012310901450442368,0.012310901450442368,true
255,true,0.9051751837577996,-524124.13713532983,531115.1854633398,-0.05101405316963792,0.40161051612813026,8,false,0.017177337559193477,0.017177337559193477,true
255,true,0.6018934885698625,-524204.8896076535,531099.3237073888,0.17501193145290017,1.6345139673212543,8,false,0.024084737653957685,0.024084737653957685,true
255,true,0.9716144226744555,-524289.8376544664,531270.8873003237,-0.08246053825132549,-0.20271714637055993,8,false,0.013412398546195149,0.013412398546195149,true
255,true,0.7544903110482997,-524163.40850418975,531208.982213885,0.7115254618693143,0.9021382463397458,8,false,0.022925357212552396,0.022925357212552396,true
255,true,0.6144588823408492,-524084.06365768204,531019.7989393632,-0.8343400525627658,1.8619622433325276,8,false,0.020344529569277046,0.020344529569277046,true
511,true,0.9483631819122841,-524248.1890478276,531133.0579316084,0.01283203240018338,0.12149756378494203,9,false,0.011962590848069651,0.011962590848069651,true
255,true,0.8824535026335697,-524208.0966461998,531191.3136420754,-0.04291854554321617,0.3069344738032669,8,false,0.01889544935783914,0.01889544935783914,true
255,true,0.587467757020012,-524238.620907445,531215.1417436216,0.33444557641632855,1.2431584137957543,8,false,0.024460142544553126,0.024460142544553126,true
255,true,0.9896026978740128,-524132.3245485072,531153.0839579784,-0.10082176129799336,-0.10082176129799336,8,false,0.013475893891178935,0.013475893891178935,true
255,true,0.8938546336399736,-524048.26469867735,531228.8629636922,0.10245790658518672,0.24912046361714602,8,false,0.023666124581393562,0.023666124581393562,true
16,true,0.4397915668891679,-524043.0834112085,531061.9014746258,-0.1168548590503633,2099.879064758192,4,true,0.03139018316453683,0.03139018316453683,true
511,true,0.7859835554761552,-524055.45606181084,531166.5061832565,0.14687979861628264,0.5122544121695682,9,false,0.011575454970625459,0.011575454970625459,true
511,true,0.9919012351382938,-524146.6591707945,530977.9007718584,-0.08606168755795807,-0.14043051982298493,9,false,0.011385339841803307,0.011385339841803307,true
255,true,0.9980288950445135,-524335.668388189,531227.2115141231,-0.1128700184635818,-0.16692451608832926,8,false,0.019781672158471215,0.019781672158471215,true
3,true,6.755414535437265e-13,-524335.668388189,531442.8732171891,0.0,4309.555072920746,1,true,0.03463210633129678,0.03463210633129678,true
1023,true,0.9995380904377277,-524294.8250060921,531245.9353091607,-0.00011239945888519287,-0.0038904304383322597,10,false,0.00399451504557031,0.00399451504557031,true
511,true,0.9927927773422086,-524111.75299138896,531230.5406043004,-0.005534721072763205,0.02213583269622177,9,false,0.0070492806794649554,0.0070492806794649554,true
511,true,0.8849024792228481,-524123.9361951539,531113.2160456734,0.23528931941837072,0.27219641278497875,9,false,0.012105364834428131,0.012105364834428131,true
255,true,0.9952572941071638,-524186.3628345519,531123.5298242669,-0.24220041139051318,-0.40597875777166337,8,false,0.01548204950361997,0.01548204950361997,true
127,true,0.9376000023407729,-524171.32830597373,531195.6260992531,-0.26976784924045205,-0.40715125331189483,7,false,0.026361794742183788,0.026361794742183788,true
6,true,0.158748161390662,-524169.847678819,531207.3874741729,0.31226571882143617,18899.14498076623,2,true,0.03829493007886068,0.03829493007886068,true
511,true,0.9856277865013696,-524286.2079953539,531229.610385962,-0.010023746523074806,0.045747219235636294,9,false,0.007366026904649416,0.007366026904649416,true
511,true,0.9940179680753216,-524129.78049629205,531254.688684936,0.006709611508995295,-0.04541375965345651,9,false,0.012153250610887569,0.012153250610887569,true
255,true,0.999125170821276,-524136.84758948005,531042.7683634498,-0.0034498284803703427,-0.15000615152530372,8,false,0.020327991115904078,0.020327991115904078,true
3,true,0.0001373344116471632,-524136.84758948005,531079.5497332439,0.0,1223.8988627766958,1,true,0.03417557363753897,0.03417557363753897,true
1023,true,0.9871460672685346,-524301.4505912953,531212.6289274608,0.025133203133009374,0.03331299778074026,10,false,0.004640176871119441,0.004640176871119441,true
511,true,0.9756720954426201,-524329.6543332031,531404.5158834425,-0.02592610556166619,0.08833704923745245,9,false,0.007594889044307063,0.007594889044307063,true
511,true,0.992621457414166,-524128.73585210287,531298.3956162662,-0.0999154110904783,-0.15487238753121346,9,false,0.011995592394191675,0.011995592394191675,true
255,true,0.9388630872366137,-523980.47231425886,530979.2768016857,0.00595897831954062,0.2511346188839525,8,false,0.019620724996190705,0.019620724996190705,true
127,true,0.44788651774425325,-524184.8152524115,531001.3261648256,0.0679045288125053,2.676392940338701,7,false,0.0279505325245635,0.0279505325245635,true
511,true,0.9800054121914101,-524212.096080086,531179.8004696164,-0.01797099073883146,0.08414462395012379,9,false,0.01206108974172379,0.01206108974172379,true
255,true,0.9952397409014985,-524159.9423018931,531168.2069276813,-0.0847133924253285,-0.12460540153551847,8,false,0.01893699300810855,0.01893699300810855,true
9,true,0.0013178657747249462,-524159.9423018931,531191.405246235,0.0,1862.7143799946643,3,true,0.03064240301515167,0.03064240301515167,true
1023,true,0.9996186531880029,-524165.05995990604,531124.4970214792,-0.0016499613411724567,0.003410664270631969,10,false,0.00465812285165043,0.00465812285165043,true
255,true,0.9315620933352735,-524208.1763999448,531280.0408629823,0.09674576635006815,0.15604693163186312,8,false,0.01396064186457927,0.01396064186457927,false
255,true,0.8841254529747262,-524106.8821786278,531153.4053781546,0.08315814228262752,0.322791840066202,8,false,0.01396064186457927,0.01396064186457927,false
255,true,0.9987281009462358,-524030.7406783944,531089.8623357533,-0.16450048831757158,-0.18504359968937933,8,false,0.01396064186457927,0.01396064186457927,false
255,true,0.9785156418871802,-524131.407443171,531107.0264653764,-0.0051559447310864925,0.07194724900182337,8,false,0.01396064186457927,0.01396064186457927,false
255,true,0.9861564142849982,-524299.0264322257,531210.5421165024,0.030659021227620542,0.041286035208031535,8,false,0.01396064186457927,0.01396064186457927,false
255,true,0.9708694704873068,-524312.0915902505,531320.9187993056,0.060907945269718766,0.09134473360609263,8,false,0.01396064186457927,0.01396064186457927,false
255,true,0.990230215079842,-524281.3140451501,531295.6341486594,-0.07756279979366809,-0.09570504538714886,8,false,0.01396064186457927,0.01396064186457927,false
255,true,0.9911401578498059,-524335.6049274079,531310.9030463275,-0.011096927453763783,0.04037132440134883,8,false,0.01396064186457927,0.01396064186457927,false
255,true,0.9669188887285568,-524262.37805033603,531416.9353041041,0.006900916108861566,0.0826205393532291,8,false,0.01396064186457927,0.01396064186457927,false
255,true,0.971482656296422,-524279.15887936286,531283.2017554238,-0.004633707576431334,0.07761655293870717,8,false,0.01396064186457927,0.01396064186457927,false
255,true,0.9291441835805525,-524211.5375416765,531260.0699700712,-0.0018874736269935966,0.17312498786486685,8,false,0.01396064186457927,0.01396064186457927,false
255,true,0.9954368350612917,-524151.9298591124,531157.2775996625,0.008083654567599297,0.027563504641875625,8,false,0.01396064186457927,0.01396064186457927,false
255,true,0.9326921791248219,-524153.4947238557,531111.9170090306,-0.0025924518704414368,0.1767296278849244,8,false,0.01396064186457927,0.01396064186457927,false
255,true,0.9959667956896259,-524179.53575149016,530972.2881640855,-0.01043717481661588,-0.03786323429085314,8,false,0.01396064186457927,0.01396064186457927,false
255,true,0.8816118240199816,-524241.8145634213,531290.7800726345,0.1426470548612997,0.27648378314916044,8,false,0.01396064186457927,0.01396064186457927,false
255,true,0.9759921667818288,-524184.4411565451,531213.6219753738,0.07828334090299904,-0.16784138383809477,8,false,0.01396064186457927,0.01396064186457927,false
255,true,0.9990723102110197,-524422.809936583,531367.6084914255,-0.14339653740171343,-0.23854384978767484,8,false,0.01396064186457927,0.01396064186457927,false
255,true,0.9970591669543984,-524202.6130961285,531395.5469518113,0.006023702677339315,-0.0927101137349382,8,false,0.01396064186457927,0.01396064186457927,false
255,true,0.9871777469706583,-524242.2682723346,531136.0664773684,-0.08979089232161641,-0.10453358734957874,8,false,0.01396064186457927,0.01396064186457927,false
255,true,0.8943939981484175,-524111.75112867757,531098.8401543156,0.08557020302396268,0.24482010980136693,8,false,0.01396064186457927,0.01396064186457927,false
255,true,0.9957475828994499,-524211.2843793365,531028.0728799647,0.01873175846412778,-0.10214870912022889,8,false,0.01396064186457927,0.01396064186457927,false
255,true,0.9911276167878675,-524307.4204048273,531216.6337687612,-0.11226463364437222,-0.12304348207544535,8,false,0.01396064186457927,0.01396064186457927,false
255,true,0.8329237905161017,-524201.3014716901,531253.4171206022,0.008620961685664952,0.396455179550685,8,false,0.01396064186457927,0.01396064186457927,false
255,true,0.8743977039504575,-524178.7164457113,531170.1652949865,0.12925468722824007,0.29444146784953773,8,false,0.01396064186457927,0.01396064186457927,false
255,true,0.9962231145781257,-524132.0651471225,531114.7970126728,-0.020410299533978105,-0.14499262173194438,8,false,0.01396064186457927,0.01396064186457927,false
255,true,0.9595822165919281,-524325.6071530406,531322.0833575992,0.13664218876510859,0.1376781928120181,8,false,0.01396064186457927,0.01396064186457927,false
255,true,0.905848517762559,-524221.0236288079,531502.9630433227,0.2927391652483493,0.32730053819250315,8,false,0.01396064186457927,0.01396064186457927,false
255,true,0.86395534877413,-524237.7867647399,531234.4890453031,-0.471995847648941,0.5534263007575646,8,false,0.01396064186457927,0.01396064186457927,false
255,true,0.9956309492698471,-524393.7657561018,531406.4249396515,-0.02060293883550912,-0.08189622068312019,8,false,0.01396064186457927,0.01396064186457927,false
255,true,0.8917709726576382,-524430.6557591062,531440.1875143969,-0.045984792057424784,0.29003872838802636,8,false,0.01396064186457927,0.01396064186457927,false
255,true,0.7629300031003945,-524089.983924823,531293.2931412846,0.030021483195014298,0.5917029144475237,8,false,0.01396064186457927,0.01396064186457927,false
255,true,0.7878832074397578,-524102.22516620497,531009.4085825497,0.5119937225244939,0.5647382921306416,8,false,0.01396064186457927,0.01396064186457927,false
255,true,0.9684006326242142,-524103.4006323784,530946.9631531421,-0.2257751013385132,-0.5548371416516602,8,false,0.01396064186457927,0.01396064186457927,false
255,true,0.9989192191932906,-524208.315277402,531106.5368618894,-0.2839547428302467,-0.31293715292122215,8,false,0.01396064186457927,0.01396064186457927,false
255,true,0.995889115656588,-524236.85577556357,531209.5177617688,-0.010355954756960273,-0.050652190926484764,8,false,0.01396064186457927,0.01396064186457927,false
255,true,0.8335317720544664,-524154.8056112943,531185.7966840407,0.31844947731588036,0.41073704685550183,8,false,0.01396064186457927,0.01396064186457927,false
255,true,0.9743872884108772,-524211.8987195892,531137.3814620972,-0.27441898616962135,-0.34232545201666653,8,false,0.01396064186457927,0.01396064186457927,false
255,true,0.9966550900412804,-524345.0869115643,531329.289117515,-0.006770912208594382,-0.06441164680290967,8,false,0.01396064186457927,0.01396064186457927,false
255,true,0.9847956561599182,-524417.8327975422,531490.1562273904,-0.03169639559928328,0.062933582928963,8,false,0.01396064186457927,0.01396064186457927,false
255,true,0.9566563491770774,-524331.2594871329,531455.3815384762,0.05808789620641619,0.11539880733471364,8,false,0.01396064186457927,0.01396064186457927,false
255,true,0.9754104368897544,-524196.9085348089,531295.0149209863,0.05582619889173657,0.09677615913096815,8,false,0.01396064186457927,0.01396064186457927,false
255,true,0.9983373182912542,-524204.23149172857,531221.7930349881,-0.017076013959012926,-0.15432135725859553,8,false,0.01396064186457927,0.01396064186457927,false
255,true,0.9866132808542081,-524250.81265652605,531209.9537090544,-0.08502959832549095,-0.1407160438830033,8,false,0.01396064186457927,0.01396064186457927,false
255,true,0.9706922509689002,-524284.61814863747,531245.9782991325,0.036026742309331894,0.10074346361216158,8,false,0.01396064186457927,0.01396064186457927,false
255,true,0.9976714549260018,-524164.3706482796,531239.1291004407,0.02387462486512959,-0.08795370440930128,8,false,0.01396064186457927,0.01396064186457927,false
255,true,0.9999424285959012,-524257.51042920846,531189.3217070667,-0.05169959249906242,-0.11082345130853355,8,false,0.01396064186457927,0.01396064186457927,false
255,true,0.978670605509046,-524288.7707798266,531254.938850461,-0.0407927418127656,0.08354179537855089,8,false,0.01396064186457927,0.01396064186457927,false
255,true,0.9997198626717884,-524295.5926155552,531392.0578530801,-0.009007566259242594,-0.02628982230089605,8,false,0.01396064186457927,0.01396064186457927,false
255,true,0.9765857725681182,-524177.08174870437,531236.5387235506,0.028048074571415782,0.05169983743689954,8,false,0.01396064186457927,0.01396064186457927,false
255,true,0.9904917970825377,-524156.6397546963,531122.7777991357,0.02838707948103547,0.04866291431244463,8,false,0.01396064186457927,0.01396064186457927,false
255,true,0.7993934393981353,-524128.8865964616,531075.104991244,-0.024095637490972877,0.5306483943713829,8,false,0.01396064186457927,0.01396064186457927,false
255,true,0.976130377079372,-524132.2728776397,530987.7627756123,-0.011699653696268797,0.07968039077240974,8,false,0.01396064186457927,0.01396064186457927,false
255,true,0.9835865256708107,-524295.3322633051,531192.0527199497,0.03070875583216548,0.052782050566747785,8,false,0.01396064186457927,0.01396064186457927,false
255,true,0.9955455954960846,-524276.571698132,531188.6035854163,0.007401457172818482,-0.06801713118329644,8,false,0.01396064186457927,0.01396064186457927,false
255,true,0.9764961006822764,-524245.3356288529,531296.6325103571,0.041468579322099686,0.08899144607130438,8,false,0.01396064186457927,0.01396064186457927,false
255,true,0.8497980760647734,-524321.4945999391,531336.0532321221,0.09776817925740033,0.4101163598243147,8,false,0.01396064186457927,0.01396064186457927,false
255,true,0.9999893904937855,-524205.9999330507,531298.3970904355,-0.1715604643104598,-0.19292529940139502,8,false,0.01396064186457927,0.01396064186457927,false
255,true,0.9828751300654635,-524177.9939531021,531113.3186346934,0.02470633783377707,0.056991910678334534,8,false,0.01396064186457927,0.01396064186457927,false
255,true,0.9851794918191641,-524221.51991456444,531195.0799647341,0.004218567744828761,0.0656761695863679,8,false,0.01396064186457927,0.01396064186457927,false
255,true,0.6499601605638674,-524191.01522749383,531235.369329069,0.31356839172076434,1.0376565700862557,8,false,0.01396064186457927,0.01396064186457927,false
255,true,0.9863748319323784,-524155.3949500403,531110.7118031874,0.061481875367462635,-0.370468812645413,8,false,0.01396064186457927,0.01396064186457927,false
255,true,0.9903934456359633,-524158.0904982884,531153.9356209342,-0.40866070915944874,-0.42547438526526093,8,false,0.01396064186457927,0.01396064186457927,false
255,true,0.9491514660189149,-524243.54059898556,531235.3144038153,-0.030845681787468493,0.13343928661197424,8,false,0.01396064186457927,0.01396064186457927,false
255,true,0.9624535081491556,-524224.87450952176,531207.3113223636,0.014200186589732766,0.08331397909205407,8,false,0.01396064186457927,0.01396064186457927,false
255,true,0.9952967727830404,-524226.48469819117,531220.5014401983,0.006125146057456732,0.027694486430846155,8,false,0.01396064186457927,0.01396064186457927,false
255,true,0.9623792325697829,-524226.7383139924,531215.1466794249,0.04212982836179435,0.08758261322509497,8,false,0.01396064186457927,0.01396064186457927,false
255,true,0.9959230035381949,-524198.2293807291,531136.6582318539,-0.010851982166059315,-0.06271107995416969,8,false,0.01396064186457927,0.01396064186457927,false
255,true,0.9886373693099785,-524206.1339353391,531263.0341337669,0.016051470884121954,-0.058245163527317345,8,false,0.01396064186457927,0.01396064186457927,false
255,true,0.9956850564322709,-524110.77835407044,531210.6066851666,-0.0622438961872831,-0.06801327131688595,8,false,0.01396064186457927,0.01396064186457927,false
255,true,0.9664913086524393,-524218.6605140894,531190.9030668967,0.02447726938407868,0.0840807119384408,8,false,0.01396064186457927,0.01396064186457927,false
255,true,0.8158108924805957,-524149.117459342,531147.2476878191,0.05077374051325023,0.4550023226765916,8,false,0.01396064186457927,0.01396064186457927,false
255,true,0.9783558211806959,-524205.06599721586,531200.9249553119,0.003557407297194004,0.09907501167617738,8,false,0.01396064186457927,0.01396064186457927,false
255,true,0.9911297704466219,-524060.2265920703,531051.4384617051,-0.04147304908838123,-0.0893353782594204,8,false,0.01396064186457927,0.01396064186457927,false
255,true,0.980876903979959,-524203.26933564636,531086.4241434227,0.04405565548222512,0.07185046200174838,8,false,0.01396064186457927,0.01396064186457927,false
255,true,0.7731584352292608,-524125.02838033903,531096.9900989162,0.09636722528375685,0.6320292848395184,8,false,0.01396064186457927,0.01396064186457927,false
255,true,0.8442748306222025,-524110.1957939388,531128.3378700044,0.4299808087525889,0.4685928192920983,8,false,0.01396064186457927,0.01396064186457927,false
255,true,0.9827321262261951,-524024.33692264045,530964.9035540179,-0.20678626943845302,-0.6219537684228271,8,false,0.01396064186457927,0.01396064186457927,false
255,true,0.9421052833055813,-524092.0881795522,530910.6998187577,-0.10313890222460032,-0.4213399352738634,8,false,0.01396064186457927,0.01396064186457927,false
255,true,0.9979655327627893,-524103.2151788967,531021.3837415278,-0.2246081413468346,-0.3092846256913617,8,false,0.01396064186457927,0.01396064186457927,false
255,true,0.9932395711728392,-524286.2281243287,531322.3316736564,0.025363005232065916,-0.07817929389420897,8,false,0.01396064186457927,0.01396064186457927,false
255,true,0.9295921544963899,-524314.7465607543,531356.3635234269,0.025474609225057065,0.20898488245438784,8,false,0.01396064186457927,0.01396064186457927,false
255,true,0.9036543160935276,-524207.02018012427,531301.0039194265,-0.06349268450867385,0.29290965059772134,8,false,0.01396064186457927,0.01396064186457927,false
255,true,0.9974031635980996,-524200.20838579,531082.1667591138,0.022728709038347006,-0.06942466646432877,8,false,0.01396064186457927,0.01396064186457927,false
255,true,0.9992447230917592,-524117.28302921,531254.2449502056,-0.043525269837118685,-0.08767098630778491,8,false,0.01396064186457927,0.01396064186457927,false
255,true,0.9774800264399032,-524078.44720635895,531022.8315472632,0.04385562241077423,0.08094112609978765,8,false,0.01396064186457927,0.01396064186457927,false
255,true,0.9819631715868045,-524126.8551516915,531217.3084361767,-0.04591718700248748,0.09083524125162512,8,false,0.01396064186457927,0.01396064186457927,false
255,true,0.9436182556349167,-524430.4199263109,531347.5577558826,0.059668168192729354,0.15887636109255254,8,false,0.01396064186457927,0.01396064186457927,false
255,true,0.9893013067153437,-524299.6608600825,531496.9558781638,-0.05939366854727268,-0.08992661186493933,8,false,0.01396064186457927,0.01396064186457927,false
255,true,0.9878508974215072,-524269.718013508,531317.8751991285,-0.017063764040358365,0.05552295595407486,8,false,0.01396064186457927,0.01396064186457927,false
255,true,0.9477500603104704,-524074.488078374,531163.9353224442,0.012870816281065345,0.1334473886527121,8,false,0.01396064186457927,0.01396064186457927,false
255,true,0.8853846902148984,-524081.9439576964,531107.0376393571,0.1972321483772248,0.2807324768509716,8,false,0.01396064186457927,0.01396064186457927,false
255,true,0.9999242001339487,-524141.48000360717,530979.8859722966,-0.16637375194113702,-0.23160891071893275,8,false,0.01396064186457927,0.01396064186457927,false
255,true,0.9429373496646921,-524258.0977236557,531157.4989531013,-0.011361516546458006,0.17120215331669897,8,false,0.01396064186457927,0.01396064186457927,false
255,true,0.9278432838434116,-524060.7639925297,531124.317839166,0.06033130793366581,0.1877241329057142,8,false,0.01396064186457927,0.01396064186457927,false
255,true,0.8945855831404537,-524231.86837170954,531147.7846810867,0.23707757552620023,0.3208409419748932,8,false,0.01396064186457927,0.01396064186457927,false
255,true,0.9995205628878252,-524300.0529994759,531231.7909199807,-0.20739557035267353,-0.3472842725459486,8,false,0.01396064186457927,0.01396064186457927,false
255,true,0.9584304579754568,-524258.24393610965,531210.652880834,-0.0803474736167118,0.15951883734669536,8,false,0.01396064186457927,0.01396064186457927,false
255,true,0.9918897382669449,-524095.44622770936,531044.7057329596,-0.023247916367836297,-0.06524994387291372,8,false,0.01396064186457927,0.01396064186457927,false
255,true,0.9856846664717563,-524102.88798089075,531047.3707863169,-0.011819574050605297,0.06645081622991711,8,false,0.01396064186457927,0.01396064186457927,false
255,true,0.9721995628305747,-524295.1937219562,531269.1167884488,0.05830875912215561,0.09675157093442976,8,false,0.01396064186457927,0.01396064186457927,false
255,true,0.9945614044091984,-524213.3278426946,531212.3667992599,-0.05974296189378947,-0.09549574309494346,8,false,0.01396064186457927,0.01396064186457927,false
255,true,0.8654627688823354,-524260.0423274331,531261.3030870792,0.12231278547551483,0.32118356006685644,8,false,0.01396064186457927,0.01396064186457927,false
255,true,0.996825049616929,-524182.0472449585,531251.9058566714,-0.07544152007903904,-0.14005897380411625,8,false,0.01396064186457927,0.01396064186457927,false
255,true,0.991045530361946,-524163.0509404221,531256.9722723076,-0.07124865183141083,-0.08035642455797642,8,false,0.01396064186457927,0.01396064186457927,false
255,true,0.937463005886152,-524301.4772498787,531224.5231111809,0.09037075145170093,0.13991581206209958,8,false,0.01396064186457927,0.01396064186457927,false
255,true,0.7919576603637033,-524239.625570583,531235.5404070077,0.43232399388216436,0.588488508365117,8,false,0.01396064186457927,0.01396064186457927,false
255,true,0.9826441772415482,-524208.29625782813,531221.5876930888,-0.466675050673075,-0.5309080133447424,8,false,0.01396064186457927,0.01396064186457927,false
255,true,0.9946477180936126,-524267.91492399824,531215.1610208306,-0.04768197541125119,-0.06964599783532321,8,false,0.01396064186457927,0.01396064186457927,false
255,true,0.9820121224067017,-524182.0228326375,531192.7527233864,-6.940891034901142e-5,0.051332912407815456,8,false,0.01396064186457927,0.01396064186457927,false
255,true,0.9904463256289967,-524232.7169384359,531303.8914723303,0.012963995453901589,0.0384246715111658,8,false,0.01396064186457927,0.01396064186457927,false
255,true,0.9909531200975998,-524271.92303748487,531350.7087997199,0.018711474258452654,0.03539516660384834,8,false,0.01396064186457927,0.01396064186457927,false
255,true,0.8960950927189637,-524178.10658226744,531189.5907697027,0.135859408066608,0.2627882967935875,8,false,0.01396064186457927,0.01396064186457927,false
255,true,0.8157638083208955,-524231.28351331985,531307.8797767995,0.10534441808704287,0.5676618806319311,8,false,0.01396064186457927,0.01396064186457927,false
255,true,0.9783213088103168,-524264.8050369851,531218.8852322222,0.05010360083542764,-0.2809317655628547,8,false,0.01396064186457927,0.01396064186457927,false
255,true,0.9524023838073287,-524220.44220941444,531232.0416799819,-0.20613232406321913,-0.3340447498485446,8,false,0.01396064186457927,0.01396064186457927,false
255,true,0.9989348981187368,-524116.7063887407,531130.2125234709,-0.09490162297151983,-0.12702230142895132,8,false,0.01396064186457927,0.01396064186457927,false
255,true,0.9837213100424265,-524175.7877464792,531016.2226210836,0.03482849360443652,0.05829484388232231,8,false,0.01396064186457927,0.01396064186457927,false
255,true,0.9634043363974983,-524179.9992938637,531164.8226071203,0.06378005514852703,0.13385020289570093,8,false,0.01396064186457927,0.01396064186457927,false
255,true,0.9633297603730386,-524281.4812870052,531219.3969920631,-0.07601497694849968,0.1590223255334422,8,false,0.01396064186457927,0.01396064186457927,false
255,true,0.9002775788992342,-524297.8487104666,531274.4714362018,0.004257312626577914,0.2678148065460846,8,false,0.01396064186457927,0.01396064186457927,false
255,true,0.6242746578137648,-524247.34507039323,531328.2464998943,0.1965449807466939,1.1346437374595553,8,false,0.01396064186457927,0.01396064186457927,false
255,true,0.8597772004789875,-524138.51160991774,531195.6651939085,-0.18642586888745427,0.4826772570377216,8,false,0.01396064186457927,0.01396064186457927,false
255,true,0.8426950115704351,-524351.4475702697,531274.6583662188,0.05977123882621527,0.41021733975503594,8,false,0.01396064186457927,0.01396064186457927,false
255,true,0.9441304807840198,-524341.2049071137,531498.6938615413,0.1481342762708664,0.19064413546584547,8,false,0.01396064186457927,0.01396064186457927,false
255,true,0.9999276349691285,-524284.8455853367,531366.3311510314,-0.07053463428746909,-0.26455476286355406,8,false,0.01396064186457927,0.01396064186457927,false
255,true,0.9945753529385535,-524231.53209865425,531288.1532343932,-0.13775567954871804,-0.19878045457880944,8,false,0.01396064186457927,0.01396064186457927,false
255,true,0.9992597561688082,-524245.2372460415,531208.3119782464,0.014338542940095067,-0.0732821999117732,8,false,0.01396064186457927,0.01396064186457927,false
255,true,0.9979110962035204,-524261.1215823276,531246.4221263559,-0.0047022439539432526,-0.0883714264491573,8,false,0.01396064186457927,0.01396064186457927,false
255,true,0.775741261327535,-524302.7520922481,531307.5982561216,0.0070060224970802665,0.6176096416311339,8,false,0.01396064186457927,0.01396064186457927,false
255,true,0.9409994937470277,-524251.4998621724,531287.0138583503,0.12620844040066004,0.18446537002455443,8,false,0.01396064186457927,0.01396064186457927,false
255,true,0.9973102949152014,-524187.2788895654,531197.6742707862,-0.18949573033023626,-0.22418348875362426,8,false,0.01396064186457927,0.01396064186457927,false
255,true,0.9868718035804361,-524274.07414519123,531225.010560716,0.008071851800195873,0.04899563337676227,8,false,0.01396064186457927,0.01396064186457927,false
255,true,0.9873538564515117,-524204.2536315436,531238.8758124859,0.01443590596318245,0.05168289039283991,8,false,0.01396064186457927,0.01396064186457927,false
255,true,0.809777667167808,-524230.8147028205,531133.9759253673,0.05336601170711219,0.4849039395339787,8,false,0.01396064186457927,0.01396064186457927,false
255,true,0.9202839238017989,-524319.2537077484,531331.9211091392,-0.07754359277896583,0.2376417105551809,8,false,0.01396064186457927,0.01396064186457927,false
255,true,0.9363415069073657,-524218.42921648955,531298.3187477707,0.10307004419155419,0.16382219677325338,8,false,0.01396064186457927,0.01396064186457927,false
255,true,0.9996470581435228,-524217.32703793753,531156.5462981396,-0.09336659219115973,-0.13364813895896077,8,false,0.01396064186457927,0.01396064186457927,false
255,true,0.9220448054478135,-524200.84946505795,531231.4058077567,0.11287305527366698,0.18707367463503033,8,false,0.01396064186457927,0.01396064186457927,false
255,true,0.996749240783244,-524259.6432733106,531259.2915864302,-0.09623807133175433,-0.13546231656800956,8,false,0.01396064186457927,0.01396064186457927,false
255,true,0.9139932053852851,-524283.67447807157,531274.38558591,0.017414751229807734,0.2214371176669374,8,false,0.01396064186457927,0.01396064186457927,false
255,true,0.9441786182764688,-524238.3910383915,531305.5541531033,0.030385094112716615,0.16385575314052403,8,false,0.01396064186457927,0.01396064186457927,false
255,true,0.9862003991948232,-524296.0333782667,531233.7512007813,-0.01197588408831507,-0.09675786702428013,8,false,0.01396064186457927,0.01396064186457927,false
255,true,0.9532249910523626,-524211.65017680085,531329.9098503811,-0.0526421784888953,0.1441391846165061,8,false,0.01396064186457927,0.01396064186457927,false
255,true,0.9559972023925418,-524262.3814873432,531246.5540245293,0.03384383243974298,0.10474885639268905,8,false,0.01396064186457927,0.01396064186457927,false
255,true,0.9989361335956377,-524311.5750885207,531335.4353229811,0.017128531588241458,-0.05455608805641532,8,false,0.01396064186457927,0.01396064186457927,false
255,true,0.9310171928058282,-524103.6870871805,531173.2809171551,0.10242391610518098,0.20164273492991924,8,false,0.01396064186457927,0.01396064186457927,false
255,true,0.9998213228334097,-524176.57535845955,531163.5787623544,-0.08142561791464686,-0.18188510870095342,8,false,0.01396064186457927,0.01396064186457927,false
255,true,0.993997781552334,-524241.49638930766,531094.584551506,-0.061674628290347755,-0.10431831621099263,8,false,0.01396064186457927,0.01396064186457927,false
255,true,0.7740939393416578,-524339.9168272011,531458.7537610448,0.5405027359956875,0.574723377940245,8,false,0.01396064186457927,0.01396064186457927,false
255,true,0.9983749023135898,-524294.9523432063,531420.7890553192,-0.1494178199209273,-0.5688610177021474,8,false,0.01396064186457927,0.01396064186457927,false
255,true,0.9976482616539739,-524306.6050736398,531366.1035795439,-0.36625864321831614,-0.42255742521956563,8,false,0.01396064186457927,0.01396064186457927,false
255,true,0.974554298618533,-524309.7918206464,531312.8888631322,0.036660849465988576,0.09800855827052146,8,false,0.01396064186457927,0.01396064186457927,false
255,true,0.999418314180855,-524234.3484322552,531384.5940581597,-0.03708207048475742,-0.10939686780329794,8,false,0.01396064186457927,0.01396064186457927,false
255,true,0.9973330274425438,-524199.3423759758,531192.04472774,-0.04095900640822947,-0.07478780893143266,8,false,0.01396064186457927,0.01396064186457927,false
255,true,0.9745856585059793,-524101.7027361361,531155.2194591806,0.0094185114139691,0.07722457719501108,8,false,0.01396064186457927,0.01396064186457927,false
255,true,0.9954128009585846,-524207.6199468072,531111.4026107532,-0.038735070382244885,-0.04450023721437901,8,false,0.01396064186457927,0.01396064186457927,false
255,true,0.9750271658585713,-524214.5577293563,531241.6578947948,0.040965870255604386,0.05261605640407652,8,false,0.01396064186457927,0.01396064186457927,false
255,true,0.9973734550494806,-524197.6357012478,531212.2533705886,-0.01045294338837266,-0.03749075869563967,8,false,0.01396064186457927,0.01396064186457927,false
255,true,0.9834323026375754,-524160.2887683111,531077.5912897185,0.05086539941839874,0.05886696628294885,8,false,0.01396064186457927,0.01396064186457927,false
255,true,0.9074814181575689,-524134.4514879542,531226.2510393775,-0.060656319255940616,0.2590464005479589,8,false,0.01396064186457927,0.01396064186457927,false
255,true,0.8755212908664667,-524139.16743912594,531140.6880100758,0.2385123410494998,0.2753756793681532,8,false,0.01396064186457927,0.01396064186457927,false
255,true,0.989057661912953,-524153.79561911296,531208.6760765623,0.013012475799769163,-0.25159746722783893,8,false,0.01396064186457927,0.01396064186457927,false
255,true,0.9980916334525263,-524204.1026730143,531073.440828715,-0.2267409983323887,-0.25324362074024975,8,false,0.01396064186457927,0.01396064186457927,false
255,true,0.9393844890101083,-524297.2749789308,531253.140841881,-0.017157430527731776,0.1621209552977234,8,false,0.01396064186457927,0.01396064186457927,false
255,true,0.9460296765630202,-524237.65683643153,531251.6094302014,0.072506632655859,0.1374126337468624,8,false,0.01396064186457927,0.01396064186457927,false
255,true,0.9946424164141687,-524145.66555311054,531285.8988480746,0.002132002729922533,-0.08771664823871106,8,false,0.01396064186457927,0.01396064186457927,false
255,true,0.9809200204825598,-524080.9429250741,531021.7896335219,0.04189132002647966,-0.10511933593079448,8,false,0.01396064186457927,0.01396064186457927,false
255,true,0.9641858998368397,-524208.1809267068,531123.7403495593,0.10743167158216238,-0.15906949166674167,8,false,0.01396064186457927,0.01396064186457927,false
255,true,0.8506816761637074,-524194.73177611385,531273.3744286549,-0.1934907753020525,0.4825708653079346,8,false,0.01396064186457927,0.01396064186457927,false
255,true,0.9584468571449563,-524214.85747671867,531162.2471974698,-0.006961306440643966,0.12595931312534958,8,false,0.01396064186457927,0.01396064186457927,false
255,true,0.9523632889155893,-524288.6867040647,531253.7953415869,0.006615132093429565,0.14107371564023197,8,false,0.01396064186457927,0.01396064186457927,false
255,true,0.9879459407756338,-524196.53227679356,531265.4692156874,-0.01811242161784321,0.05783886800054461,8,false,0.01396064186457927,0.01396064186457927,false
255,true,0.9861108499885282,-524328.6158512024,531338.7817233475,0.028080714750103652,0.060803916305303574,8,false,0.01396064186457927,0.01396064186457927,false
255,true,0.9983438848414068,-524371.5994014739,531414.944803983,-0.010490581043995917,-0.06133393244817853,8,false,0.01396064186457927,0.01396064186457927,false
255,true,0.9856850845287541,-524356.0494390617,531427.0227800542,-0.021466319914907217,0.05992307618726045,8,false,0.01396064186457927,0.01396064186457927,false
255,true,0.8138514187513768,-524328.2810915111,531343.8560777645,0.4259060873882845,0.44483993377070874,8,false,0.01396064186457927,0.01396064186457927,false
255,true,0.789058979826954,-524277.6197957795,531341.9806250737,-0.4235953545430675,0.7849562122719362,8,false,0.01396064186457927,0.01396064186457927,false
255,true,0.8790460623424948,-524258.1454019525,531300.9727614976,0.11299394990783185,0.2947691094595939,8,false,0.01396064186457927,0.01396064186457927,false
255,true,0.9587294933610054,-524260.1251870468,531231.1448475943,0.11457578011322767,0.1500663752667606,8,false,0.01396064186457927,0.01396064186457927,false
255,true,0.8562818034410329,-524242.43711335736,531212.4479479989,0.24881677271332592,0.4838246308499947,8,false,0.01396064186457927,0.01396064186457927,false
255,true,0.9881206497409704,-524295.679760963,531302.5767075177,-0.457152743358165,-0.5065553042804822,8,false,0.01396064186457927,0.01396064186457927,false
255,true,0.9998200863449219,-524296.4961630871,531238.981129452,-0.004794505191966891,-0.06327009771484882,8,false,0.01396064186457927,0.01396064186457927,false
255,true,0.9522113791490808,-524337.5199921405,531424.3193512956,0.007589724380522966,0.13575495686382055,8,false,0.01396064186457927,0.01396064186457927,false
255,true,0.9605125376035507,-524391.6246356817,531441.3868358005,0.02850784466136247,0.12690928997471929,8,false,0.01396064186457927,0.01396064186457927,false
255,true,0.9765890886446247,-524346.2614652468,531561.7180059198,0.00035387056414037943,0.09894924308173358,8,false,0.01396064186457927,0.01396064186457927,false
255,true,0.9945482336697169,-524379.2933285069,531471.2581596539,-0.010697038494981825,-0.08187082002405077,8,false,0.01396064186457927,0.01396064186457927,false
255,true,0.9988959607402472,-524101.60708328197,531238.8388784092,-0.014676977996714413,-0.09251022210810333,8,false,0.01396064186457927,0.01396064186457927,false
255,true,0.9726439507608352,-524196.6087998403,531179.4492752871,0.028604214545339346,0.0925729158334434,8,false,0.01396064186457927,0.01396064186457927,false
255,true,0.9954291641398121,-524198.8292844666,531188.0077628094,-0.043644558056257665,-0.10015441733412445,8,false,0.01396064186457927,0.01396064186457927,false
255,true,0.8422323483832161,-524370.8105362477,531336.9977470767,0.23930490319617093,0.3928484780481085,8,false,0.01396064186457927,0.01396064186457927,false
255,true,0.9903396145178969,-524369.4974225429,531464.2825862457,0.03133210353553295,-0.2715613554464653,8,false,0.01396064186457927,0.01396064186457927,false
255,true,0.9998107544111505,-524192.9718438945,531314.546633465,-0.24880283570382744,-0.3046812469838187,8,false,0.01396064186457927,0.01396064186457927,false
255,true,0.9897347958873692,-524164.16097833245,531117.2608466416,0.009872858761809766,-0.053725188598036766,8,false,0.01396064186457927,0.01396064186457927,false
255,true,0.7324071610656855,-524193.4776290081,531095.1344269636,0.19414164952468127,0.74777030502446,8,false,0.01396064186457927,0.01396064186457927,false
255,true,0.9679326431312796,-524273.6496250188,531218.140608236,-0.23871956788934767,-0.2656669112620875,8,false,0.01396064186457927,0.01396064186457927,false
255,true,0.8154099944810524,-524311.9933252692,531357.6317008486,0.30866440245881677,0.4521690118126571,8,false,0.01396064186457927,0.01396064186457927,false
255,true,0.999967556984453,-524139.3133610334,531222.4680366808,-0.1818149610189721,-0.3404424434993416,8,false,0.01396064186457927,0.01396064186457927,false
255,true,0.9674168648059541,-524294.8803448108,531234.9830343657,0.06713894987478852,-0.15901658358052373,8,false,0.01396064186457927,0.01396064186457927,false
255,true,0.9838926601366141,-524170.84246235155,531245.6359142334,-0.1880592256784439,-0.23356682225130498,8,false,0.01396064186457927,0.01396064186457927,false
255,true,0.9541702676097467,-524244.28474510694,531169.7013751287,-0.018715878948569298,0.13113431178499013,8,false,0.01396064186457927,0.01396064186457927,false
255,true,0.9948136900667887,-524257.10812380334,531204.404147119,0.01215888187289238,-0.03328941890504211,8,false,0.01396064186457927,0.01396064186457927,false
255,true,0.9552147382072389,-524285.94981933356,531271.0832444093,0.04055128083564341,0.11478563596028835,8,false,0.01396064186457927,0.01396064186457927,false
255,true,0.8770347698453431,-524176.4673952806,531160.3581535578,0.26947406213730574,0.33768995362333953,8,false,0.01396064186457927,0.01396064186457927,false
255,true,0.7968101325550222,-524203.70785184106,531203.8828431102,-0.30332411534618586,0.699150912812911,8,false,0.01396064186457927,0.01396064186457927,false
255,true,0.8072039324704005,-524247.71604581317,531222.9882577329,0.33668482617940754,0.479820363689214,8,false,0.01396064186457927,0.01396064186457927,false
255,true,0.975026881162377,-524420.792266701,531468.9243512305,-0.31075678672641516,-0.36443950538523495,8,false,0.01396064186457927,0.01396064186457927,false
255,true,0.8852779054609131,-524272.21044025896,531314.2892292987,0.1736836036434397,0.3164604038465768,8,false,0.01396064186457927,0.01396064186457927,false
255,true,0.9991533547444069,-524236.80245311104,531309.756956765,-0.13793795136734843,-0.244446728262119,8,false,0.01396064186457927,0.01396064186457927,false
255,true,0.9307047359494609,-524290.4559591167,531240.0735612658,-0.03385668352711946,0.2185308274347335,8,false,0.01396064186457927,0.01396064186457927,false
255,true,0.9974713127656532,-524125.706866853,531203.2696285686,-0.019712954061105847,-0.06992239807732403,8,false,0.01396064186457927,0.01396064186457927,false
255,true,0.9980597141208674,-524145.27714463574,531238.8897456011,-0.03504024795256555,-0.05575216596480459,8,false,0.01396064186457927,0.01396064186457927,false
255,true,0.9234361264928992,-524132.674903337,531048.8441720774,0.00877251394558698,0.17830767924897373,8,false,0.01396064186457927,0.01396064186457927,false
255,true,0.8836852222020454,-524167.12156147655,531094.7094353396,0.05076441168785095,0.27311796438880265,8,false,0.01396064186457927,0.01396064186457927,false
255,true,0.9946887595919542,-524080.35806916916,531089.4060529727,-0.037012094631791115,-0.07648031483404338,8,false,0.01396064186457927,0.01396064186457927,false
255,true,0.9650860687491342,-524284.9421044641,531168.4790189534,0.047220457810908556,0.10208503203466535,8,false,0.01396064186457927,0.01396064186457927,false
255,true,0.9937666222083045,-524225.1393758799,531443.2150204461,-0.027354866382665932,-0.0678141537355259,8,false,0.01396064186457927,0.01396064186457927,false
255,true,0.9745040045163302,-524248.3212960794,531275.2300461048,0.013470414793118834,0.09941149619407952,8,false,0.01396064186457927,0.01396064186457927,false
255,true,0.9921684166298367,-524251.6368581348,531313.3017520491,-0.05064477992709726,-0.06671303079929203,8,false,0.01396064186457927,0.01396064186457927,false
255,true,0.9639343729491621,-524212.34870082943,531265.626792125,0.005535964039154351,0.09409552160650492,8,false,0.01396064186457927,0.01396064186457927,false
255,true,0.7373905868856212,-524175.6025986527,531207.1243686923,0.21332182607147843,0.6939664994133636,8,false,0.01396064186457927,0.01396064186457927,false
255,true,0.999233274190104,-524160.90096969955,531188.6523246951,-0.008714282652363181,-0.23627016402315348,8,false,0.01396064186457927,0.01396064186457927,false
255,true,0.97700834468495,-524296.6118374051,531206.9556337539,0.022240563645027578,-0.23467516410164535,8,false,0.01396064186457927,0.01396064186457927,false
255,true,0.8775373209553708,-524390.7686952642,531429.1057506092,-0.04406351433135569,0.4132703162031248,8,false,0.01396064186457927,0.01396064186457927,false
255,true,0.9209629397877223,-524284.64778026775,531337.6490169431,-0.17966637469362468,0.2666761066066101,8,false,0.01396064186457927,0.01396064186457927,false
255,true,0.9693028998573654,-524341.4750803321,531288.9246325582,0.09207185124978423,0.09207185124978423,8,false,0.01396064186457927,0.01396064186457927,false
255,true,0.9158237796412044,-524305.1492964054,531470.8771080821,-0.013126729638315737,0.25448271131608635,8,false,0.01396064186457927,0.01396064186457927,false
255,true,0.8937165486840031,-524248.51877235295,531339.8782804136,0.13014904083684087,0.3092402344336733,8,false,0.01396064186457927,0.01396064186457927,false
255,true,0.8430867567990737,-524293.0023144234,531292.6798664299,-0.0414551745634526,0.5024780922103673,8,false,0.01396064186457927,0.01396064186457927,false
255,true,0.9997224865844017,-524056.19822991476,531112.7009791506,-0.027684589149430394,-0.19184040976688266,8,false,0.01396064186457927,0.01396064186457927,false
255,true,0.942159830678241,-524077.5313166465,531095.5635529391,-0.0959852299420163,0.21272185922134668,8,false,0.01396064186457927,0.01396064186457927,false
255,true,0.8773040554241658,-524222.19671685726,531086.6593682821,0.15471336769405752,0.3184214518405497,8,false,0.01396064186457927,0.01396064186457927,false
255,true,0.9425179133889708,-524133.40342149994,531144.6553698641,-0.1459017253946513,0.24583466397598386,8,false,0.01396064186457927,0.01396064186457927,false
255,true,0.975168108873387,-524164.72501008253,531295.0281965346,-0.05625926784705371,0.11000643705483526,8,false,0.01396064186457927,0.01396064186457927,false
255,true,0.8736141103560866,-524228.8262150135,531258.120979307,0.09383912605699152,0.30100586521439254,8,false,0.01396064186457927,0.01396064186457927,false
255,true,0.9744652891956267,-524189.90322699276,531154.7269146364,-0.012339020380750299,0.12462549435440451,8,false,0.01396064186457927,0.01396064186457927,false
255,true,0.9006149066031459,-524192.1097637452,531113.4598992357,-0.06550078629516065,0.29893862118478864,8,false,0.01396064186457927,0.01396064186457927,false
255,true,0.9043520787784926,-524379.704859714,531329.6643184354,0.11814514268189669,0.22867479000706226,8,false,0.01396064186457927,0.01396064186457927,false
255,true,0.903258058580697,-524295.4481305485,531295.9565501888,0.18496648303698748,0.34046961611602455,8,false,0.01396064186457927,0.01396064186457927,false
255,true,0.9646906398109748,-524362.335697762,531421.6335530259,-0.17424684949219227,-0.33564021915663034,8,false,0.01396064186457927,0.01396064186457927,false
255,true,0.9970766295032392,-524178.474448048,531295.8284307882,-0.13252395146992058,-0.1695241000270471,8,false,0.01396064186457927,0.01396064186457927,false
255,true,0.7476564122255004,-524252.87969497935,531181.7478051749,0.22438240249175578,0.664958503562957,8,false,0.01396064186457927,0.01396064186457927,false
255,true,0.9526904829126699,-524186.9281040391,531274.6902877328,-0.13241579884197563,-0.25540988333523273,8,false,0.01396064186457927,0.01396064186457927,false
255,true,0.7196390042068653,-524288.210095197,531150.4797980433,0.19849329930730164,0.8457493867026642,8,false,0.01396064186457927,0.01396064186457927,false
255,true,0.9975850746037384,-524251.75817430933,531314.7512609956,-0.13247159612365067,-0.30725170811638236,8,false,0.01396064186457927,0.01396064186457927,false
255,true,0.9439944045054522,-524122.75659001403,531164.4847405026,-0.1010351381264627,0.20839200064074248,8,false,0.01396064186457927,0.01396064186457927,false
255,true,0.9975109048660711,-524136.6264793904,531124.3814465909,-0.01673687726724893,-0.10450281843077391,8,false,0.01396064186457927,0.01396064186457927,false
255,true,0.9649936900690268,-524274.26336958166,531175.3217965383,0.07248468999750912,0.12226194539107382,8,false,0.01396064186457927,0.01396064186457927,false
255,true,0.8912983303230866,-524232.8231868636,531272.2896186868,-0.1080797741888091,0.331992355408147,8,false,0.01396064186457927,0.01396064186457927,false
255,true,0.9331064724928871,-524157.5323445981,531261.1481759293,0.16756108647678047,0.17060265655163676,8,false,0.01396064186457927,0.01396064186457927,false
255,true,0.8527033907288496,-524390.7960068317,531283.0625845725,0.19876716390717775,0.4667768905637786,8,false,0.01396064186457927,0.01396064186457927,false
255,true,0.9969233156339805,-524228.93773961475,531378.5683389138,0.02773398079443723,-0.402829822152853,8,false,0.01396064186457927,0.01396064186457927,false
255,true,0.9304715083752508,-524213.88809729595,531195.1922479451,-0.3902613802347332,-0.4298626333475113,8,false,0.01396064186457927,0.01396064186457927,false
255,true,0.9293252498967208,-524108.0794267128,531089.3331290947,-0.016555220703594387,0.18843312852550298,8,false,0.01396064186457927,0.01396064186457927,false
255,true,0.9180029006617078,-524140.6057029564,531224.3553141982,0.07447623508051038,0.19467093527782708,8,false,0.01396064186457927,0.01396064186457927,false
255,true,0.8665111552919195,-524297.8996901809,531156.9910262992,-0.006610243348404765,0.3822056860662997,8,false,0.01396064186457927,0.01396064186457927,false
255,true,0.9995035443204465,-524175.1809726988,531230.630698552,-0.034856775775551796,-0.08964520192239434,8,false,0.01396064186457927,0.01396064186457927,false
255,true,0.9941673869377811,-524312.9848607192,531263.5634462956,-0.012840130599215627,-0.05911870673298836,8,false,0.01396064186457927,0.01396064186457927,false
255,true,0.9948339409271243,-524314.8510899399,531249.0118486331,0.012079478125087917,-0.036869435920380056,8,false,0.01396064186457927,0.01396064186457927,false
255,true,0.9857564738607337,-524185.2845738787,531194.1229491645,0.07187654729932547,0.07463008200284094,8,false,0.01396064186457927,0.01396064186457927,false
255,true,0.9998628764410163,-524194.90467311244,531108.7381814031,-0.047583026345819235,-0.13048000261187553,8,false,0.01396064186457927,0.01396064186457927,false
255,true,0.9864024960735639,-524319.5105614448,531238.9373975386,0.01894439314492047,0.08036814571823925,8,false,0.01396064186457927,0.01396064186457927,false
255,true,0.9760556386007633,-524365.0097130325,531375.6949140279,-0.035083822440356016,0.12350124621298164,8,false,0.01396064186457927,0.01396064186457927,false
255,true,0.9869106738312567,-524123.2554789167,531246.5868232645,-0.040772849693894386,-0.05783707869704813,8,false,0.01396064186457927,0.01396064186457927,false
255,true,0.9825227451959793,-524165.07721921284,531147.129549267,0.03135159763041884,0.05445137538481504,8,false,0.01396064186457927,0.01396064186457927,false
255,true,0.8589809285238305,-524132.7129828048,531010.9052564842,0.09270473767537624,0.3589662073645741,8,false,0.01396064186457927,0.01396064186457927,false
255,true,0.958430012212149,-524216.6782928814,531202.0021473507,-0.055276261758990586,0.16079788783099502,8,false,0.01396064186457927,0.01396064186457927,false
255,true,0.9807917222882702,-524322.6348390889,531276.7047304087,-0.01258513645734638,-0.09586931671947241,8,false,0.01396064186457927,0.01396064186457927,false
255,true,0.9526481730062563,-524255.88032486057,531357.8510994468,0.028640091186389327,0.15716183744370937,8,false,0.01396064186457927,0.01396064186457927,false
255,true,0.9661541119452792,-524236.8735691672,531272.5503765258,-0.010486746905371547,0.13365400151815265,8,false,0.01396064186457927,0.01396064186457927,false
255,true,0.9309583566932729,-524451.6718962329,531388.5375611193,0.17606874566990882,0.21171166095882654,8,false,0.01396064186457927,0.01396064186457927,false
255,true,0.9890507518282148,-524384.0343484225,531473.1375417028,-0.21676792553626,-0.27104613929986954,8,false,0.01396064186457927,0.01396064186457927,false
255,true,0.998034018451768,-524090.0148876955,531245.696986488,0.005410753539763391,-0.06403834361117333,8,false,0.01396064186457927,0.01396064186457927,false
255,true,0.9555820765378991,-524195.0082088125,531210.8818477758,0.033967643161304295,0.14136378397233784,8,false,0.01396064186457927,0.01396064186457927,false
255,true,0.6887083944514837,-524203.52553587593,531113.5944947232,0.812457192922011,0.9264129027724266,8,false,0.01396064186457927,0.01396064186457927,false
255,true,0.9272917259172682,-524274.57845424395,531321.0999929331,-0.6454436308704317,-0.9009093423373997,8,false,0.01396064186457927,0.01396064186457927,false
255,true,0.9688858048981606,-524038.1065025778,531046.5872524928,0.06088549247942865,-0.24550620221998543,8,false,0.01396064186457927,0.01396064186457927,false
255,true,0.9954986159598929,-524108.6621035647,531039.4894560811,-0.2729521138826385,-0.31692024669609964,8,false,0.01396064186457927,0.01396064186457927,false
255,true,0.969138167945347,-524137.9679681658,531144.5104329508,0.09104815020691603,0.10231117671355605,8,false,0.01396064186457927,0.01396064186457927,false
255,true,0.9980552695363364,-524228.6559018754,531268.1837287078,-0.0611644231248647,-0.13814616296440363,8,false,0.01396064186457927,0.01396064186457927,false
255,true,0.9814325922830801,-524264.22479047265,531244.7443459935,-0.019403934595175087,0.0814206515206024,8,false,0.01396064186457927,0.01396064186457927,false
255,true,0.99074827596579,-524328.8983133929,531385.2466690873,0.005752194905653596,0.06682197831105441,8,false,0.01396064186457927,0.01396064186457927,false
255,true,0.9992037206319049,-524256.6251884783,531336.2337311555,-0.02886690734885633,-0.0750175821594894,8,false,0.01396064186457927,0.01396064186457927,false
255,true,0.987825465139501,-524397.8841702377,531379.7574580607,0.004699802957475185,0.055783873656764627,8,false,0.01396064186457927,0.01396064186457927,false
255,true,0.9998664721828936,-524345.3481510233,531248.0045326751,-0.005473392899148166,-0.05009415652602911,8,false,0.01396064186457927,0.01396064186457927,false
255,true,0.8201916946412642,-524378.1483085364,531402.7382023813,0.39462916902266443,0.44791424192953855,8,false,0.01396064186457927,0.01396064186457927,false
255,true,0.999948487162754,-524275.43059503625,531403.5387260081,-0.2341998980846256,-0.425493907998316,8,false,0.01396064186457927,0.01396064186457927,false
255,true,0.8572792298569656,-524141.6168427334,531215.9234225302,-0.10087239381391555,0.44650006981100887,8,false,0.01396064186457927,0.01396064186457927,false
255,true,0.9573917360614684,-524232.9464435616,531278.596955646,0.13303873653057963,0.14068410370964557,8,false,0.01396064186457927,0.01396064186457927,false
255,true,0.8539875252391042,-524237.6744414916,531221.3095678013,0.3048727314453572,0.4779177522286773,8,false,0.01396064186457927,0.01396064186457927,false
255,true,0.9892616413414457,-524279.06211572024,531288.5126388995,-0.43789617740549147,-0.5336963149020448,8,false,0.01396064186457927,0.01396064186457927,false
255,true,0.991396658161201,-524165.3372013906,531291.4056384652,-0.09247536037582904,-0.11343564419075847,8,false,0.01396064186457927,0.01396064186457927,false
255,true,0.9608427170915773,-524287.2008389071,531239.8211689459,-0.012544528697617352,0.09805456036701798,8,false,0.01396064186457927,0.01396064186457927,false
255,true,0.7814834693208262,-524174.1283329707,531186.2574296973,0.04990112828090787,0.5300099849700928,8,false,0.01396064186457927,0.01396064186457927,false
255,true,0.862774380603939,-524190.60596686305,531120.7890337553,0.09101643157191575,0.34931153303477913,8,false,0.01396064186457927,0.01396064186457927,false
255,true,0.9702608737143886,-524231.62483919115,531150.7606829571,-0.1096302674850449,-0.14225321169942617,8,false,0.01396064186457927,0.01396064186457927,false
255,true,0.9898121085006774,-524201.5890266851,531165.2923268871,0.029103319509886205,0.04825800273101777,8,false,0.01396064186457927,0.01396064186457927,false
255,true,0.9879006624164149,-524058.06442022586,531079.4395242579,-0.007402623305097222,0.0621390548767522,8,false,0.01396064186457927,0.01396064186457927,false
255,true,0.9856917538124409,-524048.5037061887,531111.9831266345,0.028923119534738362,0.06213727651629597,8,false,0.01396064186457927,0.01396064186457927,false
255,true,0.922347772517829,-524176.4842669706,531132.7039609277,0.00015757756773382425,0.2192086857976392,8,false,0.01396064186457927,0.01396064186457927,false
255,true,0.9722186536899039,-524182.33216868667,531168.416763016,0.012174870469607413,0.10232483362779021,8,false,0.01396064186457927,0.01396064186457927,false
255,true,0.999634981364511,-524203.1824429871,531200.987088431,-0.029941684217192233,-0.08306729549076408,8,false,0.01396064186457927,0.01396064186457927,false
255,true,0.99664683626636,-524116.8618881521,531121.6223470009,-0.052378536900505424,-0.061416793148964643,8,false,0.01396064186457927,0.01396064186457927,false
255,true,0.9539450510858345,-524140.6643532473,531224.9071075786,0.023544875788502395,0.1045689737657085,8,false,0.01396064186457927,0.01396064186457927,false
255,true,0.9812749885424465,-524119.5020075089,531116.7238221848,-0.021463920711539686,0.06517328787595034,8,false,0.01396064186457927,0.01396064186457927,false
255,true,0.9545634278485796,-524109.7329840588,531014.391392911,0.03218270279467106,0.10393542924430221,8,false,0.01396064186457927,0.01396064186457927,false
255,true,0.9544420003319003,-524125.59077236993,530998.9811781282,-0.019588992465287447,0.12737041153013706,8,false,0.01396064186457927,0.01396064186457927,false
255,true,0.9148831728438399,-524117.36213515024,531035.7823176457,0.028779355459846556,0.20332832669373602,8,false,0.01396064186457927,0.01396064186457927,false
255,true,0.8904685767523915,-524237.81264009635,531164.9584537435,0.08833029249217361,0.2888728156685829,8,false,0.01396064186457927,0.01396064186457927,false
255,true,0.9364400138710128,-524275.29725901876,531270.9119950099,0.13917553622741252,0.2175871948711574,8,false,0.01396064186457927,0.01396064186457927,false
255,true,0.9639771333513723,-524147.3986966467,531246.7210356554,0.13661915983539075,-0.27601766225416213,8,false,0.01396064186457927,0.01396064186457927,false
255,true,0.9997238026720184,-524194.0887878962,531030.0227152762,-0.35395999590400606,-0.4089674955466762,8,false,0.01396064186457927,0.01396064186457927,false
255,true,0.8434526455250259,-524164.48550470715,531133.8353875802,0.032032496645115316,0.41679210879374295,8,false,0.01396064186457927,0.01396064186457927,false
255,true,0.8963827335606768,-524249.446083939,531197.8024636038,0.15258944255765527,0.28984048997517675,8,false,0.01396064186457927,0.01396064186457927,false
255,true,0.9223727325427088,-524184.1142229423,531197.6684177783,-0.19013523706234992,0.300315918517299,8,false,0.01396064186457927,0.01396064186457927,false
255,true,0.87573262712319,-524150.44158398005,531079.5825221994,0.004179714131169021,0.33073240949306637,8,false,0.01396064186457927,0.01396064186457927,false
255,true,0.9973297069469446,-524237.19998437015,531211.5064762026,-0.03343267401214689,-0.07033921917900443,8,false,0.01396064186457927,0.01396064186457927,false
255,true,0.9876093504762263,-524126.10428852175,531135.0534274591,0.03968616120982915,0.054171439609490335,8,false,0.01396064186457927,0.01396064186457927,false
255,true,0.9714291593669512,-524144.21318618505,531107.9463825593,-0.024513584095984697,0.1122257619863376,8,false,0.01396064186457927,0.01396064186457927,false
255,true,0.9489476316140021,-524134.37232418294,530999.975364213,-0.01569793897215277,0.14195746753830463,8,false,0.01396064186457927,0.01396064186457927,false
255,true,0.9522490871471173,-524146.44061757816,531170.0182904496,0.04251021344680339,0.12675345537718385,8,false,0.01396064186457927,0.01396064186457927,false
255,true,0.9795446575713743,-524289.2997829465,531231.3661576763,0.00484694296028465,0.08045174088329077,8,false,0.01396064186457927,0.01396064186457927,false
255,true,0.9988610333726918,-524298.3267737896,531358.9410393434,-0.02664857206400484,-0.06731525470968336,8,false,0.01396064186457927,0.01396064186457927,false
255,true,0.8252685049029779,-524287.77080515976,531370.3579618282,0.2897857796633616,0.4585199258290231,8,false,0.01396064186457927,0.01396064186457927,false
255,true,0.999475980794709,-524321.4626532489,531418.2032696264,-0.25187521998304874,-0.33131907088682055,8,false,0.01396064186457927,0.01396064186457927,false
255,true,0.9452881211147063,-524104.7732669079,531109.0984430974,0.08295030461158603,0.17297797068022192,8,false,0.01396064186457927,0.01396064186457927,false
255,true,0.6931080672835331,-524235.12143738696,531124.2822303837,0.5635525907855481,0.9689993986394256,8,false,0.01396064186457927,0.01396064186457927,false
255,true,0.990196906953048,-524306.2971566548,531264.4808559068,-0.46743184933438897,-0.717536318465136,8,false,0.01396064186457927,0.01396064186457927,false
255,true,0.8837016074583239,-524168.3158940761,531187.6341916005,0.3370928231161088,0.3849898958578706,8,false,0.01396064186457927,0.01396064186457927,false
255,true,0.9796809961886861,-524156.83547921013,531182.4116993187,-0.5778406226309016,-0.589434151770547,8,false,0.01396064186457927,0.01396064186457927,false
255,true,0.9533285074385849,-524238.3662064542,531156.6175967822,0.09167418663855642,0.11451887199655175,8,false,0.01396064186457927,0.01396064186457927,false
255,true,0.9948992237184429,-524216.59899392864,531260.9822938849,-0.05057134141679853,-0.09722365601919591,8,false,0.01396064186457927,0.01396064186457927,false
255,true,0.9682017470093758,-524142.2668936589,531138.1887246595,0.007753853336907923,0.11802270379848778,8,false,0.01396064186457927,0.01396064186457927,false
255,true,0.8428388715526737,-524193.24353920965,531198.1065499961,0.34456354088615626,0.41040582745335996,8,false,0.01396064186457927,0.01396064186457927,false
255,true,0.9996958545401279,-524172.97207629203,531107.9773495708,-0.01039120415225625,-0.41726186440791935,8,false,0.01396064186457927,0.01396064186457927,false
255,true,0.9976053897321064,-524203.1245354555,531150.4772670722,-0.2462380772922188,-0.4059560305904597,8,false,0.01396064186457927,0.01396064186457927,false
255,true,0.9630594065948677,-524273.9537801007,531300.3266778243,-0.04984925768803805,0.17480886972043663,8,false,0.01396064186457927,0.01396064186457927,false
255,true,0.9133558122854598,-524222.0583319025,531242.8657804152,0.007903715362772346,0.2758015167200938,8,false,0.01396064186457927,0.01396064186457927,false
255,true,0.9797330479897427,-524243.8849710768,531330.3788290481,-0.08039118943270296,-0.10980124538764358,8,false,0.01396064186457927,0.01396064186457927,false
255,true,0.9978898160439066,-524176.4731058189,531226.1932770469,0.0002491135383024812,-0.050542853539809585,8,false,0.01396064186457927,0.01396064186457927,false
255,true,0.9353857951180425,-524275.96523435187,531281.4412890226,0.004731931141577661,0.17239732656162232,8,false,0.01396064186457927,0.01396064186457927,false
255,true,0.9631833090662659,-524228.24998123065,531234.6645092057,0.0447652762522921,0.10358249605633318,8,false,0.01396064186457927,0.01396064186457927,false
255,true,0.9261113759096344,-524300.4827336387,531319.973996627,-0.030616210075095296,0.22519837552681565,8,false,0.01396064186457927,0.01396064186457927,false
255,true,0.9981901189785032,-524274.78689086303,531359.3735621644,-0.0033044841839000583,-0.05566984845791012,8,false,0.01396064186457927,0.01396064186457927,false
255,true,0.9259992815554383,-524389.2828888473,531277.2287927445,-0.03497846331447363,0.2074892510427162,8,false,0.01396064186457927,0.01396064186457927,false
255,true,0.9980303977296054,-524221.5828003451,531392.1342673624,-0.018053543055430055,-0.023848177981562912,8,false,0.01396064186457927,0.01396064186457927,false
255,true,0.9852171859988405,-524254.1637604577,531271.552138274,0.024358802940696478,0.0383672674652189,8,false,0.01396064186457927,0.01396064186457927,false
255,true,0.9956546597611129,-524378.0478902417,531385.5771429841,-0.003921367577277124,0.027995381271466613,8,false,0.01396064186457927,0.01396064186457927,false
255,true,0.944700258049088,-524200.62364020105,531288.9722036092,0.06471502734348178,0.13957920263055712,8,false,0.01396064186457927,0.01396064186457927,false
255,true,0.8580663181966199,-524248.3292736766,531216.1372059031,-0.03063155396375805,0.38876682007685304,8,false,0.01396064186457927,0.01396064186457927,false
255,true,0.911213866731175,-524228.58447772055,531431.9454530161,0.012809461448341608,0.23582006141077727,8,false,0.01396064186457927,0.01396064186457927,false
255,true,0.9968758147318978,-524224.6010207814,531327.4959600436,-0.021736171445809305,-0.05804734164848924,8,false,0.01396064186457927,0.01396064186457927,false
255,true,0.9798056346628021,-524417.108168506,531382.6871415974,-0.028574216295965016,0.06886576709803194,8,false,0.01396064186457927,0.01396064186457927,false
255,true,0.9858889483486613,-524311.5104161476,531501.060186783,0.007440366433002055,0.0426217105705291,8,false,0.01396064186457927,0.01396064186457927,false
255,true,0.999461708402292,-524321.4077596932,531424.6680053466,-0.004734954214654863,-0.027118050609715283,8,false,0.01396064186457927,0.01396064186457927,false
255,true,0.9263847172831214,-524243.8034513942,531282.049727813,0.06323847325984389,0.17569306236691773,8,false,0.01396064186457927,0.01396064186457927,false
255,true,0.9966684169934397,-524150.9694379521,531142.8254594709,-0.007526744622737169,-0.08367439708672464,8,false,0.01396064186457927,0.01396064186457927,false
255,true,0.9057266633076523,-524093.4029628321,531053.4120646766,0.1319370591081679,0.2613303296966478,8,false,0.01396064186457927,0.01396064186457927,false
255,true,0.913096022130444,-524154.1969510253,531033.2387095987,0.21683076408226043,0.29374580865260214,8,false,0.01396064186457927,0.01396064186457927,false
255,true,0.9998091672749925,-524253.0866331188,531163.1091065388,-0.15396359120495617,-0.4250015444122255,8,false,0.01396064186457927,0.01396064186457927,false
255,true,0.9998067957922712,-524223.88659160933,531354.8126774068,-0.22512963856570423,-0.26612187433056533,8,false,0.01396064186457927,0.01396064186457927,false
255,true,0.9925783033416884,-524239.4472922033,531251.5079867527,-0.009550269576720893,-0.04444006329867989,8,false,0.01396064186457927,0.01396064186457927,false
255,true,0.892853335219494,-524223.0374969455,531313.2309708027,0.0883105262182653,0.25348444806877524,8,false,0.01396064186457927,0.01396064186457927,false
255,true,0.9743594164253222,-524206.67077115644,531110.9994504367,0.060769725125283,-0.11697057692799717,8,false,0.01396064186457927,0.01396064186457927,false
255,true,0.9754550708955577,-524186.64642248035,531096.3836035824,-0.02635837043635547,-0.17146068450529128,8,false,0.01396064186457927,0.01396064186457927,false
255,true,0.9976335754639589,-524106.11434949585,531226.4065325308,-0.09207373601384461,-0.1547337262891233,8,false,0.01396064186457927,0.01396064186457927,false
255,true,0.9294876073960531,-524140.8593488696,531186.9940260393,-0.021991483168676496,0.20099347678478807,8,false,0.01396064186457927,0.01396064186457927,false
255,true,0.7721910648313987,-524171.4264429199,531168.1698823797,0.5128470243653283,0.5920750573277473,8,false,0.01396064186457927,0.01396064186457927,false
255,true,0.9997237221529577,-524174.7429057838,531118.1623011152,-0.4456175414379686,-0.5608264756156132,8,false,0.01396064186457927,0.01396064186457927,false
255,true,0.9941601456024879,-524219.10252420197,531078.1980853723,-0.03143031941726804,-0.11510737310163677,8,false,0.01396064186457927,0.01396064186457927,false
255,true,0.7676655512895726,-524115.9662664853,531233.0271993837,0.5344126133713871,0.612662686733529,8,false,0.01396064186457927,0.01396064186457927,false
255,true,0.9968702165040224,-524138.81961818004,531075.1174057416,-0.5120006136130542,-0.6073601274983957,8,false,0.01396064186457927,0.01396064186457927,false
255,true,0.9946974612821543,-524165.9966714458,531035.6152162702,0.0020403078524395823,-0.10871367785148323,8,false,0.01396064186457927,0.01396064186457927,false
255,true,0.747762407510509,-524172.75276868674,531217.2977579082,0.6371284639462829,0.7260617294814438,8,false,0.01396064186457927,0.01396064186457927,false
255,true,0.9971770292482178,-524272.6447351805,531223.3908629321,-0.6925760116428137,-0.7388320082100108,8,false,0.01396064186457927,0.01396064186457927,false
255,true,0.9962399840783646,-524276.42296603695,531226.0505378974,0.0067330950405448675,-0.046459696372039616,8,false,0.01396064186457927,0.01396064186457927,false
255,true,0.9094686847979859,-524231.22084465274,531212.1150175564,-0.0210932157933712,0.23821239522658288,8,false,0.01396064186457927,0.01396064186457927,false
255,true,0.9802924102457095,-524227.34910989366,531137.3550919892,-0.021440611220896244,0.07133770454674959,8,false,0.01396064186457927,0.01396064186457927,false
255,true,0.8565943278666648,-524198.36631839775,531187.8532849981,0.020919776055961847,0.3376929350197315,8,false,0.01396064186457927,0.01396064186457927,false
255,true,0.7312659766534111,-524248.9880435992,531157.4800147252,0.016112458426505327,0.7074246390257031,8,false,0.01396064186457927,0.01396064186457927,false
255,true,0.9071953808919273,-524412.722421672,531349.1469499216,0.16410186712164432,0.2503197385231033,8,false,0.01396064186457927,0.01396064186457927,false
255,true,0.9991605366202926,-524256.45589625865,531350.7376465322,-0.056107573909685016,-0.21045332425273955,8,false,0.01396064186457927,0.01396064186457927,false
255,true,0.8463316884857914,-524205.277769863,531340.5474412459,-0.1112829182529822,0.46472855284810066,8,false,0.01396064186457927,0.01396064186457927,false
255,true,0.8926138222493972,-524270.948213993,531225.3431672312,0.23143743420951068,0.26584883278701454,8,false,0.01396064186457927,0.01396064186457927,false
255,true,0.8407768248162149,-524254.80508591526,531344.9100143118,-0.27972451224923134,0.5299895940115675,8,false,0.01396064186457927,0.01396064186457927,false
255,true,0.7392878912492292,-524286.80141565047,531275.7980763419,0.4040644499473274,0.6415031121578068,8,false,0.01396064186457927,0.01396064186457927,false
255,true,0.9990814147740766,-524343.691235679,531402.2489815346,-0.25842774810735136,-0.39407390519045293,8,false,0.01396064186457927,0.01396064186457927,false
255,true,0.9395478661148592,-524227.0894992954,531364.331187841,0.12107066728640348,0.20217183488421142,8,false,0.01396064186457927,0.01396064186457927,false
255,true,0.9939462572503115,-524220.7391533261,531240.7867932731,-0.21637809835374355,-0.25455700035672635,8,false,0.01396064186457927,0.01396064186457927,false
255,true,0.9428444810799437,-524169.0390399897,531231.2003939865,0.057182493270374835,0.1647458733059466,8,false,0.01396064186457927,0.01396064186457927,false
255,true,0.9995140914274162,-524245.19966678636,531205.4364288507,-0.07752865145448595,-0.10987236758228391,8,false,0.01396064186457927,0.01396064186457927,false
255,true,0.9894987542597816,-524217.48295113636,531249.4627834018,0.019475184148177505,0.050572414067573845,8,false,0.01396064186457927,0.01396064186457927,false
255,true,0.8089464493303435,-524234.14897670486,531288.9640548946,-0.016502014477737248,0.48519162693992257,8,false,0.01396064186457927,0.01396064186457927,false
255,true,0.8769612214947246,-524112.22958343226,531130.588162378,0.04321301227901131,0.2950245526153594,8,false,0.01396064186457927,0.01396064186457927,false
255,true,0.9884930714408092,-524206.28158785886,531186.778899649,-0.0006598341278731823,-0.0741306534036994,8,false,0.01396064186457927,0.01396064186457927,false
255,true,0.9984671597801869,-524282.87912538357,531272.6951425261,-0.04482552083209157,-0.07634839345701039,8,false,0.01396064186457927,0.01396064186457927,false
255,true,0.8079343556968958,-524237.1640253898,531282.1162252481,0.2785372834187001,0.47757774451747537,8,false,0.01396064186457927,0.01396064186457927,false
255,true,0.9062151877036201,-524321.2747336046,531262.1036311754,-0.2505571934161708,0.3489405346335843,8,false,0.01396064186457927,0.01396064186457927,false
255,true,0.7732108725093944,-524374.2747774422,531282.8258941125,0.38721310812979937,0.6015163217671216,8,false,0.01396064186457927,0.01396064186457927,false
255,true,0.9798081148744577,-524399.6654999319,531360.6953766133,-0.01049023075029254,-0.44073021528311074,8,false,0.01396064186457927,0.01396064186457927,false
255,true,0.9896083588649424,-524396.6134056668,531349.1692077353,-0.3593325848923996,-0.41846935625653714,8,false,0.01396064186457927,0.01396064186457927,false
255,true,0.9695874137572175,-524152.07992886944,531311.748839782,0.0073885164456442,0.1087801301619038,8,false,0.01396064186457927,0.01396064186457927,false
255,true,0.9973608926531772,-524141.8506764372,531151.2190149088,0.019958428922109306,-0.08667600527405739,8,false,0.01396064186457927,0.01396064186457927,false
255,true,0.9481207306034433,-524266.30321720225,531203.3706678901,0.10945003305096179,0.18417674372904003,8,false,0.01396064186457927,0.01396064186457927,false
255,true,0.9772968795712967,-524415.6336382023,531463.9825327387,0.11604403227102011,-0.21726461627986282,8,false,0.01396064186457927,0.01396064186457927,false
255,true,0.9990987634487564,-524362.4504574018,531497.3909933082,-0.25180725182872266,-0.3224582796683535,8,false,0.01396064186457927,0.01396064186457927,false
255,true,0.9942900499598636,-524214.0046439621,531345.2521261927,0.018142658518627286,-0.06412565952632576,8,false,0.01396064186457927,0.01396064186457927,false
255,true,0.9983865386524609,-524255.0422701485,531208.1594573925,-0.024434156017377973,-0.09093840792775154,8,false,0.01396064186457927,0.01396064186457927,false
255,true,0.9080051147123503,-524285.04339641245,531275.8717211337,0.10507639159914106,0.25320100667886436,8,false,0.01396064186457927,0.01396064186457927,false
255,true,0.9247403814628202,-524238.7577854884,531285.9309950883,-0.021222433308139443,0.24332359014078975,8,false,0.01396064186457927,0.01396064186457927,false
255,true,0.9409930254066465,-524257.1905394297,531443.9882513277,-0.13428048766218126,0.2026108355494216,8,false,0.01396064186457927,0.01396064186457927,false
255,true,0.9705565272487606,-524272.0022581501,531298.1710342387,0.018442145083099604,0.08030651335138828,8,false,0.01396064186457927,0.01396064186457927,false
255,true,0.8975424071046116,-524296.8596949665,531249.5675417485,0.04252362216357142,0.2476007342338562,8,false,0.01396064186457927,0.01396064186457927,false
255,true,0.9994363458703073,-524314.9785413167,531334.5480076197,-0.03653145092539489,-0.06601202569436282,8,false,0.01396064186457927,0.01396064186457927,false
255,true,0.9831826405786904,-524183.6426840507,531221.4906084177,0.01564264763146639,0.07008934183977544,8,false,0.01396064186457927,0.01396064186457927,false
255,true,0.8802536528810646,-524173.9591517785,531083.0425374195,-0.015493790502659976,0.31452766561415046,8,false,0.01396064186457927,0.01396064186457927,false
255,true,0.9767972563380131,-524186.62561638455,531137.0812348935,-0.023854915285483003,0.08326470176689327,8,false,0.01396064186457927,0.01396064186457927,false
255,true,0.9867217895386676,-524173.59765605064,531183.7984848187,0.02553734928369522,0.042638919432647526,8,false,0.01396064186457927,0.01396064186457927,false
255,true,0.9857912965829829,-524178.5476624257,531230.7330728631,-0.0002031164476647973,0.058258624048903584,8,false,0.01396064186457927,0.01396064186457927,false
255,true,0.8829734751185249,-524156.1993609148,531081.6124886944,0.2578065871493891,0.2937987399054691,8,false,0.01396064186457927,0.01396064186457927,false
255,true,0.6131804609270328,-524203.27717398026,531214.8560787343,-0.15269092237576842,1.4490658805007115,8,false,0.01396064186457927,0.01396064186457927,false
255,true,0.9912674711379191,-524213.22187825793,531163.9150392318,-0.020624396624043584,-0.1432216934626922,8,false,0.01396064186457927,0.01396064186457927,false
255,true,0.9881208676912168,-524126.04045872344,531086.2974629229,-0.03108936396893114,-0.12345208576880395,8,false,0.01396064186457927,0.01396064186457927,false
255,true,0.9425858724858244,-524120.8386565028,531008.084403035,0.1548939385684207,0.17242183862254024,8,false,0.01396064186457927,0.01396064186457927,false
255,true,0.9419333513942888,-524171.8779350196,531207.3094761831,-0.11112673825118691,-0.24650318536441773,8,false,0.01396064186457927,0.01396064186457927,false
255,true,0.9826263706655427,-524195.6862436401,531189.8616090727,-0.012010784586891532,-0.13855036266613752,8,false,0.01396064186457927,0.01396064186457927,false
255,true,0.9621741441786869,-524236.630640751,531242.2319992876,0.0007197002414613962,0.15589719312265515,8,false,0.01396064186457927,0.01396064186457927,false
255,true,0.9298696452702493,-524239.315487098,531245.0290460285,0.08757067169062793,0.22061706543900073,8,false,0.01396064186457927,0.01396064186457927,false
255,true,0.8789200122831153,-524216.12043080933,531220.7425177385,-0.17543224804103374,0.3936112093506381,8,false,0.01396064186457927,0.01396064186457927,false
255,true,0.9863365754470373,-524300.2077989668,531240.3202559999,0.03068565810099244,0.054509873734787107,8,false,0.01396064186457927,0.01396064186457927,false
255,true,0.9915444727362083,-524328.54418753,531313.9372298272,0.008885917835868895,-0.07014685962349176,8,false,0.01396064186457927,0.01396064186457927,false
255,true,0.9945332766487395,-524341.8283861625,531401.3181682111,0.03731858031824231,-0.06889907841105014,8,false,0.01396064186457927,0.01396064186457927,false
255,true,0.7826968848547599,-524324.2763656991,531397.1494370756,0.5495566480094567,0.6172130450140685,8,false,0.01396064186457927,0.01396064186457927,false
255,true,0.9906657672813148,-524371.3037109126,531429.3794070649,0.04552304930984974,-0.6504148023668677,8,false,0.01396064186457927,0.01396064186457927,false
255,true,0.9878792754830502,-524236.7187626407,531383.8029381373,-0.012180202989839017,-0.6909430547384545,8,false,0.01396064186457927,0.01396064186457927,false
255,true,0.9762594789445612,-524269.99822599086,531301.6269690242,-0.10361863113939762,-0.6904716504504904,8,false,0.01396064186457927,0.01396064186457927,false
255,true,0.954226193202317,-524293.3774021744,531341.4671662448,-0.2091264125192538,-0.5709658581763506,8,false,0.01396064186457927,0.01396064186457927,false
255,true,0.8173860856363693,-524257.6461047306,531335.9358561375,-0.20046245760750026,0.6539023641962558,8,false,0.01396064186457927,0.01396064186457927,false
255,true,0.9999198188896723,-524123.7160576157,531194.4973053563,-0.02089129516389221,-0.16739708476234227,8,false,0.01396064186457927,0.01396064186457927,false
255,true,0.9455707063557949,-524103.9399740673,531028.525689611,0.1627527961973101,0.2005296895513311,8,false,0.01396064186457927,0.01396064186457927,false
255,true,0.8477914700790627,-524153.79544583504,531038.5910517841,-0.25677647662814707,0.5340115178842098,8,false,0.01396064186457927,0.01396064186457927,false
255,true,0.9878955966445709,-524257.7680555094,531145.0928845064,0.00025813758838921785,-0.08192434848751873,8,false,0.01396064186457927,0.01396064186457927,false
255,true,0.9706633875179821,-524327.1732695724,531360.2373616463,0.029735349700786173,0.11237642890773714,8,false,0.01396064186457927,0.01396064186457927,false
255,true,0.867787729530207,-524331.3098878248,531315.3588121501,0.1019454023335129,0.3774144201306626,8,false,0.01396064186457927,0.01396064186457927,false
255,true,0.9847921068885422,-524363.6821602071,531452.4688554256,-0.13634837546851486,-0.20289202453568578,8,false,0.01396064186457927,0.01396064186457927,false
255,true,0.8777848511185512,-524254.91724236263,531361.0963754778,0.08755127573385835,0.32136489485856146,8,false,0.01396064186457927,0.01396064186457927,false
255,true,0.9919422364748384,-524293.243769769,531323.6044655286,-0.08064493862912059,-0.14843664329964668,8,false,0.01396064186457927,0.01396064186457927,false
255,true,0.9810022402360711,-524097.63544084755,531236.31017014,-0.030777810257859528,0.08494649641215801,8,false,0.01396064186457927,0.01396064186457927,false
255,true,0.8181210470478578,-524093.3110340623,530954.534598115,0.39040701871272177,0.47769137390423566,8,false,0.01396064186457927,0.01396064186457927,false
255,true,0.9696525790187949,-524109.33851176925,531025.5099148629,-0.41722375084646046,-0.44399509590584785,8,false,0.01396064186457927,0.01396064186457927,false
255,true,0.989785465476473,-524185.27105696825,531049.0537638227,-0.013781715766526759,0.047909339307807386,8,false,0.01396064186457927,0.01396064186457927,false
255,true,0.9767030899577391,-524168.45742225286,531247.9557397715,0.02206802903674543,0.04888845421373844,8,false,0.01396064186457927,0.01396064186457927,false
255,true,0.9832442740127971,-524142.0614843525,531018.1086370759,0.04309359728358686,0.053453455213457346,8,false,0.01396064186457927,0.01396064186457927,false
255,true,0.9872043550137284,-524202.6348586672,531092.7900462317,0.04531348356977105,-0.059036737657152116,8,false,0.01396064186457927,0.01396064186457927,false
255,true,0.9823333548211726,-524252.3770206298,531254.7093119811,0.016301708528771996,0.09956583112943918,8,false,0.01396064186457927,0.01396064186457927,false
255,true,0.9135497828467021,-524317.7553785497,531360.8151279635,0.09388710407074541,0.27920604904647917,8,false,0.01396064186457927,0.01396064186457927,false
255,true,0.92285226370615,-524310.1468022139,531410.7657310856,-0.15622226241976023,0.2804578993236646,8,false,0.01396064186457927,0.01396064186457927,false
255,true,0.998260929639023,-524268.032341164,531426.1717567093,-0.030084844096563756,-0.06746867077890784,8,false,0.01396064186457927,0.01396064186457927,false
255,true,0.7606785444725248,-524283.81006244745,531414.7666962203,0.5457811276428401,0.61346151586622,8,false,0.01396064186457927,0.01396064186457927,false
255,true,0.8518549159527027,-524296.3254155668,531210.1568539953,-0.5284771870356053,0.5826950897462666,8,false,0.01396064186457927,0.01396064186457927,false
255,true,0.786742158290903,-524281.95072233625,531350.6744828478,0.0663379777688533,0.5538167547201738,8,false,0.01396064186457927,0.01396064186457927,false
255,true,0.9706405712144334,-524140.04694247316,531198.632499232,-0.09289835940580815,-0.1274987468495965,8,false,0.01396064186457927,0.01396064186457927,false
255,true,0.9341112711457566,-524192.5318436208,531054.0503818698,0.06659960525576025,0.1670148092089221,8,false,0.01396064186457927,0.01396064186457927,false
255,true,0.9539486363794663,-524018.71199279744,530982.3203612915,-0.08240676659625024,0.1486010696971789,8,false,0.01396064186457927,0.01396064186457927,false
255,true,0.754697125144453,-523996.22762842366,531011.3221157974,-0.005666168173775077,0.6040109938476235,8,false,0.01396064186457927,0.01396064186457927,false
255,true,0.9796057175441711,-524149.54287721467,530890.7001263344,0.030527706374414265,0.05315298796631396,8,false,0.01396064186457927,0.01396064186457927,false
255,true,0.9972354142337678,-524221.98047335877,531262.939487377,-0.004686934407800436,-0.03594832494854927,8,false,0.01396064186457927,0.01396064186457927,false
255,true,0.9974175887890064,-524169.0449678708,531085.3572611744,0.0005178044084459543,-0.03254158317577094,8,false,0.01396064186457927,0.01396064186457927,false
255,true,0.7145970118854628,-524313.5980054433,531294.7066136979,-0.023415164556354284,0.735900899162516,8,false,0.01396064186457927,0.01396064186457927,false
255,true,0.6639270321723255,-524274.07389177644,531375.7231459704,0.6393454525386915,0.922462441958487,8,false,0.01396064186457927,0.01396064186457927,false
255,true,0.9992679954137214,-524240.51418435166,531277.8115264545,-0.2339555345242843,-0.6388701089890674,8,false,0.01396064186457927,0.01396064186457927,false
255,true,0.9586092727277825,-524149.265770976,531225.7714750143,0.04439850605558604,-0.4057764944154769,8,false,0.01396064186457927,0.01396064186457927,false
255,true,0.995535312344336,-524185.9290742978,531213.0323601522,-0.2891630536178127,-0.4418263619299978,8,false,0.01396064186457927,0.01396064186457927,false
255,true,0.9769404184140639,-524234.6550002392,531159.626803216,-0.06918068905360997,-0.15291188191622496,8,false,0.01396064186457927,0.01396064186457927,false
255,true,0.8691343888405306,-524234.49960779486,531236.093553237,-0.08121099951677024,0.36862282757647336,8,false,0.01396064186457927,0.01396064186457927,false
255,true,0.9777593871685172,-524440.6257725048,531432.1461030908,0.01654613297432661,0.06461867794860154,8,false,0.01396064186457927,0.01396064186457927,false
255,true,0.9770421993801891,-524306.5502006902,531516.5035992174,0.027940490865148604,0.06941511842887849,8,false,0.01396064186457927,0.01396064186457927,false
255,true,0.9951881078466401,-524264.1361022917,531323.9183603264,-0.01991636725142598,-0.05711128900293261,8,false,0.01396064186457927,0.01396064186457927,false
255,true,0.9786340768792773,-524230.5265259328,531247.2299423411,0.04753472108859569,0.0738325861748308,8,false,0.01396064186457927,0.01396064186457927,false
255,true,0.9994794492529517,-524207.6344417459,531321.3533374643,-0.003613922046497464,-0.08579926623497158,8,false,0.01396064186457927,0.01396064186457927,false
255,true,0.8712380128381704,-524196.9511886673,531381.4621542281,0.13204301055520773,0.34509952331427485,8,false,0.01396064186457927,0.01396064186457927,false
255,true,0.964917242320986,-524319.948408211,531267.9059003455,-0.1576342429034412,-0.20451561326626688,8,false,0.01396064186457927,0.01396064186457927,false
255,true,0.9613377224339027,-524164.96034772595,531177.7049625814,0.016982492990791798,0.12534197291824967,8,false,0.01396064186457927,0.01396064186457927,false
255,true,0.7046635307575027,-524235.5288510201,531293.0731736413,0.6498045785119757,0.8489411746850237,8,false,0.01396064186457927,0.01396064186457927,false
255,true,0.9922145355087305,-524348.3297308658,531348.7106875287,-0.6939085773192346,-0.719664083677344,8,false,0.01396064186457927,0.01396064186457927,false
255,true,0.862824083959362,-524159.6098750045,531267.6175835436,0.2149975032079965,0.3406992976088077,8,false,0.01396064186457927,0.01396064186457927,false
255,true,0.8947692838978689,-524210.1827599757,531131.6857536582,-0.23392861057072878,0.3590813416521996,8,false,0.01396064186457927,0.01396064186457927,false
255,true,0.9626985252725614,-524099.29641634796,531254.6132048664,0.03881768509745598,0.10201293206773698,8,false,0.01396064186457927,0.01396064186457927,false
255,true,0.8648636559068309,-524298.6826352889,531180.5520677806,-0.00024636462330818176,0.350961506832391,8,false,0.01396064186457927,0.01396064186457927,false
255,true,0.6693276013285497,-524119.1514240692,531196.8022276596,-0.015095160342752934,0.9480435199802741,8,false,0.01396064186457927,0.01396064186457927,false
255,true,0.8762571928133458,-524099.82602533436,531132.397545175,0.010399846127256751,0.294996774639003,8,false,0.01396064186457927,0.01396064186457927,false
255,true,0.8602277601818595,-524088.1266344778,531006.7874770926,0.31365265790373087,0.3576387654757127,8,false,0.01396064186457927,0.01396064186457927,false
255,true,0.9861709303711415,-524383.3134481327,531270.424780058,0.05063526623416692,-0.339107142877765,8,false,0.01396064186457927,0.01396064186457927,false
255,true,1.0,-524224.0535440814,531377.2529133161,-0.3354227833915502,-0.39311298879329115,8,false,0.01396064186457927,0.01396064186457927,false
255,true,0.998385910553356,-524417.1114323157,531384.4218139091,-0.029323354712687433,-0.07718651997856796,8,false,0.01396064186457927,0.01396064186457927,false
255,true,0.9855727706355539,-524382.5522063976,531443.2004606893,0.0192627563374117,0.05469876213464886,8,false,0.01396064186457927,0.01396064186457927,false
255,true,0.9926463209360394,-524307.9121573693,531455.283074815,-0.029147858265787363,-0.0561234918422997,8,false,0.01396064186457927,0.01396064186457927,false
255,true,0.9407368647124025,-524256.45989338984,531286.3951502193,0.037837922340258956,0.15687654947396368,8,false,0.01396064186457927,0.01396064186457927,false
255,true,0.9858572899260327,-524192.04394512036,531192.7052948452,0.019348542904481292,-0.0719516082899645,8,false,0.01396064186457927,0.01396064186457927,false
255,true,0.797453036731431,-524311.2159315208,531218.7548146473,0.003692248370498419,0.5612922920845449,8,false,0.01396064186457927,0.01396064186457927,false
255,true,0.9677065470935081,-524284.7705713609,531426.0809309043,-0.018410101532936096,0.12076260428875685,8,false,0.01396064186457927,0.01396064186457927,false
255,true,0.9241283540271362,-524237.13612882124,531349.8817488143,0.13563127152156085,0.2169626586837694,8,false,0.01396064186457927,0.01396064186457927,false
255,true,0.9981475966127474,-524089.05771770654,531074.2537943624,-0.19104349857661873,-0.21190261852461845,8,false,0.01396064186457927,0.01396064186457927,false
255,true,0.9495561911776402,-524160.6155778147,531253.1087211774,0.05708773131482303,0.11783777445089072,8,false,0.01396064186457927,0.01396064186457927,false
255,true,0.9972656252097594,-524284.98033347697,531225.0694624747,-0.012490833178162575,-0.08231335470918566,8,false,0.01396064186457927,0.01396064186457927,false
255,true,0.9634745646048992,-524346.49673749,531334.9103775843,-0.034099532291293144,0.1162031329004094,8,false,0.01396064186457927,0.01396064186457927,false
255,true,0.9189457617277423,-524307.6715509489,531325.2321023433,0.17398297088220716,0.2011200786801055,8,false,0.01396064186457927,0.01396064186457927,false
255,true,0.9965985723662187,-524220.3363662632,531243.3916793569,0.01409330649767071,-0.20339891291223466,8,false,0.01396064186457927,0.01396064186457927,false
255,true,0.9981586371426857,-524121.7481325842,531121.5696408282,-0.05444194900337607,-0.20849698840174824,8,false,0.01396064186457927,0.01396064186457927,false
255,true,0.9812808682857891,-524205.34979111346,531101.6477872123,-0.09178246778901666,-0.1677776201395318,8,false,0.01396064186457927,0.01396064186457927,false
255,true,0.9256417443325663,-524119.6617651192,531188.8079342655,0.19309454108588398,0.2085575854871422,8,false,0.01396064186457927,0.01396064186457927,false
255,true,0.9742688491066173,-524223.1328546447,531148.1541725099,0.033402751898393035,-0.2645133570767939,8,false,0.01396064186457927,0.01396064186457927,false
255,true,0.8524955883006758,-524261.8117760056,531257.5501780824,0.4632281105732545,0.49801138089969754,8,false,0.01396064186457927,0.01396064186457927,false
255,true,0.9923169113569259,-524105.2362465648,531358.1219145508,-0.5008285626536235,-0.73829418013338,8,false,0.01396064186457927,0.01396064186457927,false
255,true,0.7365688771743865,-524207.5542606184,531118.5546029911,-0.21406588645186275,0.875022376771085,8,false,0.01396064186457927,0.01396064186457927,false
255,true,0.9941309725856745,-524224.11857005407,531186.0983743403,-0.026834595599211752,-0.04735507967416197,8,false,0.01396064186457927,0.01396064186457927,false
255,true,0.7953129354378737,-524249.69076476124,531224.7575410624,0.4286228937562555,0.4971169689670205,8,false,0.01396064186457927,0.01396064186457927,false
255,true,0.8339618969736458,-524205.59141978505,531344.5573904217,0.2822177876951173,0.6016745530068874,8,false,0.01396064186457927,0.01396064186457927,false
255,true,0.9762044035434957,-524296.1257963066,531203.5811087432,-0.6977024076040834,-0.7116874925559387,8,false,0.01396064186457927,0.01396064186457927,false
255,true,0.691601567670093,-524086.7389149428,531136.2918011184,0.8137616357998922,0.8542496663285419,8,false,0.01396064186457927,0.01396064186457927,false
255,true,0.7637082821377507,-524317.5981224197,531154.2933239242,-0.45806682016700506,1.0328318388201296,8,false,0.01396064186457927,0.01396064186457927,false
255,true,0.9784505806070527,-524372.195562178,531276.8406453121,-0.3194295824505389,-0.3754279256099835,8,false,0.01396064186457927,0.01396064186457927,false
255,true,0.9972687607352122,-524270.42791011144,531404.8152052182,0.0014118567341938615,-0.05516068323049694,8,false,0.01396064186457927,0.01396064186457927,false
255,true,0.9998016607214061,-524263.6014811369,531199.7865716893,-0.03283099422696978,-0.07100707362405956,8,false,0.01396064186457927,0.01396064186457927,false
255,true,0.9918634280683614,-524210.7038102128,531232.3619086898,0.004236371722072363,0.038317754049785435,8,false,0.01396064186457927,0.01396064186457927,false
255,true,0.9989007163285145,-524212.93644518056,531280.0810281076,-0.014327319106087089,-0.03939102357253432,8,false,0.01396064186457927,0.01396064186457927,false
255,true,0.8687941573086937,-524265.4720786369,531197.0671518897,0.0591779452515766,0.3156275290530175,8,false,0.01396064186457927,0.01396064186457927,false
255,true,0.9477821176537159,-524233.8334514294,531299.2511698622,0.01926780224312097,0.16610957775264978,8,false,0.01396064186457927,0.01396064186457927,false
255,true,0.9970717793304702,-524342.0727798324,531320.6232166854,0.01733504666481167,-0.10544602142181247,8,false,0.01396064186457927,0.01396064186457927,false
255,true,0.9917573133365966,-524171.51631109294,531233.0077242114,-0.08017283398658037,-0.11822534294333309,8,false,0.01396064186457927,0.01396064186457927,false
255,true,0.8678783512691367,-524186.09378555464,531050.0175760296,0.00013180880341678858,0.33634279086254537,8,false,0.01396064186457927,0.01396064186457927,false
255,true,0.8473821154544683,-524077.4200740807,531028.1826577098,-0.022516445606015623,0.3920206855982542,8,false,0.01396064186457927,0.01396064186457927,false
255,true,0.919514726608955,-524263.42251506035,531197.6559222703,0.1258887267904356,0.19538822199683636,8,false,0.01396064186457927,0.01396064186457927,false
255,true,0.9899525632239198,-524346.3486513835,531369.6009185755,-0.03947456448804587,-0.142604426946491,8,false,0.01396064186457927,0.01396064186457927,false
255,true,1.0,-524312.6558846207,531356.9071476562,-0.023682194529101253,-0.11018153862096369,8,false,0.01396064186457927,0.01396064186457927,false
255,true,0.968531377149245,-524107.4894577509,531209.74106048,0.02839756349567324,0.1281041030306369,8,false,0.01396064186457927,0.01396064186457927,false
255,true,0.949808077204125,-524133.35586729145,530995.2547291217,0.03092213231138885,0.16419363976456225,8,false,0.01396064186457927,0.01396064186457927,false
255,true,0.9911169786471198,-524157.52172820707,531137.3508438136,-0.058157084858976305,-0.14429583051241934,8,false,0.01396064186457927,0.01396064186457927,false
255,true,0.9998255523842562,-524146.46771668264,531013.7125533114,-0.010533070075325668,-0.09392148465849459,8,false,0.01396064186457927,0.01396064186457927,false
255,true,0.8817519388187942,-524209.3540796374,531172.2514030637,-0.015649503795430064,0.3163926847046241,8,false,0.01396064186457927,0.01396064186457927,false
255,true,0.9956679080494644,-524101.2507532178,531080.4043084341,-0.009869847679510713,-0.06754626566544175,8,false,0.01396064186457927,0.01396064186457927,false
255,true,0.9924544313914955,-524252.6965635416,531119.3351786305,0.02471944165881723,0.044574278057552874,8,false,0.01396064186457927,0.01396064186457927,false
255,true,0.964019985903998,-524305.058243509,531207.6696409528,0.11103463743347675,0.12117483606562018,8,false,0.01396064186457927,0.01396064186457927,false
255,true,0.9995942454086219,-524219.86387523275,531279.3968363699,-0.1095364821376279,-0.18594908353406936,8,false,0.01396064186457927,0.01396064186457927,false
255,true,0.8415698853063924,-524263.247877193,531216.3745499825,-0.011646225117146969,0.4147390123689547,8,false,0.01396064186457927,0.01396064186457927,false
255,true,0.7471408401095041,-524150.32125044375,531204.1304158972,0.47597826458513737,0.6759148925775662,8,false,0.01396064186457927,0.01396064186457927,false
255,true,0.9851971377719052,-524259.9639916656,531194.3435377408,-0.13004123396240175,-0.5382251852424815,8,false,0.01396064186457927,0.01396064186457927,false
255,true,0.9859825701984164,-524274.3241279398,531289.4573679668,-0.3415700934128836,-0.4116133066127077,8,false,0.01396064186457927,0.01396064186457927,false
255,true,0.9891840724771147,-524254.8341274,531163.4353517261,0.04084671614691615,-0.06892877898644656,8,false,0.01396064186457927,0.01396064186457927,false
255,true,0.9796924925338837,-524224.59876007884,531254.2458998559,0.03457314777188003,0.09793337900191545,8,false,0.01396064186457927,0.01396064186457927,false
255,true,0.9999956011767674,-524317.61655077,531304.7414280126,-0.018970610457472503,-0.13294682546984404,8,false,0.01396064186457927,0.01396064186457927,false
255,true,0.9892159286053454,-524305.1970364192,531397.669256662,-0.12235722166951746,-0.12285396514926106,8,false,0.01396064186457927,0.01396064186457927,false
255,true,0.9855604213688058,-524185.09213156917,531287.4427829048,0.004834120161831379,0.03638726123608649,8,false,0.01396064186457927,0.01396064186457927,false
255,true,0.9380166742252195,-524353.19253626,531298.812285537,0.1133612870471552,0.12934655463322997,8,false,0.01396064186457927,0.01396064186457927,false
255,true,0.9996226332574722,-524096.5999748158,531184.7940989302,-0.1013065071310848,-0.11612820613663644,8,false,0.01396064186457927,0.01396064186457927,false
255,true,0.9554813992809295,-524211.39406838466,531218.9498205833,0.03755443426780403,0.1061470591230318,8,false,0.01396064186457927,0.01396064186457927,false
255,true,0.9825854759174897,-524104.32568197284,531113.5814178016,0.038944160332903266,0.07119936100207269,8,false,0.01396064186457927,0.01396064186457927,false
255,true,0.7937271743133378,-524179.1832604466,531093.8765206474,-0.037153870216570795,0.5765298114856705,8,false,0.01396064186457927,0.01396064186457927,false
255,true,0.9892899900780074,-524218.8126281493,531207.6806028995,0.018817224772647023,0.06028395309112966,8,false,0.01396064186457927,0.01396064186457927,false
255,true,0.9996222010986447,-524214.96558211604,531211.6794161379,-0.01783029013313353,-0.07719283574260771,8,false,0.01396064186457927,0.01396064186457927,false
255,true,0.9863579166192535,-524191.5930946476,531207.4774156875,0.05028261768165976,0.06194464582949877,8,false,0.01396064186457927,0.01396064186457927,false
255,true,0.9981904092767513,-524269.00266807654,531271.0471397092,-0.03856178873684257,-0.0974654951132834,8,false,0.01396064186457927,0.01396064186457927,false
255,true,0.7813964358291965,-524247.73370771145,531317.5727357565,0.5115261789178476,0.5865771824028343,8,false,0.01396064186457927,0.01396064186457927,false
255,true,0.9961197844519964,-524119.6166875283,531119.8434358607,-0.05138855963014066,-0.581013620714657,8,false,0.01396064186457927,0.01396064186457927,false
255,true,0.978621775375088,-524291.8128425372,531145.8491215179,-0.41916390031110495,-0.5280277117853984,8,false,0.01396064186457927,0.01396064186457927,false
255,true,0.9669508522149094,-524267.19729626994,531197.992694146,-0.05631807667668909,0.12086612498387694,8,false,0.01396064186457927,0.01396064186457927,false
255,true,0.9975299260660205,-524233.3551898746,531256.1884091323,-0.027275538304820657,-0.05088422866538167,8,false,0.01396064186457927,0.01396064186457927,false
255,true,0.9860612395681582,-524138.5203856279,531105.9067197206,0.002048286725766957,0.05073471914511174,8,false,0.01396064186457927,0.01396064186457927,false
255,true,0.9990073106185559,-524220.81889620406,531104.0891737541,-0.006875539547763765,-0.04257155931554735,8,false,0.01396064186457927,0.01396064186457927,false
255,true,0.9585094806174318,-524240.5653985276,531207.501312588,0.009598051197826862,0.10594532964751124,8,false,0.01396064186457927,0.01396064186457927,false
255,true,0.9968828619761403,-524136.828476055,531090.0289972792,-0.00993718032259494,-0.04712611390277743,8,false,0.01396064186457927,0.01396064186457927,false
255,true,0.9375600818862317,-524097.6739959149,531013.6401161923,0.11695243348367512,0.14739489904604852,8,false,0.01396064186457927,0.01396064186457927,false
255,true,0.9588836140297434,-524323.443203741,531246.8473105592,-0.0795895567862317,0.15086155070457608,8,false,0.01396064186457927,0.01396064186457927,false
255,true,0.993360890112328,-524347.2964590926,531369.7011506513,0.0014997381949797273,-0.05930783087387681,8,false,0.01396064186457927,0.01396064186457927,false
255,true,0.9412730895724526,-524300.0479965227,531213.0170237689,0.13971581764053553,0.1636236144695431,8,false,0.01396064186457927,0.01396064186457927,false
255,true,0.8600103093501316,-524256.8236093606,531321.0325488155,0.06991482304874808,0.44208250811789185,8,false,0.01396064186457927,0.01396064186457927,false
255,true,0.9994477287382746,-524144.4562473185,531191.0937872159,-0.24903780140448362,-0.27171654428821057,8,false,0.01396064186457927,0.01396064186457927,false
255,true,0.8873665831138282,-524163.6519654385,531123.3505196375,0.08814138977322727,0.27348435297608376,8,false,0.01396064186457927,0.01396064186457927,false
255,true,0.988843423448606,-524331.6231286791,531186.4647601786,0.03912434843368828,-0.12040423543658108,8,false,0.01396064186457927,0.01396064186457927,false
255,true,0.9677594082067853,-524238.4443002303,531195.5506729912,-0.038018774590454996,0.14736949058715254,8,false,0.01396064186457927,0.01396064186457927,false
255,true,0.971511865255367,-524235.46512971004,531201.1693295141,0.0217868376057595,0.12554502370767295,8,false,0.01396064186457927,0.01396064186457927,false
255,true,0.999913171236239,-524179.4389151363,531234.4189993099,-0.10628213139716536,-0.14570880483370274,8,false,0.01396064186457927,0.01396064186457927,false
255,true,0.8005749121663664,-524179.0292402301,531031.8354605599,0.1513245850801468,0.49039125244598836,8,false,0.01396064186457927,0.01396064186457927,false
255,true,0.9532933465976264,-524121.3258160569,531094.2412044976,0.13662487652618438,0.19355477578938007,8,false,0.01396064186457927,0.01396064186457927,false
255,true,0.8510470682620327,-524450.600772489,531335.6332257483,-0.11777833756059408,0.526442983886227,8,false,0.01396064186457927,0.01396064186457927,false
255,true,0.9996697799157228,-524303.6730552096,531490.8717638168,-0.08184025681111962,-0.19512950722128153,8,false,0.01396064186457927,0.01396064186457927,false
255,true,0.8257536077404632,-524329.2684540163,531414.1744461793,0.09238115616608411,0.5036665743682534,8,false,0.01396064186457927,0.01396064186457927,false
255,true,0.9267762584110608,-524268.179026641,531310.6395942115,-0.16556334006600082,0.24650677549652755,8,false,0.01396064186457927,0.01396064186457927,false
255,true,0.958998400735166,-524262.718797171,531372.0176921159,0.02571528311818838,0.10588147793896496,8,false,0.01396064186457927,0.01396064186457927,false
255,true,0.9972085260756038,-524205.09371212905,531224.2684086887,-0.033727929345332086,-0.05516425787936896,8,false,0.01396064186457927,0.01396064186457927,false
255,true,0.9605689522679514,-524179.2474772861,531126.0222736144,0.03572956414427608,0.10585766436997801,8,false,0.01396064186457927,0.01396064186457927,false
255,true,0.9881321332433931,-524190.49495691824,531247.4135190385,0.04156587366014719,0.06643157289363444,8,false,0.01396064186457927,0.01396064186457927,false
255,true,0.993325366119693,-524246.668837059,531193.0160608215,-0.0658741919323802,-0.09324955160263926,8,false,0.01396064186457927,0.01396064186457927,false
255,true,0.9746600939769772,-524246.02702125354,531299.63028315,0.05742156004998833,0.07740298542194068,8,false,0.01396064186457927,0.01396064186457927,false
255,true,0.9993590094981187,-524244.9467452608,531305.2098349805,0.003246103529818356,-0.08618269464932382,8,false,0.01396064186457927,0.01396064186457927,false
255,true,0.968098939848056,-524204.8347853984,531266.1005658999,-0.012885903590358794,0.13492747663985938,8,false,0.01396064186457927,0.01396064186457927,false
255,true,0.9900487296799929,-524132.6668942449,531189.3447948348,-0.027211254695430398,-0.08393708697985858,8,false,0.01396064186457927,0.01396064186457927,false
255,true,0.9999384719131285,-524066.63305574446,531016.1606555686,-0.034626009059138596,-0.07185907382518053,8,false,0.01396064186457927,0.01396064186457927,false
255,true,0.9437759141557948,-524159.3428526367,531168.6279091337,0.07949385931715369,0.13915590208489448,8,false,0.01396064186457927,0.01396064186457927,false
255,true,0.965652161507429,-524294.6451298003,531256.1931347593,-0.06125914759468287,0.13851789117325097,8,false,0.01396064186457927,0.01396064186457927,false
255,true,0.7412030692772251,-524263.0198892925,531265.9697212826,0.2132837176322937,0.6989384781336412,8,false,0.01396064186457927,0.01396064186457927,false
255,true,0.9512189433507653,-524220.156412844,531281.2029150935,0.06975146662443876,-0.2608314498793334,8,false,0.01396064186457927,0.01396064186457927,false
255,true,0.8848577661690304,-524222.3193172523,531179.158688205,0.04602754767984152,0.43760933354496956,8,false,0.01396064186457927,0.01396064186457927,false
255,true,0.9530927582071356,-524313.6175879607,531235.7936422945,0.11396704136859626,-0.3800792482215911,8,false,0.01396064186457927,0.01396064186457927,false
255,true,0.9867015137663286,-524351.1148600872,531401.4216458728,-0.42909418081399053,-0.4790751115651801,8,false,0.01396064186457927,0.01396064186457927,false
255,true,0.9971357150745451,-524159.2995519488,531204.7900774596,-0.03658609522972256,-0.06550362170673907,8,false,0.01396064186457927,0.01396064186457927,false
255,true,0.841507455446367,-524080.51840636536,531059.1292064316,0.007305921288207173,0.37793871108442545,8,false,0.01396064186457927,0.01396064186457927,false
255,true,0.9356958450068092,-524121.10119893675,531013.5267218582,0.006675241980701685,0.16819949494674802,8,false,0.01396064186457927,0.01396064186457927,false
255,true,0.9813608937520722,-524175.47929998103,531091.0566808326,0.022026165039278567,0.0725092695793137,8,false,0.01396064186457927,0.01396064186457927,false
255,true,0.9150039466317434,-524107.23450270225,531062.9806614007,0.0926621314138174,0.23085159889888018,8,false,0.01396064186457927,0.01396064186457927,false
255,true,0.9810411318950136,-524197.91281059757,531097.4960766615,-0.12278434622567147,-0.1617073630914092,8,false,0.01396064186457927,0.01396064186457927,false
255,true,0.854929984813528,-524331.1073866435,531269.9632680806,0.031169268186204135,0.34671043523121625,8,false,0.01396064186457927,0.01396064186457927,false
255,true,0.9905374138963877,-524263.61714547034,531325.9645906903,-0.0187473448459059,0.056414323626086116,8,false,0.01396064186457927,0.01396064186457927,false
255,true,0.8634969810477392,-524242.7698857606,531258.7659222365,0.03959914715960622,0.3264612997882068,8,false,0.01396064186457927,0.01396064186457927,false
255,true,0.8676454974911364,-524321.9230022616,531280.7095333426,-0.040754123707301915,0.3485895899357274,8,false,0.01396064186457927,0.01396064186457927,false
255,true,0.94495725682084,-524299.7989461414,531283.5552626704,0.13352052110712975,0.1338739626808092,8,false,0.01396064186457927,0.01396064186457927,false
255,true,0.9991901912599486,-524361.168871888,531352.6301715215,-0.024927290971390903,-0.1559870446799323,8,false,0.01396064186457927,0.01396064186457927,false
255,true,0.8621723752076762,-524253.987416444,531437.9552272782,-0.06948870944324881,0.4086712981807068,8,false,0.01396064186457927,0.01396064186457927,false
255,true,0.8065380339568464,-524309.4989753958,531330.3538180764,-0.04595526063349098,0.5252206089207903,8,false,0.01396064186457927,0.01396064186457927,false
255,true,0.9991325969711617,-524243.7845153599,531358.1391400888,0.012941873748786747,-0.031871174462139606,8,false,0.01396064186457927,0.01396064186457927,false
255,true,0.9921387278050131,-524210.35852399626,531234.4748380408,-0.0005048565799370408,0.04360118217300624,8,false,0.01396064186457927,0.01396064186457927,false
255,true,0.8040505655073789,-524211.62721616606,531309.1594085937,0.3604793275007978,0.4772744158981368,8,false,0.01396064186457927,0.01396064186457927,false
255,true,0.9845917039057438,-524102.26998691953,531040.0060878905,-0.34966457239352167,-0.40136728808283806,8,false,0.01396064186457927,0.01396064186457927,false
255,true,0.9971698089859883,-524078.1267534957,531009.8874919724,-0.02608075295574963,-0.05641292198561132,8,false,0.01396064186457927,0.01396064186457927,false
255,true,0.916243014150278,-524196.1950579789,531066.4559442345,0.09804309764876962,0.19581724959425628,8,false,0.01396064186457927,0.01396064186457927,false
255,true,0.7138506735444604,-524221.2054087441,531178.5862880729,-0.05855348741170019,0.8720603577094153,8,false,0.01396064186457927,0.01396064186457927,false
255,true,0.9975703405910024,-524218.40356166684,531276.8422882768,-0.02234079351183027,-0.06877352250739932,8,false,0.01396064186457927,0.01396064186457927,false
255,true,0.852652435224658,-524316.7274597528,531260.5947061396,0.1306591962929815,0.3664310510503128,8,false,0.01396064186457927,0.01396064186457927,false
255,true,0.9586687558364184,-524141.3235607623,531123.3972078798,0.07381326099857688,-0.17255967610981315,8,false,0.01396064186457927,0.01396064186457927,false
255,true,0.9953128875728987,-524360.0175413438,531214.1672233982,-0.21839548798743635,-0.25059072976000607,8,false,0.01396064186457927,0.01396064186457927,false
255,true,0.946076739843074,-524270.04116685543,531380.1296377379,0.049645564053207636,0.13952961412724108,8,false,0.01396064186457927,0.01396064186457927,false
255,true,0.9969766982989097,-524115.569181252,531115.4192025821,-0.02261707664001733,-0.07839025754947215,8,false,0.01396064186457927,0.01396064186457927,false
255,true,0.9807039847841661,-524058.84230913204,530984.136633082,0.054787081899121404,0.08083981566596776,8,false,0.01396064186457927,0.01396064186457927,false
255,true,0.9179056422030095,-524209.6891884043,531084.7126502488,0.008181408978998661,0.25837744679301977,8,false,0.01396064186457927,0.01396064186457927,false
255,true,0.9947084193376036,-524330.4616205828,531293.4768712511,0.038246961892582476,-0.12123767647426575,8,false,0.01396064186457927,0.01396064186457927,false
255,true,0.993000080513283,-524252.9667675709,531307.8301503877,-0.03100157214794308,-0.13861563929822296,8,false,0.01396064186457927,0.01396064186457927,false
255,true,0.9764156009882625,-524394.4436778671,531405.7224534772,-0.00861271214671433,0.11809429863933474,8,false,0.01396064186457927,0.01396064186457927,false
255,true,0.9313497829129198,-524156.12218119873,531340.678446779,0.144436699221842,0.21306286856997758,8,false,0.01396064186457927,0.01396064186457927,false
255,true,0.9284327645741576,-524213.3207880892,531162.8793777167,-0.1942137812729925,0.2687907420331612,8,false,0.01396064186457927,0.01396064186457927,false
255,true,0.7430140753104127,-524319.6119736088,531285.0251728977,0.630972541985102,0.6984940395923331,8,false,0.01396064186457927,0.01396064186457927,false
255,true,0.9984066095461668,-524309.3676065175,531282.1860862176,-0.149784603738226,-0.6796711888164282,8,false,0.01396064186457927,0.01396064186457927,false
255,true,0.9996312377833084,-524370.1389038537,531363.4506665281,0.001023158198222518,-0.5374464319320396,8,false,0.01396064186457927,0.01396064186457927,false
255,true,0.9909552025597315,-524259.0469714241,531401.3115797768,-0.46229432499967515,-0.5456368039594963,8,false,0.01396064186457927,0.01396064186457927,false
255,true,0.9345043513535096,-524253.56556478824,531219.530192383,0.10491198115050793,0.21089679095894098,8,false,0.01396064186457927,0.01396064186457927,false
255,true,0.9916817545078989,-524156.6272181371,531189.1027371592,0.022170196403749287,-0.18860101862810552,8,false,0.01396064186457927,0.01396064186457927,false
255,true,0.9696757176587977,-524263.1767307065,531247.2811576045,-0.11055138357914984,-0.21566381747834384,8,false,0.01396064186457927,0.01396064186457927,false
255,true,0.9998990229575849,-524090.9296624423,531191.7359050186,-0.1028388540726155,-0.11060166545212269,8,false,0.01396064186457927,0.01396064186457927,false
255,true,0.8733940864241452,-524132.36586507293,531121.2441565568,0.1900450106477365,0.28563426225446165,8,false,0.01396064186457927,0.01396064186457927,false
255,true,0.9305625187790247,-524119.18813282886,531016.9593107477,-0.009516658028587699,0.23124261549673975,8,false,0.01396064186457927,0.01396064186457927,false
255,true,0.9955788676383093,-524185.7565177098,531094.7154721805,-0.022577770287171006,-0.1703182402998209,8,false,0.01396064186457927,0.01396064186457927,false
255,true,0.9990538448690202,-524211.2571549306,531185.721213648,-0.03629325015936047,-0.1586864886339754,8,false,0.01396064186457927,0.01396064186457927,false
255,true,0.8810925397275662,-524156.7726372385,531160.2383373246,-0.08418503578286618,0.34055387892294675,8,false,0.01396064186457927,0.01396064186457927,false
255,true,0.8899103484080757,-524400.2594227415,531333.5669645335,0.21845231810584664,0.2747791858855635,8,false,0.01396064186457927,0.01396064186457927,false
255,true,0.9964739287297972,-524382.3466381653,531454.675638161,0.022053133812732995,-0.25763875152915716,8,false,0.01396064186457927,0.01396064186457927,false
255,true,0.9412516190024728,-524284.91119157796,531443.8038313529,-0.041438673972152174,-0.2709672135533765,8,false,0.01396064186457927,0.01396064186457927,false
255,true,0.9957898244831449,-524316.1823438753,531366.337488503,-0.061643055407330394,-0.2349258220056072,8,false,0.01396064186457927,0.01396064186457927,false
255,true,0.998931407360857,-524335.085989261,531252.9525167558,-0.016583650722168386,-0.17980171251110733,8,false,0.01396064186457927,0.01396064186457927,false
255,true,0.9900481534414077,-524313.736245838,531417.0036670276,-0.03574768628459424,-0.14701757091097534,8,false,0.01396064186457927,0.01396064186457927,false
255,true,0.9975694330238183,-524273.1710826946,531388.4900651992,-0.047169718658551574,-0.11699684883933514,8,false,0.01396064186457927,0.01396064186457927,false
255,true,0.9872445098768265,-524227.8934866431,531257.9052354983,0.044786952319554985,0.07060387043748051,8,false,0.01396064186457927,0.01396064186457927,false
255,true,0.894650284793126,-524256.7267289106,531194.721214884,0.18420775549020618,0.30929072899743915,8,false,0.01396064186457927,0.01396064186457927,false
255,true,0.9884587590963989,-524214.51338408765,531203.4721701647,-0.04269024915993214,-0.3031450087437406,8,false,0.01396064186457927,0.01396064186457927,false
255,true,0.9967297150978637,-524146.4247142695,531104.0355832832,-0.18378525273874402,-0.26276741677429527,8,false,0.01396064186457927,0.01396064186457927,false
255,true,0.9588800004395425,-524130.3668045318,531008.3417825183,0.11804195400327444,0.14171201025601476,8,false,0.01396064186457927,0.01396064186457927,false
255,true,0.999833340590969,-524151.51792442147,531060.8527689909,-0.1824471530271694,-0.20774200500454754,8,false,0.01396064186457927,0.01396064186457927,false
255,true,0.994221891703041,-524212.4393619259,531113.1037990028,0.006176368216983974,0.025081909727305174,8,false,0.01396064186457927,0.01396064186457927,false
255,true,0.9915068528853549,-524227.0739439429,531250.5262724694,0.0034099784679710865,0.03002789430320263,8,false,0.01396064186457927,0.01396064186457927,false
255,true,0.6751740042642101,-524244.3034851605,531324.8433933569,0.6848112599691376,0.9002534112660214,8,false,0.01396064186457927,0.01396064186457927,false
255,true,0.9987835244162289,-524238.85543823766,531192.5328718923,-0.6327244215644896,-0.7089965442428365,8,false,0.01396064186457927,0.01396064186457927,false
255,true,0.999847775377317,-524140.06033017836,531106.5379286194,-0.01615267852321267,-0.09236858272925019,8,false,0.01396064186457927,0.01396064186457927,false
255,true,0.9607691333437011,-524170.4950676265,531092.9906929302,-0.004576594568789005,0.12078999739605933,8,false,0.01396064186457927,0.01396064186457927,false
255,true,0.8670361027273376,-524166.8502043566,531101.3388544,0.175118098850362,0.35459655488375574,8,false,0.01396064186457927,0.01396064186457927,false
255,true,0.959305933696844,-524137.9986633392,531148.3525236435,-0.20342278282623738,-0.22330904786940664,8,false,0.01396064186457927,0.01396064186457927,false
255,true,0.9845736048371515,-524126.6777285679,531058.7373913447,0.013664942584000528,0.05229329934809357,8,false,0.01396064186457927,0.01396064186457927,false
255,true,0.9357132359740082,-524162.18719620496,531120.1061771784,0.12027490488253534,0.16553250176366419,8,false,0.01396064186457927,0.01396064186457927,false
255,true,0.9803742771451562,-524171.56918469747,531199.0254154541,-0.008229392231442034,-0.14577231113798916,8,false,0.01396064186457927,0.01396064186457927,false
255,true,0.8470719028070994,-524326.9668189131,531283.1686107242,0.1241211665328592,0.4542761887423694,8,false,0.01396064186457927,0.01396064186457927,false
255,true,0.9973490769144691,-524326.7282622057,531253.5140322364,-0.020415345556102693,-0.2710846911650151,8,false,0.01396064186457927,0.01396064186457927,false
255,true,0.9940924209233726,-524316.4046470164,531356.7143431565,0.019874762860126793,-0.2626478789607063,8,false,0.01396064186457927,0.01396064186457927,false
255,true,0.913498216701546,-524346.9861794411,531498.8478388643,0.06405044440180063,0.3110772551735863,8,false,0.01396064186457927,0.01396064186457927,false
255,true,0.9764861120243652,-524307.9068919014,531436.6127046463,0.09582608286291361,-0.3292856578482315,8,false,0.01396064186457927,0.01396064186457927,false
255,true,0.9897163218407118,-524257.7640929873,531250.6112253531,-0.23288984142709523,-0.44134426524396986,8,false,0.01396064186457927,0.01396064186457927,false
255,true,0.9961915059560661,-524534.3058450246,531510.3444489295,-0.045849172049202025,-0.18874874711036682,8,false,0.01396064186457927,0.01396064186457927,false
255,true,0.9873998696146495,-524270.78645081306,531570.9427496914,-0.08778100891504437,-0.15560560580343008,8,false,0.01396064186457927,0.01396064186457927,false
255,true,0.9933458457377261,-524316.3075710876,531339.8044085803,0.0198663214687258,-0.06742584810126573,8,false,0.01396064186457927,0.01396064186457927,false
255,true,0.9761385079300442,-524297.4707415595,531335.7088793843,-0.02253849303815514,0.10083664767444134,8,false,0.01396064186457927,0.01396064186457927,false
255,true,0.9907921865144563,-524214.53191957856,531262.4007487207,0.0198910377221182,-0.07006752048619092,8,false,0.01396064186457927,0.01396064186457927,false
255,true,0.9061966950895252,-524239.72535001906,531252.7842093365,-0.03234660194721073,0.2694028648547828,8,false,0.01396064186457927,0.01396064186457927,false
255,true,0.8750644230966017,-524359.6369191008,531387.5197483168,0.24401096533983946,0.30256901076063514,8,false,0.01396064186457927,0.01396064186457927,false
255,true,0.9076713768047352,-524348.7062210458,531479.3181897047,-0.2087808814831078,0.3494017997290939,8,false,0.01396064186457927,0.01396064186457927,false
255,true,0.9219532977024685,-524296.0852745717,531323.1031156998,0.018139988416805863,0.24387582845520228,8,false,0.01396064186457927,0.01396064186457927,false
255,true,0.9965192938318355,-524153.9861416909,531211.7831559333,-0.051048313616774976,-0.09788754780311137,8,false,0.01396064186457927,0.01396064186457927,false
255,true,0.897841100634831,-524278.8502692916,531292.6438268253,0.23836918943561614,0.2623902381164953,8,false,0.01396064186457927,0.01396064186457927,false
255,true,0.9986020212391716,-524175.30270423886,531207.2306391621,-0.01165338873397559,-0.28765921329613775,8,false,0.01396064186457927,0.01396064186457927,false
255,true,0.9908799375967458,-524316.4961388047,531271.5196139894,-0.21903081506025046,-0.26927645155228674,8,false,0.01396064186457927,0.01396064186457927,false
255,true,0.8028669620879644,-524374.9576654572,531459.159136939,0.3351804051781073,0.5108408936066553,8,false,0.01396064186457927,0.01396064186457927,false
255,true,0.9608832149270045,-524308.468737081,531495.6370515471,-0.06434845051262528,-0.38093449524603784,8,false,0.01396064186457927,0.01396064186457927,false
255,true,0.9736205558905453,-524189.3202048131,531258.1210972519,-0.2535736804129556,-0.3239615671336651,8,false,0.01396064186457927,0.01396064186457927,false
255,true,0.9810225564876992,-524208.3445322725,531187.2860665668,-0.0019429817330092192,-0.0765754955355078,8,false,0.01396064186457927,0.01396064186457927,false
255,true,0.9973735181882337,-524246.7154964067,531241.2490960921,0.01164834585506469,-0.07963561487849802,8,false,0.01396064186457927,0.01396064186457927,false
255,true,0.8287805913971414,-524204.39788010553,531252.6155715482,0.41281636036001146,0.4711177982389927,8,false,0.01396064186457927,0.01396064186457927,false
255,true,0.9004167469020221,-524098.8598927776,531077.7706484733,-0.43596806027926505,-0.4973761086585,8,false,0.01396064186457927,0.01396064186457927,false
255,true,0.96948732887127,-524135.9861706218,531010.5429700144,0.020905632758513093,0.11196405126247555,8,false,0.01396064186457927,0.01396064186457927,false
255,true,0.9666107652462738,-524108.0650574625,531077.5973209621,0.02800567029044032,0.13487150764558464,8,false,0.01396064186457927,0.01396064186457927,false
255,true,0.9975791437851987,-524231.96582562773,531241.8601503146,-0.056390900746919215,-0.10706609569024295,8,false,0.01396064186457927,0.01396064186457927,false
255,true,0.9557762865990501,-524131.0665777846,531181.0560416101,0.044008417055010796,0.13632237864658237,8,false,0.01396064186457927,0.01396064186457927,false
255,true,0.7897246546230715,-524180.6877186793,531178.7135661225,0.4420436111977324,0.5958334011957049,8,false,0.01396064186457927,0.01396064186457927,false
255,true,0.9971568523154046,-524188.98160768487,531137.1654593876,-0.24570054258219898,-0.549112806445919,8,false,0.01396064186457927,0.01396064186457927,false
255,true,0.9998543234810419,-524153.6187530098,531027.2665614496,-0.2868062285706401,-0.3045850360067561,8,false,0.01396064186457927,0.01396064186457927,false
255,true,0.9437432308871146,-524292.7741334139,531283.8125880625,0.08443572628311813,0.12774121423717588,8,false,0.01396064186457927,0.01396064186457927,false
255,true,0.941058037684865,-524373.8965932464,531394.7366966913,-0.06594558316282928,0.17972961452323943,8,false,0.01396064186457927,0.01396064186457927,false
255,true,0.9966834682551746,-524325.072645672,531315.1902898288,0.00656011130195111,-0.04007171536795795,8,false,0.01396064186457927,0.01396064186457927,false
255,true,0.8715228505959461,-524257.496887013,531291.8109892246,0.18641608825419098,0.3174360366538167,8,false,0.01396064186457927,0.01396064186457927,false
255,true,0.9712002569372008,-524246.87462940696,531116.5370017287,-0.14684298518113792,-0.2286028527887538,8,false,0.01396064186457927,0.01396064186457927,false
255,true,0.9974603887481838,-524387.7019450116,531391.9850357097,-0.007493024924769998,-0.06747146730776876,8,false,0.01396064186457927,0.01396064186457927,false
255,true,0.9776371756824643,-524306.7905294672,531417.1425741923,0.0067121610045433044,0.10633572121150792,8,false,0.01396064186457927,0.01396064186457927,false
255,true,0.9366915687589444,-524239.5607151733,531355.5072782633,0.037846782826818526,0.18636612687259912,8,false,0.01396064186457927,0.01396064186457927,false
255,true,0.997501473583586,-524276.4233853953,531245.5930519439,-0.059071590774692595,-0.10443268867675215,8,false,0.01396064186457927,0.01396064186457927,false
255,true,0.9997010517310664,-524091.5137776426,531154.7464592472,-0.032948779757134616,-0.06408768787514418,8,false,0.01396064186457927,0.01396064186457927,false
255,true,0.9400119838679765,-524082.35508226516,530914.7924808164,0.10085778962820768,0.15420563099905849,8,false,0.01396064186457927,0.01396064186457927,false
255,true,0.999710691550796,-524112.30144147563,530980.7280858211,-0.04813050862867385,-0.12449124932754785,8,false,0.01396064186457927,0.01396064186457927,false
255,true,0.9929225826379084,-524199.20570524473,531054.3672257721,-0.04138515575323254,-0.07769967580679804,8,false,0.01396064186457927,0.01396064186457927,false
255,true,0.9998652282156371,-524095.5353151489,531156.3357290096,-0.007198868086561561,-0.04659488261677325,8,false,0.01396064186457927,0.01396064186457927,false
255,true,0.8770896019895663,-524281.8386049661,531309.9958597678,0.2586996437748894,0.2892840738641098,8,false,0.01396064186457927,0.01396064186457927,false
255,true,0.9974690440632297,-524268.22176314483,531276.582463587,-0.021895578131079674,-0.2892345110885799,8,false,0.01396064186457927,0.01396064186457927,false
255,true,0.8597944035887353,-524301.7363889684,531345.9071249383,0.3372143432497978,0.46110642759595066,8,false,0.01396064186457927,0.01396064186457927,false
255,true,0.9921220314548599,-524149.5652353415,531232.4606395188,-0.18307411205023527,-0.6057219369104132,8,false,0.01396064186457927,0.01396064186457927,false
255,true,0.998902720388151,-524158.7014588629,531094.7335153967,-0.22628187423106283,-0.4272041763179004,8,false,0.01396064186457927,0.01396064186457927,false
255,true,0.9976118954157064,-524231.19796968123,531105.9359420188,-0.16731868032366037,-0.19440879637841135,8,false,0.01396064186457927,0.01396064186457927,false
255,true,0.7497638282836504,-524233.5780549606,531287.1778311485,0.21792313095647842,0.6350386569974944,8,false,0.01396064186457927,0.01396064186457927,false
255,true,0.9898370289331161,-524179.9755339427,531175.8903253439,-0.14370878785848618,-0.23953644512221217,8,false,0.01396064186457927,0.01396064186457927,false
255,true,0.9883576764667967,-524343.8391849274,531322.4823846738,-0.02435414376668632,-0.0969871231354773,8,false,0.01396064186457927,0.01396064186457927,false
255,true,0.8947171104577811,-524273.87302428106,531339.1677548953,0.027054973877966404,0.27715269348118454,8,false,0.01396064186457927,0.01396064186457927,false
255,true,0.9266588399162515,-524292.0957644997,531329.7607832511,-0.027861906681209803,0.23460153152700514,8,false,0.01396064186457927,0.01396064186457927,false
255,true,0.9865630311766618,-524267.7422623863,531358.4239234469,-0.010321312467567623,-0.06984887726139277,8,false,0.01396064186457927,0.01396064186457927,false
255,true,0.8544208474208094,-524285.76352920546,531370.1913305916,0.27264653297606856,0.36160227400250733,8,false,0.01396064186457927,0.01396064186457927,false
255,true,0.9636211876451366,-524250.7269123195,531306.5621618944,-0.3017559861764312,-0.3266661015804857,8,false,0.01396064186457927,0.01396064186457927,false
255,true,0.9780131518614794,-524110.79692343506,531187.6633298743,0.014825570513494313,0.06381614273414016,8,false,0.01396064186457927,0.01396064186457927,false
255,true,0.9798014893659366,-524195.8064445179,531060.0238519686,-0.010756297968327999,0.08012777217663825,8,false,0.01396064186457927,0.01396064186457927,false
255,true,0.8703175013593342,-524226.1923919234,531327.1984595174,0.10159243969246745,0.2825755182420835,8,false,0.01396064186457927,0.01396064186457927,false
255,true,0.9999441509712024,-524224.70264359843,531138.6725951098,-0.03860104316845536,-0.14261362084653229,8,false,0.01396064186457927,0.01396064186457927,false
255,true,0.9529621350485847,-524250.6566433265,531290.8382496467,0.021772189415059984,0.16501217195764184,8,false,0.01396064186457927,0.01396064186457927,false
255,true,0.992412252012855,-524291.3794824288,531388.8891991839,0.03641705401241779,-0.11512428475543857,8,false,0.01396064186457927,0.01396064186457927,false
255,true,0.9993250841420344,-524223.7817552152,531296.7117690668,-0.13559386448469013,-0.1558321047341451,8,false,0.01396064186457927,0.01396064186457927,false
255,true,0.9859778594522249,-524224.50469651737,531278.3980757328,0.022783733438700438,0.04453100822865963,8,false,0.01396064186457927,0.01396064186457927,false
255,true,0.869268191751557,-524156.5814915188,531182.9340204049,0.1337468387791887,0.32862443709746003,8,false,0.01396064186457927,0.01396064186457927,false
255,true,0.9454518383204903,-524221.9813386346,531185.8243624764,-0.09148184664081782,0.20040488161612302,8,false,0.01396064186457927,0.01396064186457927,false
255,true,0.9895679213342176,-524197.64143945853,531294.0226678713,-0.03629534877836704,-0.07915165147278458,8,false,0.01396064186457927,0.01396064186457927,false
255,true,0.9910520248600078,-524198.47276032815,531315.5484869597,0.009014479350298643,-0.056492242962121964,8,false,0.01396064186457927,0.01396064186457927,false
255,true,0.9566451436676784,-524323.9032684974,531250.8234882711,-0.038941261009313166,0.13516037177760154,8,false,0.01396064186457927,0.01396064186457927,false
255,true,0.938837444698174,-524115.9742842042,531311.2517024546,-0.004902347223833203,0.1520051312400028,8,false,0.01396064186457927,0.01396064186457927,false
255,true,0.9188853925607129,-524291.0791202879,531174.8027007934,0.16167993214912713,0.1821139707462862,8,false,0.01396064186457927,0.01396064186457927,false
255,true,0.9538202900792578,-524295.0072674814,531423.799640432,-0.020103389397263527,0.17758859822060913,8,false,0.01396064186457927,0.01396064186457927,false
255,true,0.9982489032041046,-524250.48615773546,531243.5068144195,-0.09534087113570422,-0.1673558383481577,8,false,0.01396064186457927,0.01396064186457927,false
255,true,0.9232225951441883,-524495.2106440165,531520.6741687875,0.10101863462477922,0.20268805441446602,8,false,0.01396064186457927,0.01396064186457927,false
255,true,0.9130527692019104,-524322.1529732398,531538.9882152267,0.18812481209170073,0.28374121512752026,8,false,0.01396064186457927,0.01396064186457927,false
255,true,0.9374785879190898,-524252.7714840019,531377.4567479024,0.0566661125048995,-0.3546728789806366,8,false,0.01396064186457927,0.01396064186457927,false
255,true,0.999784656503498,-524241.543115066,531260.4010240003,-0.0313311074860394,-0.4182822568109259,8,false,0.01396064186457927,0.01396064186457927,false
255,true,0.9996111580301305,-524287.5689375745,531247.5761026549,-0.27727343584410846,-0.3726982702501118,8,false,0.01396064186457927,0.01396064186457927,false
255,true,0.9989528204254646,-524363.2285316811,531418.5137862968,-4.6538421884179115e-5,-0.09616100566927344,8,false,0.01396064186457927,0.01396064186457927,false
255,true,0.9921765256745417,-524223.9010237169,531273.0877121852,-0.06267033447511494,-0.10726860992144793,8,false,0.01396064186457927,0.01396064186457927,false
255,true,0.9887667030424083,-524215.31776520633,531232.8389540458,0.021138903801329434,0.05805579433217645,8,false,0.01396064186457927,0.01396064186457927,false
255,true,0.9752702445934259,-524264.3804450166,531229.9252632614,0.017149158869870007,0.09477529104333371,8,false,0.01396064186457927,0.01396064186457927,false
255,true,0.9870974347604535,-524237.88639382215,531179.475933638,0.01767443830613047,0.07374767051078379,8,false,0.01396064186457927,0.01396064186457927,false
255,true,0.9670402276235676,-524220.5969307039,531155.60116349,0.040739628369919956,0.13450085755903274,8,false,0.01396064186457927,0.01396064186457927,false
255,true,0.9794743313698997,-524245.92301780795,531287.1117988655,0.044478573370724916,-0.14439665630925447,8,false,0.01396064186457927,0.01396064186457927,false
255,true,0.9990278338977834,-524327.7594706737,531314.7309323694,-0.12218539684545249,-0.18491609569173306,8,false,0.01396064186457927,0.01396064186457927,false
255,true,0.9854879407804054,-524292.0624299694,531431.2713215558,0.027528594830073416,0.07136375701520592,8,false,0.01396064186457927,0.01396064186457927,false
255,true,0.9648254184872026,-524300.1777210319,531328.8942317,-0.05657209106720984,0.1237369088921696,8,false,0.01396064186457927,0.01396064186457927,false
255,true,0.9961384419486844,-524269.56517146254,531278.2558190771,0.0031211188761517406,-0.040503785479813814,8,false,0.01396064186457927,0.01396064186457927,false
255,true,0.9634131618240257,-524274.40689423046,531274.322747735,0.06801202625501901,0.0982681232271716,8,false,0.01396064186457927,0.01396064186457927,false
255,true,0.9783539443207951,-524376.3930014253,531394.0807038976,-0.06473988643847406,0.09809988446068019,8,false,0.01396064186457927,0.01396064186457927,false
255,true,0.9711866053182431,-524339.2242150392,531429.9117622458,0.02173584944102913,0.08681622403673828,8,false,0.01396064186457927,0.01396064186457927,false
255,true,0.953788476622364,-524291.8867557306,531344.3974230028,0.08565608668141067,0.13292093214113265,8,false,0.01396064186457927,0.01396064186457927,false
255,true,0.9922304161112475,-524199.5732887477,531209.9347813547,-0.01399592706002295,-0.1354306989815086,8,false,0.01396064186457927,0.01396064186457927,false
255,true,0.7598849204150806,-524093.3551476748,531003.4171636525,-0.09122770268004388,0.7073544608429074,8,false,0.01396064186457927,0.01396064186457927,false
255,true,0.9945890794618905,-524260.87089978263,531154.786729353,-0.02642595360521227,-0.03761599399149418,8,false,0.01396064186457927,0.01396064186457927,false
255,true,0.8377036536957989,-524313.6307344753,531372.111376276,0.141624043462798,0.37513913842849433,8,false,0.01396064186457927,0.01396064186457927,false
255,true,0.9384737692375033,-524167.2981425767,531232.4463956311,0.144267343217507,0.20534143096301705,8,false,0.01396064186457927,0.01396064186457927,false
255,true,0.9963797448819539,-524241.0171445866,531216.6318247961,-0.26151944999583066,-0.2965600434690714,8,false,0.01396064186457927,0.01396064186457927,false
255,true,0.994570196338544,-524245.4939953903,531134.7612634494,-0.03216901863925159,-0.04994899814482778,8,false,0.01396064186457927,0.01396064186457927,false
255,true,0.9623898272417611,-524220.0316992621,531238.0512303656,0.05161376541946083,0.08923992048949003,8,false,0.01396064186457927,0.01396064186457927,false
255,true,0.9286398691404211,-524192.5575152451,531282.3581388677,0.03826386819127947,0.19466698996257037,8,false,0.01396064186457927,0.01396064186457927,false
255,true,0.9780057966172868,-524194.46754941845,531152.8903957115,-0.07982310513034463,-0.10288674850016832,8,false,0.01396064186457927,0.01396064186457927,false
255,true,0.8941135573680086,-524144.53273306397,531196.3759258549,0.18829330406151712,0.2255893952678889,8,false,0.01396064186457927,0.01396064186457927,false
255,true,0.9128399357056606,-524302.1152912399,531238.2534359298,0.14418801746796817,0.3002968057990074,8,false,0.01396064186457927,0.01396064186457927,false
255,true,1.0,-524275.5075581413,531275.8550993343,-0.3131967621156946,-0.34300876676570624,8,false,0.01396064186457927,0.01396064186457927,false
255,true,0.9613316091045746,-524183.4094581932,531201.4822431483,0.07102296862285584,0.11057874280959368,8,false,0.01396064186457927,0.01396064186457927,false
255,true,0.9605483595672138,-524229.2980497309,531128.9790456393,0.13594102126080543,0.13594102126080543,8,false,0.01396064186457927,0.01396064186457927,false
255,true,0.9983803197046888,-524277.31242741726,531258.873461478,-0.019457137095741928,-0.227358337957412,8,false,0.01396064186457927,0.01396064186457927,false
255,true,0.9938424976651735,-524328.1041251803,531404.0998873364,-0.1686502736993134,-0.2074644227977842,8,false,0.01396064186457927,0.01396064186457927,false
255,true,0.9759591877475271,-524277.91218923073,531488.0946995681,-0.02718206972349435,0.08433447894640267,8,false,0.01396064186457927,0.01396064186457927,false
255,true,0.7771600535639425,-524387.5133766583,531432.2549618037,0.32930272456724197,0.5611054793698713,8,false,0.01396064186457927,0.01396064186457927,false
255,true,0.9999006070177349,-524267.8820700135,531306.8204183753,-0.21232563734520227,-0.358954202150926,8,false,0.01396064186457927,0.01396064186457927,false
255,true,0.8748338561878028,-524304.079836723,531291.990864668,-0.11962237150873989,0.3710222989320755,8,false,0.01396064186457927,0.01396064186457927,false
255,true,0.8010984010572139,-524248.4768256364,531313.3349606616,0.1629706685198471,0.47376602957956493,8,false,0.01396064186457927,0.01396064186457927,false
255,true,0.9861297201826179,-524177.34575139073,531190.3827650982,-0.11250314232893288,-0.1854694791836664,8,false,0.01396064186457927,0.01396064186457927,false
255,true,0.9896522436094081,-524184.55396641366,531178.9105217269,-0.023983422317542136,-0.06841202627401799,8,false,0.01396064186457927,0.01396064186457927,false
255,true,0.9574859823187319,-524210.390934442,531180.5990795798,0.10077567270491272,0.12756764655932784,8,false,0.01396064186457927,0.01396064186457927,false
255,true,0.998745806722826,-524337.1424891504,531354.4093783508,-0.06809273187536746,-0.13870812626555562,8,false,0.01396064186457927,0.01396064186457927,false
255,true,0.995413625308345,-524073.6231242661,531199.3801141676,-0.03199458192102611,-0.07335910352412611,8,false,0.01396064186457927,0.01396064186457927,false
255,true,0.8840092113055374,-524116.80725889537,531172.4663675593,-0.03343165619298816,0.29034681420307606,8,false,0.01396064186457927,0.01396064186457927,false
255,true,0.8109227741643131,-524156.9819528385,531135.5494930289,0.45625895261764526,0.45625895261764526,8,false,0.01396064186457927,0.01396064186457927,false
255,true,0.9992088297075907,-524149.2194144619,531092.3168685174,0.024167909286916256,-0.45803803764283657,8,false,0.01396064186457927,0.01396064186457927,false
255,true,0.9558283578051041,-524193.7311426827,531051.9142232983,-0.0045381817035377026,-0.48594147013500333,8,false,0.01396064186457927,0.01396064186457927,false
255,true,0.9652692906572337,-524150.0464595083,531082.5645576555,0.1611507599009201,-0.49819506925996393,8,false,0.01396064186457927,0.01396064186457927,false
255,true,0.979939496523345,-524308.1121796028,531243.1965175308,0.05074229126330465,-0.651287907618098,8,false,0.01396064186457927,0.01396064186457927,false
255,true,0.9930374242600206,-524259.260835958,531293.931287058,-0.6497171149821952,-0.6912071921397,8,false,0.01396064186457927,0.01396064186457927,false
255,true,0.9811792198099081,-524201.5932215417,531184.9727007211,0.0589238207321614,0.07305265939794481,8,false,0.01396064186457927,0.01396064186457927,false
255,true,0.9918500109212697,-524179.7004768671,531288.9843952096,-0.10533221391960979,-0.10533221391960979,8,false,0.01396064186457927,0.01396064186457927,false
255,true,0.8537031419619568,-524372.0508271847,531388.1384842042,0.24816324329003692,0.3338361911009997,8,false,0.01396064186457927,0.01396064186457927,false
255,true,0.998838692140536,-524307.1238030507,531447.614991678,-0.15947304537985474,-0.24654205166734755,8,false,0.01396064186457927,0.01396064186457927,false
255,true,0.9687625627680563,-524289.2933197811,531181.5793242693,0.10555050731636584,0.12332678958773613,8,false,0.01396064186457927,0.01396064186457927,false
255,true,0.9341873925968996,-524286.0171415166,531350.9230399346,-0.0042435984360054135,0.23218960198573768,8,false,0.01396064186457927,0.01396064186457927,false
255,true,0.9858810186406389,-524267.26783665555,531347.8392015629,-0.11433638934977353,-0.19080546381883323,8,false,0.01396064186457927,0.01396064186457927,false
255,true,0.9346450163169847,-524338.3195083713,531331.7223678903,-0.061950247967615724,0.18396674480754882,8,false,0.01396064186457927,0.01396064186457927,false
255,true,0.9627787545676167,-524358.1970498565,531453.9413495216,-0.010124124702997506,0.09867462585680187,8,false,0.01396064186457927,0.01396064186457927,false
255,true,0.9368632250520277,-524247.0431070412,531385.2577341907,0.0023240188602358103,0.13833488372620195,8,false,0.01396064186457927,0.01396064186457927,false
255,true,0.9528461479516924,-524248.3709510566,531157.5659407792,0.09465226822067052,0.11302046861965209,8,false,0.01396064186457927,0.01396064186457927,false
255,true,0.8482246468491421,-524192.213147688,531241.0176624064,0.39997965353541076,0.42916771199088544,8,false,0.01396064186457927,0.01396064186457927,false
255,true,0.9991474531908042,-524127.70252774964,531092.471844411,-0.3145488554146141,-0.5035053126048297,8,false,0.01396064186457927,0.01396064186457927,false
255,true,0.9821585978143081,-524194.1517619384,531202.6697253984,-0.051119728945195675,-0.1747776394477114,8,false,0.01396064186457927,0.01396064186457927,false
255,true,0.9090859732108708,-524311.511674357,531231.7885272905,-0.06113021157216281,0.27910762932151556,8,false,0.01396064186457927,0.01396064186457927,false
255,true,0.9846796220535263,-524205.88675579196,531277.5296522405,0.07971272349823266,0.07971272349823266,8,false,0.01396064186457927,0.01396064186457927,false
255,true,0.9925781405827674,-524187.6288069727,531182.7543954945,-0.06018563453108072,-0.14881549461279064,8,false,0.01396064186457927,0.01396064186457927,false
255,true,0.9643368892178187,-524201.4135683628,531197.678395761,0.08898207521997392,0.14361276314593852,8,false,0.01396064186457927,0.01396064186457927,false
255,true,0.9996241300553261,-524317.0624720274,531147.1906537517,-0.024273625225760043,-0.18098825821653008,8,false,0.01396064186457927,0.01396064186457927,false
255,true,0.9996478773893839,-524277.6944168706,531332.1426590839,-0.04424294666387141,-0.16203522926662117,8,false,0.01396064186457927,0.01396064186457927,false
255,true,0.9628621928798144,-524293.0733567227,531267.733651597,-0.001799584599211812,0.13886121183168143,8,false,0.01396064186457927,0.01396064186457927,false
255,true,0.9937187005149959,-524292.183830608,531315.7555026552,-0.07518866227474064,-0.11097667727153748,8,false,0.01396064186457927,0.01396064186457927,false
255,true,0.9966058428518524,-524266.3608029838,531314.0161470335,0.0016867534723132849,-0.043186116963624954,8,false,0.01396064186457927,0.01396064186457927,false
255,true,0.9717102174288709,-524258.9039834392,531376.0497244109,-0.0010035904124379158,0.08024205372203141,8,false,0.01396064186457927,0.01396064186457927,false
255,true,0.9957309343254425,-524228.3061711542,531117.5856927979,-0.02199612371623516,-0.03966082725673914,8,false,0.01396064186457927,0.01396064186457927,false
255,true,0.9581544779846579,-524269.0915182088,531178.2577997543,0.012644634931348264,0.09931974473875016,8,false,0.01396064186457927,0.01396064186457927,false
255,true,0.9472257620187821,-524079.4775380039,531114.9751487665,0.10397355107124895,0.1349757295101881,8,false,0.01396064186457927,0.01396064186457927,false
255,true,0.8500398029426074,-524080.51252690743,531014.6613635583,0.28370245289988816,0.4448733563767746,8,false,0.01396064186457927,0.01396064186457927,false
255,true,0.9771130821584884,-524195.4793062536,531014.2877697248,-0.363133595790714,-0.4093825774034485,8,false,0.01396064186457927,0.01396064186457927,false
255,true,0.7491995936779666,-524362.9242828803,531313.809473076,-0.02883913298137486,0.6726257215486839,8,false,0.01396064186457927,0.01396064186457927,false
255,true,0.9322623937881547,-524394.0495729075,531433.1050969419,0.14722494292072952,0.1572980434866622,8,false,0.01396064186457927,0.01396064186457927,false
255,true,0.9999512897331295,-524209.9032101122,531334.2053280274,-0.10232650302350521,-0.16517882118932903,8,false,0.01396064186457927,0.01396064186457927,false
255,true,0.7195176710960103,-524336.9175851672,531305.6123180393,0.5439441567286849,0.7874119415646419,8,false,0.01396064186457927,0.01396064186457927,false
255,true,0.9961982221833227,-524421.0882831371,531498.713657693,-0.25794144510291517,-0.5905492450110614,8,false,0.01396064186457927,0.01396064186457927,false
255,true,0.995087763555331,-524247.5256584677,531364.4188834894,-0.2858378946548328,-0.3437632570276037,8,false,0.01396064186457927,0.01396064186457927,false
255,true,0.9387053244304094,-524236.7551509769,531238.2306684064,0.05812362697906792,0.17833054868970066,8,false,0.01396064186457927,0.01396064186457927,false
255,true,0.8559000713297764,-524179.3523515573,531215.1204138746,0.17852359148673713,0.415244051720947,8,false,0.01396064186457927,0.01396064186457927,false
255,true,0.979373698653013,-524234.5942039871,531230.2054619591,0.06688636296894401,-0.29077597707509995,8,false,0.01396064186457927,0.01396064186457927,false
255,true,0.9940546472661878,-524339.9871433433,531385.678676209,-0.30013549083378166,-0.3575179936597124,8,false,0.01396064186457927,0.01396064186457927,false
255,true,0.9984699606355256,-524139.99753981177,531247.1110355797,0.01706732460297644,-0.06869448639918119,8,false,0.01396064186457927,0.01396064186457927,false
255,true,0.9333614544012433,-524345.0470150884,531265.4178247039,0.009070832282304764,0.19716764916665852,8,false,0.01396064186457927,0.01396064186457927,false
255,true,0.9934577738327971,-524216.9736971665,531229.8675820157,-0.020319889415986836,-0.08659727871417999,8,false,0.01396064186457927,0.01396064186457927,false
255,true,0.8824213696881066,-524262.8860124827,531191.9214307709,0.06722928723320365,0.32040894497185946,8,false,0.01396064186457927,0.01396064186457927,false
255,true,0.9551583471014453,-524155.02266000706,531203.134451593,-0.009539979277178645,0.1834720061160624,8,false,0.01396064186457927,0.01396064186457927,false
255,true,0.9535666866961434,-524178.1008989739,531068.9503183825,0.05902798648457974,0.1864750311942771,8,false,0.01396064186457927,0.01396064186457927,false
255,true,0.9553211235870327,-524265.513907095,531271.7230856266,-0.14431575231719762,-0.1866474187700078,8,false,0.01396064186457927,0.01396064186457927,false
255,true,0.7742200991868303,-524271.28558726294,531399.4607917261,0.5140061520505697,0.5763775045052171,8,false,0.01396064186457927,0.01396064186457927,false
255,true,0.9099139292557741,-524123.6934858661,531200.7937396636,-0.5411713153589517,-0.5678938683122396,8,false,0.01396064186457927,0.01396064186457927,false
255,true,0.7190780327180231,-524125.429916544,531036.390286329,0.04278881230857223,0.7351676630787551,8,false,0.01396064186457927,0.01396064186457927,false
255,true,0.5931884703076059,-524253.746530341,531106.7940089557,0.32659136678557843,1.297334248200059,8,false,0.01396064186457927,0.01396064186457927,false
255,true,0.9601761458286698,-524287.65873155586,531357.0731836457,0.03700564056634903,-0.38523281132802367,8,false,0.01396064186457927,0.01396064186457927,false
255,true,0.952188674299416,-524257.27508919797,531387.4999798497,-0.12419597757980227,-0.4253394042607397,8,false,0.01396064186457927,0.01396064186457927,false
255,true,0.684665022271423,-524208.51290934725,531255.3042371914,-0.27200425730552524,1.1037216815166175,8,false,0.01396064186457927,0.01396064186457927,false
255,true,0.8808536376952608,-524340.2621550616,531381.9633831048,0.21457635681144893,0.29394611390307546,8,false,0.01396064186457927,0.01396064186457927,false
255,true,0.9102199274725591,-524281.98965146736,531274.6229674384,0.28068782086484134,0.30914714897517115,8,false,0.01396064186457927,0.01396064186457927,false
255,true,0.9886576606972499,-524243.16696892114,531238.9882950244,-0.4758255189517513,-0.5188379440223798,8,false,0.01396064186457927,0.01396064186457927,false
255,true,0.9882229727055065,-524232.0333338943,531225.8832755554,-0.025419138371944427,0.0599517235532403,8,false,0.01396064186457927,0.01396064186457927,false
255,true,0.9851751287408121,-524338.6774294747,531322.9335439584,0.00920609850436449,0.048059565015137196,8,false,0.01396064186457927,0.01396064186457927,false
255,true,0.9555896960463925,-524236.03649474116,531263.5392612088,0.013377979164943099,0.12110826035495847,8,false,0.01396064186457927,0.01396064186457927,false
255,true,0.9987499029984834,-524195.54274128523,531113.9926863842,-0.012121201842091978,-0.06003381288610399,8,false,0.01396064186457927,0.01396064186457927,false
255,true,0.9332881794983661,-524236.54938257363,531234.5131731532,0.053205153089948,0.1736413100734353,8,false,0.01396064186457927,0.01396064186457927,false
255,true,0.9920773835594887,-524236.2561567449,531252.2640664252,-0.01189443003386259,-0.08464527199976146,8,false,0.01396064186457927,0.01396064186457927,false
255,true,0.9899616730990585,-524177.6573716791,531186.5153867668,0.017471383907832205,-0.0711711443727836,8,false,0.01396064186457927,0.01396064186457927,false
255,true,0.9800103251411043,-524139.09536977357,531064.5516257173,-0.010384235996752977,-0.09849623509217054,8,false,0.01396064186457927,0.01396064186457927,false
255,true,0.9389658333966139,-524134.0862791314,531049.8564448699,0.06818890303838998,0.18668710987549275,8,false,0.01396064186457927,0.01396064186457927,false
255,true,0.988192364889729,-524202.8321026635,531169.7317343686,-0.017999001895077527,-0.15181051357649267,8,false,0.01396064186457927,0.01396064186457927,false
255,true,0.4704482682458787,-524148.69069242425,531099.9464462624,1.523361766594462,2.1860151814762503,8,false,0.01396064186457927,0.01396064186457927,false
255,true,0.9899238326652607,-524136.3252403839,531249.0448991931,-1.641672272933647,-1.649216864258051,8,false,0.01396064186457927,0.01396064186457927,false
255,true,0.9953650984775941,-524181.3969249879,531119.272766612,-0.011264025466516614,0.023817261215299368,8,false,0.01396064186457927,0.01396064186457927,false
255,true,0.9406036037714851,-524190.0572195378,531162.8296809848,0.11083570925984532,0.1306340079754591,8,false,0.01396064186457927,0.01396064186457927,false
255,true,0.8721080492902011,-524166.91503953695,531139.8488864608,0.2772823788691312,0.37630331330001354,8,false,0.01396064186457927,0.01396064186457927,false
255,true,0.9885414689262925,-524186.3100412726,531160.2280128142,-0.384644249570556,-0.3861529679270461,8,false,0.01396064186457927,0.01396064186457927,false
255,true,0.9975318104029414,-524174.76931517525,531144.7476225493,-0.0011480286484584212,0.014696129597723484,8,false,0.01396064186457927,0.01396064186457927,false
255,true,0.9392226228872509,-524159.70612123923,531208.0111601346,0.06832806882448494,0.13246600376442075,8,false,0.01396064186457927,0.01396064186457927,false
255,true,0.9390728797076422,-524119.8914400288,531084.1437810166,0.06475904805120081,0.19373530230950564,8,false,0.01396064186457927,0.01396064186457927,false
255,true,0.9990979584434405,-524270.0249252682,531119.5208854802,-0.06293496559374034,-0.1452481943415478,8,false,0.01396064186457927,0.01396064186457927,false
255,true,0.9977915719411817,-524266.6957223481,531330.4135600681,-0.011620456469245255,-0.0642576381796971,8,false,0.01396064186457927,0.01396064186457927,false
255,true,0.8636144956495466,-524161.00483697094,531172.9365203104,0.23521742864977568,0.35533388622570783,8,false,0.01396064186457927,0.01396064186457927,false
255,true,0.9938534048483477,-524312.9048136742,531307.6536963449,-0.25531670660711825,-0.3003683350980282,8,false,0.01396064186457927,0.01396064186457927,false
255,true,0.9931264265190195,-524247.15088985686,531288.5150014248,0.015273003838956356,0.03901203430723399,8,false,0.01396064186457927,0.01396064186457927,false
255,true,0.9684740329381498,-524227.59205640305,531233.5905758048,0.03153661347460002,0.09866687713656574,8,false,0.01396064186457927,0.01396064186457927,false
255,true,0.8631920605605087,-524268.9674326225,531305.5880456499,0.3534427222330123,0.3649487446527928,8,false,0.01396064186457927,0.01396064186457927,false
255,true,0.9751605706466444,-524384.5427383649,531412.9461525717,-0.4026688256999478,-0.4308370075887069,8,false,0.01396064186457927,0.01396064186457927,false
255,true,0.9529423675501568,-524386.9109038048,531339.2176849,0.07137753895949572,0.1284541350323707,8,false,0.01396064186457927,0.01396064186457927,false
255,true,0.6897843692361465,-524348.1106899196,531374.1475533484,-0.07479639223311096,0.9338211994618177,8,false,0.01396064186457927,0.01396064186457927,false
255,true,0.8963962038637382,-524214.5007691505,531280.1235081356,0.039234009804204106,0.2524331017630175,8,false,0.01396064186457927,0.01396064186457927,false
255,true,0.9660639174482071,-524225.5206124897,531308.9692077357,0.09795380814466625,0.11176290025468916,8,false,0.01396064186457927,0.01396064186457927,false
255,true,0.7940123535899788,-524274.50975987857,531388.0236701109,0.3870334482053295,0.6197668780805543,8,false,0.01396064186457927,0.01396064186457927,false
255,true,0.973464340596334,-524207.2648773295,531242.5413807489,0.07627223921008408,-0.5547002954408526,8,false,0.01396064186457927,0.01396064186457927,false
255,true,0.9969466405699113,-524069.51669046277,531048.3315385466,-0.13158794899936765,-0.636316703283228,8,false,0.01396064186457927,0.01396064186457927,false
255,true,0.9677520332213572,-524219.11030800414,531100.5971345889,-0.24690414569340646,-0.49403670022729784,8,false,0.01396064186457927,0.01396064186457927,false
255,true,0.8798226869426702,-524080.32288939104,531152.2803058919,0.3326384867541492,0.4090794430812821,8,false,0.01396064186457927,0.01396064186457927,false
255,true,0.969956658370289,-524217.3252143738,531051.519406307,-0.05259894812479615,-0.5934940807055682,8,false,0.01396064186457927,0.01396064186457927,false
255,true,0.9975371129943794,-524316.7823756766,531289.8483091025,-0.07246926066000015,-0.533091985154897,8,false,0.01396064186457927,0.01396064186457927,false
255,true,0.9994154673065042,-524234.2918390835,531234.4914916104,-0.38561678503174335,-0.4582641375018284,8,false,0.01396064186457927,0.01396064186457927,false
255,true,0.9274375860313019,-524219.72794384026,531204.7848233605,0.010818778187967837,0.21086791064590216,8,false,0.01396064186457927,0.01396064186457927,false
255,true,0.9403733646647069,-524172.2421066338,531179.8948112852,0.0964931781636551,0.17969481111504138,8,false,0.01396064186457927,0.01396064186457927,false
255,true,0.972845901191113,-524415.2871630547,531335.1116885704,0.024760588188655674,-0.189758644788526,8,false,0.01396064186457927,0.01396064186457927,false
255,true,0.9943127812001611,-524238.6145010162,531432.4829823396,0.037028952268883586,-0.20779752742964774,8,false,0.01396064186457927,0.01396064186457927,false
255,true,0.8575434830036835,-524100.1068245967,531054.1185191291,0.39487393270246685,0.46568674605805427,8,false,0.01396064186457927,0.01396064186457927,false
255,true,0.991345513982266,-524361.6519045134,531274.8497718265,-0.6204278800869361,-0.6495436027180403,8,false,0.01396064186457927,0.01396064186457927,false
255,true,0.9838935389159364,-524422.657236071,531314.7879030792,0.03401694411877543,0.05853903398383409,8,false,0.01396064186457927,0.01396064186457927,false
255,true,0.7756301354827415,-524400.3588316637,531407.2554354211,0.30148214800283313,0.5958238325547427,8,false,0.01396064186457927,0.01396064186457927,false
255,true,0.9950749592706557,-524063.72569649195,531250.9367780177,-0.3591923760250211,-0.37014902546070516,8,false,0.01396064186457927,0.01396064186457927,false
255,true,0.9482750300076668,-524212.37692147604,531013.3287380397,0.052573355729691684,0.12389581080060452,8,false,0.01396064186457927,0.01396064186457927,false
255,true,0.9908167567262371,-524210.6140439417,531307.3158386976,-0.03389141766820103,0.057280216133221984,8,false,0.01396064186457927,0.01396064186457927,false
255,true,0.9819665545719863,-524158.81866152625,531143.4805101216,0.0011021893005818129,0.05987627524882555,8,false,0.01396064186457927,0.01396064186457927,false
255,true,0.9682036391030978,-524138.28600542666,531142.1306475744,0.03656560427043587,0.08299085265025496,8,false,0.01396064186457927,0.01396064186457927,false
255,true,0.9882379467532069,-524090.84182243026,531015.9571881157,-0.03000277280807495,-0.06833976646885276,8,false,0.01396064186457927,0.01396064186457927,false
255,true,0.972676695271548,-524189.1391934555,531144.0839295721,0.047737780841998756,0.07942226529121399,8,false,0.01396064186457927,0.01396064186457927,false
255,true,0.9300012202207443,-524221.253907024,531174.9902043163,0.12973803689237684,0.19946164323482662,8,false,0.01396064186457927,0.01396064186457927,false
255,true,0.9997615671819328,-524252.27918444976,531160.756226917,-0.20291631238069385,-0.20938347897026688,8,false,0.01396064186457927,0.01396064186457927,false
255,true,0.9550611543892396,-524145.49079132435,531341.7709822536,0.028066074359230697,0.10247970337513834,8,false,0.01396064186457927,0.01396064186457927,false
255,true,0.4999628501754752,-524211.3219275629,531159.7934348739,0.13815595675259829,1.7669345667818561,8,false,0.01396064186457927,0.01396064186457927,false
255,true,0.9812623653518204,-524252.94357761083,531123.3646145803,-0.004651216906495392,-0.17521302646491677,8,false,0.01396064186457927,0.01396064186457927,false
255,true,0.9997108313626408,-524236.02484676114,531085.9349764321,-0.013777564279735088,-0.17954448179807514,8,false,0.01396064186457927,0.01396064186457927,false
255,true,0.9988449096681796,-524227.0797868887,531051.9392188753,-0.04830068338196725,-0.16717119293753058,8,false,0.01396064186457927,0.01396064186457927,false
255,true,0.9910638621144137,-524232.74736727565,531089.0884299389,-0.07942808663938195,-0.1064796393038705,8,false,0.01396064186457927,0.01396064186457927,false
255,true,0.6027767261347724,-524245.6260008555,531245.3559816341,0.05804105580318719,1.1744083957746625,8,false,0.01396064186457927,0.01396064186457927,false
255,true,0.8237507291029328,-524258.7121971215,531468.0668457096,0.28248721873387694,0.4708213486010209,8,false,0.01396064186457927,0.01396064186457927,false
255,true,0.9268342246163049,-524210.4209333843,531275.7917160114,-0.2831545788794756,-0.3538736948976293,8,false,0.01396064186457927,0.01396064186457927,false
255,true,0.9706843440500491,-524161.37542311614,531210.671541529,0.057011586613953114,0.10912448260933161,8,false,0.01396064186457927,0.01396064186457927,false
255,true,0.9401142126461043,-524258.429392418,531223.9874274621,-0.09881513356231153,0.19975951861124486,8,false,0.01396064186457927,0.01396064186457927,false
255,true,0.9978060970591907,-524073.7059054508,531117.9251874184,-0.01629246526863426,-0.05129593936726451,8,false,0.01396064186457927,0.01396064186457927,false
255,true,0.9839152544814941,-524248.68975798524,531160.3324657228,0.03852911607827991,0.057427676976658404,8,false,0.01396064186457927,0.01396064186457927,false
255,true,0.9959230086018683,-524282.1830905865,531227.5978549157,-0.005931471940129995,-0.060668590129353106,8,false,0.01396064186457927,0.01396064186457927,false
255,true,0.9965778437154097,-524360.1063414363,531411.62378107,0.008265846641734242,-0.05024079908616841,8,false,0.01396064186457927,0.01396064186457927,false
255,true,0.9665593131351001,-524389.8767311057,531556.1149448514,0.033954087644815445,0.10249582002870739,8,false,0.01396064186457927,0.01396064186457927,false
255,true,0.9640970756465158,-524346.5131599708,531516.6592738582,0.0806371538201347,0.12410188280045986,8,false,0.01396064186457927,0.01396064186457927,false
255,true,0.9364917734478374,-524326.9160442313,531469.435809068,-0.047947839251719415,0.22482977283652872,8,false,0.01396064186457927,0.01396064186457927,false
255,true,0.9764452291493546,-524376.1060343288,531413.0423691251,0.040377293014898896,0.12506325403228402,8,false,0.01396064186457927,0.01396064186457927,false
255,true,0.9609717253231599,-524360.584316753,531510.8574589146,-0.09551911312155426,-0.16509038920048624,8,false,0.01396064186457927,0.01396064186457927,false
255,true,0.9553536011490141,-524260.4916907758,531296.6626365433,0.017336713965050876,0.15034025302156806,8,false,0.01396064186457927,0.01396064186457927,false
255,true,0.9867408355277655,-524184.86019993847,531253.4430917088,0.025146127096377313,0.08327823877334595,8,false,0.01396064186457927,0.01396064186457927,false
255,true,0.8760361730205484,-524166.1117787186,531149.6280886799,0.1950691684614867,0.3728932826779783,8,false,0.01396064186457927,0.01396064186457927,false
255,true,0.9982904702018895,-524154.15213256713,531120.9209197531,-5.493115168064833e-5,-0.305622911429964,8,false,0.01396064186457927,0.01396064186457927,false
255,true,0.9820384476571222,-524233.5616868518,531235.8611288726,-0.012663428322412074,-0.3097702350933105,8,false,0.01396064186457927,0.01396064186457927,false
255,true,0.9658719415799252,-524243.82304749085,531215.5204874967,-0.1716932455310598,-0.2882945159217343,8,false,0.01396064186457927,0.01396064186457927,false
255,true,0.9904542671893944,-524251.2869388916,531269.5389508117,0.02015360665973276,-0.1167423689039424,8,false,0.01396064186457927,0.01396064186457927,false
255,true,0.9050664376889187,-524314.4422782513,531213.324625089,-0.14122508245054632,0.2910382077097893,8,false,0.01396064186457927,0.01396064186457927,false
255,true,0.980388199998886,-524176.51949172234,531278.6587671175,0.027816348243504763,0.05282723775599152,8,false,0.01396064186457927,0.01396064186457927,false
255,true,0.9442166595119171,-524193.4756016648,531074.2307206446,0.09781038342043757,0.1534830960445106,8,false,0.01396064186457927,0.01396064186457927,false
255,true,0.9775947094578482,-524173.18684224127,531250.8794676956,-0.11710021877661347,-0.13652994064614177,8,false,0.01396064186457927,0.01396064186457927,false
255,true,0.9752134335829145,-524171.70445061283,531153.8052106252,0.03513306123204529,0.06083207402843982,8,false,0.01396064186457927,0.01396064186457927,false
255,true,0.8868418822859464,-524186.59209203545,531073.0404539808,0.03172559360973537,0.28411000105552375,8,false,0.01396064186457927,0.01396064186457927,false
255,true,0.980707949052769,-524336.0023634029,531292.8977827727,-0.011133555206470191,0.08667255693580955,8,false,0.01396064186457927,0.01396064186457927,false
255,true,0.9995118147958962,-524311.6778599442,531332.3287619696,-0.024164409725926816,-0.07987650181166828,8,false,0.01396064186457927,0.01396064186457927,false
255,true,0.975394365174861,-524205.1118880905,531246.9291288108,-0.0015816985396668315,0.08761028607841581,8,false,0.01396064186457927,0.01396064186457927,false
255,true,0.9656272278222855,-524340.0770999946,531325.6353412631,0.03145560505799949,0.10725973953958601,8,false,0.01396064186457927,0.01396064186457927,false
255,true,0.9970728201993614,-524312.3944542601,531432.2923223155,-0.023608527379110456,-0.0715705188922584,8,false,0.01396064186457927,0.01396064186457927,false
255,true,0.996989986293934,-524256.6978223812,531385.3545044698,-0.03331016190350056,-0.05291093932464719,8,false,0.01396064186457927,0.01396064186457927,false
255,true,0.7542390622944183,-524156.062548686,531172.8344849161,0.3359402328496799,0.6124700685031712,8,false,0.01396064186457927,0.01396064186457927,false
255,true,0.9943759922761093,-524327.6283429371,531273.6108405592,0.06499051465652883,-0.3518137192586437,8,false,0.01396064186457927,0.01396064186457927,false
255,true,0.9702437845383445,-524275.55787921,531217.3454702477,-0.06417229492217302,-0.4141914793290198,8,false,0.01396064186457927,0.01396064186457927,false
255,true,0.9960425925367103,-524270.6430149391,531245.037747338,-0.24297502264380455,-0.3413264584960416,8,false,0.01396064186457927,0.01396064186457927,false
255,true,0.8560931951076567,-524252.66332938254,531234.1625697877,0.19495678739622235,0.40571922017261386,8,false,0.01396064186457927,0.01396064186457927,false
255,true,0.9889268298513709,-524179.02890803845,531191.8487831539,-0.2468091583577916,-0.31324737530667335,8,false,0.01396064186457927,0.01396064186457927,false
255,true,0.901760270022762,-524252.5610520574,531167.9401925382,0.2422045102575794,0.2626024499768391,8,false,0.01396064186457927,0.01396064186457927,false
255,true,0.8675354378400592,-524197.7939288095,531262.4036137455,-0.23550217656884342,0.4527247934602201,8,false,0.01396064186457927,0.01396064186457927,false
255,true,0.999391231821468,-524159.16118589265,531171.9485039795,-0.02951123216189444,-0.08259204390924424,8,false,0.01396064186457927,0.01396064186457927,false
255,true,0.9973762935344594,-524211.85353893816,531143.5467106026,-0.020048923208378255,-0.053313692449592054,8,false,0.01396064186457927,0.01396064186457927,false
255,true,0.9807181982966866,-524279.2521279034,531209.9520665823,0.00045338564086705446,0.06541301473043859,8,false,0.01396064186457927,0.01396064186457927,false
255,true,0.9776507435111214,-524214.5435122908,531316.2602259773,0.006984976818785071,0.06197590578813106,8,false,0.01396064186457927,0.01396064186457927,false
255,true,0.8031848203098615,-524171.8815437998,531158.0381425994,0.36706966685596853,0.48910617153160274,8,false,0.01396064186457927,0.01396064186457927,false
255,true,0.9980472098684603,-524143.2809512386,531089.9205875618,-0.06362983968574554,-0.399538840749301,8,false,0.01396064186457927,0.01396064186457927,false
255,true,0.9824861671546635,-524107.3542740092,531023.9491174862,-0.0946746125118807,-0.33827050612308085,8,false,0.01396064186457927,0.01396064186457927,false
255,true,0.9595626639763123,-524298.3241382816,531169.8843693192,0.06006065581459552,-0.23736459424253553,8,false,0.01396064186457927,0.01396064186457927,false
255,true,0.9987365028100701,-524437.8105709087,531439.9624323791,-0.16681669768877327,-0.29546965658664703,8,false,0.01396064186457927,0.01396064186457927,false
255,true,0.9613523380824803,-524090.25134304323,531305.0484897447,-0.13228202715981752,-0.1395872583379969,8,false,0.01396064186457927,0.01396064186457927,false
255,true,0.9498656255688475,-524119.4626758985,531041.5523162221,0.02191478875465691,0.1060910439118743,8,false,0.01396064186457927,0.01396064186457927,false
255,true,0.8453762083953091,-524109.01104166865,531138.6257678785,0.03050213714595884,0.36640709603670985,8,false,0.01396064186457927,0.01396064186457927,false
255,true,0.9804661348615081,-524135.17152749945,531045.7237031311,0.0026885574916377664,0.07473612751346081,8,false,0.01396064186457927,0.01396064186457927,false
255,true,0.9432949571446164,-524281.4358492656,531186.8296047288,0.12238917697686702,0.1581934679998085,8,false,0.01396064186457927,0.01396064186457927,false
255,true,0.9894433598382691,-524271.5889855688,531315.8558314198,0.03296781820245087,-0.17678594158496708,8,false,0.01396064186457927,0.01396064186457927,false
255,true,0.8084360993597597,-524151.12845874694,531311.7596341951,-0.17310572264250368,0.5959483778569847,8,false,0.01396064186457927,0.01396064186457927,false
255,true,0.9822338746134003,-524215.4967266549,531054.8024752727,0.0026816894533112645,0.068720065173693,8,false,0.01396064186457927,0.01396064186457927,false
255,true,0.7575575362378202,-524342.1642943842,531334.3320079717,0.18827248213347048,0.6298316756729037,8,false,0.01396064186457927,0.01396064186457927,false
255,true,0.9988880174552606,-524318.3712181206,531358.1654101459,-0.16435990075115114,-0.21564799232874066,8,false,0.01396064186457927,0.01396064186457927,false
255,true,0.605522928211955,-524252.32286922703,531246.3487266207,-0.058557051117531955,1.232056501088664,8,false,0.01396064186457927,0.01396064186457927,false
255,true,0.7139019387179961,-524433.4687533093,531464.2678291831,0.7038041152991354,0.7319446509936824,8,false,0.01396064186457927,0.01396064186457927,false
255,true,0.9915689253324533,-524438.7563006548,531524.8452666062,-0.6359175046673045,-0.6924089926760644,8,false,0.01396064186457927,0.01396064186457927,false
255,true,0.9830036061066358,-524340.731869593,531466.7961304438,-0.015251087956130505,0.08703011996112764,8,false,0.01396064186457927,0.01396064186457927,false
255,true,0.9990063081125904,-524282.40162857075,531425.7428753971,-0.05163785628974438,-0.06145086698234081,8,false,0.01396064186457927,0.01396064186457927,false
255,true,0.9635897935349704,-524363.7599655398,531431.3952280702,0.034774231375195086,0.07178113947156817,8,false,0.01396064186457927,0.01396064186457927,false
255,true,0.9959642247426801,-524333.3793057401,531331.9405254385,0.0010742101585492492,-0.042417976539582014,8,false,0.01396064186457927,0.01396064186457927,false
255,true,0.9644138659480852,-524239.45580083557,531384.2742325945,0.06950306729413569,0.0998533534584567,8,false,0.01396064186457927,0.01396064186457927,false
255,true,0.9122586023580502,-524239.6428793185,531283.7379969967,0.20745378453284502,0.27414191828574985,8,false,0.01396064186457927,0.01396064186457927,false
255,true,0.9999306916212218,-524277.7655044946,531102.9226033359,-0.0475680724484846,-0.3216926596360281,8,false,0.01396064186457927,0.01396064186457927,false
255,true,0.9945569503758916,-524279.9789845562,531358.8610857425,-0.10726333095226437,-0.26659124332945794,8,false,0.01396064186457927,0.01396064186457927,false
255,true,0.9949877561437249,-524364.529620434,531412.5406261553,-0.11597484024241567,-0.16691504733171314,8,false,0.01396064186457927,0.01396064186457927,false
255,true,0.9849327673493414,-524287.8412570044,531322.2368249005,0.04632026900071651,0.0638518868945539,8,false,0.01396064186457927,0.01396064186457927,false
255,true,0.999858282139706,-524223.758952692,531278.9155822389,-0.046889277175068855,-0.09520260349381715,8,false,0.01396064186457927,0.01396064186457927,false
255,true,0.9923688118743186,-524178.74872041406,531223.8614720963,-0.007785353693179786,0.04547044262290001,8,false,0.01396064186457927,0.01396064186457927,false
255,true,0.9668466909044964,-524186.2546716849,531013.5857343781,0.004243670729920268,0.10469461558386683,8,false,0.01396064186457927,0.01396064186457927,false
255,true,0.9728003646601471,-524367.6738287928,531393.8404153255,0.02330453135073185,0.08287490310613066,8,false,0.01396064186457927,0.01396064186457927,false
255,true,0.8640882229600324,-524345.8111369249,531396.0315393513,-0.022487180423922837,0.3464864797424525,8,false,0.01396064186457927,0.01396064186457927,false
255,true,0.9035765592448949,-524298.816995144,531368.2456358797,0.19938631856348366,0.2378631397150457,8,false,0.01396064186457927,0.01396064186457927,false
255,true,0.9907835683936084,-524182.1164246683,531176.1958138224,-0.17602603207342327,-0.24412475328426808,8,false,0.01396064186457927,0.01396064186457927,false
255,true,0.9919202420145025,-524177.5416654776,531130.667443378,-0.010448669898323715,-0.06364483153447509,8,false,0.01396064186457927,0.01396064186457927,false
255,true,0.7709354582442355,-524192.96050865395,531140.2526888592,0.24222930625546724,0.6166607716586441,8,false,0.01396064186457927,0.01396064186457927,false
255,true,0.9885697619924697,-524231.13088814827,531218.713865219,-0.22727654338814318,-0.2936198415700346,8,false,0.01396064186457927,0.01396064186457927,false
255,true,0.6051955220800739,-524315.6100447923,531203.3355476406,0.23654211161192507,1.2061206868384033,8,false,0.01396064186457927,0.01396064186457927,false
255,true,0.9998893558690081,-524276.35170180973,531248.5070241506,-0.07385424547828734,-0.30048551002983004,8,false,0.01396064186457927,0.01396064186457927,false
255,true,0.9601300586197086,-524233.57093726116,531349.5068023395,0.12054843839723617,-0.23243845626711845,8,false,0.01396064186457927,0.01396064186457927,false
255,true,0.9988624330181562,-524157.25043543096,531182.0054971717,-0.020291170454584062,-0.3534602781292051,8,false,0.01396064186457927,0.01396064186457927,false
255,true,0.9984197051912345,-524319.4107704458,531218.2800388884,-0.06352403061464429,-0.332613525679335,8,false,0.01396064186457927,0.01396064186457927,false
255,true,0.9960873193921017,-524375.9693492323,531385.3868799043,-0.15756465459708124,-0.2547824685461819,8,false,0.01396064186457927,0.01396064186457927,false
255,true,0.8963859448596304,-524283.10544037423,531348.8613537694,0.017566153896041214,0.32487790437880903,8,false,0.01396064186457927,0.01396064186457927,false
255,true,0.9962545674504302,-524275.3330172266,531362.7363227055,-0.037728477735072374,-0.11583352973684669,8,false,0.01396064186457927,0.01396064186457927,false
255,true,0.9982668936107901,-524110.4872423539,531166.1619362793,-0.036027838941663504,-0.09476132004056126,8,false,0.01396064186457927,0.01396064186457927,false
255,true,0.9685719973580713,-524162.0650659195,531055.050592766,0.03243567980825901,0.10037680144887418,8,false,0.01396064186457927,0.01396064186457927,false
255,true,0.9951099707873546,-524187.9812493856,531106.6139516662,-0.056937183951959014,-0.08642748137935996,8,false,0.01396064186457927,0.01396064186457927,false
255,true,0.7678205182454203,-524089.1852576727,531092.1167170147,0.00028459227178245783,0.6069950201781467,8,false,0.01396064186457927,0.01396064186457927,false
255,true,0.9743780144873981,-524074.98379076936,530999.5767697394,-0.029459764366038144,0.0860621155006811,8,false,0.01396064186457927,0.01396064186457927,false
255,true,0.97339405913419,-524286.46327922057,531141.9435131622,0.015507783624343574,0.06786748254671693,8,false,0.01396064186457927,0.01396064186457927,false
255,true,0.9177820651580745,-524297.0100369485,531235.4301254803,0.029933357145637274,0.19394604361150414,8,false,0.01396064186457927,0.01396064186457927,false
255,true,0.9945047348100201,-524178.6908985567,531243.4733965151,-0.012267813668586314,-0.046124611515551805,8,false,0.01396064186457927,0.01396064186457927,false
255,true,0.8700154209567701,-524262.82667800563,531221.3413411074,0.28206738573499024,0.3187459334731102,8,false,0.01396064186457927,0.01396064186457927,false
255,true,0.8603449053439489,-524166.48920344235,531183.27190639,-0.26321799762081355,0.4817308656638488,8,false,0.01396064186457927,0.01396064186457927,false
255,true,0.9188937424080328,-524179.87356546253,531027.1770783972,0.16327706829179078,0.2190088938223198,8,false,0.01396064186457927,0.01396064186457927,false
255,true,0.9980275561345449,-524358.1040142876,531325.7583323903,0.013750632060691714,-0.22013078699819744,8,false,0.01396064186457927,0.01396064186457927,false
255,true,0.9983092055347191,-524282.2834514009,531362.3690438863,-0.009856142103672028,-0.2437090198509395,8,false,0.01396064186457927,0.01396064186457927,false
255,true,0.9217417775143565,-524282.1807975538,531353.2018145608,-0.19208571908529848,0.27112277050036937,8,false,0.01396064186457927,0.01396064186457927,false
255,true,0.9959077720002447,-524306.6847120972,531293.9819372674,0.006980416364967823,-0.04329364432487637,8,false,0.01396064186457927,0.01396064186457927,false
255,true,0.9230079802605454,-524333.0719367338,531362.1511199798,-0.02818212192505598,0.18870701908599585,8,false,0.01396064186457927,0.01396064186457927,false
255,true,0.7973905898537893,-524237.09538987465,531251.1228424213,0.029602400492876768,0.4774040353950113,8,false,0.01396064186457927,0.01396064186457927,false
255,true,0.9193136234317856,-524263.3760046777,531238.4779589811,0.06992791639640927,0.2024421477690339,8,false,0.01396064186457927,0.01396064186457927,false
255,true,0.9393012821604694,-524241.35338864505,531238.0665668072,-0.012886837124824524,0.19138010230381042,8,false,0.01396064186457927,0.01396064186457927,false
255,true,0.9776481904879291,-524265.1955880629,531107.0482746717,-0.012912267702631652,-0.10772306995932013,8,false,0.01396064186457927,0.01396064186457927,false
255,true,0.8309712571892551,-524257.9044585921,531286.5380862881,0.21676920645404607,0.46239890344440937,8,false,0.01396064186457927,0.01396064186457927,false
255,true,0.9975905583000254,-524184.4259411124,531208.2663747731,-0.09071286197286099,-0.3074306782800704,8,false,0.01396064186457927,0.01396064186457927,false
255,true,0.9120379878887983,-524293.904713262,531267.7191449838,0.2202009252505377,0.3157162988791242,8,false,0.01396064186457927,0.01396064186457927,false
255,true,0.974928530461705,-524217.2456919115,531333.4448527403,-0.15887490252498537,-0.438164951861836,8,false,0.01396064186457927,0.01396064186457927,false
255,true,0.9462961823388378,-524163.7046692168,531140.1693531864,0.04494516388513148,-0.28582260105758905,8,false,0.01396064186457927,0.01396064186457927,false
255,true,0.9982854236982014,-524170.5093991401,531151.1596603898,-0.1401213458739221,-0.32027563848532736,8,false,0.01396064186457927,0.01396064186457927,false
255,true,0.9332178439371738,-524165.0635279411,531250.0787595854,0.1615236847428605,0.22587187343742698,8,false,0.01396064186457927,0.01396064186457927,false
255,true,0.9997795185668935,-524119.3994881242,531094.6545420673,-0.012430463917553425,-0.33900451892986894,8,false,0.01396064186457927,0.01396064186457927,false
255,true,0.7408008023282904,-524235.3506116327,531178.8228244768,0.34805662685539573,0.8944334961706772,8,false,0.01396064186457927,0.01396064186457927,false
255,true,0.9988874051421188,-524107.92035168165,531155.8241911307,-0.4890558102633804,-0.6723864080850035,8,false,0.01396064186457927,0.01396064186457927,false
255,true,0.869365995386844,-524133.38416024065,531019.1359871753,-0.14212751283776015,0.4108542852336541,8,false,0.01396064186457927,0.01396064186457927,false
255,true,0.9864557007359914,-524120.33844209684,530997.0365374351,0.018205419066362083,0.05875868280418217,8,false,0.01396064186457927,0.01396064186457927,false
255,true,0.9645746266843983,-524048.98165158613,531084.506039049,0.07650598313193768,0.11233201192226261,8,false,0.01396064186457927,0.01396064186457927,false
255,true,0.9836059990592947,-524159.35852560203,530917.7786038342,0.05601334245875478,-0.14369590976275504,8,false,0.01396064186457927,0.01396064186457927,false
255,true,0.9948268932606961,-524221.08225958626,531181.8789067176,-0.1582542061805725,-0.2004706086590886,8,false,0.01396064186457927,0.01396064186457927,false
255,true,0.9257429264575827,-524236.1831099181,531286.2378637035,-0.022443111869506538,0.1962875018361956,8,false,0.01396064186457927,0.01396064186457927,false
255,true,0.9613261387382447,-524243.41778595635,531237.4335863783,0.034144998295232654,0.09939497010782361,8,false,0.01396064186457927,0.01396064186457927,false
255,true,0.991867259839015,-524165.628340393,531177.7572852758,-0.003450494259595871,-0.05820015980862081,8,false,0.01396064186457927,0.01396064186457927,false
255,true,0.9362572307463863,-524164.00603811257,531176.4882222378,-0.01440671132877469,0.1758507835911587,8,false,0.01396064186457927,0.01396064186457927,false
255,true,0.8824149419583547,-524073.3480436199,531115.2887557794,0.26234631752595305,0.2820217510452494,8,false,0.01396064186457927,0.01396064186457927,false
255,true,0.9988676433977052,-524191.8937394855,530992.7070306584,-0.08250639727339149,-0.29138926311861724,8,false,0.01396064186457927,0.01396064186457927,false
255,true,0.9200759416623405,-524315.5882884839,531238.4087920644,-0.05590486142318696,0.27402402472216636,8,false,0.01396064186457927,0.01396064186457927,false
255,true,0.8771216147747635,-524220.88786412193,531215.5667484119,-0.02406198310200125,0.3684093781048432,8,false,0.01396064186457927,0.01396064186457927,false
255,true,0.9972181588727356,-524191.8703998474,531210.3612469343,-0.022241256199777126,-0.13580445607658476,8,false,0.01396064186457927,0.01396064186457927,false
255,true,0.8596796372520673,-524376.113837119,531211.2194178974,0.11066042014863342,0.39457053027581424,8,false,0.01396064186457927,0.01396064186457927,false
255,true,0.9968969892875059,-524194.8830585722,531261.1092023376,-0.0699754023225978,-0.21966865216381848,8,false,0.01396064186457927,0.01396064186457927,false
255,true,0.9845156037478934,-524247.1698109143,531231.511522113,0.01585705252364278,-0.15243852161802351,8,false,0.01396064186457927,0.01396064186457927,false
255,true,0.9886413783546698,-524195.6380492575,531103.7774323088,-0.06980088376440108,-0.16410230996552855,8,false,0.01396064186457927,0.01396064186457927,false
255,true,0.9999434676282343,-524220.59290784836,531157.882667266,-0.021976051153615117,-0.09706566017121077,8,false,0.01396064186457927,0.01396064186457927,false
255,true,0.9980582214136776,-524148.16150391416,531160.7721771959,-0.05641089996788651,-0.07365689717698842,8,false,0.01396064186457927,0.01396064186457927,false
255,true,0.9879726074323607,-524330.6574490959,531244.7365586729,0.027857352513819933,0.03821961290668696,8,false,0.01396064186457927,0.01396064186457927,false
255,true,0.9354745451123418,-524366.6345095794,531406.5816578042,0.0011031972244381905,0.16241000697482377,8,false,0.01396064186457927,0.01396064186457927,false
255,true,0.8530100706241753,-524348.3338604084,531311.4645102895,0.2622706888942048,0.3665928060654551,8,false,0.01396064186457927,0.01396064186457927,false
255,true,0.7907367442253003,-524213.3044078707,531378.6064117304,0.44751925324089825,0.7029337713029236,8,false,0.01396064186457927,0.01396064186457927,false
255,true,0.9575460105099498,-524187.29410462704,531216.8915389319,-0.2831987296231091,-0.7527020592242479,8,false,0.01396064186457927,0.01396064186457927,false
255,true,0.9949417308644245,-524362.2606381633,531332.224739331,-0.1527480601798743,-0.46549387252889574,8,false,0.01396064186457927,0.01396064186457927,false
255,true,0.9879521640819895,-524200.9848818682,531324.4388210187,-0.2808716525323689,-0.31057417148258537,8,false,0.01396064186457927,0.01396064186457927,false
255,true,0.9655388767874914,-524218.1322975596,531195.1151051382,0.07528100220952183,0.08786726859398186,8,false,0.01396064186457927,0.01396064186457927,false
255,true,0.8458405757187195,-524231.39163592237,531136.7719372276,0.02185442508198321,0.43009139061905444,8,false,0.01396064186457927,0.01396064186457927,false
255,true,0.9781383464900526,-524206.5365674158,531218.0588075544,-0.06453568185679615,-0.13106456759851426,8,false,0.01396064186457927,0.01396064186457927,false
255,true,0.901079793192777,-524210.1963763623,531222.848396521,0.20670597918797284,0.26654272887390107,8,false,0.01396064186457927,0.01396064186457927,false
255,true,0.9996797700387491,-524296.7773641235,531203.3736757687,-0.2462645045015961,-0.27183182118460536,8,false,0.01396064186457927,0.01396064186457927,false
255,true,0.8500994174810814,-524093.46643318154,531257.7291529606,0.041307309409603477,0.3649452669778839,8,false,0.01396064186457927,0.01396064186457927,false
255,true,0.9273697438660217,-524312.320866832,531132.2083550901,0.16321284731384367,0.2245635015424341,8,false,0.01396064186457927,0.01396064186457927,false
255,true,0.9755957940994835,-524370.0827415502,531369.9489376091,0.08326313504949212,-0.21580484230071306,8,false,0.01396064186457927,0.01396064186457927,false
255,true,0.9989469520581915,-524381.809768405,531546.337762141,-0.05137513019144535,-0.30443210899829865,8,false,0.01396064186457927,0.01396064186457927,false
255,true,0.9348988219189334,-524379.0163090662,531590.8524958625,0.23607591388281435,-0.2471976822707802,8,false,0.01396064186457927,0.01396064186457927,false
255,true,0.9843913218449647,-524128.73484566424,531305.0987382039,-0.14395460090599954,-0.5087579711107537,8,false,0.01396064186457927,0.01396064186457927,false
255,true,0.9590689643968779,-524142.483271985,531050.5624203734,-0.33384861948434263,-0.36920145410113037,8,false,0.01396064186457927,0.01396064186457927,false
255,true,0.9473120375134154,-524072.5002979842,531271.1929199776,0.06157201749738306,0.12595860636793077,8,false,0.01396064186457927,0.01396064186457927,false
255,true,0.9889090056114326,-524168.19120425306,531106.1755977406,0.041465819580480456,-0.08062111865729094,8,false,0.01396064186457927,0.01396064186457927,false
255,true,0.9853307235414872,-524157.2422622481,531192.7695459239,0.007165383081883192,-0.1218259334564209,8,false,0.01396064186457927,0.01396064186457927,false
255,true,0.8858846493374515,-524242.5286706838,531186.7057702659,0.2906211244408041,0.35349204763770103,8,false,0.01396064186457927,0.01396064186457927,false
255,true,0.999097556236733,-524164.20836264343,531239.4925837048,-0.379951735609211,-0.41504788445308805,8,false,0.01396064186457927,0.01396064186457927,false
255,true,0.9629816254595052,-524328.4582809348,531336.8668882155,0.0010150677990168333,0.11240664042998105,8,false,0.01396064186457927,0.01396064186457927,false
255,true,0.6618806120101054,-524430.8306240815,531456.5827059475,0.8977383959572762,0.9510707199806347,8,false,0.01396064186457927,0.01396064186457927,false
255,true,0.9940706674000278,-524334.8675462361,531307.8974910596,-0.8892129353480414,-0.9428970935987309,8,false,0.01396064186457927,0.01396064186457927,false
255,true,0.999163855408102,-524468.3660844238,531527.1320450457,-0.012801294215023518,-0.058168257819488645,8,false,0.01396064186457927,0.01396064186457927,false
255,true,0.8705122765918166,-524246.7012017321,531456.8956596149,0.08854029176291078,0.32613821781706065,8,false,0.01396064186457927,0.01396064186457927,false
255,true,0.9995253407397853,-524166.87645044544,531133.3551084381,-0.010160934063605964,-0.15376152598764747,8,false,0.01396064186457927,0.01396064186457927,false
255,true,0.9982698548679543,-524270.1019887868,531194.5552126084,-0.006427891901694238,-0.13516296190209687,8,false,0.01396064186457927,0.01396064186457927,false
255,true,0.9708319796324776,-524267.1250766533,531315.1262246525,0.007958757574670017,-0.1222721345257014,8,false,0.01396064186457927,0.01396064186457927,false
255,true,0.9563498647439342,-524322.606954419,531233.3163272286,-0.05918928887695074,0.17110642662737519,8,false,0.01396064186457927,0.01396064186457927,false
255,true,0.755253767508331,-524190.9854769962,531278.123686781,0.2251513311639428,0.6395456528989598,8,false,0.01396064186457927,0.01396064186457927,false
255,true,0.9697487936772134,-524134.03632134915,531051.3866214285,0.1272439465392381,-0.28927787742577493,8,false,0.01396064186457927,0.01396064186457927,false
255,true,0.9966831609846526,-524175.7476019593,531122.5723191946,-0.37853233562782407,-0.4089243969647214,8,false,0.01396064186457927,0.01396064186457927,false
255,true,0.9915290919500452,-524094.44813815114,531167.1422430236,-0.034624183317646384,-0.05592260626144707,8,false,0.01396064186457927,0.01396064186457927,false
255,true,0.8557436137629363,-524079.80716391676,530893.0904265196,0.20271847862750292,0.3483947749482468,8,false,0.01396064186457927,0.01396064186457927,false
255,true,0.9236191301252233,-524347.7476045801,531181.2278175685,0.2485926584340632,0.27212947397492826,8,false,0.01396064186457927,0.01396064186457927,false
255,true,0.9927606243899183,-524180.34207635396,531278.3654939694,0.02082756592426449,-0.4637999633559957,8,false,0.01396064186457927,0.01396064186457927,false
255,true,0.9999648692983879,-524129.32792281685,531062.3116003172,-0.37955811829306185,-0.4895965997129679,8,false,0.01396064186457927,0.01396064186457927,false
255,true,0.921775761914183,-524275.0833080994,531176.6641909605,-0.059966198983602226,0.23051515175029635,8,false,0.01396064186457927,0.01396064186457927,false
255,true,0.9918667600401573,-524204.76107467525,531215.3835371274,-0.0025735641829669476,0.05332446924876422,8,false,0.01396064186457927,0.01396064186457927,false
255,true,0.9428125805511911,-524154.2415582714,531121.8465424458,0.10251823242288083,0.15744311246089637,8,false,0.01396064186457927,0.01396064186457927,false
255,true,0.9412210475551688,-524202.4103637152,531085.4143696836,-0.04886403155978769,0.19457475317176431,8,false,0.01396064186457927,0.01396064186457927,false
255,true,0.9949586211430279,-524134.1940152045,531330.1668975683,-0.036286591086536646,-0.07895616092719138,8,false,0.01396064186457927,0.01396064186457927,false
255,true,0.9954380662339685,-524203.8750341308,531097.3046068102,-0.016071878490038216,-0.06375821877736598,8,false,0.01396064186457927,0.01396064186457927,false
255,true,0.9823349381789891,-523990.1769824626,531010.6599217621,-0.017473456799052656,0.06605049676727504,8,false,0.01396064186457927,0.01396064186457927,false
255,true,0.9448821838577924,-524194.5856375877,531042.8792699035,0.030699040624313056,0.1360229488927871,8,false,0.01396064186457927,0.01396064186457927,false
255,true,0.9636878424881984,-524184.31293326674,530963.2818866838,0.0024625196820124984,0.11603644897695631,8,false,0.01396064186457927,0.01396064186457927,false
255,true,0.9515623156848483,-524258.446720153,531174.446448268,0.04256650689058006,0.14144446945283562,8,false,0.01396064186457927,0.01396064186457927,false
255,true,0.9984148932183732,-524135.37441808457,531193.2818028358,0.01654696266632527,-0.1108454056084156,8,false,0.01396064186457927,0.01396064186457927,false
255,true,0.8987892745577652,-524217.00348805345,531140.4752111947,0.22948442003689706,0.28960068128071725,8,false,0.01396064186457927,0.01396064186457927,false
255,true,0.9733745462946731,-524196.2979613872,531194.3550172047,-0.038153136149048805,-0.35579901363234967,8,false,0.01396064186457927,0.01396064186457927,false
255,true,0.9999523783230795,-524174.66410577897,531153.5730569747,-0.1551098609343171,-0.31108933477662504,8,false,0.01396064186457927,0.01396064186457927,false
255,true,0.9944074737468511,-524169.92301934544,531149.744531728,-0.1245739565929398,-0.14947911608032882,8,false,0.01396064186457927,0.01396064186457927,false
255,true,0.8387479485806238,-524170.9081483161,531115.8059924423,0.005615059286355972,0.37898003577720374,8,false,0.01396064186457927,0.01396064186457927,false
255,true,0.9164829442632777,-524169.2895410317,531109.1532794646,0.002114253002218902,0.21568871894851327,8,false,0.01396064186457927,0.01396064186457927,false
255,true,0.9666598181415639,-524187.9554144889,531080.0464179898,0.03268219775054604,0.10431803436949849,8,false,0.01396064186457927,0.01396064186457927,false
255,true,0.8468803164670979,-524246.69140209066,531178.644804318,0.0506137628108263,0.40562624705489725,8,false,0.01396064186457927,0.01396064186457927,false
255,true,0.8332178937009289,-524283.6585112193,531296.1651557741,0.2624171490315348,0.4632734009064734,8,false,0.01396064186457927,0.01396064186457927,false
255,true,0.9996243595085533,-524124.2071376823,531140.0844245879,-0.1779741490026936,-0.3739752523833886,8,false,0.01396064186457927,0.01396064186457927,false
255,true,0.9832401284388512,-524227.7807371466,531299.3435004923,-0.1446732593467459,-0.21442673995625228,8,false,0.01396064186457927,0.01396064186457927,false
255,true,0.8069435292876668,-524292.2070916364,531289.3084185763,-0.01889684482011944,0.4926514500984922,8,false,0.01396064186457927,0.01396064186457927,false
255,true,0.998351268358404,-524462.8683481534,531492.4664552687,-0.013655990245752037,-0.03845778328832239,8,false,0.01396064186457927,0.01396064186457927,false
255,true,0.9889624750591305,-524399.1316038131,531418.0730536979,0.007472878322005272,0.037079333094879985,8,false,0.01396064186457927,0.01396064186457927,false
255,true,0.8024906253802614,-524352.003355031,531508.2068162641,0.39984805788844824,0.47939046064857394,8,false,0.01396064186457927,0.01396064186457927,false
255,true,0.99733457681429,-524312.8638346476,531432.262374853,-0.2407222978072241,-0.43157815595623106,8,false,0.01396064186457927,0.01396064186457927,false
255,true,0.8710268433456617,-524366.1572636442,531445.6016040195,0.36631241417489946,0.41218696266878396,8,false,0.01396064186457927,0.01396064186457927,false
255,true,0.9947565275921424,-524302.3016118645,531395.6674165579,-0.5350464150542393,-0.545100225135684,8,false,0.01396064186457927,0.01396064186457927,false
255,true,0.9985560491176038,-524143.2893219174,531234.2347819459,-0.009497454389929771,-0.03414423868525773,8,false,0.01396064186457927,0.01396064186457927,false
255,true,0.9514445408303054,-524227.65433126845,531125.6455605858,0.11117531906347722,0.12052021163981408,8,false,0.01396064186457927,0.01396064186457927,false
255,true,0.9514976212297601,-524175.83723013283,531238.9859603968,-0.04787196160759777,0.1723746795905754,8,false,0.01396064186457927,0.01396064186457927,false
255,true,0.944921596990849,-524305.547277745,531179.7496091533,0.12185986246913671,0.1690470586763695,8,false,0.01396064186457927,0.01396064186457927,false
255,true,0.9534724251524178,-524241.12242417637,531332.3178234034,-0.07218982593622059,-0.20313976786565036,8,false,0.01396064186457927,0.01396064186457927,false
255,true,0.9442597981868622,-524395.0536208241,531428.6588451993,0.03085981693584472,0.19761499227024615,8,false,0.01396064186457927,0.01396064186457927,false
255,true,0.9979154087465855,-524382.4912114985,531505.4477971321,-0.12755322584416717,-0.15323346212971956,8,false,0.01396064186457927,0.01396064186457927,false
255,true,0.992018872935251,-524105.8617146486,531340.3615336338,0.010336282663047314,-0.04575819079764187,8,false,0.01396064186457927,0.01396064186457927,false
255,true,0.8912329415332942,-524108.34500253736,531184.9950893377,0.17528872226830572,0.2720277699409053,8,false,0.01396064186457927,0.01396064186457927,false
255,true,0.9970394977050991,-524177.65372483345,531087.2045931312,-0.10249982553068548,-0.21272723656147718,8,false,0.01396064186457927,0.01396064186457927,false
255,true,0.9728977865691566,-524213.171825175,531158.5037049585,-0.033309875638224185,0.10997961228713393,8,false,0.01396064186457927,0.01396064186457927,false
255,true,0.9736767920792415,-524263.1066375039,531357.5539401282,-0.0238945143064484,0.12378295231610537,8,false,0.01396064186457927,0.01396064186457927,false
255,true,0.9983644215754932,-524188.0691372812,531178.5612719033,-0.02008094172924757,-0.06530170200858265,8,false,0.01396064186457927,0.01396064186457927,false
255,true,0.9635487654092939,-524217.36924269324,531239.749322544,0.029721715953201056,0.10469570581335574,8,false,0.01396064186457927,0.01396064186457927,false
255,true,0.9862841617555176,-524158.49200794485,531175.2932690207,0.03351824241690338,-0.07172993128187954,8,false,0.01396064186457927,0.01396064186457927,false
255,true,0.9829285860346418,-524076.89447867696,530999.0269715346,0.07520586671307683,-0.10370033129584044,8,false,0.01396064186457927,0.01396064186457927,false
255,true,0.9986123123122453,-524195.87751031807,531068.1743641589,-0.026482434710487723,-0.17281496082432568,8,false,0.01396064186457927,0.01396064186457927,false
255,true,0.9990118722798035,-524208.4736604962,531166.8363327184,-0.08668359892908484,-0.1542760987067595,8,false,0.01396064186457927,0.01396064186457927,false
255,true,0.9841867677034166,-524187.67275537323,531121.1519988984,0.048210299806669354,-0.0705632041208446,8,false,0.01396064186457927,0.01396064186457927,false
255,true,0.9880561336747222,-524224.88181748986,531210.0833351207,0.029125531087629497,-0.12672988476697356,8,false,0.01396064186457927,0.01396064186457927,false
255,true,0.6068552738857419,-524167.7965049817,531149.411829438,0.07818075327668339,1.337164007825777,8,false,0.01396064186457927,0.01396064186457927,false
255,true,0.9942874890831792,-524269.0311692551,531188.9583740899,-0.06062959448900074,-0.2219371993560344,8,false,0.01396064186457927,0.01396064186457927,false
255,true,0.878254481381648,-524231.16072798386,531214.571435178,0.07919434469658881,0.3798342861700803,8,false,0.01396064186457927,0.01396064186457927,false
255,true,0.9324774646298157,-524273.55584086175,531298.1766023664,-0.20158917433582246,0.2547263610176742,8,false,0.01396064186457927,0.01396064186457927,false
255,true,0.914094385055626,-524147.4334729665,531176.7717835081,0.041134108090773225,0.21661254263017327,8,false,0.01396064186457927,0.01396064186457927,false
255,true,0.9069678322304668,-524193.6874103816,531097.2828462753,0.04596765630412847,0.2621951636392623,8,false,0.01396064186457927,0.01396064186457927,false
255,true,0.6642493731553009,-524232.4716512616,531192.3070447026,0.11633817967958748,1.039481982239522,8,false,0.01396064186457927,0.01396064186457927,false
255,true,0.9987677307982983,-524255.4317749515,531290.5143765425,-0.19000712723936886,-0.23787254618946463,8,false,0.01396064186457927,0.01396064186457927,false
255,true,0.6364121077379027,-524134.58724162553,531187.6006371977,1.0639659442240372,1.0949449131730944,8,false,0.01396064186457927,0.01396064186457927,false
255,true,0.8549234639346588,-524345.2441409477,531251.3348453715,0.34159407357219607,-1.0931328302249312,8,false,0.01396064186457927,0.01396064186457927,false
255,true,0.9629505779975944,-524145.32680212805,531197.0727010263,-1.165286256116815,-1.4454055547248572,8,false,0.01396064186457927,0.01396064186457927,false
255,true,0.9777899091785044,-524151.6113592193,531093.0217131093,0.1477462254697457,-0.2826461718650535,8,false,0.01396064186457927,0.01396064186457927,false
255,true,0.9821625542132727,-524305.7493209797,531198.0662163836,-0.3148313504643738,-0.4302416817517951,8,false,0.01396064186457927,0.01396064186457927,false
255,true,0.9589892057122638,-524398.711336193,531474.7019465,0.07741582742892206,0.16369095188565552,8,false,0.01396064186457927,0.01396064186457927,false
255,true,0.9984520121093136,-524343.5756403143,531433.1029047768,-0.07566812820732594,-0.19544116128236055,8,false,0.01396064186457927,0.01396064186457927,false
255,true,0.9969135694750351,-524277.2740655825,531535.4659665192,-0.03813790332060307,-0.12114981992635876,8,false,0.01396064186457927,0.01396064186457927,false
255,true,0.9995553310939641,-524322.1716868284,531245.7864454517,-0.03779716102872044,-0.08681114111095667,8,false,0.01396064186457927,0.01396064186457927,false
255,true,0.9771282793628276,-524239.5293047565,531086.0807432738,-0.03800781304016709,0.08834660507272929,8,false,0.01396064186457927,0.01396064186457927,false
255,true,0.9962212306270448,-524093.9643404189,531116.2306184126,-0.007445988245308399,0.030642972677014768,8,false,0.01396064186457927,0.01396064186457927,false
255,true,0.9247329323865364,-524245.97124031297,531277.8423418076,0.06313647655770183,0.16318820929154754,8,false,0.01396064186457927,0.01396064186457927,false
255,true,0.9977798654584757,-524358.036053706,531390.7045503849,-0.04563342616893351,-0.07144976290874183,8,false,0.01396064186457927,0.01396064186457927,false
255,true,0.9833325193851453,-524255.86521345354,531457.1864645748,0.01805824099574238,0.055277204839512706,8,false,0.01396064186457927,0.01396064186457927,false
255,true,0.9974509591099381,-524204.793918245,531262.9032772189,-0.00403226597700268,-0.0438452783273533,8,false,0.01396064186457927,0.01396064186457927,false
255,true,0.9230159953912738,-524285.2733058382,531211.4052783166,-0.028296295437030494,0.19494282873347402,8,false,0.01396064186457927,0.01396064186457927,false
255,true,0.969371047024869,-524262.87870265846,531414.982256751,0.06060991622507572,0.07190252933651209,8,false,0.01396064186457927,0.01396064186457927,false
255,true,0.8403183443513524,-524140.7079505795,531163.054199133,0.21138676186092198,0.4321723859757185,8,false,0.01396064186457927,0.01396064186457927,false
255,true,0.9963683243473016,-524186.8917573939,531119.1063581172,-0.2596400660695508,-0.28270330803934485,8,false,0.01396064186457927,0.01396064186457927,false
255,true,0.9839475767285726,-524323.4789559213,531295.1814207966,0.008718546712771058,0.048077667597681284,8,false,0.01396064186457927,0.01396064186457927,false
255,true,0.9604794743479815,-524356.154225387,531305.5010434721,0.04120983311440796,0.10739113565068692,8,false,0.01396064186457927,0.01396064186457927,false
255,true,0.9940467057834522,-524395.025628203,531402.3596656793,0.0015549432719126344,-0.06548051361460239,8,false,0.01396064186457927,0.01396064186457927,false
255,true,0.9892068373342121,-524337.2198900798,531449.7575497609,0.016804346116259694,0.06596487388014793,8,false,0.01396064186457927,0.01396064186457927,false
255,true,0.8136389543760228,-524257.164025361,531371.6626732303,0.27948250726331025,0.4970082800136879,8,false,0.01396064186457927,0.01396064186457927,false
255,true,0.9309780404650282,-524341.0008611992,531414.1422654198,-0.2084079293999821,-0.34988983208313584,8,false,0.01396064186457927,0.01396064186457927,false
255,true,0.9876266961636515,-524298.9920120013,531348.2949140618,0.04151406011078507,-0.1475233897799626,8,false,0.01396064186457927,0.01396064186457927,false
255,true,0.9972018539489672,-524263.9457502817,531324.7004524932,-0.02827424241695553,-0.18914600578136742,8,false,0.01396064186457927,0.01396064186457927,false
255,true,0.9729718289064736,-524307.8746767069,531270.5742361412,-0.06737028667703271,-0.17489153274800628,8,false,0.01396064186457927,0.01396064186457927,false
255,true,0.9457139544613008,-524254.0365141416,531335.1998825407,-0.0828987022396177,0.17365117894951254,8,false,0.01396064186457927,0.01396064186457927,false
255,true,0.9122171653192629,-524211.42689091654,531209.4217815301,0.06517535564489663,0.20842849055770785,8,false,0.01396064186457927,0.01396064186457927,false
255,true,0.9978780707140907,-524309.0551325063,531302.656200564,0.0007061174837872386,-0.09811605128925294,8,false,0.01396064186457927,0.01396064186457927,false
255,true,0.9981444813181993,-524315.7867437067,531433.841173057,-0.007328668260015547,-0.0954931671731174,8,false,0.01396064186457927,0.01396064186457927,false
255,true,0.8470323066858255,-524157.76780053636,531272.0210144651,0.324168206891045,0.41117173701059073,8,false,0.01396064186457927,0.01396064186457927,false
255,true,0.995904205418494,-524173.52695153817,531184.1189523769,-0.017786273267120123,-0.39650125801563263,8,false,0.01396064186457927,0.01396064186457927,false
255,true,0.8631369947651311,-524140.5105798077,531117.6736461207,0.3908720761537552,0.5052381784189492,8,false,0.01396064186457927,0.01396064186457927,false
255,true,0.9938501061814669,-524193.5715796488,531125.437302692,-0.7167556845815852,-0.7783699318533763,8,false,0.01396064186457927,0.01396064186457927,false
255,true,0.7963961011753103,-524178.55028729147,531095.170232538,0.08420595433562994,0.5516591221094131,8,false,0.01396064186457927,0.01396064186457927,false
255,true,0.9869396946664802,-524194.7233204709,531162.169896425,-0.11362064385320991,-0.1466870807344094,8,false,0.01396064186457927,0.01396064186457927,false
255,true,0.9881161993487416,-524334.5425428202,531292.484284819,-0.013264840352348983,0.04952511517331004,8,false,0.01396064186457927,0.01396064186457927,false
255,true,0.9669559459925958,-524320.7258700626,531427.8744491776,0.04030064807739109,0.07808132434729487,8,false,0.01396064186457927,0.01396064186457927,false
255,true,0.991166826349984,-524196.80137334106,531237.012981796,0.016729693161323667,-0.05802386382129043,8,false,0.01396064186457927,0.01396064186457927,false
255,true,0.8115028565282145,-524252.6812469286,531209.7000589287,-0.05014028283767402,0.5048517200630158,8,false,0.01396064186457927,0.01396064186457927,false
255,true,0.9869578831042786,-524352.0299779112,531228.0387093674,0.04401355120353401,0.04951797146350145,8,false,0.01396064186457927,0.01396064186457927,false
255,true,0.9926980139167194,-524194.40195028903,531310.6363159369,-0.01818700006697327,-0.06491526868194342,8,false,0.01396064186457927,0.01396064186457927,false
255,true,0.7056997575897582,-524220.17932514934,531364.135137653,0.11134665959980339,0.8092607668368146,8,false,0.01396064186457927,0.01396064186457927,false
255,true,0.9982014136780689,-524224.844456074,531365.9586823243,0.003907317644916475,-0.15945335035212338,8,false,0.01396064186457927,0.01396064186457927,false
255,true,0.9369798551379335,-524253.57629543403,531254.8154635478,0.19821540301200002,0.22198104485869408,8,false,0.01396064186457927,0.01396064186457927,false
255,true,0.9846366647638138,-524351.30771178,531367.4124419634,-0.3159705160651356,-0.33440010622143745,8,false,0.01396064186457927,0.01396064186457927,false
255,true,0.9990324169476679,-524300.6585413284,531176.3939726896,0.000308626564219594,-0.05871699296403676,8,false,0.01396064186457927,0.01396064186457927,false
255,true,0.9390063579467718,-524233.323743519,531319.1856973316,0.12594575865659863,0.16193957650102675,8,false,0.01396064186457927,0.01396064186457927,false
255,true,0.9970047763653083,-524295.947540012,531247.9113054395,0.022736994083970785,-0.16824331018142402,8,false,0.01396064186457927,0.01396064186457927,false
255,true,0.9961466147371394,-524293.9258956098,531312.5705454766,-0.011952014407142997,-0.19014955847524107,8,false,0.01396064186457927,0.01396064186457927,false
255,true,0.9919858626988175,-524086.88164266787,531193.8269047879,-0.0992547597270459,-0.18471772177144885,8,false,0.01396064186457927,0.01396064186457927,false
255,true,0.9636893682766166,-524134.392529287,530972.6247560128,0.048051766119897366,0.13573271688073874,8,false,0.01396064186457927,0.01396064186457927,false
255,true,0.9894872193642948,-524151.5011143534,531213.3298586239,-0.03224963345564902,-0.12663625832647085,8,false,0.01396064186457927,0.01396064186457927,false
255,true,0.9869851208751346,-524362.2345593446,531361.7579360022,0.01659213483799249,-0.10689842549618334,8,false,0.01396064186457927,0.01396064186457927,false
255,true,0.9215125988176218,-524313.172857702,531336.4507981791,0.15725821524392813,0.24312395742163062,8,false,0.01396064186457927,0.01396064186457927,false
255,true,0.9354752123794118,-524180.39345385955,531408.8949408581,-0.07790121296420693,-0.25916470121592283,8,false,0.01396064186457927,0.01396064186457927,false
255,true,0.8212338628679114,-524117.4099679992,531123.2646344245,-0.12248945329338312,0.5624167587375268,8,false,0.01396064186457927,0.01396064186457927,false
255,true,0.9721975063803949,-524091.3444689848,531216.7964712896,-0.015704538207501173,0.1142387508880347,8,false,0.01396064186457927,0.01396064186457927,false
255,true,0.9333594896107644,-524102.3273350044,531148.0780070942,0.0006478384602814913,0.1925737091805786,8,false,0.01396064186457927,0.01396064186457927,false
255,true,0.9085781464506545,-524116.23956707504,531154.0570738879,0.022673659259453416,0.24789073294959962,8,false,0.01396064186457927,0.01396064186457927,false
255,true,0.7849518155309142,-524163.9517456544,531025.5757749212,0.31239095714408904,0.596105441218242,8,false,0.01396064186457927,0.01396064186457927,false
255,true,0.9925981707525002,-524223.16810451745,531162.5157604488,0.0346314141061157,-0.3971595313632861,8,false,0.01396064186457927,0.01396064186457927,false
255,true,0.9748634991035929,-524254.4102355735,531372.7972083039,-0.28155189857352525,-0.4222562996437773,8,false,0.01396064186457927,0.01396064186457927,false
255,true,0.9853692257190588,-524235.2702102293,531265.2935260463,0.05572987755294889,-0.13460854510776699,8,false,0.01396064186457927,0.01396064186457927,false
255,true,0.7956134922334241,-524178.44171734975,531202.8719329438,0.3035121727734804,0.6469969543395564,8,false,0.01396064186457927,0.01396064186457927,false
255,true,0.941195488364787,-524299.9354521093,531178.044760221,-0.4225891244132072,-0.5119215043960139,8,false,0.01396064186457927,0.01396064186457927,false
255,true,0.98067656221167,-524306.0155973819,531411.7646839195,0.027073864941485226,0.09580927551724017,8,false,0.01396064186457927,0.01396064186457927,false
255,true,0.9927435271156477,-524283.3648426501,531354.0427352887,-0.052588160266168416,-0.11786513368133456,8,false,0.01396064186457927,0.01396064186457927,false
255,true,0.9354935169457244,-524311.2698748228,531384.3977858286,0.07592230616137385,0.17408229620195925,8,false,0.01396064186457927,0.01396064186457927,false
255,true,0.8765668367226277,-524206.62348399736,531256.2298875591,-0.10065690067131072,0.36363761872053146,8,false,0.01396064186457927,0.01396064186457927,false
255,true,0.9945275622922808,-524284.2687655556,531336.4869301469,-0.019143353682011366,-0.03649251151364297,8,false,0.01396064186457927,0.01396064186457927,false
255,true,0.9479564748423777,-524162.91619686264,531209.5105833733,0.11143192613963038,0.11639914673287421,8,false,0.01396064186457927,0.01396064186457927,false
255,true,0.9982082037706204,-524252.80037486466,531209.0368215021,-0.0532584716565907,-0.1194978131679818,8,false,0.01396064186457927,0.01396064186457927,false
255,true,0.9261500140831775,-524281.49722147343,531332.7088783928,-0.0385574521496892,0.20426274416968226,8,false,0.01396064186457927,0.01396064186457927,false
255,true,0.9859353626470181,-524107.9634881496,531159.5237473648,-0.0017807353287935257,0.054933119216002524,8,false,0.01396064186457927,0.01396064186457927,false
255,true,0.9495938021423078,-524046.25454726274,530994.6033110891,0.013645607279613614,0.12751790380571038,8,false,0.01396064186457927,0.01396064186457927,false
255,true,0.951774934659176,-524057.08700777986,531243.8331365981,0.07224874943494797,0.1362331307027489,8,false,0.01396064186457927,0.01396064186457927,false
255,true,0.9958962928177739,-524024.5883789683,530932.3127983125,-0.028380821458995342,-0.12504111137241125,8,false,0.01396064186457927,0.01396064186457927,false
255,true,0.947312215935251,-524210.77383300377,531067.0267890398,0.07617118675261736,0.1668924078112468,8,false,0.01396064186457927,0.01396064186457927,false
255,true,0.9975222484294318,-524235.1862740227,531273.3498335776,-0.10604740271810442,-0.16101904306560755,8,false,0.01396064186457927,0.01396064186457927,false
255,true,0.9550422369105883,-524190.52870011097,531286.9657952592,-0.024083483265712857,0.13636596000287682,8,false,0.01396064186457927,0.01396064186457927,false
255,true,0.9950020957329602,-524187.3900163019,531228.8168545588,0.004059824976138771,-0.03261209884658456,8,false,0.01396064186457927,0.01396064186457927,false
255,true,0.9624615709827145,-524157.4918291545,531139.1632366877,-0.006085012690164149,0.10695059946738183,8,false,0.01396064186457927,0.01396064186457927,false
255,true,0.9472595667047831,-524228.0263785164,531238.9134392546,0.04956583946477622,0.125300626270473,8,false,0.01396064186457927,0.01396064186457927,false
255,true,0.9841461354176458,-524137.22518031177,531147.6836874528,-0.016815594281069934,0.09191536682192236,8,false,0.01396064186457927,0.01396064186457927,false
255,true,0.9950377592070411,-524255.9736224419,531164.2886057826,-0.024185556685552,-0.06093498773407191,8,false,0.01396064186457927,0.01396064186457927,false
255,true,0.9993614792268521,-524163.5610878642,531174.3970637083,-0.019313274417072535,-0.050126684247516096,8,false,0.01396064186457927,0.01396064186457927,false
255,true,0.5595070081724397,-524186.24242211087,531202.0577959117,1.3228210750967264,1.4118014784762636,8,false,0.01396064186457927,0.01396064186457927,false
255,true,0.9973240059385126,-524197.08249978034,531313.8087329206,-0.8908073008060455,-1.3423849620157853,8,false,0.01396064186457927,0.01396064186457927,false
255,true,0.9948881767070713,-524192.88091543526,531121.5956594794,-0.1905075659742579,-0.4487906781723723,8,false,0.01396064186457927,0.01396064186457927,false
255,true,0.9911010246005671,-524310.9314135767,531226.6842160763,-0.0200708769261837,-0.26191516360267997,8,false,0.01396064186457927,0.01396064186457927,false
255,true,0.9559826607603241,-524246.0924362615,531337.6888352886,-0.14054683642461896,-0.24735872319433838,8,false,0.01396064186457927,0.01396064186457927,false
255,true,0.9251454374665836,-524306.7942084937,531164.9344153069,0.19833345408551395,0.2281435445183888,8,false,0.01396064186457927,0.01396064186457927,false
255,true,0.9774127107736256,-524203.17503073,531226.3850575046,-0.00391010835301131,-0.2890801605535671,8,false,0.01396064186457927,0.01396064186457927,false
255,true,0.9309930149281929,-524297.9330729259,531288.1835984439,0.08486134000122547,0.2970703045139089,8,false,0.01396064186457927,0.01396064186457927,false
255,true,0.9759538384526496,-524257.9295242482,531307.4005566104,-0.18060893495567143,-0.35046101943589747,8,false,0.01396064186457927,0.01396064186457927,false
255,true,0.9980496574515559,-524238.38826119184,531253.8615060489,-0.05660117219667882,-0.19067859242204577,8,false,0.01396064186457927,0.01396064186457927,false
255,true,0.9993638638356874,-524267.9701302162,531237.5376429304,-0.0506346533074975,-0.1364780665608123,8,false,0.01396064186457927,0.01396064186457927,false
255,true,0.8217497834357129,-524174.6954139369,531155.502849817,-0.08189537608996034,0.4955374976852909,8,false,0.01396064186457927,0.01396064186457927,false
255,true,0.9912530532534681,-524042.0929472057,531008.9016003746,0.013486776384525001,0.03837433271110058,8,false,0.01396064186457927,0.01396064186457927,false
255,true,0.7995389801113941,-524263.9696508946,531094.6077628497,0.3843103521503508,0.5069573610089719,8,false,0.01396064186457927,0.01396064186457927,false
255,true,0.9610108961587713,-524201.45983268355,531252.7565339813,-0.279450491652824,-0.4118632865138352,8,false,0.01396064186457927,0.01396064186457927,false
255,true,0.9783931639531994,-524308.2327101028,531238.7436631116,-0.02076157252304256,0.1211487262044102,8,false,0.01396064186457927,0.01396064186457927,false
255,true,0.8704870362699464,-524363.7882083701,531407.5823487624,-0.07904226600658149,0.36754657863639295,8,false,0.01396064186457927,0.01396064186457927,false
255,true,0.973279983723043,-524194.4672802331,531325.0424745388,0.0013046127278357744,0.0879807131132111,8,false,0.01396064186457927,0.01396064186457927,false
255,true,0.9413933991974873,-524295.6159250358,531306.6954388337,0.0334593002917245,0.15922540635801852,8,false,0.01396064186457927,0.01396064186457927,false
255,true,0.9344494945868594,-524217.6133681744,531276.4093790946,-0.022634441731497645,0.19109951902646571,8,false,0.01396064186457927,0.01396064186457927,false
255,true,0.9167286629535225,-524428.140756784,531422.4518501463,-0.018062726128846407,0.2140124711440876,8,false,0.01396064186457927,0.01396064186457927,false
255,true,0.991876775989566,-524298.8842678742,531439.8550090472,0.012613623752258718,0.04169081221334636,8,false,0.01396064186457927,0.01396064186457927,false
255,true,0.9486365393731614,-524295.6714531583,531386.1834954596,0.0324908826733008,0.1381620797328651,8,false,0.01396064186457927,0.01396064186457927,false
255,true,0.9896409533324773,-524302.5351338176,531442.8429328236,-0.020943769137375057,-0.07305670902132988,8,false,0.01396064186457927,0.01396064186457927,false
255,true,0.9364104423226883,-524166.39921852265,531242.464283574,0.10648254712577909,0.1743544185301289,8,false,0.01396064186457927,0.01396064186457927,false
255,true,0.9812868859707166,-524160.64374497,531094.9425575797,0.03833773359656334,-0.15577774145640433,8,false,0.01396064186457927,0.01396064186457927,false
255,true,0.98498157198359,-524213.8058866137,531194.0455507804,-0.07835268508642912,-0.16155714984051883,8,false,0.01396064186457927,0.01396064186457927,false
255,true,0.9502838313257198,-524222.8317831768,531223.7405475244,-0.05579297884833068,0.17600253748241812,8,false,0.01396064186457927,0.01396064186457927,false
255,true,0.9939218314169246,-524222.8570885957,531414.4557628117,-0.00664305710233748,-0.05684714647941291,8,false,0.01396064186457927,0.01396064186457927,false
255,true,0.9229716420589105,-524325.4881101305,531309.304345288,0.17062255996279418,0.2115622378187254,8,false,0.01396064186457927,0.01396064186457927,false
255,true,0.9451460331259869,-524301.7931036057,531347.011636081,0.15715878224000335,-0.22032360697630793,8,false,0.01396064186457927,0.01396064186457927,false
255,true,0.9915867965141546,-524062.50325649005,531173.925092404,-0.14414478105027229,-0.3751457731705159,8,false,0.01396064186457927,0.01396064186457927,false
255,true,0.9873688610769715,-524161.112912144,531053.0678203002,-0.17525075818412006,-0.23739580332767218,8,false,0.01396064186457927,0.01396064186457927,false
255,true,0.9951048838888642,-524136.2922257681,531131.2179356617,0.01596727571450174,-0.07105462136678398,8,false,0.01396064186457927,0.01396064186457927,false
255,true,0.9743898670148375,-524195.53112547344,531112.4176167407,0.05915320373605937,0.11844873451627791,8,false,0.01396064186457927,0.01396064186457927,false
255,true,0.9963165638920382,-524260.63799747045,531246.5049335787,0.039737484767101705,-0.1261903386330232,8,false,0.01396064186457927,0.01396064186457927,false
255,true,0.6784886768911921,-524325.4548785967,531289.1125887166,0.965513254981488,1.030889478744939,8,false,0.01396064186457927,0.01396064186457927,false
255,true,0.9861004494249451,-524248.33128222235,531316.9978288447,-0.11948999611195177,-1.111970410682261,8,false,0.01396064186457927,0.01396064186457927,false
255,true,0.9738376766425946,-524262.65262176434,531311.7642385147,-0.6704459511674941,-1.0049200666835532,8,false,0.01396064186457927,0.01396064186457927,false
255,true,0.9812320713368933,-524157.47372902377,531230.9466421994,-0.3473787516122684,-0.36180793959647417,8,false,0.01396064186457927,0.01396064186457927,false
255,true,0.978760289612699,-524147.5954911452,531181.6119237451,0.015623507904820144,0.06111301900818944,8,false,0.01396064186457927,0.01396064186457927,false
255,true,0.9680578623823801,-524197.7353384552,531188.3259629392,0.03173296246677637,0.0892716150265187,8,false,0.01396064186457927,0.01396064186457927,false
255,true,0.5227937852231456,-524296.3698558548,531271.2405444586,-0.04902572080027312,1.6895520663820207,8,false,0.01396064186457927,0.01396064186457927,false
255,true,0.8495062470938733,-524130.621454136,531193.4963733177,0.02769817633088678,0.34956651797983795,8,false,0.01396064186457927,0.01396064186457927,false
255,true,0.8514109782926316,-524192.87675974175,531107.8611262612,0.199441660894081,0.37185979110654444,8,false,0.01396064186457927,0.01396064186457927,false
255,true,0.945948371534815,-524196.00963283324,531188.6017349426,-0.15618748089764267,-0.2522030824329704,8,false,0.01396064186457927,0.01396064186457927,false
255,true,0.9814688921830134,-524199.0365768155,531236.5418030155,-0.06273924419656396,-0.08618705754633993,8,false,0.01396064186457927,0.01396064186457927,false
255,true,0.9797534760929234,-524118.2165635773,531099.9649733873,0.02427322044968605,0.06046310835517943,8,false,0.01396064186457927,0.01396064186457927,false
255,true,0.945909050161098,-524153.2061615414,531169.1673735898,0.11932808824349195,0.1405383007368073,8,false,0.01396064186457927,0.01396064186457927,false
255,true,0.9995717955706435,-524315.4369662226,531231.1700701681,-0.07739496987778693,-0.16340668953489512,8,false,0.01396064186457927,0.01396064186457927,false
255,true,0.9856109439305966,-524274.0350115089,531306.460956848,0.028752678190357983,-0.07547012693248689,8,false,0.01396064186457927,0.01396064186457927,false
255,true,0.9994491966302586,-524298.661065382,531340.5128656299,-0.04026441974565387,-0.10385279729962349,8,false,0.01396064186457927,0.01396064186457927,false
255,true,0.8540798047535476,-524406.8163989531,531454.1483427689,0.2343786454293877,0.3915892413351685,8,false,0.01396064186457927,0.01396064186457927,false
255,true,0.9408525768511813,-524279.30839836394,531464.4075516355,-0.10278387705329806,-0.30101169541012496,8,false,0.01396064186457927,0.01396064186457927,false
255,true,0.9924457581890048,-524236.0592741649,531157.9225216438,0.016212190268561244,-0.20433295459952205,8,false,0.01396064186457927,0.01396064186457927,false
255,true,0.9990982198775569,-524233.5059338389,531359.4930550989,-0.05697731708642095,-0.2107928532641381,8,false,0.01396064186457927,0.01396064186457927,false
255,true,0.9681487679468899,-524183.5198038078,531218.8733119566,-0.04688331997022033,-0.16008948895614594,8,false,0.01396064186457927,0.01396064186457927,false
255,true,0.9742078950523625,-524308.1187447747,531278.6082923964,-0.06052270845975727,-0.1250077058793977,8,false,0.01396064186457927,0.01396064186457927,false
255,true,0.9795710262054582,-524200.0036950324,531191.3412870166,0.049681721022352576,0.0809269476449117,8,false,0.01396064186457927,0.01396064186457927,false
255,true,0.9158355265379907,-524137.0954037789,531084.5967320941,0.20348541880957782,0.27449450513813645,8,false,0.01396064186457927,0.01396064186457927,false
255,true,0.9971866551304479,-524173.73668617354,531095.9843721376,-0.1753774513490498,-0.2860251482343301,8,false,0.01396064186457927,0.01396064186457927,false
255,true,0.6690745530495216,-524320.2006743039,531268.2780325774,-0.03643505915533751,1.0377522780327126,8,false,0.01396064186457927,0.01396064186457927,false
255,true,0.9856050945359813,-524218.7490291875,531233.5329192394,-0.07774400501511991,-0.07914023578632623,8,false,0.01396064186457927,0.01396064186457927,false
255,true,0.9952052692412154,-524231.24170754163,531196.9815921827,0.0192065843148157,0.03101558005437255,8,false,0.01396064186457927,0.01396064186457927,false
255,true,0.8254291257635211,-524276.6669274924,531309.3662229384,0.3929263581521809,0.4331736396998167,8,false,0.01396064186457927,0.01396064186457927,false
255,true,0.9975348796166167,-524251.9659031737,531325.134412521,0.03535537235438824,-0.4148347770096734,8,false,0.01396064186457927,0.01396064186457927,false
255,true,0.9994943583812781,-524193.5814669581,531215.6320314631,-0.2962715456960723,-0.4592944901669398,8,false,0.01396064186457927,0.01396064186457927,false
255,true,0.9979431441679426,-524266.9633901545,531254.1772691502,-0.14103776775300503,-0.17589819815475494,8,false,0.01396064186457927,0.01396064186457927,false
255,true,0.9905285439717701,-523988.5468010559,531063.8218654124,0.01991742302197963,0.05363007215783,8,false,0.01396064186457927,0.01396064186457927,false
255,true,0.6636920875941374,-524009.31011191045,530971.3449688657,0.36075775511562824,1.0003703226102516,8,false,0.01396064186457927,0.01396064186457927,false
255,true,0.9844377829759038,-524239.01632811077,531063.6954875435,-0.22852989321108907,-0.41733462957199663,8,false,0.01396064186457927,0.01396064186457927,false
255,true,0.9998686560555899,-524261.6438609415,531293.5480573789,-0.02311552967876196,-0.18474495876580477,8,false,0.01396064186457927,0.01396064186457927,false
255,true,0.9203387974924616,-524248.6144943066,531298.9568787992,0.064789317548275,0.27025614003650844,8,false,0.01396064186457927,0.01396064186457927,false
255,true,0.9976912619523156,-524232.9733440447,531246.8808260533,-0.04544163029640913,-0.21793085522949696,8,false,0.01396064186457927,0.01396064186457927,false
255,true,0.9724849022232999,-524198.353422352,531226.9688702255,-0.02042726066429168,-0.17685292626265436,8,false,0.01396064186457927,0.01396064186457927,false
255,true,0.9905476384571206,-524243.5387149296,531167.111782906,0.039264520280994475,-0.1591325729386881,8,false,0.01396064186457927,0.01396064186457927,false
255,true,0.9899841426491038,-524025.9771075273,531051.3810512591,-0.15662702557165176,-0.1956936455098912,8,false,0.01396064186457927,0.01396064186457927,false
255,true,0.9599934816129251,-524403.1360267436,531210.0682275405,0.08283707068767399,0.11464395083021373,8,false,0.01396064186457927,0.01396064186457927,false
255,true,0.9830676931742098,-524238.7389223139,531357.2477047488,0.04182631429284811,-0.12481297866906971,8,false,0.01396064186457927,0.01396064186457927,false
255,true,0.7993381743199116,-524310.8411573176,531289.320531487,0.563848844030872,0.5982718471204862,8,false,0.01396064186457927,0.01396064186457927,false
255,true,0.9999140771578139,-524213.30042835826,531306.521870419,-0.5461593087529764,-0.727250661351718,8,false,0.01396064186457927,0.01396064186457927,false
255,true,0.9731762874407288,-524226.75629934197,531136.8104934794,0.02980319957714528,-0.19537877780385315,8,false,0.01396064186457927,0.01396064186457927,false
255,true,0.5990037530591477,-524246.3382430691,531218.8732218273,1.3949148405808955,1.4570497402455658,8,false,0.01396064186457927,0.01396064186457927,false
255,true,0.9873137357044571,-524233.47973678354,531056.1453201259,-0.5625547618838027,-1.609629199723713,8,false,0.01396064186457927,0.01396064186457927,false
255,true,0.9935559344675985,-524253.14212024095,531103.0398301916,0.0520983258029446,-1.0396329871146008,8,false,0.01396064186457927,0.01396064186457927,false
255,true,0.9842064071144542,-524304.5855475462,531247.3393077212,-0.3088479625293985,-1.0828294056700543,8,false,0.01396064186457927,0.01396064186457927,false
255,true,0.990125960893957,-524272.35737923667,531336.8774389083,-0.7213485359679908,-0.7716754478169605,8,false,0.01396064186457927,0.01396064186457927,false
255,true,0.9783900138847719,-524231.1678319293,531243.5273719995,0.0047380931209772825,0.08545584860257804,8,false,0.01396064186457927,0.01396064186457927,false
255,true,0.9999031136921308,-524358.5640085791,531274.2169584116,-0.024519766680896282,-0.07238800032064319,8,false,0.01396064186457927,0.01396064186457927,false
255,true,0.9859158399924888,-524313.3785336212,531428.9309441951,-0.02407008467707783,0.05965081392787397,8,false,0.01396064186457927,0.01396064186457927,false
255,true,0.9426000501940235,-524373.0070800047,531442.9862992844,0.11453213694039732,0.117753860889934,8,false,0.01396064186457927,0.01396064186457927,false
255,true,0.9956943121783826,-524377.1491020508,531401.303676216,-0.0061454763635993,-0.11502980662044138,8,false,0.01396064186457927,0.01396064186457927,false
255,true,0.9475434919683394,-524266.95553048677,531403.7602044359,-0.05551500944420695,0.1741768028587103,8,false,0.01396064186457927,0.01396064186457927,false
255,true,0.9782223672313332,-524160.21224803635,531234.0259637637,-0.0162164312787354,0.09961834002751857,8,false,0.01396064186457927,0.01396064186457927,false
255,true,0.9162242352212641,-524430.2995277266,531385.8632778932,0.012025022995658219,0.2247624236624688,8,false,0.01396064186457927,0.01396064186457927,false
255,true,0.9979598651898929,-524323.3378578601,531451.3932129766,-0.052728513604961336,-0.06551475916057825,8,false,0.01396064186457927,0.01396064186457927,false
255,true,0.904476406943387,-524192.4420999612,531230.7870037458,0.1581502086482942,0.22042904770933092,8,false,0.01396064186457927,0.01396064186457927,false
255,true,0.9982531779572499,-524247.56200598367,531179.8319601576,0.008065840462222695,-0.17504140886012465,8,false,0.01396064186457927,0.01396064186457927,false
255,true,0.9369582213672132,-524235.161962371,531259.4820167143,-0.08978194615337998,0.21968670398928225,8,false,0.01396064186457927,0.01396064186457927,false
255,true,0.9085220531519932,-524184.9545838551,531215.8711418872,0.12664062588009983,0.26438075117766857,8,false,0.01396064186457927,0.01396064186457927,false
255,true,0.8622681638381308,-524102.8598504463,531080.5041980076,0.2762003260431811,0.4412056258879602,8,false,0.01396064186457927,0.01396064186457927,false
255,true,0.9909619361469437,-524211.54866488156,531075.6214013647,-0.3273552181199193,-0.5090494143078104,8,false,0.01396064186457927,0.01396064186457927,false
255,true,0.9800124241296216,-524258.39698444447,531332.6560498469,-0.06186912290286273,-0.16442025091964751,8,false,0.01396064186457927,0.01396064186457927,false
255,true,0.981536374384926,-524237.93662776344,531284.2661188049,-0.008189494721591473,-0.11209753027651459,8,false,0.01396064186457927,0.01396064186457927,false
255,true,0.8343511226130482,-524236.81201390637,531216.7134728286,0.1251658119726926,0.4577015092363581,8,false,0.01396064186457927,0.01396064186457927,false
255,true,0.9568278992077934,-524334.1212884842,531279.467791093,-0.06800346856471151,-0.21971914847381413,8,false,0.01396064186457927,0.01396064186457927,false
255,true,0.9890511995535545,-524281.4887495297,531322.1044355079,-0.08840659202542156,-0.14762941095978022,8,false,0.01396064186457927,0.01396064186457927,false
255,true,0.9931736653342272,-524250.6951293464,531361.2467840703,0.014495556592009962,-0.06653743761125952,8,false,0.01396064186457927,0.01396064186457927,false
255,true,0.9997409928613343,-524208.04739549983,531207.483286617,-0.002280428074300289,-0.08851680997759104,8,false,0.01396064186457927,0.01396064186457927,false
255,true,0.9900427199727924,-524157.8710991608,531184.2673836969,-0.03527402225881815,-0.07897496526129544,8,false,0.01396064186457927,0.01396064186457927,false
255,true,0.9992326580688755,-524136.87349310314,531129.7071885304,-0.010138455894775689,-0.05032051005400717,8,false,0.01396064186457927,0.01396064186457927,false
255,true,0.9978780959605746,-524103.19436152343,531023.7115035359,-0.04806944937445223,-0.04806944937445223,8,false,0.01396064186457927,0.01396064186457927,false
255,true,0.7494437997680962,-524240.8687473377,531104.9775834391,0.06207163038197905,0.6143815234536305,8,false,0.01396064186457927,0.01396064186457927,false
255,true,0.9650984045821579,-524330.7911117524,531254.8486177592,0.05376085941679776,0.12548144545871764,8,false,0.01396064186457927,0.01396064186457927,false
255,true,0.982553699062722,-524235.9893497995,531326.3837948415,0.004208432394079864,-0.10903231252450496,8,false,0.01396064186457927,0.01396064186457927,false
255,true,0.9992156495930054,-524118.8362878074,531142.5355518122,-0.021833963342942297,-0.12508686445653439,8,false,0.01396064186457927,0.01396064186457927,false
255,true,0.7870216997701307,-524151.3683421853,531089.082893915,-0.07625339890364558,0.5909654907882214,8,false,0.01396064186457927,0.01396064186457927,false
255,true,0.9238441116446787,-524285.0872288659,531266.8111329486,0.08637660974636674,0.16745075024664402,8,false,0.01396064186457927,0.01396064186457927,false
255,true,0.9879767261851277,-524397.6059493538,531435.1614626871,-0.03431883594021201,0.09571032028179616,8,false,0.01396064186457927,0.01396064186457927,false
255,true,0.9311022874469943,-524287.22613888374,531453.9737431144,0.09728776942938566,0.18291934917215258,8,false,0.01396064186457927,0.01396064186457927,false
255,true,0.9996707881499162,-524157.1604064595,531185.1160990963,-0.07805903116241097,-0.16029743454419076,8,false,0.01396064186457927,0.01396064186457927,false
255,true,0.9781416290937593,-524185.5863953534,531074.3679102354,-0.011083679273724556,0.10057670390233397,8,false,0.01396064186457927,0.01396064186457927,false
255,true,0.9881934489020969,-524258.77874607075,531220.0987044786,-0.04146867117378861,-0.08210635848809034,8,false,0.01396064186457927,0.01396064186457927,false
255,true,0.955953802787291,-524308.1103744827,531337.0743001666,0.04903014365117997,0.1122145401313901,8,false,0.01396064186457927,0.01396064186457927,false
255,true,0.9310434878156058,-524290.6962648769,531185.9986827039,0.1804870853666216,0.19905950280372053,8,false,0.01396064186457927,0.01396064186457927,false
255,true,0.9752101674390581,-524263.2188996306,531200.8738754656,-0.007343567907810211,-0.24931782798375934,8,false,0.01396064186457927,0.01396064186457927,false
255,true,0.9792477080551287,-524177.2097166784,531223.2124895607,-0.018730298848822713,-0.23371604329440743,8,false,0.01396064186457927,0.01396064186457927,false
255,true,0.871277216169342,-524158.90985119005,531086.1826787512,-0.16862896759994328,0.42102421482559294,8,false,0.01396064186457927,0.01396064186457927,false
255,true,0.9942359626768705,-524267.5252835473,531257.0376962479,-0.006168930092826486,-0.04899868171196431,8,false,0.01396064186457927,0.01396064186457927,false
255,true,0.9977333542074523,-524287.38596179057,531233.1660011545,-0.045787579379975796,-0.059995927033014596,8,false,0.01396064186457927,0.01396064186457927,false
255,true,0.9944245206374245,-524315.1208322134,531301.7961124647,0.012834402383305132,-0.02629920409526676,8,false,0.01396064186457927,0.01396064186457927,false
255,true,0.8533756914841689,-524090.0386830851,531177.5083752361,0.04373827704694122,0.35481775098014623,8,false,0.01396064186457927,0.01396064186457927,false
255,true,0.6563155319452417,-524042.9803164317,531019.5010189078,-0.06610771815758198,1.0392825211165473,8,false,0.01396064186457927,0.01396064186457927,false
255,true,0.8643431837515061,-523995.3177745584,530930.1506004815,0.2350054889684543,0.30361797742079943,8,false,0.01396064186457927,0.01396064186457927,false
255,true,0.9956748397562565,-524291.1596189621,531077.9003310358,0.03645096754189581,-0.2376366195967421,8,false,0.01396064186457927,0.01396064186457927,false
255,true,0.9775406768115413,-524320.7545277925,531248.4333408743,-0.1523287035524845,-0.28227536485064775,8,false,0.01396064186457927,0.01396064186457927,false
255,true,0.9878664470301668,-524286.8331275984,531381.5141476782,-0.059449058724567294,-0.11221178411506116,8,false,0.01396064186457927,0.01396064186457927,false
255,true,0.9812304828315693,-524313.0270616905,531355.7940286668,0.001548950094729662,0.07762161816935986,8,false,0.01396064186457927,0.01396064186457927,false
255,true,0.9529502940573655,-524207.0767513884,531312.5021954221,-0.0002686976222321391,0.13667953328695148,8,false,0.01396064186457927,0.01396064186457927,false
255,true,0.9978876638110867,-524083.1455394996,531100.7306461683,-0.06347158877179027,-0.06347158877179027,8,false,0.01396064186457927,0.01396064186457927,false
255,true,0.9264215181678561,-524129.89096768235,531188.7208346057,0.1142263658111915,0.16088694392237812,8,false,0.01396064186457927,0.01396064186457927,false
255,true,0.9995089011315539,-524282.83297353063,531152.9587733967,0.01093163329642266,-0.11945906118489802,8,false,0.01396064186457927,0.01396064186457927,false
255,true,0.7336734370034066,-524185.60592325946,531198.1781444014,0.7336229729698971,0.778274098993279,8,false,0.01396064186457927,0.01396064186457927,false
255,true,0.9886997399548862,-524418.9646110178,531358.4212521964,-0.6937322171870619,-0.8270350890234113,8,false,0.01396064186457927,0.01396064186457927,false
255,true,0.9963694124384637,-524200.9066417014,531415.1984959646,0.032976761809550226,-0.13588772318325937,8,false,0.01396064186457927,0.01396064186457927,false
255,true,0.9633213012303357,-524191.95108566334,531126.576005619,-0.06765944953076541,0.1877376134507358,8,false,0.01396064186457927,0.01396064186457927,false
255,true,0.7971910381532401,-524251.85054610233,531242.040251733,0.548555551096797,0.5836306640412658,8,false,0.01396064186457927,0.01396064186457927,false
255,true,0.9553422103489204,-524115.88996715687,531199.137570894,-0.47420857998076826,-0.6832525884965435,8,false,0.01396064186457927,0.01396064186457927,false
255,true,0.951534975786877,-524208.2194167391,531130.5746398416,-0.11922242038417608,-0.2018418579827994,8,false,0.01396064186457927,0.01396064186457927,false
255,true,0.9961238115849878,-524339.5083710008,531271.8774817206,-0.01002459495794028,-0.08376023161690682,8,false,0.01396064186457927,0.01396064186457927,false
255,true,0.988096934398476,-524430.0489421497,531417.5855412988,0.05704070196952671,0.06583908433094621,8,false,0.01396064186457927,0.01396064186457927,false
255,true,0.9941721572980042,-524120.19574661163,531335.3759779466,-0.033082587528042495,-0.11790904228109866,8,false,0.01396064186457927,0.01396064186457927,false
255,true,0.9229192182907091,-524251.43417124095,531201.9771748587,0.14259488473180681,0.24185325123835355,8,false,0.01396064186457927,0.01396064186457927,false
255,true,0.9627707682968492,-524276.12030698726,531300.708480606,-0.14735384250525385,-0.23207732650917023,8,false,0.01396064186457927,0.01396064186457927,false
255,true,0.9680576577316317,-524087.44602483,531124.8424704159,0.086356584681198,0.12375181505922228,8,false,0.01396064186457927,0.01396064186457927,false
255,true,0.9996125041261588,-524103.2835761433,531170.4720554057,-0.05808976711705327,-0.17377698002383113,8,false,0.01396064186457927,0.01396064186457927,false
255,true,0.9465161633085545,-524099.68811115436,531193.1573892728,-0.034408793319016695,0.19392198789864779,8,false,0.01396064186457927,0.01396064186457927,false
255,true,0.841442544830147,-524383.8646668768,531218.5824919641,0.3953742206795141,0.4363038311712444,8,false,0.01396064186457927,0.01396064186457927,false
255,true,0.993691257005715,-524347.0508264345,531480.9145901303,0.022996684070676565,-0.46250936517026275,8,false,0.01396064186457927,0.01396064186457927,false
255,true,0.9994843774940074,-524314.1729131592,531440.3471109603,-0.47041276819072664,-0.5045053134672344,8,false,0.01396064186457927,0.01396064186457927,false
255,true,0.976536052213219,-524260.0116377165,531401.8478870143,-0.009255468961782753,0.07305517175700516,8,false,0.01396064186457927,0.01396064186457927,false
255,true,0.95203514004225,-524273.1307295719,531346.631663052,0.07815579778980464,0.1259521379834041,8,false,0.01396064186457927,0.01396064186457927,false
255,true,0.9862698260591335,-524295.151027757,531224.9436127837,0.008896007318980992,-0.10964101296849549,8,false,0.01396064186457927,0.01396064186457927,false
255,true,0.9800986831634275,-524069.5895733226,531232.7259500175,-0.03767591086216271,0.1106082540936768,8,false,0.01396064186457927,0.01396064186457927,false
255,true,0.8557941969653593,-524286.7896186577,531188.7431199026,0.12816391326487064,0.39233969943597913,8,false,0.01396064186457927,0.01396064186457927,false
255,true,0.9902607483778619,-524201.55107907084,531241.5471567083,-0.17312320764176548,-0.19290621497202665,8,false,0.01396064186457927,0.01396064186457927,false
255,true,0.9628564184029661,-524195.73673892656,531210.9533397624,0.01808407495263964,0.10470508993603289,8,false,0.01396064186457927,0.01396064186457927,false
255,true,0.9964393210740207,-524250.96660988824,531212.768172943,-0.0010129613801836967,-0.056435751961544156,8,false,0.01396064186457927,0.01396064186457927,false
255,true,0.7365630031227958,-524283.8909670797,531359.635546358,0.6098816845333204,0.7053656205534935,8,false,0.01396064186457927,0.01396064186457927,false
255,true,0.9997454177147141,-524073.7594419638,531230.1690027072,-0.3561182259581983,-0.6572439026786014,8,false,0.01396064186457927,0.01396064186457927,false
255,true,0.899615204896194,-524354.4857245999,531198.3655427103,-0.2565432394621894,0.3728885994059965,8,false,0.01396064186457927,0.01396064186457927,false
255,true,0.8911424487243188,-524371.4354250897,531462.2373595512,-0.008212255546823144,0.2748739921953529,8,false,0.01396064186457927,0.01396064186457927,false
255,true,0.9518232500563243,-524351.937023971,531464.2996937239,0.0237344594206661,0.1207432373194024,8,false,0.01396064186457927,0.01396064186457927,false
255,true,0.9565781217204865,-524296.8950559419,531349.2008671188,0.1145412108162418,0.13037962175440043,8,false,0.01396064186457927,0.01396064186457927,false
255,true,0.999350840651417,-524283.7341204322,531350.4199086771,-0.10925255669280887,-0.17446006706450135,8,false,0.01396064186457927,0.01396064186457927,false
255,true,0.9990823020267343,-524252.8501205481,531369.0742070104,-0.04109436715953052,-0.067917037056759,8,false,0.01396064186457927,0.01396064186457927,false
255,true,0.9769381864611763,-524119.41788991215,531133.7566064522,0.02996916021220386,0.07425961922854185,8,false,0.01396064186457927,0.01396064186457927,false
255,true,0.952086503244421,-524308.4495657636,531195.2384725509,0.042615114129148424,0.15149714541621506,8,false,0.01396064186457927,0.01396064186457927,false
255,true,0.9336684638869044,-524194.955470271,531226.8081978513,0.021563571179285645,0.20724618691019714,8,false,0.01396064186457927,0.01396064186457927,false
255,true,0.9967900932273123,-524072.62920314836,531044.151870784,-0.011535422643646598,-0.12302051216829568,8,false,0.01396064186457927,0.01396064186457927,false
255,true,0.9815599593540196,-524230.8312356343,531108.6954910358,0.06499061419162899,0.10700437682680786,8,false,0.01396064186457927,0.01396064186457927,false
255,true,0.9966583499025717,-524236.87172510166,531238.5555519955,-0.06457716843578964,-0.166396563523449,8,false,0.01396064186457927,0.01396064186457927,false
255,true,0.9702220065860352,-524207.8283477609,531132.7899980637,-0.0661113082896918,0.12971060746349394,8,false,0.01396064186457927,0.01396064186457927,false
255,true,0.997500050295358,-524253.04569400434,531259.8674561701,0.0016070003621280193,-0.042493061162531376,8,false,0.01396064186457927,0.01396064186457927,false
255,true,0.9872294338107346,-524156.9536896913,531159.7625473364,0.02495567046571523,0.05558561917860061,8,false,0.01396064186457927,0.01396064186457927,false
255,true,0.9494939274224304,-524198.55518883513,531170.8798588546,-0.009920628974214196,0.14748797751963139,8,false,0.01396064186457927,0.01396064186457927,false
255,true,0.982902864596522,-524295.4475281659,531329.1040855923,-0.028182995971292257,0.06873739662114531,8,false,0.01396064186457927,0.01396064186457927,false
255,true,0.9368584018797508,-524295.795625417,531298.2255641354,0.01508560311049223,0.1591624157736078,8,false,0.01396064186457927,0.01396064186457927,false
255,true,0.9974362791571426,-524405.0715376945,531449.1400561214,-0.011245165718719363,-0.0541345130186528,8,false,0.01396064186457927,0.01396064186457927,false
255,true,0.9236118085035048,-524485.2939978528,531509.176977788,-0.010604772018268704,0.19580882578156888,8,false,0.01396064186457927,0.01396064186457927,false
255,true,0.9991670876611093,-524353.1064727426,531552.9954371252,-0.004834776860661805,-0.029963968903757632,8,false,0.01396064186457927,0.01396064186457927,false
255,true,0.9758509787478148,-524220.6600978998,531323.2275592663,0.030417475500144064,0.07170294527895749,8,false,0.01396064186457927,0.01396064186457927,false
255,true,0.9787497100328537,-524093.1051535057,531101.0050702419,-0.037648038007318974,0.08291157113853842,8,false,0.01396064186457927,0.01396064186457927,false
255,true,0.9764871004594186,-524186.23196432315,531193.473273399,0.04102449549827725,0.06305842730216682,8,false,0.01396064186457927,0.01396064186457927,false
255,true,0.9079106781757746,-524139.76430652756,531202.8183816812,0.21892772160936147,0.23855257267132401,8,false,0.01396064186457927,0.01396064186457927,false
255,true,0.9998829372911872,-524189.31527488615,531172.7340853167,-0.25298435136210173,-0.27150974539108574,8,false,0.01396064186457927,0.01396064186457927,false
255,true,0.9810529103203908,-524289.0816929481,531303.4749634432,0.029496174887754023,0.05691601720172912,8,false,0.01396064186457927,0.01396064186457927,false
255,true,0.9891860419415802,-524320.1913908134,531306.1013106798,0.00023687328211963177,0.052750060451216996,8,false,0.01396064186457927,0.01396064186457927,false
255,true,0.8700175941136266,-524131.35602402285,531227.1366943938,0.19534935359843075,0.3278946380596608,8,false,0.01396064186457927,0.01396064186457927,false
255,true,0.9974962942543234,-524166.2398625846,531064.9724276384,-0.12411506241187453,-0.2544047237606719,8,false,0.01396064186457927,0.01396064186457927,false
255,true,0.9965975637349572,-524261.4545320631,531205.6275017379,0.010355240665376186,-0.12488029629457742,8,false,0.01396064186457927,0.01396064186457927,false
255,true,0.9975088050689007,-524233.86312091985,531274.7276251357,-0.10797024623025209,-0.125844705151394,8,false,0.01396064186457927,0.01396064186457927,false
255,true,0.9982073480972096,-524193.28253092716,531103.8004646917,0.014274600427597761,-0.03839612484443933,8,false,0.01396064186457927,0.01396064186457927,false
255,true,0.9960128803988457,-524216.8253045371,531098.0158401876,0.019122075522318482,-0.04004035796970129,8,false,0.01396064186457927,0.01396064186457927,false
255,true,0.9947551026137348,-524190.2199401615,531190.3269396303,0.011649827123619616,-0.04847710591275245,8,false,0.01396064186457927,0.01396064186457927,false
255,true,0.9975143640414922,-524321.6715590357,531299.2495174183,-0.021679652272723615,-0.064875278621912,8,false,0.01396064186457927,0.01396064186457927,false
255,true,0.9682740925085539,-524295.9467960891,531382.2407317702,0.056703377049416304,0.09100877749733627,8,false,0.01396064186457927,0.01396064186457927,false
255,true,0.9730965137252918,-524262.74514401506,531331.6525156503,-0.004350096103735268,0.12116966908797622,8,false,0.01396064186457927,0.01396064186457927,false
255,true,0.9936679275325225,-524199.63379776373,531290.7243236898,-0.01496649906039238,-0.10497735277749598,8,false,0.01396064186457927,0.01396064186457927,false
255,true,0.9955625840953064,-524440.0331020673,531464.855539598,0.0010964006651192904,-0.07943874807097018,8,false,0.01396064186457927,0.01396064186457927,false
255,true,0.9380265324334317,-524382.0285825408,531517.8814281102,0.1083580058766529,0.19759540481027216,8,false,0.01396064186457927,0.01396064186457927,false
255,true,0.9995831051197522,-524306.3755483245,531459.8933249738,-0.17390521988272667,-0.20635159104131162,8,false,0.01396064186457927,0.01396064186457927,false
255,true,0.7990522475621936,-524318.7218538051,531344.9953867772,0.032933374983258545,0.4948893456021324,8,false,0.01396064186457927,0.01396064186457927,false
255,true,0.9879362178420537,-524267.8114237918,531309.3245884114,0.0006081417668610811,0.0623847923707217,8,false,0.01396064186457927,0.01396064186457927,false
255,true,0.9864288042551654,-524241.8068459943,531216.6025380124,0.012814796064049006,0.0678029601695016,8,false,0.01396064186457927,0.01396064186457927,false
255,true,0.974762378657767,-524180.54288582667,531084.4137487649,0.03576359385624528,0.09151946776546538,8,false,0.01396064186457927,0.01396064186457927,false
255,true,0.9970074085753927,-524186.1337142016,531228.3949168458,-0.08236944139935076,-0.09839116432704031,8,false,0.01396064186457927,0.01396064186457927,false
255,true,0.9671143418126601,-524055.3411747338,531012.5262717737,-0.0022141665685921907,0.09175702242646366,8,false,0.01396064186457927,0.01396064186457927,false
255,true,0.9559885200105412,-524164.9783013247,531042.0829987635,-0.0003905716584995389,0.1121683029923588,8,false,0.01396064186457927,0.01396064186457927,false
255,true,0.960093304759463,-524241.53859445953,531241.4363927115,-0.0023680374724790454,0.10533919546287507,8,false,0.01396064186457927,0.01396064186457927,false
255,true,0.8858562621949405,-524247.0221974374,531268.2329117332,-0.005619689472950995,0.26268360088579357,8,false,0.01396064186457927,0.01396064186457927,false
255,true,0.9499240590673357,-524297.0114090213,531290.7201865653,0.09536470868624747,0.11757974920328707,8,false,0.01396064186457927,0.01396064186457927,false
255,true,0.9995207245219075,-524095.93066610495,531157.3160605094,-0.03165746643207967,-0.11030468239914626,8,false,0.01396064186457927,0.01396064186457927,false
255,true,0.9956730093541152,-524149.23612638057,531247.4874337908,-0.03522343945223838,-0.08189073135145009,8,false,0.01396064186457927,0.01396064186457927,false
255,true,0.9323979746073212,-524162.28361608053,531143.8526025419,0.017514485050924122,0.1661557493498549,8,false,0.01396064186457927,0.01396064186457927,false
255,true,0.9964731834389976,-524285.5137361423,531228.1294826989,-0.003353688516654074,-0.05541609623469412,8,false,0.01396064186457927,0.01396064186457927,false
255,true,0.9982836319065228,-524059.25508908654,531045.2396168718,-0.04927707964088768,-0.06269685178995132,8,false,0.01396064186457927,0.01396064186457927,false
255,true,0.9634580257046559,-524136.6141334656,530929.8997165749,0.06201452121604234,0.08910430129617453,8,false,0.01396064186457927,0.01396064186457927,false
255,true,0.9494251316799516,-524285.325039954,531165.5829174676,0.12243446952197701,0.14807562169153243,8,false,0.01396064186457927,0.01396064186457927,false
255,true,0.9967811681810558,-524059.3203250786,531167.5290711926,-0.0486946904566139,-0.18256172630935907,8,false,0.01396064186457927,0.01396064186457927,false
255,true,0.8693360724518655,-524286.55428063177,531114.6183956439,-0.07705872983206064,0.3964293282479048,8,false,0.01396064186457927,0.01396064186457927,false
255,true,0.9996130710768991,-524146.3620812987,531203.6637115098,-0.0045574503019452095,-0.06744106498081237,8,false,0.01396064186457927,0.01396064186457927,false
255,true,0.8562744990819965,-524163.90346118616,531150.314182779,0.3144339002901688,0.37066750903613865,8,false,0.01396064186457927,0.01396064186457927,false
255,true,0.990100575241738,-524300.1428077288,531255.2981579275,-0.12521979317534715,-0.36816392897162586,8,false,0.01396064186457927,0.01396064186457927,false
255,true,0.9954361372082062,-524333.8803877794,531388.9211686321,0.0054049474420025945,-0.23228794091846794,8,false,0.01396064186457927,0.01396064186457927,false
255,true,0.9999418797560565,-524244.4190380939,531349.0848620778,-0.2281142722349614,-0.24440606485586613,8,false,0.01396064186457927,0.01396064186457927,false
255,true,0.8435862433644756,-524206.7667231701,531272.3860483838,0.13477155508007854,0.3627559606684372,8,false,0.01396064186457927,0.01396064186457927,false
255,true,0.9892411447122951,-524162.5126310034,531254.155127941,-0.07235609472263604,-0.14587741601280868,8,false,0.01396064186457927,0.01396064186457927,false
255,true,0.8802964782171836,-524247.77659846726,531182.0551744316,0.008750630426220596,0.3274243811611086,8,false,0.01396064186457927,0.01396064186457927,false
255,true,0.9933574229567177,-524223.23980883183,531116.8476795177,-0.09370115213096142,-0.09904935117810965,8,false,0.01396064186457927,0.01396064186457927,false
255,true,0.9498374634794614,-524294.3999559304,531279.3353050686,0.06455241283401847,0.10978975787293166,8,false,0.01396064186457927,0.01396064186457927,false
255,true,0.9810627972135787,-524250.7933042356,531433.7249678521,0.02143060031812638,0.08536630391608924,8,false,0.01396064186457927,0.01396064186457927,false
255,true,0.9968864938603406,-524236.63804127235,531226.8566614601,-0.055302441120147705,-0.08635349827818573,8,false,0.01396064186457927,0.01396064186457927,false
255,true,0.8916919962520947,-524183.49978914816,531209.4211787058,0.002613257383927703,0.2704698432935402,8,false,0.01396064186457927,0.01396064186457927,false
255,true,0.9968871516023371,-524090.66324972437,530992.0755494491,-0.011990108760073781,-0.039530543610453606,8,false,0.01396064186457927,0.01396064186457927,false
255,true,0.9911623758705546,-524218.28059606906,531160.7173047393,-0.012234337395057082,0.04217573592904955,8,false,0.01396064186457927,0.01396064186457927,false
255,true,0.9609280642785325,-524179.6553422082,531132.2785654225,0.06253645208198577,0.09063731762580574,8,false,0.01396064186457927,0.01396064186457927,false
255,true,0.9841794149343578,-524216.24040199374,531181.5062349852,-0.009329487103968859,0.07939946197438985,8,false,0.01396064186457927,0.01396064186457927,false
255,true,0.963046212757119,-524246.6876997634,531234.5892560581,0.015689176274463534,0.13286985945887864,8,false,0.01396064186457927,0.01396064186457927,false
255,true,0.9913326771305868,-524325.5723514541,531385.357914794,0.010161311482079327,0.07150310324504972,8,false,0.01396064186457927,0.01396064186457927,false
255,true,0.9174572158762114,-524279.0526663735,531275.1387200505,0.21435039618518203,0.23699013597797602,8,false,0.01396064186457927,0.01396064186457927,false
255,true,0.9987748394718116,-524090.69861462567,531223.5661266666,-0.18921686639077961,-0.303824222763069,8,false,0.01396064186457927,0.01396064186457927,false
255,true,0.9928720254264111,-524251.59023768845,531142.1009514106,0.04605544463265687,-0.11059108236804605,8,false,0.01396064186457927,0.01396064186457927,false
255,true,0.8274467509231169,-524264.8575736248,531371.7217014022,0.39412199903745204,0.5175730974879116,8,false,0.01396064186457927,0.01396064186457927,false
255,true,0.9961862937951652,-524209.627205654,531208.5617186653,-0.4274846810149029,-0.5435414491221309,8,false,0.01396064186457927,0.01396064186457927,false
255,true,0.9953493035885165,-524229.9913280519,531252.7865749513,-0.06968842318747193,-0.12575428059790283,8,false,0.01396064186457927,0.01396064186457927,false
255,true,0.984030706789042,-524176.3591062101,531284.4600179803,0.02016755472868681,0.0706327126827091,8,false,0.01396064186457927,0.01396064186457927,false
255,true,0.8639925315410497,-524141.0732017525,531065.7703865162,-0.027831935556605458,0.3713598884642124,8,false,0.01396064186457927,0.01396064186457927,false
255,true,0.9993278295301652,-524163.9078054101,531038.4539158068,-0.037737850681878626,-0.05964629119262099,8,false,0.01396064186457927,0.01396064186457927,false
255,true,0.9216458541793663,-524311.2848569797,531195.0542056267,-0.007406890974380076,0.18217295920476317,8,false,0.01396064186457927,0.01396064186457927,false
255,true,0.7588734479443578,-524275.09964236617,531361.7214694697,0.32115151220932603,0.5962305841967463,8,false,0.01396064186457927,0.01396064186457927,false
255,true,0.9809596451311323,-524356.5732636591,531388.7764627284,-0.2855333042098209,-0.32365628669504076,8,false,0.01396064186457927,0.01396064186457927,false
255,true,0.6699744277901843,-524329.1912131628,531359.3178715745,0.22767049015965313,0.9497286526020616,8,false,0.01396064186457927,0.01396064186457927,false
255,true,0.9438632469539622,-524330.9883576739,531270.7770139163,0.03761687723454088,-0.2637959838612005,8,false,0.01396064186457927,0.01396064186457927,false
255,true,0.9859602595619199,-524250.7470000633,531385.4234200267,-0.2768534355564043,-0.3080413592979312,8,false,0.01396064186457927,0.01396064186457927,false
255,true,0.9736585227806845,-524207.620141079,531224.0747502155,0.061491094063967466,0.08187209500465542,8,false,0.01396064186457927,0.01396064186457927,false
255,true,0.9921615855813696,-524160.16142886074,531123.6969508943,-0.045639787684194744,-0.08113512967247516,8,false,0.01396064186457927,0.01396064186457927,false
255,true,0.9952132065690876,-524221.6558423216,531170.5461704845,-0.012808145489543676,-0.0477939760312438,8,false,0.01396064186457927,0.01396064186457927,false
255,true,0.979173896211229,-524180.8740097614,531172.4930368832,0.020051951287314296,0.07651451393030584,8,false,0.01396064186457927,0.01396064186457927,false
255,true,0.9129667866549573,-524167.6372659474,531115.6200598034,0.012321058311499655,0.2268677478423342,8,false,0.01396064186457927,0.01396064186457927,false
255,true,0.9962231105279019,-524351.0162943722,531201.0893121036,-0.029593495884910226,-0.062263591098599136,8,false,0.01396064186457927,0.01396064186457927,false
255,true,0.9050026411844547,-524355.9468896805,531235.8300955184,0.12173315975815058,0.24521934101358056,8,false,0.01396064186457927,0.01396064186457927,false
255,true,0.997562176848287,-524310.6590123182,531435.8181580739,-0.11579218867700547,-0.16004881355911493,8,false,0.01396064186457927,0.01396064186457927,false
255,true,0.8908786601843436,-524293.6593772285,531337.6117403427,0.13790042733307928,0.2573212432907894,8,false,0.01396064186457927,0.01396064186457927,false
255,true,0.8979571078729148,-524286.72460409615,531314.4726406846,0.2854339497862384,0.3600599330384284,8,false,0.01396064186457927,0.01396064186457927,false
255,true,0.9773630078392829,-524324.959671805,531340.4871358065,-0.3539066632511094,-0.4499866096302867,8,false,0.01396064186457927,0.01396064186457927,false
255,true,0.9431109954123967,-524242.9405722968,531263.2925836915,0.04597810353152454,0.18560462957248092,8,false,0.01396064186457927,0.01396064186457927,false
255,true,0.9998952888584547,-524330.3948905977,531301.985055655,-0.017232098733074963,-0.15058289712760597,8,false,0.01396064186457927,0.01396064186457927,false
255,true,0.9704436348622325,-524304.3039077348,531366.3675692161,0.05530551099218428,0.1407892956631258,8,false,0.01396064186457927,0.01396064186457927,false
255,true,0.9903839745982179,-524135.39902949065,531249.5035770255,-0.04599956865422428,-0.19791499560233206,8,false,0.01396064186457927,0.01396064186457927,false
255,true,0.9971489427766417,-524239.2980300101,531103.1773697411,0.001091138692572713,-0.13864776608534157,8,false,0.01396064186457927,0.01396064186457927,false
255,true,0.9995013707233564,-524365.1315359198,531353.3906095044,-0.09917284001130611,-0.1394910024246201,8,false,0.01396064186457927,0.01396064186457927,false
255,true,0.9909417273069396,-524286.82552740787,531266.0645187803,-0.006418655626475811,-0.054579448071308434,8,false,0.01396064186457927,0.01396064186457927,false
255,true,0.8007322778279304,-524330.6956175291,531286.9643633288,0.46097927750088274,0.5058395826490596,8,false,0.01396064186457927,0.01396064186457927,false
255,true,0.9999369341557333,-524362.0728042428,531435.6757465457,-0.42664558824617416,-0.48509943834505975,8,false,0.01396064186457927,0.01396064186457927,false
255,true,0.7569931424399482,-524279.51666420844,531415.6026821539,0.23486148251686245,0.663413114962168,8,false,0.01396064186457927,0.01396064186457927,false
255,true,0.8904632416486569,-524371.852038775,531387.0674142108,-0.21619847998954356,0.3946362253045663,8,false,0.01396064186457927,0.01396064186457927,false
255,true,0.9984239284858939,-524205.08179155906,531362.5108759613,-0.02029886352829635,-0.08908463665284216,8,false,0.01396064186457927,0.01396064186457927,false
255,true,0.9701061571847306,-524171.7562789524,531178.899314732,0.009485453483648598,0.10960365075152367,8,false,0.01396064186457927,0.01396064186457927,false
255,true,0.9980948415393255,-524256.4823637203,531198.7833647981,-0.015205994015559554,-0.08257401606533676,8,false,0.01396064186457927,0.01396064186457927,false
255,true,0.9982795570672482,-524123.73329345963,531142.602790676,-0.03319095412734896,-0.07250480470247567,8,false,0.01396064186457927,0.01396064186457927,false
255,true,0.9970162738916031,-524004.377798953,530963.0056649058,-0.030037641408853233,-0.0456208239775151,8,false,0.01396064186457927,0.01396064186457927,false
255,true,0.9849589695942835,-524202.6747650014,530972.291819514,3.8405763916671276e-5,0.043873947812244296,8,false,0.01396064186457927,0.01396064186457927,false
255,true,0.6414741619317664,-524296.7287115438,531268.9414702334,0.22539979789871722,1.0133850952843204,8,false,0.01396064186457927,0.01396064186457927,false
255,true,0.9958794013896101,-524146.11609356117,531172.4122693583,-0.045530551578849554,-0.2383169166278094,8,false,0.01396064186457927,0.01396064186457927,false
255,true,0.9947920559777068,-524348.8093545845,531255.2179021002,-0.1431989746633917,-0.18999601318500936,8,false,0.01396064186457927,0.01396064186457927,false
255,true,0.980857586072877,-524188.35193757684,531314.70202543,0.030655936105176806,0.07288085739128292,8,false,0.01396064186457927,0.01396064186457927,false
255,true,0.9966948105926642,-524109.7322098486,531100.7271290884,-0.045881447033025324,-0.06802213995251805,8,false,0.01396064186457927,0.01396064186457927,false
255,true,0.9330185122210232,-524229.8008927541,531175.4751557304,0.05451547238044441,0.17500808683689684,8,false,0.01396064186457927,0.01396064186457927,false
255,true,0.9995391366001616,-524330.8816431031,531301.6867465025,0.001798873650841415,-0.08034981181845069,8,false,0.01396064186457927,0.01396064186457927,false
255,true,0.9558315873364741,-524354.4944074231,531249.5725142095,0.08966488775331527,0.14309946831781417,8,false,0.01396064186457927,0.01396064186457927,false
255,true,0.9198261968242728,-524220.77816804626,531354.9607208758,0.07747280644252896,0.2687730862526223,8,false,0.01396064186457927,0.01396064186457927,false
255,true,0.9298496371292362,-524229.67165853543,531237.2804709234,-0.23229381279088557,0.2540515542495996,8,false,0.01396064186457927,0.01396064186457927,false
255,true,0.9995997358627086,-524235.00502779963,531220.845990433,-0.009484860813245177,-0.02452415321022272,8,false,0.01396064186457927,0.01396064186457927,false
255,true,0.9681755717264715,-524231.68038535456,531222.7688323685,0.03499775752425194,0.0714549768017605,8,false,0.01396064186457927,0.01396064186457927,false
255,true,0.9823647443396117,-524246.19003895373,531238.8358931849,0.01423090510070324,0.0759636911097914,8,false,0.01396064186457927,0.01396064186457927,false
255,true,0.9954099915208966,-524357.7927022023,531296.8121577622,0.04288791725412011,-0.06842315034009516,8,false,0.01396064186457927,0.01396064186457927,false
255,true,0.8349562611857684,-524220.7839237756,531340.0017279629,0.015829267096705735,0.4533896680222824,8,false,0.01396064186457927,0.01396064186457927,false
255,true,0.9318887488458697,-524318.0174706823,531308.6601111043,0.0063579631969332695,0.22238142194692045,8,false,0.01396064186457927,0.01396064186457927,false
255,true,0.9999377353643522,-524383.0737977243,531429.1112164347,-0.09691302967257798,-0.12446879001799971,8,false,0.01396064186457927,0.01396064186457927,false
255,true,0.9606640095253558,-524257.99795436644,531327.867208751,0.07854872813913971,0.10119990317616612,8,false,0.01396064186457927,0.01396064186457927,false
255,true,0.9982704836604347,-524229.3734214514,531243.1691342765,-0.05968384025618434,-0.10924628900829703,8,false,0.01396064186457927,0.01396064186457927,false
255,true,0.8511932184897648,-524261.15376591554,531288.2658531605,0.016962571069598198,0.365408928017132,8,false,0.01396064186457927,0.01396064186457927,false
255,true,0.9776432664282302,-524232.41387385706,531261.5033574833,-0.021694166935048997,0.08106266497634351,8,false,0.01396064186457927,0.01396064186457927,false
255,true,0.9971105622715661,-524300.3361331798,531215.1722235581,0.021741009200923145,-0.04728027153760195,8,false,0.01396064186457927,0.01396064186457927,false
255,true,0.960366458397116,-524424.2958463182,531363.9165271942,0.07992268796078861,0.1252398402430117,8,false,0.01396064186457927,0.01396064186457927,false
255,true,0.9987385679148091,-524416.7768189956,531481.1576048278,-0.004839237313717604,-0.12810079008340836,8,false,0.01396064186457927,0.01396064186457927,false
255,true,0.9886215575501929,-524469.4861714995,531435.7093783412,-0.05477174511179328,-0.12705723603721708,8,false,0.01396064186457927,0.01396064186457927,false
255,true,0.9901602279116091,-524412.9223852583,531595.5246303731,0.033082861453294754,0.05898808653000742,8,false,0.01396064186457927,0.01396064186457927,false
255,true,0.9800762768807469,-524411.1246567541,531570.6933271177,0.014199442928656936,0.11507236759644002,8,false,0.01396064186457927,0.01396064186457927,false
255,true,0.9921993098823201,-524248.05538106355,531437.6531281847,-0.08018095616716892,-0.12294754292815924,8,false,0.01396064186457927,0.01396064186457927,false
255,true,0.9720804899597443,-524218.0481229711,531320.5119255034,0.045750857796519995,0.08824974717572331,8,false,0.01396064186457927,0.01396064186457927,false
255,true,0.9747990420472019,-524244.13161011715,531288.6073937562,0.0065128791611641645,0.10982011258602142,8,false,0.01396064186457927,0.01396064186457927,false
255,true,0.8285496763222127,-524301.6960817432,531295.035134195,0.4622036594664678,0.47741869394667447,8,false,0.01396064186457927,0.01396064186457927,false
255,true,0.9107225973069824,-524200.8570155244,531201.1932206543,-0.08396661002188921,-0.5582886844640598,8,false,0.01396064186457927,0.01396064186457927,false
255,true,0.9910272438416153,-524184.6018031431,531143.8016749034,-0.09459622565191239,-0.46983805450145155,8,false,0.01396064186457927,0.01396064186457927,false
255,true,0.9476132306840671,-524055.3443220544,531062.5365349485,0.17008971807081252,-0.38365527626592666,8,false,0.01396064186457927,0.01396064186457927,false
255,true,0.9973258320549676,-524079.2531474141,531083.9322183679,-0.4882979855174199,-0.5442073959857225,8,false,0.01396064186457927,0.01396064186457927,false
255,true,0.891788595339792,-524363.9345272444,531206.3041214695,0.2895019822753966,0.2953635831363499,8,false,0.01396064186457927,0.01396064186457927,false
255,true,0.9971790781601019,-524164.4353151994,531265.9502295441,-0.20408694597426802,-0.3502536235610023,8,false,0.01396064186457927,0.01396064186457927,false
255,true,0.9975045392554271,-524309.8088305646,531238.0905730601,-0.09893473156262189,-0.1529550557024777,8,false,0.01396064186457927,0.01396064186457927,false
255,true,0.9254221487160325,-524271.85861327365,531394.5441629962,0.15369131125044078,0.19906967016868293,8,false,0.01396064186457927,0.01396064186457927,false
255,true,0.9975019673697364,-524230.57206272223,531291.5309624558,-0.20524765003938228,-0.21105324698146433,8,false,0.01396064186457927,0.01396064186457927,false
255,true,0.8861225013056732,-524252.87903789076,531183.2600125257,0.011053442023694515,0.25096186774317175,8,false,0.01396064186457927,0.01396064186457927,false
255,true,0.9147145171602327,-524305.651733182,531267.3529134421,0.04358764109201729,0.18472679459955543,8,false,0.01396064186457927,0.01396064186457927,false
255,true,0.9391795371921023,-524328.186593179,531464.4085882506,0.14126136736012995,0.16092263883911073,8,false,0.01396064186457927,0.01396064186457927,false
255,true,0.9370957979009183,-524292.5952343255,531391.7041322638,-0.13406832539476454,0.23338700004387647,8,false,0.01396064186457927,0.01396064186457927,false
255,true,1.0,-524070.51111106534,531179.7312920265,-0.043632420944049954,-0.07067171158269048,8,false,0.01396064186457927,0.01396064186457927,false
255,true,0.9852491308539908,-524174.54329652176,531063.3028890904,0.032922737882472575,0.050481682643294334,8,false,0.01396064186457927,0.01396064186457927,false
255,true,0.9947069997879712,-524076.64663014293,531047.9275883109,0.005948742502368987,-0.05757627123966813,8,false,0.01396064186457927,0.01396064186457927,false
255,true,0.9955436778671287,-524449.4847594408,531283.1649600965,0.0193282812833786,-0.05607294221408665,8,false,0.01396064186457927,0.01396064186457927,false
255,true,0.892615070385241,-524396.5672533241,531514.4337346551,0.09633336239494383,0.27993314852938056,8,false,0.01396064186457927,0.01396064186457927,false
255,true,0.9974151232330746,-524286.6980524751,531405.6595074405,-0.04056518210563809,-0.16306568449363112,8,false,0.01396064186457927,0.01396064186457927,false
255,true,0.9884154190003878,-524358.2862429079,531408.9426100426,0.03847791242878884,-0.11599572200793773,8,false,0.01396064186457927,0.01396064186457927,false
255,true,0.9828866153077942,-524288.2964558869,531392.7096204493,0.01839499396737665,-0.16925657133106142,8,false,0.01396064186457927,0.01396064186457927,false
255,true,0.9661699782125583,-524258.22517873655,531297.1532376924,-0.15669509477447718,-0.19317654659971595,8,false,0.01396064186457927,0.01396064186457927,false
255,true,0.9435652316677522,-524173.7227233541,531234.1598631468,0.06124419788829982,0.14786185347475111,8,false,0.01396064186457927,0.01396064186457927,false
255,true,0.9962464623138909,-524276.5458365418,531242.9589617449,-0.040644443477503955,-0.09647538291756064,8,false,0.01396064186457927,0.01396064186457927,false
255,true,0.9962764384989894,-523962.6311287905,530994.2577123553,0.002313794568181038,-0.07289331685751677,8,false,0.01396064186457927,0.01396064186457927,false
255,true,0.9228680294603625,-524079.6427008024,530818.644832524,-0.0576943225460127,0.2192671555094421,8,false,0.01396064186457927,0.01396064186457927,false
255,true,0.7285627974293263,-524089.11561231303,531026.2900456418,0.47686278680339456,0.6664322868455201,8,false,0.01396064186457927,0.01396064186457927,false
255,true,0.9900530104961004,-524072.14829280163,531184.8747368411,0.024891582899726927,-0.4666249386500567,8,false,0.01396064186457927,0.01396064186457927,false
255,true,0.9263121203966442,-524200.1992560392,531075.3360715384,-0.19255341542884707,-0.4959439216181636,8,false,0.01396064186457927,0.01396064186457927,false
255,true,0.9997082034033916,-524248.0946747468,531224.5576923478,-0.20511125086341053,-0.2988068590639159,8,false,0.01396064186457927,0.01396064186457927,false
255,true,0.9054717348148321,-524193.4728732546,531270.7770210133,-0.010027794749476016,0.2742853385861963,8,false,0.01396064186457927,0.01396064186457927,false
255,true,0.9549482167510643,-524173.87855530006,531356.5248909221,-0.05372420570347458,0.15773481980431825,8,false,0.01396064186457927,0.01396064186457927,false
255,true,0.9792694792516708,-524230.18007447396,531172.94195086,0.043357187998481095,0.07682161103002727,8,false,0.01396064186457927,0.01396064186457927,false
255,true,0.9637352989178324,-524205.15268758725,531180.8102346909,0.01304228464141488,0.13858031725976616,8,false,0.01396064186457927,0.01396064186457927,false
255,true,0.941455931007161,-524124.0209810876,531142.8284941217,-0.006464114529080689,0.18203058594372123,8,false,0.01396064186457927,0.01396064186457927,false
255,true,0.9168266915665878,-524161.7424398611,531136.5311119485,0.09447995421942323,0.23257418593857437,8,false,0.01396064186457927,0.01396064186457927,false
255,true,0.9876683961103355,-524289.3759948385,531247.283859059,0.05262355541344732,-0.18837384623475373,8,false,0.01396064186457927,0.01396064186457927,false
255,true,0.9968435825974733,-524143.94829234295,531242.6368979,-0.2073618081631139,-0.23721573629882187,8,false,0.01396064186457927,0.01396064186457927,false
255,true,0.9737792953829746,-524251.5743723146,531211.1534833437,0.0336566639598459,0.08302125183399767,8,false,0.01396064186457927,0.01396064186457927,false
255,true,0.9995445991523128,-524224.78014318855,531302.2872685444,-0.013423407915979624,-0.06475387734826654,8,false,0.01396064186457927,0.01396064186457927,false
255,true,0.9940907008757053,-524174.0220034352,531187.2728566362,-0.010344492853619158,-0.04815500054974109,8,false,0.01396064186457927,0.01396064186457927,false
255,true,0.9755717561588225,-524158.4267655611,531168.6670760292,0.053212914732284844,0.07784488063771278,8,false,0.01396064186457927,0.01396064186457927,false
255,true,0.9833397847101992,-524216.73469339364,531143.7821883613,-0.03830081457272172,-0.09113219811115414,8,false,0.01396064186457927,0.01396064186457927,false
255,true,0.9973677735626898,-524151.1424963057,531169.7302688175,-0.006925693713128567,-0.05957135162316263,8,false,0.01396064186457927,0.01396064186457927,false
255,true,0.9954894890186601,-524256.88898586546,531287.0429271378,0.006021559704095125,-0.04527678445447236,8,false,0.01396064186457927,0.01396064186457927,false
255,true,0.9802074889077664,-524292.7262461613,531229.123605453,0.020401809830218554,0.07697296526748687,8,false,0.01396064186457927,0.01396064186457927,false
255,true,0.9817538789816237,-524376.0954806373,531372.2182720201,0.05016349919606,-0.07817846885882318,8,false,0.01396064186457927,0.01396064186457927,false
255,true,0.9655276594482256,-524260.4613568258,531384.7678935747,-0.09108993341214955,0.12681552558206022,8,false,0.01396064186457927,0.01396064186457927,false
255,true,0.9898423624826924,-524140.508362461,531299.3420286216,-0.003446931135840714,0.04784332087729126,8,false,0.01396064186457927,0.01396064186457927,false
255,true,0.8893405560251251,-524153.94445340394,531094.6101297607,-0.010126748122274876,0.27572974865324795,8,false,0.01396064186457927,0.01396064186457927,false
255,true,0.9867104101363408,-524147.4317191395,531129.459405708,0.023559961933642626,0.043774864985607564,8,false,0.01396064186457927,0.01396064186457927,false
255,true,0.9982326632362349,-524231.01578272134,531135.8823448261,-0.00803185603581369,-0.046552793006412685,8,false,0.01396064186457927,0.01396064186457927,false
255,true,0.9376949780496616,-524142.0867326947,531185.1664557179,0.05118427309207618,0.16476322070229799,8,false,0.01396064186457927,0.01396064186457927,false
255,true,0.8903729127220713,-524345.7009276585,531299.2848836193,0.02650048618670553,0.3063573178369552,8,false,0.01396064186457927,0.01396064186457927,false
255,true,0.8239823074447344,-524361.3936860781,531512.4116363666,-0.0669097617501393,0.49647097976412624,8,false,0.01396064186457927,0.01396064186457927,false
255,true,0.9983844091610924,-524247.34908716794,531399.8644139654,-0.015256460872478783,-0.046236727153882384,8,false,0.01396064186457927,0.01396064186457927,false
255,true,0.8423153454740798,-524181.69989988673,531162.113439732,0.010681283194571733,0.39481033629272133,8,false,0.01396064186457927,0.01396064186457927,false
255,true,0.9973246441326233,-524159.23002198315,531117.1480188423,-0.015612689545378089,-0.047519790241494775,8,false,0.01396064186457927,0.01396064186457927,false
255,true,0.9919402429299932,-524389.2860404502,531342.7085525463,0.024039299110881984,0.04405172180850059,8,false,0.01396064186457927,0.01396064186457927,false
255,true,0.9887776982838792,-524341.9286856201,531346.7065376304,0.034840805223211646,0.052815887378528714,8,false,0.01396064186457927,0.01396064186457927,false
255,true,0.8882103356148285,-524367.0128874053,531450.4496595351,0.2752648424357176,0.29673541837837547,8,false,0.01396064186457927,0.01396064186457927,false
255,true,0.9987410513705534,-524081.01663867105,531219.3304927527,-0.2040524851763621,-0.3590046934550628,8,false,0.01396064186457927,0.01396064186457927,false
255,true,0.9916345656186182,-524279.812194879,531160.8657029831,-0.0891861692070961,-0.16478595160879195,8,false,0.01396064186457927,0.01396064186457927,false
255,true,0.8561631766029555,-524231.5322016786,531348.8952095731,0.30723644548561424,0.34590690315235406,8,false,0.01396064186457927,0.01396064186457927,false
255,true,0.948695016925078,-524222.8995598419,531197.7916554946,-0.11787190765608102,-0.35780830041039735,8,false,0.01396064186457927,0.01396064186457927,false
255,true,0.8530994009782599,-524295.9716613174,531274.5878974476,-0.004192644380964339,0.5112091364571825,8,false,0.01396064186457927,0.01396064186457927,false
255,true,0.9890930975725222,-524307.8026215951,531345.6517624415,0.026980279479175806,-0.22147082688752562,8,false,0.01396064186457927,0.01396064186457927,false
255,true,0.8937288290313957,-524388.1924751357,531479.7357795483,0.1835706913843751,0.37012473796494305,8,false,0.01396064186457927,0.01396064186457927,false
255,true,0.9950995180184056,-524276.5272739654,531330.202583051,-0.38504526228643954,-0.4538990589790046,8,false,0.01396064186457927,0.01396064186457927,false
255,true,0.951430462850866,-524315.2240161676,531317.4884711959,0.1379638311918825,0.14876906899735332,8,false,0.01396064186457927,0.01396064186457927,false
255,true,0.9653969895114126,-524408.3271874443,531423.2424877385,0.04544000921305269,-0.20379454491194338,8,false,0.01396064186457927,0.01396064186457927,false
255,true,0.9523991502358872,-524263.8647204057,531327.2186327472,-0.23771530052181333,-0.2442621774971485,8,false,0.01396064186457927,0.01396064186457927,false
255,true,0.7605578460130422,-524164.98319676117,531224.2655642091,0.4558741068467498,0.5864830444334075,8,false,0.01396064186457927,0.01396064186457927,false
255,true,0.991108848640029,-524154.1076154908,531182.6044362172,-0.35390910459682345,-0.4453966108849272,8,false,0.01396064186457927,0.01396064186457927,false
255,true,0.9841894390158742,-524219.23114580225,531144.5882393682,-0.027594620711170137,0.10091295919846743,8,false,0.01396064186457927,0.01396064186457927,false
255,true,0.9544018724706979,-524133.0660420305,531229.8759593035,0.05596057849470526,0.1670570680871606,8,false,0.01396064186457927,0.01396064186457927,false
255,true,0.8270149886423813,-524404.0261033117,531283.3565484685,0.45975054998416454,0.5163763649761677,8,false,0.01396064186457927,0.01396064186457927,false
255,true,0.9934933994174949,-524376.1598936348,531463.4656495277,-0.48928869259543717,-0.6029842036077753,8,false,0.01396064186457927,0.01396064186457927,false
255,true,0.9670470996525019,-524312.4913724716,531331.1167925216,-0.06875660084187984,0.13859000301454216,8,false,0.01396064186457927,0.01396064186457927,false
255,true,0.7188333223013758,-524290.3554128964,531328.7322635435,0.32505936664529145,0.7656843912554905,8,false,0.01396064186457927,0.01396064186457927,false
255,true,0.9994308398050568,-524199.58744795434,531264.5285051268,-0.2060101939132437,-0.377681746147573,8,false,0.01396064186457927,0.01396064186457927,false
255,true,0.963047729725508,-524329.9163085906,531277.1549831278,-0.14869309263303876,-0.17173737229313701,8,false,0.01396064186457927,0.01396064186457927,false
255,true,0.9767362425608497,-524225.4810033518,531361.000894499,0.006636215373873711,0.06572653551120311,8,false,0.01396064186457927,0.01396064186457927,false
255,true,0.9790625091067849,-524272.3203885615,531305.0652061782,0.024613118614070117,0.06983806728385389,8,false,0.01396064186457927,0.01396064186457927,false
255,true,0.9780228516921049,-524136.4689232469,531206.3657012014,0.031488614971749485,0.07946382451336831,8,false,0.01396064186457927,0.01396064186457927,false
255,true,0.9826187092068416,-524110.97720508714,531221.5888713403,0.02655838744249195,0.08539401041343808,8,false,0.01396064186457927,0.01396064186457927,false
255,true,0.7748961313799385,-524139.29054256383,531034.6603667126,-0.08706376305781305,0.6463655566330999,8,false,0.01396064186457927,0.01396064186457927,false
255,true,0.8805985773022431,-524189.7288472027,531202.5010589774,0.013414409128017724,0.2782748182071373,8,false,0.01396064186457927,0.01396064186457927,false
255,true,0.9960184910316986,-524200.3591040565,531325.1528625614,-0.025276946951635182,-0.04450656892731786,8,false,0.01396064186457927,0.01396064186457927,false
255,true,0.9704850522667113,-524254.90296906023,531154.4471443787,0.014425385044887662,0.07352258078753948,8,false,0.01396064186457927,0.01396064186457927,false
255,true,0.8380632003017171,-524054.418642933,531134.0927777643,0.12814815330784768,0.3999727483605966,8,false,0.01396064186457927,0.01396064186457927,false
255,true,0.9379581772053988,-524337.567829445,531169.3732526614,0.17839597014244646,0.2073219232261181,8,false,0.01396064186457927,0.01396064186457927,false
255,true,0.9947319747774671,-524191.98746940994,531400.6621809513,0.011240988736972213,-0.3335311892442405,8,false,0.01396064186457927,0.01396064186457927,false
255,true,0.9412150180026285,-524168.35115449503,530963.9661741295,-0.15748817927669734,-0.3496170820435509,8,false,0.01396064186457927,0.01396064186457927,false
255,true,0.9951637830411324,-524227.5544554334,531254.3562968911,-0.1596183138899505,-0.1999171053757891,8,false,0.01396064186457927,0.01396064186457927,false
255,true,0.9419321062133671,-524240.9305343965,531279.6051233254,0.08727515197824687,0.1428102774079889,8,false,0.01396064186457927,0.01396064186457927,false
255,true,0.9941873863832567,-524302.4820156435,531284.981360756,-0.05754068214446306,-0.09807387576438487,8,false,0.01396064186457927,0.01396064186457927,false
255,true,0.7330125335259334,-524311.8496316135,531200.2896556495,0.21162837208248675,0.7129745427519083,8,false,0.01396064186457927,0.01396064186457927,false
255,true,0.8630933954010858,-524326.7325865664,531338.692327384,-0.05885097139980644,0.46267256734427065,8,false,0.01396064186457927,0.01396064186457927,false
255,true,0.7579197085105083,-524188.3909151175,531262.1132338584,0.016537378542125225,0.7734144787536934,8,false,0.01396064186457927,0.01396064186457927,false
255,true,0.9537897660537531,-524322.2812029003,531269.9793064275,-0.1297462087823078,-0.22998413909226656,8,false,0.01396064186457927,0.01396064186457927,false
255,true,0.9910392867476254,-524358.4178730239,531409.0401266423,-0.04787755792494863,-0.10264734679367393,8,false,0.01396064186457927,0.01396064186457927,false
255,true,0.9913375138133415,-524351.0547821868,531519.3445100689,0.048699213308282197,0.048699213308282197,8,false,0.01396064186457927,0.01396064186457927,false
255,true,0.8674662452831682,-524376.8023453394,531277.640313205,0.0512997074984014,0.36145830515306443,8,false,0.01396064186457927,0.01396064186457927,false
255,true,0.9847729664077444,-524228.851854443,531341.6444021364,-0.09619615960400552,-0.12421951838769019,8,false,0.01396064186457927,0.01396064186457927,false
255,true,0.996440673571129,-524294.4333155191,531176.583319557,0.0144353840732947,-0.05297836125828326,8,false,0.01396064186457927,0.01396064186457927,false
255,true,0.9816128805365002,-524240.09743036074,531303.2092509919,0.05824825505260378,0.07445352908689529,8,false,0.01396064186457927,0.01396064186457927,false
255,true,0.9987329793896406,-524278.30731308996,531160.5492100297,-0.08959273854270577,-0.12552235508337617,8,false,0.01396064186457927,0.01396064186457927,false
255,true,0.8795245325765098,-524210.1350159062,531305.6562492386,0.21496324986219406,0.30392309953458607,8,false,0.01396064186457927,0.01396064186457927,false
255,true,0.9401945300534257,-524214.31823747547,531165.3026694534,0.09829646511934698,-0.2535158870741725,8,false,0.01396064186457927,0.01396064186457927,false
255,true,0.9843442057513683,-524298.6627006546,531311.9562899165,-0.3160168391186744,-0.33781829406507313,8,false,0.01396064186457927,0.01396064186457927,false
255,true,0.9464721433575964,-524201.2797516031,531292.9756142453,0.04905682511162013,0.13999735412653536,8,false,0.01396064186457927,0.01396064186457927,false
255,true,0.9828162415303732,-524375.301089259,531276.977798957,0.020164001150988042,-0.09128095174673945,8,false,0.01396064186457927,0.01396064186457927,false
255,true,0.9997518039764081,-524361.3025029851,531396.051636971,-0.036180944414809346,-0.10780236357823014,8,false,0.01396064186457927,0.01396064186457927,false
255,true,0.9992500374727545,-524119.10947283043,531256.354996761,-0.05556542193517089,-0.07218892441596836,8,false,0.01396064186457927,0.01396064186457927,false
255,true,0.8944338646916545,-524072.51116432116,531051.9663510128,0.032393556321039796,0.23630005598533899,8,false,0.01396064186457927,0.01396064186457927,false
255,true,0.9991468804082511,-524195.81478214293,531248.5881242006,-0.03716437134426087,-0.04438105341978371,8,false,0.01396064186457927,0.01396064186457927,false
255,true,0.9702699024896121,-524310.4264775668,531321.3002192767,0.009091151528991759,0.06770167278591543,8,false,0.01396064186457927,0.01396064186457927,false
255,true,0.9928840110232136,-524165.15191380517,531239.020974194,0.0045495734084397554,0.026181809604167938,8,false,0.01396064186457927,0.01396064186457927,false
255,true,0.9107064595658186,-524232.4514464569,531161.9870280838,0.10161389410495758,0.20316087105311453,8,false,0.01396064186457927,0.01396064186457927,false
255,true,0.9353894348571005,-524038.9897663366,531139.7733178727,0.07335558859631419,0.22695027675945312,8,false,0.01396064186457927,0.01396064186457927,false
255,true,0.9246081986307974,-524007.2710088687,530841.9935319953,-0.15403864916879684,0.29472319036722183,8,false,0.01396064186457927,0.01396064186457927,false
255,true,0.8185305912614804,-524252.5485011501,530968.7425222619,0.4273451140616089,0.453571432037279,8,false,0.01396064186457927,0.01396064186457927,false
255,true,0.752770833519586,-524231.80024656386,531277.7894419588,-0.2727441348833963,0.9127128288382664,8,false,0.01396064186457927,0.01396064186457927,false
255,true,0.9709936401916817,-524254.65202913777,531264.898833446,-0.14638447063043714,-0.19115640956442803,8,false,0.01396064186457927,0.01396064186457927,false
255,true,0.9986743772774024,-524220.00338434655,531265.7004682703,-0.04723084031138569,-0.051027124049142,8,false,0.01396064186457927,0.01396064186457927,false
255,true,0.9847938774714975,-524139.44101033366,531143.1027715954,0.021853530080989003,0.04373523872345686,8,false,0.01396064186457927,0.01396064186457927,false
255,true,0.9883924031883695,-524288.1334580708,531234.9937575673,-0.02271936077158898,0.04241748247295618,8,false,0.01396064186457927,0.01396064186457927,false
255,true,0.9859230676367479,-524330.9238379393,531353.1509570518,0.013208621647208929,0.03498857968952507,8,false,0.01396064186457927,0.01396064186457927,false
255,true,0.7447428856225075,-524191.24560580286,531292.4377895035,0.1855142208514735,0.6485039724502712,8,false,0.01396064186457927,0.01396064186457927,false
255,true,0.9903606816465599,-524313.9630870585,531274.7283817923,-0.18967867363244295,-0.19439297216013074,8,false,0.01396064186457927,0.01396064186457927,false
255,true,0.9197825013826585,-524182.94714557636,531184.1959826893,-0.007710696314461529,0.18059521564282477,8,false,0.01396064186457927,0.01396064186457927,false
255,true,0.86480163833196,-524188.71290382673,531237.3238240355,0.25567189475987107,0.31190978351514786,8,false,0.01396064186457927,0.01396064186457927,false
255,true,0.8959331233073502,-524167.83239324373,531108.6040727317,-0.150616163155064,0.3551828284980729,8,false,0.01396064186457927,0.01396064186457927,false
255,true,0.9968055932340193,-524291.9831577531,531221.756473433,-0.016275353729724884,-0.11505823978222907,8,false,0.01396064186457927,0.01396064186457927,false
255,true,0.9929525094766364,-524199.7349963628,531178.6281908837,-0.04904249357059598,-0.08446598262526095,8,false,0.01396064186457927,0.01396064186457927,false
255,true,0.9976172531587979,-524168.12690947135,531167.8922180634,-0.03501370293088257,-0.05133773642592132,8,false,0.01396064186457927,0.01396064186457927,false
255,true,0.9792641631177312,-524276.17791156436,531220.8808048131,-0.004400308593176305,0.053107675863429904,8,false,0.01396064186457927,0.01396064186457927,false
255,true,0.9571781901304464,-524280.2095289291,531314.6435092596,0.056104863178916276,0.09752573119476438,8,false,0.01396064186457927,0.01396064186457927,false
255,true,0.9966605089397327,-524427.9338768813,531297.0709736212,-0.003964299918152392,-0.06234424852300435,8,false,0.01396064186457927,0.01396064186457927,false
255,true,0.9128345254551354,-524173.5824416024,531315.5496338917,0.21784908405970782,0.2352002029074356,8,false,0.01396064186457927,0.01396064186457927,false
255,true,0.9995943044031391,-524241.00557275786,531245.4164687791,-0.2348774807760492,-0.2646845957497135,8,false,0.01396064186457927,0.01396064186457927,false
255,true,0.9224544486795819,-524259.53502780874,531285.8215016875,0.15751419053412974,0.1994759967783466,8,false,0.01396064186457927,0.01396064186457927,false
255,true,0.9817654188632687,-524212.7872450336,531238.081575259,-0.0362029840471223,-0.18648315872997046,8,false,0.01396064186457927,0.01396064186457927,false
255,true,0.9506186863392666,-524175.5723219628,531193.8223117234,-0.1454731379635632,0.18952489271759987,8,false,0.01396064186457927,0.01396064186457927,false
255,true,0.8622969299318537,-524246.35865576874,531142.3067063022,0.29179121274501085,0.31628028326667845,8,false,0.01396064186457927,0.01396064186457927,false
255,true,0.9993723884324027,-524409.3144739482,531413.17672123,-0.1443346922751516,-0.2914587917039171,8,false,0.01396064186457927,0.01396064186457927,false
255,true,0.6236646040457717,-524286.8727737533,531425.7287774547,0.7190362139372155,1.2634945230092853,8,false,0.01396064186457927,0.01396064186457927,false
255,true,0.9997349158580305,-524314.7892275747,531238.8078939811,-0.017280162312090397,-0.8799186463002115,8,false,0.01396064186457927,0.01396064186457927,false
255,true,0.9968313297801679,-524268.84064816864,531336.7622683214,-0.6705991574563086,-0.8471030358923599,8,false,0.01396064186457927,0.01396064186457927,false
255,true,0.9993227434231108,-524362.0140239961,531361.1102903542,0.011176929459907115,-0.1880911428015679,8,false,0.01396064186457927,0.01396064186457927,false
255,true,0.9996436435549544,-524398.2581169799,531368.5275786836,-0.13753261929377913,-0.1944616596447304,8,false,0.01396064186457927,0.01396064186457927,false
255,true,0.9603540249591188,-524237.539473273,531327.0621065147,0.0893647379707545,0.11939014692325145,8,false,0.01396064186457927,0.01396064186457927,false
255,true,0.9927178473000008,-524274.77714581735,531290.9353481338,-0.06522773008327931,-0.14728853292763233,8,false,0.01396064186457927,0.01396064186457927,false
255,true,0.7572214348825794,-524211.2583506844,531259.2227747245,-0.06958488724194467,0.6649252506904304,8,false,0.01396064186457927,0.01396064186457927,false
255,true,0.9888108440064148,-524201.39774572715,531268.4547517024,0.017116793780587614,0.04401779256295413,8,false,0.01396064186457927,0.01396064186457927,false
255,true,0.9587838207041743,-524341.5527632352,531297.0763845325,0.1067732498049736,0.11521552538033575,8,false,0.01396064186457927,0.01396064186457927,false
255,true,0.9787285890731982,-524195.48938513885,531278.9765861332,-0.07214664702769369,-0.1455900096334517,8,false,0.01396064186457927,0.01396064186457927,false
255,true,0.8176619587317616,-524341.3143448193,531336.0352645067,0.1633643675595522,0.47141350095625967,8,false,0.01396064186457927,0.01396064186457927,false
255,true,0.9980349392620872,-524352.4986927807,531437.8608539399,-0.175463363295421,-0.2251381113892421,8,false,0.01396064186457927,0.01396064186457927,false
255,true,0.9954816016973949,-524277.2973386556,531258.0676000381,0.008663198561407626,-0.05384276027325541,8,false,0.01396064186457927,0.01396064186457927,false
255,true,0.9012507614881415,-524326.324928938,531395.5859342318,0.018889758619479835,0.2534153831657022,8,false,0.01396064186457927,0.01396064186457927,false
255,true,0.9887049541144477,-524193.3710880099,531221.8505595208,-0.06086734717246145,-0.0823629682417959,8,false,0.01396064186457927,0.01396064186457927,false
255,true,0.95597759735174,-524288.7706275891,531258.0424530859,-0.01275502354837954,0.11869915516581386,8,false,0.01396064186457927,0.01396064186457927,false
255,true,0.6717751665363954,-524172.2050081583,531341.1560855474,0.09631804167293012,0.8984574124915525,8,false,0.01396064186457927,0.01396064186457927,false
255,true,0.9811685741384516,-524255.9308167343,531172.6916210258,0.052714388351887465,-0.11512027820572257,8,false,0.01396064186457927,0.01396064186457927,false
255,true,0.9649996764763289,-524279.24025020667,531317.5233459994,-0.025727256550453603,-0.15716999862343073,8,false,0.01396064186457927,0.01396064186457927,false
255,true,0.9973404182334119,-524028.35995252297,531123.4134489615,-0.12222401110921055,-0.1393089402699843,8,false,0.01396064186457927,0.01396064186457927,false
255,true,0.9725925197389375,-524257.7646361514,531106.3506877716,0.011931231012567878,0.07443601149134338,8,false,0.01396064186457927,0.01396064186457927,false
255,true,0.9319956559904937,-524264.7365572359,531302.3672112485,0.13090464984998107,0.16030549770221114,8,false,0.01396064186457927,0.01396064186457927,false
255,true,0.9985016940594618,-524246.9290665263,531256.1257398662,-0.007434492581523955,-0.15094733238220215,8,false,0.01396064186457927,0.01396064186457927,false
255,true,0.9064800379046921,-524203.90250466694,531205.7988571135,0.25340877659618855,0.29449266009032726,8,false,0.01396064186457927,0.01396064186457927,false
255,true,0.9993048045451947,-524285.96806820715,531301.1286237498,-0.3027984289219603,-0.4029921847395599,8,false,0.01396064186457927,0.01396064186457927,false
255,true,0.6140259398744436,-524347.0170645172,531413.0946455149,0.6342959608882666,1.243011365761049,8,false,0.01396064186457927,0.01396064186457927,false
255,true,0.7990346663771168,-524188.1170061966,531368.3165899942,-0.6829491339158267,0.8361818249104545,8,false,0.01396064186457927,0.01396064186457927,false
255,true,0.9286763941696363,-524243.4828210119,531250.6236042861,0.009713839623145759,0.1898050494492054,8,false,0.01396064186457927,0.01396064186457927,false
255,true,0.9339575297874392,-524162.0689168125,531168.7866649762,-0.06123030639719218,0.18726437399163842,8,false,0.01396064186457927,0.01396064186457927,false
255,true,0.9490805097509708,-524301.4243291527,531193.8293411725,0.05368351377546787,0.1154134472599253,8,false,0.01396064186457927,0.01396064186457927,false
255,true,0.9998930778700081,-524218.96156242903,531307.1865183066,-0.019731142790988088,-0.05418096843641251,8,false,0.01396064186457927,0.01396064186457927,false
255,true,0.964718986624516,-524227.58348354016,531235.6546458637,0.027076873113401234,0.10726434201933444,8,false,0.01396064186457927,0.01396064186457927,false
255,true,0.9980744015382291,-524130.1784736955,531304.7154939236,-0.016886309604160488,-0.06307738658506423,8,false,0.01396064186457927,0.01396064186457927,false
255,true,0.8876760368894036,-524073.00465251494,531017.1741342361,0.1707303620642051,0.28022594179492444,8,false,0.01396064186457927,0.01396064186457927,false
255,true,0.9360606578072783,-524080.49822698405,531175.5622023514,0.18805884569883347,0.2319799188990146,8,false,0.01396064186457927,0.01396064186457927,false
255,true,0.9918828966229014,-524117.23778092593,531175.7491358578,0.05520379403606057,-0.4169314062455669,8,false,0.01396064186457927,0.01396064186457927,false
255,true,0.992020128259851,-523993.6631175615,531004.5252207365,-0.015113131259568036,-0.46766242454759777,8,false,0.01396064186457927,0.01396064186457927,false
255,true,0.9986314489489623,-524103.83976435044,530900.4455967043,-0.3749476271914318,-0.4466845919378102,8,false,0.01396064186457927,0.01396064186457927,false
255,true,0.9613888394596776,-524105.2956863095,531041.5588553487,0.08676122548058629,0.12258280208334327,8,false,0.01396064186457927,0.01396064186457927,false
255,true,0.9953265675413376,-524426.1491837947,531262.1755920927,0.014746521366760135,-0.16470172547269613,8,false,0.01396064186457927,0.01396064186457927,false
255,true,0.8797198219112945,-524165.0240275254,531342.0425030713,0.3182056815130636,0.3732900784816593,8,false,0.01396064186457927,0.01396064186457927,false
255,true,0.8255693283895567,-524317.266262436,531197.8947768826,-0.41592577670235187,0.6658341258298606,8,false,0.01396064186457927,0.01396064186457927,false
255,true,0.9818072778549447,-524306.1767284758,531359.9239788528,0.005972242681309581,0.08676578209269792,8,false,0.01396064186457927,0.01396064186457927,false
255,true,0.9993318132288147,-524196.566851877,531345.6019422391,-0.0010130645241588354,-0.08428645064122975,8,false,0.01396064186457927,0.01396064186457927,false
255,true,0.9995719868639613,-524135.35990517825,531140.6216865642,-0.041930635925382376,-0.0816032876027748,8,false,0.01396064186457927,0.01396064186457927,false
255,true,0.9666060050021791,-524126.1745564923,531055.6283587143,0.019145968719385564,0.0957257718546316,8,false,0.01396064186457927,0.01396064186457927,false
255,true,0.9810048824560873,-524274.04947342025,531184.7006819042,0.05929316149558872,0.07075803866609931,8,false,0.01396064186457927,0.01396064186457927,false
255,true,0.998790222741407,-524095.6338649909,531178.2701561244,-0.004578828695230186,-0.11327911308035254,8,false,0.01396064186457927,0.01396064186457927,false
255,true,0.9926942096878414,-524197.20699701767,531065.3292173345,-0.05716857488732785,-0.1127687351545319,8,false,0.01396064186457927,0.01396064186457927,false
255,true,0.9947534964685634,-524118.3661228035,531061.742919559,-0.002628772519528866,-0.05195600457955152,8,false,0.01396064186457927,0.01396064186457927,false
255,true,0.9838351927239485,-524199.30731817376,531193.748810918,-0.018758079269900918,0.06580994289834052,8,false,0.01396064186457927,0.01396064186457927,false
255,true,0.8620582510975934,-524170.2965175492,531108.9466824906,0.09046206646598876,0.33612683590035886,8,false,0.01396064186457927,0.01396064186457927,false
255,true,0.9997925813954284,-524135.76341229095,531063.968698339,-0.043497359147295356,-0.12304207612760365,8,false,0.01396064186457927,0.01396064186457927,false
255,true,0.9974473314559472,-524057.1213337267,531021.9605997829,-0.022964736446738243,-0.0780713465064764,8,false,0.01396064186457927,0.01396064186457927,false
255,true,0.9975550764157602,-524097.55198334734,531104.456051877,-0.043407158576883376,-0.05913071264512837,8,false,0.01396064186457927,0.01396064186457927,false
255,true,0.8639230728514554,-524085.1339599731,531019.6743936335,0.01666849374305457,0.3097406707238406,8,false,0.01396064186457927,0.01396064186457927,false
255,true,0.9949376216335014,-524267.5255697863,531131.0647211447,0.008536171168088913,0.03532025567255914,8,false,0.01396064186457927,0.01396064186457927,false
255,true,0.9955346070685561,-524246.2066973452,531312.3088091651,-0.010079488507471979,0.036984329810366035,8,false,0.01396064186457927,0.01396064186457927,false
255,true,0.8755421697194127,-524333.6688540536,531274.1693783384,0.008245165343396366,0.294924178509973,8,false,0.01396064186457927,0.01396064186457927,false
255,true,0.99562399684162,-524233.04395316215,531273.3284199152,0.008032926125451922,-0.029018773697316647,8,false,0.01396064186457927,0.01396064186457927,false
255,true,0.9596300039184115,-524352.0763137577,531366.2632706064,0.09599197073839605,0.11553787486627698,8,false,0.01396064186457927,0.01396064186457927,false
255,true,0.9822480490905621,-524394.7955404277,531441.4350111932,-0.10772579512558877,-0.13423126086127013,8,false,0.01396064186457927,0.01396064186457927,false
255,true,0.9387922973745522,-524254.5613012097,531314.4557487317,0.090432999888435,0.1452866536565125,8,false,0.01396064186457927,0.01396064186457927,false
255,true,0.9979367866771305,-524213.350536144,531300.3646535095,-0.09391571267042309,-0.11578102072235197,8,false,0.01396064186457927,0.01396064186457927,false
255,true,0.9948997368944956,-524215.66555389774,531080.695118964,-0.001325541059486568,0.03169185225851834,8,false,0.01396064186457927,0.01396064186457927,false
255,true,0.7572463660534612,-524184.65034778253,531203.2227002379,0.31530076323542744,0.6017043997999281,8,false,0.01396064186457927,0.01396064186457927,false
255,true,0.9183973727571708,-524223.6666073843,531172.7944973859,-0.2781159062869847,-0.3534827639814466,8,false,0.01396064186457927,0.01396064186457927,false
255,true,0.9842320558428038,-524292.5429158983,531294.5435555943,0.02820318518206477,0.07350678439252079,8,false,0.01396064186457927,0.01396064186457927,false
255,true,0.9860195497989616,-524263.5366557359,531226.7468240246,-0.047192072379402816,-0.08479658071883023,8,false,0.01396064186457927,0.01396064186457927,false
255,true,0.8704290774618565,-524070.1893157584,531113.3160240429,0.006621663924306631,0.33030402928125113,8,false,0.01396064186457927,0.01396064186457927,false
255,true,0.9344771550589467,-524396.812629749,531156.937835219,0.15768199774902314,0.18693384469952434,8,false,0.01396064186457927,0.01396064186457927,false
255,true,0.9831568607751126,-524287.6123970481,531432.8325581986,0.0033797963988035917,-0.19331439235247672,8,false,0.01396064186457927,0.01396064186457927,false
255,true,0.9872577874622912,-524269.91280885047,531404.3658853929,-0.04827258735895157,-0.20022182527463883,8,false,0.01396064186457927,0.01396064186457927,false
255,true,0.9954237851067219,-524306.3177420286,531367.9560686528,-0.1106061062309891,-0.1560517830075696,8,false,0.01396064186457927,0.01396064186457927,false
255,true,0.9606047953088728,-524189.39660598605,531159.0544549517,0.03836048755329102,0.1208552842726931,8,false,0.01396064186457927,0.01396064186457927,false
255,true,0.8229778415859215,-524224.0518783696,531193.9457770676,-0.045102483476512134,0.47655505198054016,8,false,0.01396064186457927,0.01396064186457927,false
255,true,0.9896974944246885,-524165.52840920165,531164.9334218147,-0.011750669102184474,0.042736955801956356,8,false,0.01396064186457927,0.01396064186457927,false
255,true,0.9866168393993525,-524157.51013268915,531081.7719055521,0.0461483565159142,0.0526046376908198,8,false,0.01396064186457927,0.01396064186457927,false
255,true,0.9239870342638968,-524203.99425100954,531177.4462177316,0.12176552275195718,0.22075802669860423,8,false,0.01396064186457927,0.01396064186457927,false
255,true,0.9997070087334452,-524259.96373717225,531272.00681896,-0.14417782158125192,-0.20545841159764677,8,false,0.01396064186457927,0.01396064186457927,false
255,true,0.9897166296515825,-524223.63833550777,531255.0479937813,-0.00031898135785013437,0.061423832550644875,8,false,0.01396064186457927,0.01396064186457927,false
255,true,0.9991909310002761,-524185.1125558873,531219.4786449507,-9.967375081032515e-5,-0.07139105536043644,8,false,0.01396064186457927,0.01396064186457927,false
255,true,0.9309114402985503,-524230.48079800984,531255.1245034222,0.0332567150471732,0.19231989362742752,8,false,0.01396064186457927,0.01396064186457927,false
255,true,0.9994409895470651,-524154.91167874413,531115.8375044962,-0.017261033644899726,-0.10327262023929507,8,false,0.01396064186457927,0.01396064186457927,false
255,true,0.9316089785570302,-524305.1597050688,531227.8739714352,0.05085567897185683,0.20663863990921527,8,false,0.01396064186457927,0.01396064186457927,false
255,true,0.9980967121126161,-524324.5979386854,531359.3867382791,-0.02890442917123437,-0.10830770898610353,8,false,0.01396064186457927,0.01396064186457927,false
255,true,0.991114715340992,-524255.6402852949,531337.5142591306,-0.04405934188980609,-0.08876994345337152,8,false,0.01396064186457927,0.01396064186457927,false
255,true,0.9941052353718165,-524146.2481347103,531289.3376198919,-0.0030581692699342966,-0.051536901970393956,8,false,0.01396064186457927,0.01396064186457927,false
255,true,0.8428728986646833,-524275.25554407947,531234.9467236729,0.19158544042147696,0.4011966830585152,8,false,0.01396064186457927,0.01396064186457927,false
255,true,0.9849189520115146,-524290.0365411631,531300.3459185265,0.07981040375307202,-0.23880266095511615,8,false,0.01396064186457927,0.01396064186457927,false
255,true,0.9873050806635901,-524164.267911968,531224.0263340108,-0.030946697806939483,-0.32104479882400483,8,false,0.01396064186457927,0.01396064186457927,false
255,true,0.720388476256041,-524218.65575175994,531164.8640429209,0.8518021986819804,0.9628927416633815,8,false,0.01396064186457927,0.01396064186457927,false
255,true,0.9996316013342647,-524269.5119656987,531257.8267039048,0.0092939177993685,-1.1428177492925897,8,false,0.01396064186457927,0.01396064186457927,false
255,true,0.9391741294419561,-524239.93355682294,531220.0055688975,-0.5730495133902878,-1.1347339405911043,8,false,0.01396064186457927,0.01396064186457927,false
255,true,0.9568480782323852,-524233.1588166128,531286.9858871752,-0.45536364417057484,-0.5673553453525528,8,false,0.01396064186457927,0.01396064186457927,false
255,true,0.821349466070643,-524290.6152559173,531325.2453628014,0.20449105778243393,0.5061426515458152,8,false,0.01396064186457927,0.01396064186457927,false
255,true,0.9951141376904937,-524270.57513634313,531283.0632921162,-0.07165554538369179,-0.3050909771118313,8,false,0.01396064186457927,0.01396064186457927,false
255,true,0.7388801118441813,-524238.00996091013,531269.5495864007,0.47798142302781343,0.8794609474716708,8,false,0.01396064186457927,0.01396064186457927,false
255,true,0.9958594606067,-524187.0008592367,531269.5527802177,-0.6842884554062039,-0.7177933079656214,8,false,0.01396064186457927,0.01396064186457927,false
255,true,0.9398751727824306,-524225.73607544706,531160.2928380088,0.06445675902068615,0.15003206476103514,8,false,0.01396064186457927,0.01396064186457927,false
255,true,0.9690903138029033,-524124.83211897284,531099.9097247501,0.047358622308820486,0.14019782340619713,8,false,0.01396064186457927,0.01396064186457927,false
255,true,0.9998106942546268,-524241.00544883014,531032.8288617405,-0.0877708496991545,-0.15628233703318983,8,false,0.01396064186457927,0.01396064186457927,false
255,true,0.7822831020608385,-524124.1958438537,531125.8750196475,0.17758304544258863,0.5760732184862718,8,false,0.01396064186457927,0.01396064186457927,false
255,true,0.8123684383690088,-524120.6427485551,531020.9718055213,0.052339111804030836,0.6082768911728635,8,false,0.01396064186457927,0.01396064186457927,false
255,true,0.8922071189318167,-524117.28509310907,531224.192675984,-0.11874900630209595,0.4129319654311985,8,false,0.01396064186457927,0.01396064186457927,false
255,true,0.9903227235305124,-524253.48693387734,531176.9962995764,-0.1227857373887673,-0.17152123886626214,8,false,0.01396064186457927,0.01396064186457927,false
255,true,0.9957555901558272,-524337.6224118646,531406.8238967173,0.001043541356921196,-0.05828388046938926,8,false,0.01396064186457927,0.01396064186457927,false
255,true,0.9973752564255097,-524235.68807008234,531378.2454491016,-0.006921529304236174,-0.06364352791570127,8,false,0.01396064186457927,0.01396064186457927,false
255,true,0.9956105106005416,-524399.6557924986,531431.1590148638,0.009580113575793803,-0.05761499027721584,8,false,0.01396064186457927,0.01396064186457927,false
255,true,0.965939681174133,-524370.1363892227,531507.4017267689,0.07278119726106524,0.10913868923671544,8,false,0.01396064186457927,0.01396064186457927,false
255,true,0.9707878701976594,-524270.8945167629,531425.9379229044,-0.12047965859528631,0.12439978390466422,8,false,0.01396064186457927,0.01396064186457927,false
255,true,0.9663821718401638,-524162.3484549018,531232.3597767261,0.044814409455284476,0.08631306781899184,8,false,0.01396064186457927,0.01396064186457927,false
255,true,0.9796561034366652,-524188.9216893417,531123.5775327806,-0.021855337312445045,0.08892085682600737,8,false,0.01396064186457927,0.01396064186457927,false
255,true,0.983887330063046,-524251.1310662821,531178.8144432994,0.020377419656142592,0.05958461249247193,8,false,0.01396064186457927,0.01396064186457927,false
255,true,0.8512319376698378,-524264.2545000535,531300.0507530414,0.04341586190275848,0.3818255750229582,8,false,0.01396064186457927,0.01396064186457927,false
255,true,0.7761019715218677,-524245.17089285643,531308.8855467788,-0.04137037449982017,0.6271459949202836,8,false,0.01396064186457927,0.01396064186457927,false
255,true,0.38159189225643503,-524174.0460872063,531221.5782066991,0.40039690188132226,2.8680523940129206,8,false,0.01396064186457927,0.01396064186457927,false
255,true,1.0,-524131.7986604321,531087.0866272075,-0.4182607679395005,-0.44920277525670826,8,false,0.01396064186457927,0.01396064186457927,false
255,true,0.9082875710547502,-524274.37884852506,531138.6038068815,0.03180129604879767,0.23177334875799716,8,false,0.01396064186457927,0.01396064186457927,false
255,true,0.9879183986807212,-524225.3643242016,531372.1485754093,-0.0010960095096379519,0.06973900005687028,8,false,0.01396064186457927,0.01396064186457927,false
255,true,0.9942134148206078,-524249.448288896,531249.6208466245,-0.03764752927236259,-0.07833015883807093,8,false,0.01396064186457927,0.01396064186457927,false
255,true,0.9716760732136241,-524310.382513432,531423.3197007156,0.04094032780267298,0.09033194032963365,8,false,0.01396064186457927,0.01396064186457927,false
255,true,0.9816733951661154,-524318.4478911678,531469.055376902,0.04533816932234913,0.07766945520415902,8,false,0.01396064186457927,0.01396064186457927,false
255,true,0.9875763876713868,-524175.7833461962,531238.7033163563,0.0023878661449998617,-0.12268513429444283,8,false,0.01396064186457927,0.01396064186457927,false
255,true,0.999300522480465,-524158.1917334651,531107.323816267,0.02086936787236482,-0.13164276990573853,8,false,0.01396064186457927,0.01396064186457927,false
255,true,0.9891934617161339,-524255.70394512,531135.85382189,-0.0036669187247753143,-0.13610357709694654,8,false,0.01396064186457927,0.01396064186457927,false
255,true,0.9995837418929825,-524291.8354668265,531407.1450816593,-0.018941163551062346,-0.12717616464942694,8,false,0.01396064186457927,0.01396064186457927,false
255,true,0.9925915990679095,-524269.51919242146,531202.8303934752,-0.004295216524042189,-0.11406648193951696,8,false,0.01396064186457927,0.01396064186457927,false
255,true,0.9826916484716557,-524214.3526695522,531371.5166881534,-0.00657380186021328,0.10574258037377149,8,false,0.01396064186457927,0.01396064186457927,false
255,true,0.9972357314475565,-524233.85630428564,531126.0555439484,-0.03501287696417421,-0.11534904490690678,8,false,0.01396064186457927,0.01396064186457927,false
255,true,0.8838046996343344,-524088.80607678456,531082.9225684477,0.03188822662923485,0.31683422008063644,8,false,0.01396064186457927,0.01396064186457927,false
255,true,0.9982048509353548,-524171.46176708327,531238.5001545898,0.017348420806229115,-0.10035397589672357,8,false,0.01396064186457927,0.01396064186457927,false
255,true,0.9964936386758069,-524073.2067530749,530991.053044546,-0.047768451389856637,-0.13329263555351645,8,false,0.01396064186457927,0.01396064186457927,false
255,true,0.9986624730463446,-524250.581309799,531117.6322567074,-0.037619160721078515,-0.07575014990288764,8,false,0.01396064186457927,0.01396064186457927,false
255,true,0.8993354414547741,-524224.8538323911,531268.4812743511,0.04473538196180016,0.25129569321870804,8,false,0.01396064186457927,0.01396064186457927,false
255,true,0.9675813577033251,-524224.55457393214,531173.2303324429,-0.041809727903455496,0.11843262554612011,8,false,0.01396064186457927,0.01396064186457927,false
255,true,0.8097393459963349,-524182.2621711834,531154.6619403957,0.04036252188961953,0.4847152109723538,8,false,0.01396064186457927,0.01396064186457927,false
255,true,0.9379700380029246,-524245.7952731185,531223.0642117779,0.1751929548336193,0.18265161011368036,8,false,0.01396064186457927,0.01396064186457927,false
255,true,0.8945392507577813,-524445.7022406642,531379.5970357439,0.2052681832574308,0.3633233301807195,8,false,0.01396064186457927,0.01396064186457927,false
255,true,0.9991663876581314,-524302.3728386458,531389.6301093302,-0.0073343104450032115,-0.4487541208509356,8,false,0.01396064186457927,0.01396064186457927,false
255,true,0.9697534489422597,-524288.8893526982,531358.2870501988,-0.05285117623861879,-0.4372036404674873,8,false,0.01396064186457927,0.01396064186457927,false
255,true,0.9992089286551885,-524153.7285432574,531237.5282644675,-0.022705688723362982,-0.3983027226058766,8,false,0.01396064186457927,0.01396064186457927,false
255,true,0.9637756931766429,-524216.8831606438,531031.6601181794,-0.2623734634835273,-0.38117221056018025,8,false,0.01396064186457927,0.01396064186457927,false
255,true,0.9959896049119541,-524161.2881920201,531090.2102817625,-0.06424762506503612,-0.11969781538937241,8,false,0.01396064186457927,0.01396064186457927,false
255,true,0.9856480990964104,-524196.1551604114,531128.2078286592,0.013993396190926433,0.06423151749186218,8,false,0.01396064186457927,0.01396064186457927,false
255,true,0.9034059301285621,-524221.01588148833,531303.7566312533,-0.003331749001517892,0.2563298778841272,8,false,0.01396064186457927,0.01396064186457927,false
255,true,0.8650764684525888,-524152.57358470425,531125.3283569679,-0.047860921593382955,0.35788653034251183,8,false,0.01396064186457927,0.01396064186457927,false
255,true,0.997340274650543,-524215.201849244,531065.6304850616,0.012256818474270403,-0.020662274328060448,8,false,0.01396064186457927,0.01396064186457927,false
255,true,0.9803300846566091,-524346.5541478096,531276.3031110329,0.018527970532886684,0.05487172701396048,8,false,0.01396064186457927,0.01396064186457927,false
255,true,0.9804405086614617,-524286.59929237934,531340.3905853012,-0.002580304630100727,0.07061226293444633,8,false,0.01396064186457927,0.01396064186457927,false
255,true,0.9983447756626572,-524231.8432278261,531263.7674992213,-0.013624872313812375,-0.039147404953837395,8,false,0.01396064186457927,0.01396064186457927,false
255,true,0.8966773855814056,-524226.8672423268,531227.9303957066,-0.013422481017187238,0.24983979179523885,8,false,0.01396064186457927,0.01396064186457927,false
255,true,0.9479071440651857,-524244.25288217387,531330.1155888772,0.03258126543369144,0.11993681022431701,8,false,0.01396064186457927,0.01396064186457927,false
255,true,0.9953052014597052,-524207.92839764693,531140.3685609044,-0.013506557210348547,-0.05363048554863781,8,false,0.01396064186457927,0.01396064186457927,false
255,true,0.975361215339615,-524172.2467037053,531173.8626070849,0.034613362746313214,0.08179197367280722,8,false,0.01396064186457927,0.01396064186457927,false
255,true,0.9994661842743029,-524328.7034781945,531226.5755599424,-0.03982068086043,-0.07077394158113748,8,false,0.01396064186457927,0.01396064186457927,false
255,true,0.9861476712231498,-524159.0597581987,531219.0575595188,-0.01851505890954286,0.05780795053578913,8,false,0.01396064186457927,0.01396064186457927,false
255,true,0.9530983540069041,-524138.2866396831,531165.4500800467,0.05056750332005322,0.11111651745159179,8,false,0.01396064186457927,0.01396064186457927,false
255,true,0.8563371675979738,-524360.8637092412,531282.6261732674,0.161974131828174,0.35479593777563423,8,false,0.01396064186457927,0.01396064186457927,false
255,true,0.9999726614885205,-524487.5654056963,531486.7969081668,-0.05648128886241466,-0.20302464347332716,8,false,0.01396064186457927,0.01396064186457927,false
255,true,0.8602814381748433,-524386.4649216468,531494.6229839919,-0.07070613955147564,0.4268288112943992,8,false,0.01396064186457927,0.01396064186457927,false
255,true,0.9062814354488292,-524143.6111097121,531326.0260180797,0.025862061069346964,0.2737716711126268,8,false,0.01396064186457927,0.01396064186457927,false
255,true,0.9815182286040347,-524047.1121897684,530953.0114200305,-0.07954226108267903,-0.12937716615851969,8,false,0.01396064186457927,0.01396064186457927,false
255,true,0.9819135185902265,-524215.1526919747,531106.823388387,0.01799233618658036,0.08185967896133661,8,false,0.01396064186457927,0.01396064186457927,false
255,true,0.9131713400311968,-524267.68988157896,531275.9758533529,0.13234117277897894,0.21529120206832886,8,false,0.01396064186457927,0.01396064186457927,false
255,true,0.8497409755596094,-524216.8805296737,531282.7236755623,-0.06835313444025815,0.46586289536207914,8,false,0.01396064186457927,0.01396064186457927,false
255,true,0.9999781720018722,-524202.15279367863,531035.388702524,-0.1165099908830598,-0.1391047831857577,8,false,0.01396064186457927,0.01396064186457927,false
255,true,0.8872384069729086,-524079.6678089848,531055.8234422357,0.08729056501761079,0.250097525655292,8,false,0.01396064186457927,0.01396064186457927,false
255,true,0.996594802696983,-524199.1610121415,531097.8482025313,-0.04118489765096456,-0.10041273781098425,8,false,0.01396064186457927,0.01396064186457927,false
255,true,0.5573523185627804,-524200.9710020816,531179.4491185637,0.8963658066932112,1.4281185324070975,8,false,0.01396064186457927,0.01396064186457927,false
255,true,0.9950268064368274,-524272.5357767403,531251.5051334171,-0.38743074936792254,-0.9344240725040436,8,false,0.01396064186457927,0.01396064186457927,false
255,true,0.9999347175567198,-524182.3675681329,531240.2520362216,-0.15156667307019234,-0.5591375514632091,8,false,0.01396064186457927,0.01396064186457927,false
255,true,0.9958213024482965,-524217.2427742944,531204.2667126665,-0.12945560808293521,-0.41099257196765393,8,false,0.01396064186457927,0.01396064186457927,false
255,true,0.9979476826851007,-524152.75338111003,531129.7143307088,-0.2396753350039944,-0.2858681957004592,8,false,0.01396064186457927,0.01396064186457927,false
255,true,0.986222515162424,-524134.41399647004,530962.5374587748,-0.02380316669587046,0.06981652299873531,8,false,0.01396064186457927,0.01396064186457927,false
255,true,0.7123882525905559,-524146.35065971955,531205.2245024558,0.017556071863509715,0.7586395973339677,8,false,0.01396064186457927,0.01396064186457927,false
255,true,0.9859994342947666,-524155.2916904152,531128.1855853848,0.0005508501781150699,0.05367290391586721,8,false,0.01396064186457927,0.01396064186457927,false
255,true,0.8324005345738686,-524023.90093031933,530994.8796866038,0.0479366488289088,0.4168117600493133,8,false,0.01396064186457927,0.01396064186457927,false
255,true,0.6130058802826014,-524070.468874157,530923.3834725688,0.8494760689791292,1.2276969614904374,8,false,0.01396064186457927,0.01396064186457927,false
255,true,0.9870807809757114,-524247.99381573376,531124.6087362661,-0.897473270772025,-0.9361739696469158,8,false,0.01396064186457927,0.01396064186457927,false
255,true,0.9402235155220225,-524202.1855802076,531245.3630716664,0.03628670203033835,0.14545336924493313,8,false,0.01396064186457927,0.01396064186457927,false
255,true,0.9670936346110203,-524259.46730706346,531275.3725069505,0.008859012043103576,0.12040653603617102,8,false,0.01396064186457927,0.01396064186457927,false
255,true,0.9899816536632984,-524310.5343978477,531201.9688364703,-0.009976038825698197,-0.07426611869595945,8,false,0.01396064186457927,0.01396064186457927,false
255,true,0.995628243006404,-524246.8695505167,531336.3850836714,-0.05108140432275832,-0.0824014589888975,8,false,0.01396064186457927,0.01396064186457927,false
255,true,0.9386868470211666,-524221.72827360744,531265.5425450342,0.1402468248270452,0.14457065716851503,8,false,0.01396064186457927,0.01396064186457927,false
255,true,0.9066969813516569,-524246.5328015436,531306.9120883403,-0.07291392260231078,0.30110775015782565,8,false,0.01396064186457927,0.01396064186457927,false
255,true,0.9095558662030748,-524164.80730246357,531151.5788979463,0.2235373592702672,0.2708739982917905,8,false,0.01396064186457927,0.01396064186457927,false
255,true,0.9993581728484675,-524152.0439817023,531059.4041682392,-0.046055196318775415,-0.308636013767682,8,false,0.01396064186457927,0.01396064186457927,false
255,true,0.9996248643951592,-524328.4400481537,531236.4182315306,-0.24977621354628354,-0.25440319802146405,8,false,0.01396064186457927,0.01396064186457927,false
255,true,0.9616395887834297,-524214.5934131977,531292.0435083658,0.04879762220662087,0.08943124196957797,8,false,0.01396064186457927,0.01396064186457927,false
255,true,0.9616778823758385,-524262.00810160005,531222.94073577,0.03655360592529178,0.11478631536010653,8,false,0.01396064186457927,0.01396064186457927,false
255,true,0.998192239304571,-524287.5101322436,531301.495150655,-0.03561220632400364,-0.08929072634782642,8,false,0.01396064186457927,0.01396064186457927,false
255,true,0.9597309819903116,-524270.5911108455,531138.1750439437,0.06257754599209875,0.1333779743872583,8,false,0.01396064186457927,0.01396064186457927,false
255,true,0.9957189239920028,-524083.4063690678,531153.912746587,-0.03728114115074277,-0.11205190187320113,8,false,0.01396064186457927,0.01396064186457927,false
255,true,0.999805735147392,-524199.03457836405,531042.0703585183,-0.03109980549197644,-0.0960429955739528,8,false,0.01396064186457927,0.01396064186457927,false
255,true,0.9927471187257105,-524173.8672373468,531195.3859326964,-0.009758341358974576,-0.05655688082333654,8,false,0.01396064186457927,0.01396064186457927,false
255,true,0.8991424591784102,-524409.3126096032,531305.0094451895,0.0344597848597914,0.26724382454995066,8,false,0.01396064186457927,0.01396064186457927,false
255,true,0.9946982286344248,-524223.7776959698,531400.3953711168,-0.04822045948822051,-0.06840327067766339,8,false,0.01396064186457927,0.01396064186457927,false
255,true,0.9567197316609674,-524223.64243898017,531274.6194497866,0.038532146136276424,0.11641579132992774,8,false,0.01396064186457927,0.01396064186457927,false
255,true,0.9620739899165623,-524161.2126385549,531233.5776072671,-0.04600333620328456,0.12486852030269802,8,false,0.01396064186457927,0.01396064186457927,false
255,true,0.964312879799182,-524256.7766403249,531180.3791012263,0.03968638519290835,0.09462821809574962,8,false,0.01396064186457927,0.01396064186457927,false
255,true,0.9890370423785533,-524195.2065999769,531184.5881974137,0.026389675214886665,-0.0715915400069207,8,false,0.01396064186457927,0.01396064186457927,false
255,true,0.9990924932534899,-524215.8533923329,531202.5872434914,-0.06741014879662544,-0.08914450195152313,8,false,0.01396064186457927,0.01396064186457927,false
255,true,0.8673279581438743,-524173.71757660905,531169.1686024949,0.056230958783999085,0.32802095788065344,8,false,0.01396064186457927,0.01396064186457927,false
255,true,0.9992233118133911,-524165.14186601015,531229.1739957196,-0.07588451274204999,-0.09809792216401547,8,false,0.01396064186457927,0.01396064186457927,false
255,true,0.910192470441409,-524219.18137610453,531157.2862100092,0.16213562164921314,0.19937080575618893,8,false,0.01396064186457927,0.01396064186457927,false
255,true,0.9741033869811841,-524289.1084966633,531286.5419122354,-0.004572458914481103,-0.1730257513700053,8,false,0.01396064186457927,0.01396064186457927,false
255,true,0.9980685426078575,-524271.3450906909,531233.3035078989,-0.1341366939013824,-0.164422185276635,8,false,0.01396064186457927,0.01396064186457927,false
255,true,0.9905666250997232,-524328.6858902975,531339.8042365268,-0.0021021192660555243,0.04569239052943885,8,false,0.01396064186457927,0.01396064186457927,false
255,true,0.8276204247697218,-524115.12749136,531208.6147839192,0.3213477145181969,0.41850400262046605,8,false,0.01396064186457927,0.01396064186457927,false
255,true,0.9521219918312503,-524154.790691948,531183.3960862423,-0.13017920509446412,-0.3474518012953922,8,false,0.01396064186457927,0.01396064186457927,false
255,true,0.9267874342912124,-524077.09093075723,531094.0162457143,0.23924021108541638,0.2686071627540514,8,false,0.01396064186457927,0.01396064186457927,false
255,true,0.9978178326628631,-524208.63320090005,531202.5834581177,-0.25974617386236787,-0.4460913890507072,8,false,0.01396064186457927,0.01396064186457927,false
255,true,0.9344524901791992,-524211.134804805,531170.2651565352,0.18039682286325842,0.23067733680363744,8,false,0.01396064186457927,0.01396064186457927,false
255,true,0.9407766190440279,-524268.34836006997,531237.4186875868,-0.3140679383650422,-0.3637917027808726,8,false,0.01396064186457927,0.01396064186457927,false
255,true,0.9103274142362252,-524341.8936491285,531331.768820837,0.15723310981411487,0.23820842523127794,8,false,0.01396064186457927,0.01396064186457927,false
255,true,0.9998105587480741,-524104.4974737485,531237.9586701111,-0.10272474924568087,-0.23112203739583492,8,false,0.01396064186457927,0.01396064186457927,false
255,true,0.8952405005873446,-524259.9619639613,531121.8230093409,0.06268667429685593,0.30630165396723896,8,false,0.01396064186457927,0.01396064186457927,false
255,true,0.8799154325154982,-524236.0838013985,531277.9198643997,-0.002450180589221418,0.36983979563228786,8,false,0.01396064186457927,0.01396064186457927,false
255,true,0.999579482071332,-524145.7201459378,531108.7022967177,-0.15214765339624137,-0.18159614969044924,8,false,0.01396064186457927,0.01396064186457927,false
255,true,0.9215203335891587,-524318.172510308,531098.758917095,0.14792295079678297,0.20075425144750625,8,false,0.01396064186457927,0.01396064186457927,false
255,true,0.9769520454792259,-524264.9349302829,531378.5186186151,-0.0922603924991563,-0.16217739519197494,8,false,0.01396064186457927,0.01396064186457927,false
255,true,0.9969463736523702,-524304.7543358761,531354.3473431298,-0.058055291534401476,-0.08033796737436205,8,false,0.01396064186457927,0.01396064186457927,false
255,true,0.8624488421285296,-524182.6914979934,531297.8171727164,0.1410147660644725,0.3281485013430938,8,false,0.01396064186457927,0.01396064186457927,false
255,true,0.8322918337192727,-524358.713443788,531332.6972097625,-0.04693718010094017,0.5054569189669564,8,false,0.01396064186457927,0.01396064186457927,false
255,true,0.9899298281827246,-524315.3858473254,531295.950498461,0.044313172576949,-0.11234905628953129,8,false,0.01396064186457927,0.01396064186457927,false
255,true,0.9965620022705284,-524308.752663556,531314.5123058374,-0.032068786676973104,-0.15282873914111406,8,false,0.01396064186457927,0.01396064186457927,false
255,true,0.8829977104644634,-524291.914942786,531397.5716118956,-0.0924158173147589,0.3498785007977858,8,false,0.01396064186457927,0.01396064186457927,false
255,true,0.9977918639785917,-524180.69753732864,531251.6837495802,-0.00520025088917464,-0.03697166871279478,8,false,0.01396064186457927,0.01396064186457927,false
255,true,0.7623174417956148,-524208.4054970071,531204.6438226922,0.3303457017755136,0.6021834225393832,8,false,0.01396064186457927,0.01396064186457927,false
255,true,0.9958132571601883,-524181.48972616385,531245.3097409192,-0.09632506407797337,-0.35259262833278626,8,false,0.01396064186457927,0.01396064186457927,false
255,true,0.9923482464551989,-524201.9314230076,531229.6892999905,-0.2225169821176678,-0.26411664648912847,8,false,0.01396064186457927,0.01396064186457927,false
255,true,0.9750880301851967,-524236.1284105233,531219.1067253217,0.06993459234945476,0.08716702461242676,8,false,0.01396064186457927,0.01396064186457927,false
255,true,0.9993410727710821,-524245.97243136173,531103.7623959536,-0.00871878257021308,-0.10822229797486216,8,false,0.01396064186457927,0.01396064186457927,false
255,true,0.9999465117899313,-524203.6028285215,531103.0663144648,-0.028097535017877817,-0.10516498156357557,8,false,0.01396064186457927,0.01396064186457927,false
255,true,0.9592346676670626,-524404.4881274322,531346.1264667466,-0.01602909283246845,0.12570465600583702,8,false,0.01396064186457927,0.01396064186457927,false
255,true,0.9753732202795274,-524132.4768455004,531303.4011622547,-0.021245491574518383,0.08429511624854058,8,false,0.01396064186457927,0.01396064186457927,false
255,true,0.8713510511076811,-524148.6734169212,531210.3505973371,0.2702711196616292,0.30590697505977005,8,false,0.01396064186457927,0.01396064186457927,false
255,true,0.980700160487037,-524167.0549761941,531160.5466080293,-0.23820847598835826,-0.31832800700794905,8,false,0.01396064186457927,0.01396064186457927,false
255,true,0.9993292485124389,-524207.5886121147,531128.4240266539,-0.01001266879029572,-0.08363308839034289,8,false,0.01396064186457927,0.01396064186457927,false
255,true,0.9410400517528626,-524284.5514449462,531256.3109530616,0.09095639584120363,0.16391269071027637,8,false,0.01396064186457927,0.01396064186457927,false
255,true,0.9996691306991149,-524068.4412265372,531133.8971876488,-0.069799576071091,-0.15532621671445668,8,false,0.01396064186457927,0.01396064186457927,false
255,true,0.8208317828814574,-524134.70284616377,531139.3948056225,0.26488165790215135,0.4993321349611506,8,false,0.01396064186457927,0.01396064186457927,false
255,true,0.9529108460947954,-524156.7183950009,531084.8230054473,-0.32665763166733086,-0.3288205014541745,8,false,0.01396064186457927,0.01396064186457927,false
255,true,0.9797540431753209,-524170.42937209073,531072.6712612483,0.0363528395537287,0.0669224684825167,8,false,0.01396064186457927,0.01396064186457927,false
255,true,0.902838058198892,-524284.0767506468,531206.7997526053,-0.0035553277703002095,0.25496114790439606,8,false,0.01396064186457927,0.01396064186457927,false
255,true,0.9234452018030275,-524094.1482553165,531139.403703902,-0.05928949860390276,0.20417094614822417,8,false,0.01396064186457927,0.01396064186457927,false
255,true,0.8869418536480415,-524194.62118958373,531044.8453088172,0.12487667030654848,0.23287410684861243,8,false,0.01396064186457927,0.01396064186457927,false
255,true,0.991735934798947,-524192.20173762896,531135.4858163766,-0.07799328851979226,-0.11666830512695014,8,false,0.01396064186457927,0.01396064186457927,false
255,true,0.8479489936467325,-524232.66112095193,531218.1641096318,0.015793744358234107,0.37762893235776573,8,false,0.01396064186457927,0.01396064186457927,false
255,true,0.9718466394138874,-524215.65896776697,531243.4124925124,0.08200422953814268,0.09471974184270948,8,false,0.01396064186457927,0.01396064186457927,false
255,true,0.9852866866009798,-524200.9608232906,531213.8690484739,0.020106871612370014,-0.1377332773990929,8,false,0.01396064186457927,0.01396064186457927,false
255,true,0.995875634629954,-524270.17619153776,531293.2304630335,-0.07728455471806228,-0.15398412162903696,8,false,0.01396064186457927,0.01396064186457927,false
255,true,0.9611956058172428,-524250.4507942715,531293.9134762798,0.11081465508323163,0.1276860125362873,8,false,0.01396064186457927,0.01396064186457927,false
255,true,0.9845630884695494,-524239.76498967275,531282.2799992089,0.03743564919568598,-0.1930607029935345,8,false,0.01396064186457927,0.01396064186457927,false
255,true,0.8964940692916531,-524257.8466851496,531268.7329580683,0.09956121037248522,0.3526399130932987,8,false,0.01396064186457927,0.01396064186457927,false
255,true,0.8580985898985152,-524286.37336589745,531373.7871372222,0.47290099796373397,0.4857184619177133,8,false,0.01396064186457927,0.01396064186457927,false
255,true,0.9992959987412859,-524353.572380956,531274.5120121051,-0.051479820744134486,-0.7996225981041789,8,false,0.01396064186457927,0.01396064186457927,false
255,true,0.9901118403186296,-524291.1067065437,531398.8692511655,-0.11805443547200412,-0.7379495375789702,8,false,0.01396064186457927,0.01396064186457927,false
255,true,0.9626604746859055,-524228.9068469489,531293.5988517557,-0.20208404457662255,-0.6354742667172104,8,false,0.01396064186457927,0.01396064186457927,false
255,true,0.9249792198824348,-524190.7895770351,531102.9730719023,0.08512259740382433,-0.43635095737408847,8,false,0.01396064186457927,0.01396064186457927,false
255,true,0.966257451232723,-524179.72668810573,531184.30623919,-0.3414667391916737,-0.5124306498328224,8,false,0.01396064186457927,0.01396064186457927,false
255,true,0.575308929171171,-524142.7319058733,531159.1820937692,-0.047134035965427756,1.515231981757097,8,false,0.01396064186457927,0.01396064186457927,false
255,true,0.948560039696763,-524130.8283332086,531083.7599820265,0.005222989246249199,0.1848887613741681,8,false,0.01396064186457927,0.01396064186457927,false
255,true,0.9121500617497599,-524270.8361429571,531168.0232971106,0.03160970285534859,0.2658193177776411,8,false,0.01396064186457927,0.01396064186457927,false
255,true,0.9983353512657629,-524106.2582343326,531190.2742480371,-0.12173945258837193,-0.17572778463363647,8,false,0.01396064186457927,0.01396064186457927,false
255,true,0.9859076168785139,-524162.0545360911,530966.217556481,0.0342087266035378,0.06912074331194162,8,false,0.01396064186457927,0.01396064186457927,false
255,true,0.9969853332184793,-524149.95689927624,531070.5856972891,-0.0006263972027227283,-0.08509809756651521,8,false,0.01396064186457927,0.01396064186457927,false
255,true,0.9985337162644211,-524215.93093380565,531103.507827927,-0.007867942680604756,-0.06984737783204764,8,false,0.01396064186457927,0.01396064186457927,false
255,true,0.8423428923197401,-524257.052092767,531113.1692235926,0.041178029496222734,0.4108733618631959,8,false,0.01396064186457927,0.01396064186457927,false
255,true,0.9915641849989557,-524336.535662157,531269.2369330026,-0.014410999370738864,-0.09021560952533036,8,false,0.01396064186457927,0.01396064186457927,false
255,true,0.6240510368106419,-524170.01874985616,531240.9328433747,-0.07136089389678091,1.208393354085274,8,false,0.01396064186457927,0.01396064186457927,false
255,true,0.9038329766176022,-524192.70630792907,531040.7041443205,0.20888441579882056,0.24162165634334087,8,false,0.01396064186457927,0.01396064186457927,false
255,true,0.9988914975719476,-524176.28392011527,531199.1482849839,-0.21874406246934086,-0.2388971948530525,8,false,0.01396064186457927,0.01396064186457927,false
255,true,0.9803202103173901,-524260.00874329364,531279.9097413037,0.0337420153664425,0.0552845160709694,8,false,0.01396064186457927,0.01396064186457927,false
255,true,0.9894452617222438,-524293.886647503,531328.7048031879,-0.01073614601045847,0.06033691216725856,8,false,0.01396064186457927,0.01396064186457927,false
255,true,0.9160464984890138,-524221.26188932935,531359.6867986694,0.01655331125948578,0.20603396010119468,8,false,0.01396064186457927,0.01396064186457927,false
255,true,0.8987783416949269,-524175.1085074472,531182.9137918594,-0.027488132705911994,0.2636454493040219,8,false,0.01396064186457927,0.01396064186457927,false
255,true,0.9872165321850627,-524221.53715221124,531205.90290645,0.01124343869742006,0.03571040846873075,8,false,0.01396064186457927,0.01396064186457927,false
255,true,0.9317724540305774,-524198.1923453217,531230.6515384897,0.07959255366586149,0.17044805467594415,8,false,0.01396064186457927,0.01396064186457927,false
255,true,0.9123891487937574,-524278.42660517764,531251.0459166481,-0.03728014207445085,0.2645279037533328,8,false,0.01396064186457927,0.01396064186457927,false
255,true,0.995096025285718,-524132.22815790493,531194.0183619125,0.012524284422397614,-0.0641921580536291,8,false,0.01396064186457927,0.01396064186457927,false
255,true,0.9472469729200544,-524293.3029642149,531191.461181668,0.04057563911192119,0.1643314645625651,8,false,0.01396064186457927,0.01396064186457927,false
255,true,0.9921582999361701,-524127.40965906065,531210.31242716,0.0054583955788984895,-0.12117920035962015,8,false,0.01396064186457927,0.01396064186457927,false
255,true,0.990249112726022,-524261.39192821406,531180.6454826264,-0.012505356571637094,-0.12159752112347633,8,false,0.01396064186457927,0.01396064186457927,false
255,true,0.999918436002806,-524289.7594158688,531370.3277265575,-0.030220615211874247,-0.12533151172101498,8,false,0.01396064186457927,0.01396064186457927,false
255,true,0.9724174634219663,-524211.6716729516,531231.8302256763,0.07679273502435535,0.112877425737679,8,false,0.01396064186457927,0.01396064186457927,false
255,true,0.9515000295688348,-524290.0072321801,531343.8638476776,-0.13366736099123955,0.18658383341971785,8,false,0.01396064186457927,0.01396064186457927,false
255,true,0.9110464120533327,-524346.1214618766,531290.3853896025,0.09747231402434409,0.21882417367305607,8,false,0.01396064186457927,0.01396064186457927,false
255,true,0.9999724244183341,-524311.677229327,531192.746410851,-0.04106012545526028,-0.12257661612238735,8,false,0.01396064186457927,0.01396064186457927,false
255,true,0.9904373110624825,-524377.7968588927,531465.804437511,-0.0032483070390298963,-0.0815257707145065,8,false,0.01396064186457927,0.01396064186457927,false
255,true,0.8762959422638936,-524286.57764621597,531322.4626982423,-0.04884004138875753,0.33180804504081607,8,false,0.01396064186457927,0.01396064186457927,false
255,true,0.9547263848107482,-524184.4748935223,531304.4465485057,0.022983717964962125,0.12800939311273396,8,false,0.01396064186457927,0.01396064186457927,false
255,true,0.9362044738355253,-524262.2155778386,531282.5936413275,0.11227082111872733,0.19212085788603872,8,false,0.01396064186457927,0.01396064186457927,false
255,true,0.9790852453221481,-524151.8603011938,531318.3106697308,-0.0965518020093441,-0.1768191100563854,8,false,0.01396064186457927,0.01396064186457927,false
255,true,0.9094873632885696,-524175.3037489166,531123.4534339823,0.1700854616938159,0.26404993957839906,8,false,0.01396064186457927,0.01396064186457927,false
255,true,0.7811351084107344,-524227.6779713298,531178.0598224588,0.6627803524024785,0.708419201313518,8,false,0.01396064186457927,0.01396064186457927,false
255,true,0.8057971693187148,-524210.80179069034,531211.3645462053,-0.8026895452057943,-0.9039479296188802,8,false,0.01396064186457927,0.01396064186457927,false
255,true,0.8659254445470254,-524234.42103515146,531359.0851736781,-0.07081506436225027,0.3820559767773375,8,false,0.01396064186457927,0.01396064186457927,false
255,true,0.9929868204191953,-524241.96319589333,531257.9324547108,0.022254836047068238,0.03571678721345961,8,false,0.01396064186457927,0.01396064186457927,false
255,true,0.9651521695773726,-524232.1526549909,531259.2373019436,0.10256363800726831,0.11048780009150505,8,false,0.01396064186457927,0.01396064186457927,false
255,true,0.9991626105375413,-524248.943690392,531236.2555655041,-0.11539705563336611,-0.17640055844094604,8,false,0.01396064186457927,0.01396064186457927,false
255,true,0.9886861088492642,-524281.4659590395,531282.7961801885,0.043041091528721154,-0.05602053238544613,8,false,0.01396064186457927,0.01396064186457927,false
255,true,0.9619627397993389,-524130.14224230335,531211.4120141827,0.013367971638217568,0.1469434533501044,8,false,0.01396064186457927,0.01396064186457927,false
255,true,0.9987047577087609,-524338.8038112118,531316.2380732378,-0.031248811981640756,-0.11180551152210683,8,false,0.01396064186457927,0.01396064186457927,false
255,true,0.7849315005581801,-524152.2408231821,531266.97956109,0.04256383597385138,0.5741121623432264,8,false,0.01396064186457927,0.01396064186457927,false
255,true,0.9785431934921338,-524220.79520851234,531183.4609922485,0.003810346592217684,0.11889050377067178,8,false,0.01396064186457927,0.01396064186457927,false
255,true,0.9999999563613887,-524208.4128657828,531230.5025210899,-0.0648953866912052,-0.12788127199746668,8,false,0.01396064186457927,0.01396064186457927,false
255,true,0.9056275463338143,-524268.9750331214,531258.9468759594,0.09201877284795046,0.25451859983149916,8,false,0.01396064186457927,0.01396064186457927,false
255,true,0.6842982590113051,-524199.9092379676,531257.0869540947,-0.10325716354418546,0.996129798470065,8,false,0.01396064186457927,0.01396064186457927,false
255,true,0.9968005887334096,-524137.09413932,531128.936246577,-0.00046952255070209503,-0.05323542468249798,8,false,0.01396064186457927,0.01396064186457927,false
255,true,0.9980128473594029,-524199.7186312722,531072.4426992295,-0.025827953941188753,-0.05249846959486604,8,false,0.01396064186457927,0.01396064186457927,false
255,true,0.9609226399534301,-524163.90126819524,531208.1430430064,0.008611146593466401,0.10214099113363773,8,false,0.01396064186457927,0.01396064186457927,false
255,true,0.92055115461439,-524205.4890228015,531088.1820709109,0.18443821533583105,0.19105266605038196,8,false,0.01396064186457927,0.01396064186457927,false
255,true,0.9825473752598115,-524366.9108949321,531310.2266119685,0.024444573442451656,-0.19819467375054955,8,false,0.01396064186457927,0.01396064186457927,false
255,true,0.9704407634767037,-524283.80589151545,531422.4006248955,-0.04134600062388927,-0.21568094554822892,8,false,0.01396064186457927,0.01396064186457927,false
255,true,0.9991744450469185,-524150.28573837696,531303.6752901543,-0.08428190206177533,-0.18453035992570221,8,false,0.01396064186457927,0.01396064186457927,false
255,true,0.9561311263841249,-524113.846079752,531147.5400324373,0.0896499939262867,0.1525854968931526,8,false,0.01396064186457927,0.01396064186457927,false
255,true,0.9817644991135037,-524331.8193266642,531213.3728478198,0.011692512198351324,-0.20079401601105928,8,false,0.01396064186457927,0.01396064186457927,false
255,true,0.8820629232373594,-524137.5119317278,531260.9971695587,-0.11236243729945272,0.397724298061803,8,false,0.01396064186457927,0.01396064186457927,false
255,true,0.9763507137006806,-524149.273348833,531047.9605289085,-0.08066622808109969,0.10714700317475945,8,false,0.01396064186457927,0.01396064186457927,false
255,true,0.924588650663052,-524143.5153970648,531194.7364463442,0.08760678651742637,0.17545466287992895,8,false,0.01396064186457927,0.01396064186457927,false
255,true,0.9824924778990466,-524153.05568542733,531092.4338149263,0.07361338357441127,-0.10895325127057731,8,false,0.01396064186457927,0.01396064186457927,false
255,true,0.9981331781130625,-524275.2860963197,531227.2417853785,-0.13358428329229355,-0.16485207644291222,8,false,0.01396064186457927,0.01396064186457927,false
255,true,0.8401918314645085,-524166.57042383717,531232.9411893665,0.010808815713971853,0.40095180948264897,8,false,0.01396064186457927,0.01396064186457927,false
255,true,0.9834438485522712,-524293.5654481164,531330.1901766594,0.03358787507750094,0.07207578397355974,8,false,0.01396064186457927,0.01396064186457927,false
255,true,0.9969225436883618,-524359.6009025179,531392.3056377154,-0.046366524999029934,-0.07051837642211467,8,false,0.01396064186457927,0.01396064186457927,false
255,true,0.9928511719652094,-524355.8634620426,531416.865936887,-0.006560705485753715,0.03983478096779436,8,false,0.01396064186457927,0.01396064186457927,false
255,true,0.9435941401525462,-524335.2608182221,531447.3733340045,0.04932901239953935,0.14121515327133238,8,false,0.01396064186457927,0.01396064186457927,false
255,true,0.9960574090975228,-524207.39701915043,531144.978031235,-0.03962453699205071,-0.08767828985583037,8,false,0.01396064186457927,0.01396064186457927,false
255,true,0.9295200563719466,-524274.09244350996,531217.4144730031,0.04522602155338973,0.18071153352502733,8,false,0.01396064186457927,0.01396064186457927,false
255,true,0.828318037194849,-524244.9633991468,531227.5917368019,0.31387258938048035,0.4632511353120208,8,false,0.01396064186457927,0.01396064186457927,false
255,true,0.9995139949424533,-524237.63580914284,531217.1799844026,-0.06069322524126619,-0.3950818642042577,8,false,0.01396064186457927,0.01396064186457927,false
255,true,0.9518729439875039,-524037.66139474616,531039.7778751843,0.06632733892183751,-0.34280863136518747,8,false,0.01396064186457927,0.01396064186457927,false
255,true,0.8778384157971646,-524086.6720546093,531039.0360505825,0.36853109230287373,0.4695805369410664,8,false,0.01396064186457927,0.01396064186457927,false
255,true,0.9987612167658642,-524216.19036349293,531128.8234123978,-0.08427086099982262,-0.7853610058082268,8,false,0.01396064186457927,0.01396064186457927,false
255,true,0.9974058508252062,-524159.7054275757,531136.7661874605,-0.582464182167314,-0.6833758398424834,8,false,0.01396064186457927,0.01396064186457927,false
255,true,0.9822690478990367,-524096.18380353315,531025.5570947952,-0.044069009250961244,-0.11459848843514919,8,false,0.01396064186457927,0.01396064186457927,false
255,true,0.996059009767504,-524391.4094829708,531277.2774334605,-0.020914634689688683,-0.07030039106030017,8,false,0.01396064186457927,0.01396064186457927,false
255,true,0.9483220526341949,-524160.3259006865,531316.0815424037,0.09210443904157728,0.14330936293117702,8,false,0.01396064186457927,0.01396064186457927,false
255,true,0.9960092671862182,-524227.2548246396,531125.5949307476,-0.028322764323092997,-0.14227422385010868,8,false,0.01396064186457927,0.01396064186457927,false
255,true,0.9933025880875943,-524217.8472129858,531289.1119190139,-0.07015362579841167,-0.11762775597162545,8,false,0.01396064186457927,0.01396064186457927,false
255,true,0.9245131015067684,-524208.6670739892,531192.0437996133,0.1413453894201666,0.1898697236320004,8,false,0.01396064186457927,0.01396064186457927,false
255,true,0.9651511080715608,-524215.94265181647,531254.5924986015,-0.07501585525460541,-0.18258751556277275,8,false,0.01396064186457927,0.01396064186457927,false
255,true,0.9547288658776187,-524213.93321494746,531079.5715932343,0.12450562627054751,0.16585033806040883,8,false,0.01396064186457927,0.01396064186457927,false
255,true,0.996994829756461,-524277.47488240246,531329.4826532509,-0.029483171412721276,-0.22878446418326348,8,false,0.01396064186457927,0.01396064186457927,false
255,true,0.9966840777800844,-524156.19072917575,531215.0333958333,-0.08587405597791076,-0.20722015819046646,8,false,0.01396064186457927,0.01396064186457927,false
255,true,0.9707461143098663,-524353.5973930056,531266.045196222,-0.06993141723796725,-0.1176153925480321,8,false,0.01396064186457927,0.01396064186457927,false
255,true,0.983565019296128,-524350.1966113104,531469.0983582409,0.043717323103919625,0.05707206798251718,8,false,0.01396064186457927,0.01396064186457927,false
255,true,0.9262199893698869,-524324.5050760953,531451.9750535073,0.13157195574603975,0.21764680230990052,8,false,0.01396064186457927,0.01396064186457927,false
255,true,0.900767469292296,-524304.8655003407,531411.1829476494,0.03581331833265722,0.33204581367317587,8,false,0.01396064186457927,0.01396064186457927,false
255,true,0.8531481670500166,-524316.6287822236,531284.229863733,0.18570343463215977,0.47262343659531325,8,false,0.01396064186457927,0.01396064186457927,false
255,true,0.9641167563836881,-524315.3045814078,531478.64158509,-0.34747979848179966,-0.4429858155781403,8,false,0.01396064186457927,0.01396064186457927,false
255,true,0.98955245343331,-524221.4514522531,531210.1777549173,0.05002047156449407,-0.08859630685765296,8,false,0.01396064186457927,0.01396064186457927,false
255,true,0.9987651409975788,-524156.00086656294,531166.4884012188,-0.0817057597450912,-0.1477106480160728,8,false,0.01396064186457927,0.01396064186457927,false
255,true,0.9933284006818772,-524198.14626317535,531105.6616717469,-0.030199910630472004,-0.07343108090572059,8,false,0.01396064186457927,0.01396064186457927,false
255,true,0.9885076364439944,-524164.0756671147,531340.5711468322,0.014198789722286165,0.05663705407641828,8,false,0.01396064186457927,0.01396064186457927,false
255,true,0.9633249020629,-524121.15678636724,531095.6024349948,-0.030046018422581255,0.12081118684727699,8,false,0.01396064186457927,0.01396064186457927,false
255,true,0.9266514906234576,-524194.46521643363,531145.7539438825,0.15187378181144595,0.17712479562032968,8,false,0.01396064186457927,0.01396064186457927,false
255,true,0.9998709101227756,-524174.14441499225,531146.3580671395,-0.13792057265527546,-0.175836218171753,8,false,0.01396064186457927,0.01396064186457927,false
255,true,0.9793396106220805,-524241.4098918188,531139.5601612952,0.011436415719799697,0.06821189203765243,8,false,0.01396064186457927,0.01396064186457927,false
255,true,0.9975137549651872,-524364.5852584587,531293.9842114879,-0.021713799913413823,-0.053528461838141084,8,false,0.01396064186457927,0.01396064186457927,false
255,true,0.9557944059997802,-524377.2406258773,531326.6550650109,0.06304425280541182,0.1100503250490874,8,false,0.01396064186457927,0.01396064186457927,false
255,true,0.9878846191307539,-524213.2929819536,531307.0949375551,0.058563852100633085,-0.08041912014596164,8,false,0.01396064186457927,0.01396064186457927,false
255,true,0.963124961903915,-524311.1873647085,531359.5040624364,-0.004665863118134439,0.16956807288806885,8,false,0.01396064186457927,0.01396064186457927,false
255,true,0.999411802318579,-524317.9903305492,531387.4816204584,-0.06386067357379943,-0.14310854382347316,8,false,0.01396064186457927,0.01396064186457927,false
255,true,0.9965113085217042,-524074.74598095083,531172.9161905524,0.016972011188045144,-0.07435467466711998,8,false,0.01396064186457927,0.01396064186457927,false
255,true,0.9104918801679667,-524314.4624901487,531124.7064326935,0.1403452674858272,0.2628970791120082,8,false,0.01396064186457927,0.01396064186457927,false
255,true,0.9883145816618845,-524266.0309285541,531392.2533310987,-0.15961913508363068,-0.22414597065653652,8,false,0.01396064186457927,0.01396064186457927,false
255,true,0.8737949163918813,-524271.6362972277,531347.4759767959,0.012178126256912947,0.34455350635107607,8,false,0.01396064186457927,0.01396064186457927,false
255,true,0.9924042776320484,-524293.0762019717,531188.5662825307,-0.07165618112776428,-0.08369170653168112,8,false,0.01396064186457927,0.01396064186457927,false
255,true,0.9633332535314173,-524241.1089603988,531260.5702524305,0.0016748076304793358,0.08464459970127791,8,false,0.01396064186457927,0.01396064186457927,false
255,true,0.8898381048848252,-524062.3166759516,531026.976947459,-0.003872328088618815,0.2623826697235927,8,false,0.01396064186457927,0.01396064186457927,false
255,true,0.9249966867801921,-524073.47175997123,531004.3347751463,0.05363256298005581,0.17379700927995145,8,false,0.01396064186457927,0.01396064186457927,false
255,true,0.9884289538472761,-524260.4471652024,531143.1697719351,-0.015978212119080126,-0.06935657630674541,8,false,0.01396064186457927,0.01396064186457927,false
255,true,0.6737148124960173,-524286.55874568963,531269.8795841265,0.30547281249891967,0.9425813826965168,8,false,0.01396064186457927,0.01396064186457927,false
255,true,0.9996245577077829,-524333.5807593608,531146.376826051,-0.3373892173403874,-0.35465255193412304,8,false,0.01396064186457927,0.01396064186457927,false
255,true,0.9742890380709032,-524370.336563771,531329.8358929141,0.05304181354586035,0.0703466288978234,8,false,0.01396064186457927,0.01396064186457927,false
255,true,0.8335044118219349,-524170.10726273304,531275.4945868208,0.09723173663951457,0.44014723238069564,8,false,0.01396064186457927,0.01396064186457927,false
255,true,0.998114405700466,-524137.08011463267,531152.6371388624,-0.09879230486694723,-0.16139474988449365,8,false,0.01396064186457927,0.01396064186457927,false
255,true,0.942672852031098,-524433.9895413982,531334.199598876,0.09194028843194246,0.179269190877676,8,false,0.01396064186457927,0.01396064186457927,false
255,true,0.9995811460787272,-524262.3600367728,531368.05411877,-0.0028052658308297396,-0.15831720817368478,8,false,0.01396064186457927,0.01396064186457927,false
255,true,0.9991049779387332,-524263.5052198787,531236.2253091772,-0.03277708648238331,-0.15077407308854163,8,false,0.01396064186457927,0.01396064186457927,false
255,true,0.9447199742868672,-524287.3050323431,531197.2665406342,0.00990010960958898,0.1834271086845547,8,false,0.01396064186457927,0.01396064186457927,false
255,true,0.9780478593565578,-524262.8508798255,531316.5764638348,-0.09923778718803078,-0.13784178940113634,8,false,0.01396064186457927,0.01396064186457927,false
255,true,0.997575859207329,-524270.0712906826,531299.1392806487,-0.0072665984043851495,-0.037722967797890306,8,false,0.01396064186457927,0.01396064186457927,false
255,true,0.9925311193499518,-524232.6573468871,531300.0306961389,0.021574120386503637,0.033679350395686924,8,false,0.01396064186457927,0.01396064186457927,false
255,true,0.9094303399861341,-524199.51062665513,531239.203272471,0.0053798219887539744,0.23260274715721607,8,false,0.01396064186457927,0.01396064186457927,false
255,true,0.9976539714017323,-524233.0624475378,531203.2577850461,-0.015767112374305725,-0.05077783588785678,8,false,0.01396064186457927,0.01396064186457927,false
255,true,0.9832703165981782,-524245.37443670264,531187.3472108557,0.008797581307590008,0.0628589274128899,8,false,0.01396064186457927,0.01396064186457927,false
255,true,0.875769161165113,-524214.5565564455,531271.5824569634,0.13362785696517676,0.3191776202293113,8,false,0.01396064186457927,0.01396064186457927,false
255,true,0.9286311591816533,-524133.2348397004,531118.6146472264,-0.02337269368581474,0.23736417444888502,8,false,0.01396064186457927,0.01396064186457927,false
255,true,0.9912568013627033,-524353.4930340017,531274.4564056377,-0.035448879352770746,-0.14744346274528652,8,false,0.01396064186457927,0.01396064186457927,false
255,true,0.9301510652266559,-524426.5980748942,531376.85433066,0.11317292193416506,0.22327660862356424,8,false,0.01396064186457927,0.01396064186457927,false
255,true,0.9681722671734344,-524271.2485965863,531470.4830857913,-0.21731831168290228,-0.21731831168290228,8,false,0.01396064186457927,0.01396064186457927,false
255,true,0.997153894797712,-524368.6890195961,531309.9920561156,-0.008562058908864856,0.02412895020097494,8,false,0.01396064186457927,0.01396064186457927,false
255,true,0.9881617661834512,-524322.1568915772,531393.8796637832,-0.002033379045315087,0.03403463389258832,8,false,0.01396064186457927,0.01396064186457927,false
255,true,0.8795202617961337,-524223.83417867054,531397.3984284067,0.24000115506350994,0.2618264851626009,8,false,0.01396064186457927,0.01396064186457927,false
255,true,0.8881603690678882,-524350.2198167722,531342.1740634307,-0.07146737771108747,0.3903849511407316,8,false,0.01396064186457927,0.01396064186457927,false
255,true,0.8848799841207583,-524190.6017628508,531237.542938726,-0.0494221649132669,0.35407703439705074,8,false,0.01396064186457927,0.01396064186457927,false
255,true,0.7974013166768172,-524219.5462631766,531297.5093584164,0.22495644667651504,0.5775278297951445,8,false,0.01396064186457927,0.01396064186457927,false
255,true,0.9996841997817928,-524203.0570942614,531246.8980570674,-0.3058722950518131,-0.3457756213610992,8,false,0.01396064186457927,0.01396064186457927,false
255,true,0.9998380265801351,-524252.09965192113,531215.2118151966,-0.033642729511484504,-0.04952152434270829,8,false,0.01396064186457927,0.01396064186457927,false
255,true,0.8355332464041259,-524306.2870715497,531363.9935129761,0.33774548943620175,0.3802048737416044,8,false,0.01396064186457927,0.01396064186457927,false
255,true,0.9909987836420723,-524282.8989347529,531288.193087217,-0.06314590654801577,-0.3460521182278171,8,false,0.01396064186457927,0.01396064186457927,false
255,true,0.9981617833904247,-524414.8420554232,531481.2406417902,-0.1255803401581943,-0.28308910375926644,8,false,0.01396064186457927,0.01396064186457927,false
255,true,0.9557263683696374,-524232.86707672075,531240.8089795121,0.013239500112831593,-0.16111921158153564,8,false,0.01396064186457927,0.01396064186457927,false
255,true,0.9903658067499902,-524086.513780446,531163.3686146619,-0.06709980382584035,-0.1751079459208995,8,false,0.01396064186457927,0.01396064186457927,false
255,true,0.9968880951362147,-524240.9217824465,531116.1479754347,-0.0808796666096896,-0.1092418422922492,8,false,0.01396064186457927,0.01396064186457927,false
255,true,0.9327414629194748,-524303.5650923601,531240.4694200426,0.14050750411115587,0.16737851756624877,8,false,0.01396064186457927,0.01396064186457927,false
255,true,0.9556801395343857,-524220.7077143054,531240.9368922064,-0.14355131902266294,0.19899202417582273,8,false,0.01396064186457927,0.01396064186457927,false
255,true,0.908781637327908,-524277.75814750354,531233.4085839426,0.032972227898426354,0.21076212753541768,8,false,0.01396064186457927,0.01396064186457927,false
255,true,0.9362580348904678,-524286.49841279356,531259.8571837292,0.058274694019928575,0.1768706743605435,8,false,0.01396064186457927,0.01396064186457927,false
255,true,0.9999179609278606,-524073.0672548488,531096.0130655641,-0.055167620768770576,-0.11456584185361862,8,false,0.01396064186457927,0.01396064186457927,false
255,true,0.9881330409544317,-524087.9074342143,531096.4473414472,-0.01023860857822001,0.06309352139942348,8,false,0.01396064186457927,0.01396064186457927,false
255,true,0.9548083167211412,-524261.442947712,531122.8235910535,0.11019362369552255,0.1405081581324339,8,false,0.01396064186457927,0.01396064186457927,false
255,true,0.9937148816643155,-524105.7771593196,531211.5167406127,-0.027861814945936203,-0.15653575700707734,8,false,0.01396064186457927,0.01396064186457927,false
255,true,0.7167414501357051,-524363.2416257412,531163.35474153,0.7965339587535709,0.8525224494514987,8,false,0.01396064186457927,0.01396064186457927,false
255,true,0.9998546982432491,-524320.9178783523,531408.1651306855,-0.6983032638672739,-0.9151103829499334,8,false,0.01396064186457927,0.01396064186457927,false
255,true,0.976650695139515,-524210.17307081085,531303.543768794,-0.16366533562541008,-0.2189045010600239,8,false,0.01396064186457927,0.01396064186457927,false
255,true,0.8981923907073703,-524376.6161407015,531386.0791499439,0.07157628983259201,0.2559861324261874,8,false,0.01396064186457927,0.01396064186457927,false
255,true,0.8525322656410806,-524199.87416880246,531246.0816717779,-0.02323307527694851,0.44233767432160676,8,false,0.01396064186457927,0.01396064186457927,false
255,true,0.9103912999691827,-524290.1048321571,531221.8039201802,-0.0528862786013633,0.265251588774845,8,false,0.01396064186457927,0.01396064186457927,false
255,true,0.9944563865770571,-524321.2268602672,531366.6663620718,0.0027679153718054295,-0.057619945611804724,8,false,0.01396064186457927,0.01396064186457927,false
255,true,0.8038937085737635,-524295.0432451408,531311.4064722552,0.047056232462637126,0.5156799721298739,8,false,0.01396064186457927,0.01396064186457927,false
255,true,0.9998820518502596,-524298.994679472,531397.3948221515,-0.08010459342040122,-0.10600006696768105,8,false,0.01396064186457927,0.01396064186457927,false
255,true,0.987075456813821,-524285.9758119516,531367.9368038035,0.025426419568248093,0.04871872463263571,8,false,0.01396064186457927,0.01396064186457927,false
255,true,0.9130894308211587,-524272.0857508289,531209.2746181688,0.10861543472856283,0.23170233750715852,8,false,0.01396064186457927,0.01396064186457927,false
255,true,0.9985992652642737,-524150.55671646405,531214.0373456964,-0.07175752602051944,-0.16272195207420737,8,false,0.01396064186457927,0.01396064186457927,false
255,true,0.8165484816769536,-524113.46550364286,531072.5046993234,0.03216059156693518,0.5042219216702506,8,false,0.01396064186457927,0.01396064186457927,false
255,true,0.9812530457451114,-524173.22654325643,531038.175627469,0.08889938634820282,-0.1310779987834394,8,false,0.01396064186457927,0.01396064186457927,false
255,true,0.9989245945302391,-524249.8693007407,531281.1915583672,-0.1745790319982916,-0.20922574936412275,8,false,0.01396064186457927,0.01396064186457927,false
255,true,0.8074148150552307,-524152.3088701692,531178.4135147986,0.3650010827695951,0.49127344239968807,8,false,0.01396064186457927,0.01396064186457927,false
255,true,0.995453139555217,-524162.44926962117,531080.9867185957,-0.013821529690176249,-0.3935576557414606,8,false,0.01396064186457927,0.01396064186457927,false
255,true,0.8595811778729533,-524250.1744069096,531197.4334966813,-0.3783670963020995,0.5138805233873427,8,false,0.01396064186457927,0.01396064186457927,false
255,true,0.9629059833140439,-524357.4849990167,531344.0314298775,0.04923712706658989,0.08370849583297968,8,false,0.01396064186457927,0.01396064186457927,false
255,true,0.9822021120035305,-524210.9265223979,531339.4656625915,0.039775646408088505,0.07244012679439038,8,false,0.01396064186457927,0.01396064186457927,false
255,true,0.8921852960785648,-524160.48413317907,531118.935285558,0.18874254601541907,0.2993833500659093,8,false,0.01396064186457927,0.01396064186457927,false
255,true,0.9920714206752999,-524348.6672700321,531291.8456436907,-0.1417075217468664,-0.27082963509019464,8,false,0.01396064186457927,0.01396064186457927,false
255,true,0.9995565799998836,-524300.2161088026,531364.4037589985,-0.04308375157415867,-0.13516012916807085,8,false,0.01396064186457927,0.01396064186457927,false
255,true,0.9943589964928269,-524335.5546246329,531388.6293583288,-0.010085153859108686,-0.09460158308502287,8,false,0.01396064186457927,0.01396064186457927,false
255,true,0.999785681799439,-524340.431695867,531364.5643026732,-0.03266413463279605,-0.08677683351561427,8,false,0.01396064186457927,0.01396064186457927,false
255,true,0.9265653672670097,-524453.497822282,531552.3396853779,0.009445873671211302,0.20594105392228812,8,false,0.01396064186457927,0.01396064186457927,false
255,true,0.9873415485305888,-524285.8570666552,531462.7432068149,0.015658170566894114,0.06504915026016533,8,false,0.01396064186457927,0.01396064186457927,false
255,true,0.9802486286823537,-524175.2872870843,531177.6814655378,0.05771992926020175,0.0872249489184469,8,false,0.01396064186457927,0.01396064186457927,false
255,true,0.9680618313852053,-524276.53828551155,531187.7532954353,-0.036930956528522074,-0.1398919200291857,8,false,0.01396064186457927,0.01396064186457927,false
255,true,0.9951249297723932,-524358.608397733,531380.9955301902,-0.04944331175647676,-0.0952465544687584,8,false,0.01396064186457927,0.01396064186457927,false
255,true,0.8373055501738076,-524263.3360408092,531359.0730760933,-0.026867208303883672,0.3993583202827722,8,false,0.01396064186457927,0.01396064186457927,false
255,true,0.9997678289673124,-524332.2925980196,531252.1698707693,-0.014667344628833234,-0.03238142281770706,8,false,0.01396064186457927,0.01396064186457927,false
255,true,0.9978030959101954,-524303.4671506179,531298.338889661,0.012570495251566172,-0.02454733452759683,8,false,0.01396064186457927,0.01396064186457927,false
255,true,0.986916637015497,-524261.4433151881,531380.4539868924,0.0005631326930597425,0.04286342300474644,8,false,0.01396064186457927,0.01396064186457927,false
255,true,0.9707774379428674,-524372.7430823995,531236.6591799656,0.02180101117119193,0.09472222405020148,8,false,0.01396064186457927,0.01396064186457927,false
255,true,0.9237281135371461,-524307.027758788,531344.5287587736,-0.004912659875117242,0.20858809386845678,8,false,0.01396064186457927,0.01396064186457927,false
255,true,0.9447947243956523,-524272.4641035558,531328.2484587342,0.014037090120837092,0.15686285472474992,8,false,0.01396064186457927,0.01396064186457927,false
255,true,0.8340320288545139,-524441.9159797152,531490.0401038147,0.4136902465252206,0.4136902465252206,8,false,0.01396064186457927,0.01396064186457927,false
255,true,0.999509104431032,-524260.83634299587,531472.7293496506,-0.09618842287454754,-0.4538812953978777,8,false,0.01396064186457927,0.01396064186457927,false
255,true,0.9984959089465612,-524181.01219366037,531194.2136485601,-0.06303187774028629,-0.37761358986608684,8,false,0.01396064186457927,0.01396064186457927,false
255,true,0.9973325669514164,-524149.47091217665,531179.6407819901,-0.14391457417514175,-0.3055722607532516,8,false,0.01396064186457927,0.01396064186457927,false
255,true,0.7675502536906876,-524190.05456526356,531142.2589294504,0.2612529080361128,0.7256942954845726,8,false,0.01396064186457927,0.01396064186457927,false
255,true,0.9678561968583398,-524248.2673274403,531271.1742749789,-0.15686476335395128,-0.4230882712872699,8,false,0.01396064186457927,0.01396064186457927,false
255,true,0.9935831394250147,-524169.00343715237,531137.9489132317,0.06694741360843182,-0.26352376432623714,8,false,0.01396064186457927,0.01396064186457927,false
255,true,0.996821771428938,-524065.30325720453,531028.9296453405,-0.036020565894432366,-0.33252458565402776,8,false,0.01396064186457927,0.01396064186457927,false
255,true,0.9942390650484916,-524262.6050965911,531114.5979897866,-0.09999207640066743,-0.3049506733659655,8,false,0.01396064186457927,0.01396064186457927,false
255,true,0.9997546116533742,-524207.4306593351,531206.0260359754,-0.11403128795791417,-0.20311213505920023,8,false,0.01396064186457927,0.01396064186457927,false
255,true,0.7490222076299886,-524118.476133147,531097.7672981312,0.44177988555748016,0.7076070629991591,8,false,0.01396064186457927,0.01396064186457927,false
255,true,0.9905499363510749,-524206.8621835124,531069.9978866719,-0.4893741465639323,-0.5344344448531047,8,false,0.01396064186457927,0.01396064186457927,false
255,true,0.9332333526796753,-524311.6909720559,531315.8567355451,0.01878068340010941,0.17558498540893197,8,false,0.01396064186457927,0.01396064186457927,false
255,true,0.8598245123277857,-524303.2361612242,531419.1306221319,-0.002055544056929648,0.36247181543149054,8,false,0.01396064186457927,0.01396064186457927,false
255,true,0.9787629712623885,-524058.5434039407,531151.9021206143,0.046942758141085505,0.0935170219745487,8,false,0.01396064186457927,0.01396064186457927,false
255,true,0.9534462683015594,-524136.9099809929,531036.2865329214,-0.06759018427692354,0.17142799263820052,8,false,0.01396064186457927,0.01396064186457927,false
255,true,0.9871583411873942,-524214.824600054,531088.1523785468,0.005868489039130509,0.05851464078295976,8,false,0.01396064186457927,0.01396064186457927,false
255,true,0.7927218533631256,-524259.8975302719,531259.3342230285,-0.0015108564402908087,0.5282259255181998,8,false,0.01396064186457927,0.01396064186457927,false
255,true,0.991604802337805,-524316.5388845906,531286.2532638517,0.013777252519503236,0.04597024724353105,8,false,0.01396064186457927,0.01396064186457927,false
255,true,0.9860438917818682,-524170.8562655958,531360.8553689164,-0.02001287043094635,0.061925399699248374,8,false,0.01396064186457927,0.01396064186457927,false
255,true,0.9603071078642472,-524303.7974919591,531235.1266680422,0.08252647134941071,0.11213868134655058,8,false,0.01396064186457927,0.01396064186457927,false
255,true,0.9827754512601659,-524301.0722917946,531299.4859660711,-0.0009064313489943743,0.10550231125671417,8,false,0.01396064186457927,0.01396064186457927,false
255,true,0.9724818811572946,-524314.4152520563,531308.9267522731,-0.0360764596844092,0.12687070842366666,8,false,0.01396064186457927,0.01396064186457927,false
255,true,0.9906366319233835,-524199.0431974997,531268.6443705973,0.0009293793700635433,-0.07731925824191421,8,false,0.01396064186457927,0.01396064186457927,false
255,true,0.9862148916633519,-524087.65992201114,531070.1720051862,-0.026949674705974758,-0.08440719312056899,8,false,0.01396064186457927,0.01396064186457927,false
255,true,0.9707895488962351,-524205.8352033095,531143.4734220096,0.0050463658990338445,0.09927426988724619,8,false,0.01396064186457927,0.01396064186457927,false
255,true,0.9940997126698755,-524190.8867369416,531170.5784400841,0.014324562042020261,-0.06975458736997098,8,false,0.01396064186457927,0.01396064186457927,false
255,true,0.9979462108640956,-524256.23121287755,531172.0668504956,0.01958171371370554,-0.0835940414108336,8,false,0.01396064186457927,0.01396064186457927,false
255,true,0.9675765712014045,-524265.86421263375,531213.6615524945,-0.017006641370244324,0.12262483465019614,8,false,0.01396064186457927,0.01396064186457927,false
255,true,0.9782935523911233,-524305.95431654,531359.2029114361,0.05648445920087397,0.09081142977811396,8,false,0.01396064186457927,0.01396064186457927,false
255,true,0.9928107593587331,-524228.28457244334,531297.2883056367,0.039455149439163506,-0.1196501913946122,8,false,0.01396064186457927,0.01396064186457927,false
255,true,0.9207486670349025,-524163.0267680247,531185.7343133965,0.21738678554538637,0.2594905447913334,8,false,0.01396064186457927,0.01396064186457927,false
255,true,0.9260157868913442,-524205.3338373048,531232.5550129176,0.2646313012810424,-0.3833025027997792,8,false,0.01396064186457927,0.01396064186457927,false
255,true,0.9692263237851755,-524088.70037904684,531085.4645743557,0.045758881024084985,-0.6530925635015592,8,false,0.01396064186457927,0.01396064186457927,false
255,true,0.9991469403695161,-524104.289986605,530972.2687696237,-0.444249241380021,-0.6900736741954461,8,false,0.01396064186457927,0.01396064186457927,false
255,true,0.9644780026358062,-524025.20580080897,531119.8626143346,-0.13555836479645222,-0.2515525557100773,8,false,0.01396064186457927,0.01396064186457927,false
255,true,0.9996764017072085,-524216.37164964277,530974.0956396087,-0.0321343878749758,-0.13157036120537668,8,false,0.01396064186457927,0.01396064186457927,false
255,true,0.9514781311009258,-524233.6522811198,531233.7732968987,-0.03705687774345279,0.15888723079115152,8,false,0.01396064186457927,0.01396064186457927,false
255,true,0.987513232107886,-524094.73532254796,531144.8230386546,-0.0030867833411321044,0.07571494358126074,8,false,0.01396064186457927,0.01396064186457927,false
255,true,0.994824969875475,-524117.368058958,530987.9828544193,0.017639372614212334,-0.058427098440006375,8,false,0.01396064186457927,0.01396064186457927,false
255,true,0.9936819193899648,-524189.4883453777,531066.1319036665,0.008663304266519845,-0.06772755447309464,8,false,0.01396064186457927,0.01396064186457927,false
255,true,0.6905845966569545,-524197.59998230194,531176.2726763469,0.221283316379413,0.8887849608436227,8,false,0.01396064186457927,0.01396064186457927,false
255,true,0.9982180883911259,-524224.90356386325,531216.7097281805,-0.24534441670402884,-0.2963155444012955,8,false,0.01396064186457927,0.01396064186457927,false
255,true,0.9543524482277962,-524160.26755513024,531111.2162059771,-0.04470440815202892,0.13172014988958836,8,false,0.01396064186457927,0.01396064186457927,false
255,true,0.979506289827496,-524197.9725528701,531112.8850401135,0.030763485468924046,0.0532330353744328,8,false,0.01396064186457927,0.01396064186457927,false
255,true,0.9473964788299342,-524174.7512468466,531206.8560232727,0.07216955430340022,0.14599179662764072,8,false,0.01396064186457927,0.01396064186457927,false
255,true,0.9894680518287825,-524251.37541707186,531326.7974946202,0.025936502148397267,-0.11283677048049867,8,false,0.01396064186457927,0.01396064186457927,false
255,true,0.9973971542329323,-524241.5084343085,531252.2124319158,-0.03298773604910821,-0.13165626232512295,8,false,0.01396064186457927,0.01396064186457927,false
255,true,0.9972248821209662,-524270.42880818003,531367.0587880455,-0.0415213544620201,-0.09744920011144131,8,false,0.01396064186457927,0.01396064186457927,false
255,true,0.9959647105192517,-524205.9237747634,531126.3457950614,-0.05904762807767838,-0.06484795233700424,8,false,0.01396064186457927,0.01396064186457927,false
255,true,0.9487007800970778,-524273.75308786903,531314.6849369437,0.0834045687224716,0.10483979398850352,8,false,0.01396064186457927,0.01396064186457927,false
255,true,0.9554316550307813,-524196.4290553227,531192.5890328262,-0.028479655040428042,0.15213782887440175,8,false,0.01396064186457927,0.01396064186457927,false
255,true,0.7963973573460426,-524244.63899768464,531217.2520901128,-0.026387720019556582,0.5344630930339918,8,false,0.01396064186457927,0.01396064186457927,false
255,true,0.9481193763897469,-524183.1871691496,531168.7422699125,0.029002343071624637,0.13689055759459734,8,false,0.01396064186457927,0.01396064186457927,false
255,true,0.9909744972499539,-524240.11177911103,531309.7097355486,-0.050885729608125985,-0.06701066007371992,8,false,0.01396064186457927,0.01396064186457927,false
255,true,0.9366713012330191,-524138.8361995151,531161.3633958249,0.06851347582414746,0.1400162180652842,8,false,0.01396064186457927,0.01396064186457927,false
255,true,0.9104958397282112,-524105.68724763364,531099.1884894914,-0.047970884246751666,0.2476826710626483,8,false,0.01396064186457927,0.01396064186457927,false
255,true,0.8739461856343747,-524323.1669357059,531175.8639075767,0.05445228377357125,0.3047069034073502,8,false,0.01396064186457927,0.01396064186457927,false
255,true,0.9908129646025334,-524230.3307728489,531352.8404957248,-0.008649592753499746,-0.08269825344905257,8,false,0.01396064186457927,0.01396064186457927,false
255,true,0.9929709131055959,-524171.5300173253,531253.6836683662,-0.051599747384898365,-0.07575418392661959,8,false,0.01396064186457927,0.01396064186457927,false
255,true,0.931619154519238,-524230.93027004274,531149.667943438,0.12675062916241586,0.16674509027507156,8,false,0.01396064186457927,0.01396064186457927,false
255,true,0.9648179408336764,-524197.73877366533,531266.2251859744,0.010740118101239204,0.14850994723383337,8,false,0.01396064186457927,0.01396064186457927,false
255,true,0.9985267011838879,-524312.5201820071,531291.0626594239,-0.04089506319724023,-0.15560172125697136,8,false,0.01396064186457927,0.01396064186457927,false
255,true,0.8677209444515795,-524223.2462019549,531328.2069334469,-0.11995402595493942,0.38159299676772207,8,false,0.01396064186457927,0.01396064186457927,false
255,true,0.8441857888565953,-524190.36704245704,531095.2334025962,0.2946670420933515,0.3643691675970331,8,false,0.01396064186457927,0.01396064186457927,false
255,true,0.9969852030095974,-524234.3938030539,531279.4482933113,-0.07759864395484328,-0.2892242290545255,8,false,0.01396064186457927,0.01396064186457927,false
255,true,0.9727318274660901,-524189.33418893145,531280.9956185563,-0.1446010706713423,-0.22099877265281975,8,false,0.01396064186457927,0.01396064186457927,false
255,true,0.9741974847576882,-523988.0567011137,530994.7239152207,-0.04760976484976709,0.10113257635384798,8,false,0.01396064186457927,0.01396064186457927,false
255,true,0.9474544188235174,-524315.6945021806,531085.4224373442,0.09045681194402277,0.13911457906942815,8,false,0.01396064186457927,0.01396064186457927,false
255,true,0.9515834049559122,-524228.78880029905,531291.7098427679,-0.05859249457716942,0.17180658341385424,8,false,0.01396064186457927,0.01396064186457927,false
255,true,0.9720209162480128,-524256.63301416667,531207.8197669573,0.059855264611542225,0.10869242763146758,8,false,0.01396064186457927,0.01396064186457927,false
255,true,0.929988949864807,-524253.06973385334,531347.0625576323,0.20722426916472614,0.2186689261579886,8,false,0.01396064186457927,0.01396064186457927,false
255,true,0.9983296307299561,-524262.3952218273,531270.298372752,-0.1475051138550043,-0.3198394498322159,8,false,0.01396064186457927,0.01396064186457927,false
255,true,0.9620703481303937,-524268.44735889556,531320.5979106054,-0.07113109575584531,-0.17265092895831913,8,false,0.01396064186457927,0.01396064186457927,false
255,true,0.999664105998183,-524150.75568694575,531192.0340394517,-0.021447368315421045,-0.10237148404121399,8,false,0.01396064186457927,0.01396064186457927,false
255,true,0.9955958600219235,-524263.55688951304,531198.7949117231,0.016407055780291557,-0.09089098160620779,8,false,0.01396064186457927,0.01396064186457927,false
255,true,0.9786849547484779,-524279.46729207184,531111.8961882605,0.015800334280356765,-0.10796213417779654,8,false,0.01396064186457927,0.01396064186457927,false
255,true,0.9915288643897981,-524101.3653222269,531157.1141457586,-0.08239227766171098,-0.11717666080221534,8,false,0.01396064186457927,0.01396064186457927,false
255,true,0.9934909324814124,-524183.12044617406,531144.0077466758,-0.007149989367462695,0.041425068862736225,8,false,0.01396064186457927,0.01396064186457927,false
255,true,0.9877771854899272,-524253.2754282837,531237.9222688075,0.01564308675006032,0.041009262087754905,8,false,0.01396064186457927,0.01396064186457927,false
255,true,0.9845986753606468,-524112.1676712309,531197.993742689,0.01109820429701358,0.061346628121100366,8,false,0.01396064186457927,0.01396064186457927,false
255,true,0.9452254405599952,-523991.68448724557,531036.6131547979,0.03487985860556364,0.15913561882916838,8,false,0.01396064186457927,0.01396064186457927,false
255,true,0.9872604666950846,-524072.8448558354,530990.5010057985,-0.08684089488815516,-0.09952973341569304,8,false,0.01396064186457927,0.01396064186457927,false
255,true,0.7968398080250415,-524190.1724897525,531076.3557791016,0.05263127316720784,0.48388020182028413,8,false,0.01396064186457927,0.01396064186457927,false
255,true,0.980971863461557,-524221.43812782783,531149.06155274,-0.007351623731665313,0.07912848296109587,8,false,0.01396064186457927,0.01396064186457927,false
255,true,0.9429972169484081,-524307.6360258086,531288.4396920762,-0.028747471631504595,0.15738532145041972,8,false,0.01396064186457927,0.01396064186457927,false
255,true,0.923791728491046,-524293.7671076562,531382.5404070647,0.03087560459971428,0.18572907499037683,8,false,0.01396064186457927,0.01396064186457927,false
255,true,0.9993392406853789,-524285.21265790355,531236.8968876862,-0.05083657510112971,-0.05941226345021278,8,false,0.01396064186457927,0.01396064186457927,false
255,true,0.9870133938592693,-524317.8428356291,531292.2628538605,0.0066500152461230755,0.03719362954143435,8,false,0.01396064186457927,0.01396064186457927,false
255,true,0.9570145255117433,-524305.5399348328,531396.6931111556,0.010904013994149864,0.10310564388055354,8,false,0.01396064186457927,0.01396064186457927,false
255,true,0.9826890049025369,-524432.3161034789,531429.9728121584,0.03075378166977316,0.05861072218976915,8,false,0.01396064186457927,0.01396064186457927,false
255,true,0.961768728521914,-524297.6588347645,531402.5730981928,-0.0013991424348205328,0.11455674050375819,8,false,0.01396064186457927,0.01396064186457927,false
255,true,0.9854250189942544,-524095.2675855672,531107.0259215208,-0.04149636975489557,0.06885667401365936,8,false,0.01396064186457927,0.01396064186457927,false
255,true,0.8221775540951127,-524233.80570928997,531130.9283106274,0.20018519612494856,0.4252018661936745,8,false,0.01396064186457927,0.01396064186457927,false
255,true,0.9985252057690122,-524261.7083620502,531210.808072464,-0.20134088501799852,-0.2121236197417602,8,false,0.01396064186457927,0.01396064186457927,false
255,true,0.9672165038671398,-524229.9542731368,531360.2978898255,0.008827706915326416,0.07257751189172268,8,false,0.01396064186457927,0.01396064186457927,false
255,true,0.9776256181650669,-524200.5798669557,531058.8544318484,0.041880948818288743,0.06216125260107219,8,false,0.01396064186457927,0.01396064186457927,false
255,true,0.7196598932837911,-524159.9130185952,531046.2918170512,0.6690169121138752,0.7542044568108395,8,false,0.01396064186457927,0.01396064186457927,false
255,true,0.983959228932607,-524130.034035931,531078.003482217,-0.6683621873380616,-0.7274185467977077,8,false,0.01396064186457927,0.01396064186457927,false
255,true,0.9957696745762614,-524105.4059957131,531009.7854927371,-0.033979354542680085,-0.06937674165237695,8,false,0.01396064186457927,0.01396064186457927,false
255,true,0.8638176473810811,-524093.84897250653,531032.9888565252,0.2595304155256599,0.3324646227993071,8,false,0.01396064186457927,0.01396064186457927,false
255,true,0.9281538050875577,-524169.9420820258,531121.7471781895,0.16844081331510097,-0.28409496566746384,8,false,0.01396064186457927,0.01396064186457927,false
255,true,0.9735671426779239,-524288.4250646603,531229.426726078,-0.3117919876240194,-0.44281936169136316,8,false,0.01396064186457927,0.01396064186457927,false
255,true,0.8133879265895825,-524306.6480934495,531286.1387808764,-0.027091667870990932,0.541713752085343,8,false,0.01396064186457927,0.01396064186457927,false
255,true,0.999199690186649,-524392.3471271372,531470.3805136295,-0.026574761955998838,-0.11921946564689279,8,false,0.01396064186457927,0.01396064186457927,false
255,true,0.9710641881905075,-524282.58945285407,531415.7315680843,-0.05374742019921541,0.10340248513966799,8,false,0.01396064186457927,0.01396064186457927,false
255,true,0.9765204396764303,-524281.3228048122,531326.6346624744,0.019589449279010296,0.07679040485527366,8,false,0.01396064186457927,0.01396064186457927,false
255,true,0.9649023809554113,-524314.7199388376,531333.6822715352,-0.01576809212565422,0.1082467675441876,8,false,0.01396064186457927,0.01396064186457927,false
255,true,0.9296419534172514,-524357.7465171943,531314.6203185231,0.13016590743791312,0.17739758046809584,8,false,0.01396064186457927,0.01396064186457927,false
255,true,0.8782443599861027,-524373.5147811198,531388.9825148706,0.19240141951013356,0.3658419895218685,8,false,0.01396064186457927,0.01396064186457927,false
255,true,0.951867559272355,-524202.6181150596,531398.2115307389,0.15779867011588067,-0.3554251583991572,8,false,0.01396064186457927,0.01396064186457927,false
255,true,0.9934892662613363,-524242.12318503775,531275.3333928679,-0.5074560551438481,-0.5170550878392532,8,false,0.01396064186457927,0.01396064186457927,false
255,true,0.9538955680716348,-524129.4627845091,531181.160719245,0.025716632371768355,0.10719791753217578,8,false,0.01396064186457927,0.01396064186457927,false
255,true,0.9941299435614401,-524200.08341584576,531117.8751747234,-0.02238474669866264,-0.040146210696548223,8,false,0.01396064186457927,0.01396064186457927,false
255,true,0.7783234903484729,-524197.32421795453,531138.3401581225,0.3262945954920724,0.5504554158542305,8,false,0.01396064186457927,0.01396064186457927,false
255,true,0.9999797991569356,-524173.91134846595,531186.3812702453,-0.011263719177804887,-0.34802459576167166,8,false,0.01396064186457927,0.01396064186457927,false
255,true,0.9959660236629673,-524210.3338689172,531174.1489134912,-0.2429153558332473,-0.3207982019521296,8,false,0.01396064186457927,0.01396064186457927,false
255,true,0.9988044786758856,-524221.4032623457,531162.8218485,-0.012924571987241507,-0.08800613763742149,8,false,0.01396064186457927,0.01396064186457927,false
255,true,0.9670983450174285,-524299.8912382963,531231.7793374751,0.08127854787744582,0.12412783340550959,8,false,0.01396064186457927,0.01396064186457927,false
255,true,0.9164520924231642,-524267.2511628989,531329.3427987247,-0.04686332796700299,0.2636025764513761,8,false,0.01396064186457927,0.01396064186457927,false
255,true,0.9999479570777446,-524190.0595977563,531192.3665802447,-0.05368161085061729,-0.10596185550093651,8,false,0.01396064186457927,0.01396064186457927,false
255,true,0.9517975429473581,-524237.7849051608,531183.4292701248,0.05363258416764438,0.13388450897764415,8,false,0.01396064186457927,0.01396064186457927,false
255,true,0.9317489494331196,-524230.1672510235,531247.4201261014,0.17186681809835136,0.22191502945497632,8,false,0.01396064186457927,0.01396064186457927,false
255,true,0.9999070682667794,-524120.7682788997,531071.2689159143,-0.165926203597337,-0.27707012672908604,8,false,0.01396064186457927,0.01396064186457927,false
255,true,0.9938266430272208,-524135.22993345204,531024.947973684,-0.06159908918198198,-0.10647369606886059,8,false,0.01396064186457927,0.01396064186457927,false
255,true,0.9248551687197398,-524208.58580159326,531228.6256315715,0.021311076707206666,0.20070379809476435,8,false,0.01396064186457927,0.01396064186457927,false
255,true,0.9848756739482638,-524209.30488236604,531226.0134924836,-0.0041098963702097535,0.08360841509420425,8,false,0.01396064186457927,0.01396064186457927,false
255,true,0.9854063592215229,-524082.8402486948,531076.0235805433,-0.011098434682935476,-0.07418801763560623,8,false,0.01396064186457927,0.01396064186457927,false
255,true,0.9703018517223556,-524087.2088066991,530939.6704417664,-0.04465535469353199,0.1019970984198153,8,false,0.01396064186457927,0.01396064186457927,false
255,true,0.9586859773457055,-524295.8101365761,531169.4773038401,0.04104686772916466,0.10000425134785473,8,false,0.01396064186457927,0.01396064186457927,false
255,true,0.9048544731731064,-524253.28635816637,531378.1939701563,-0.032941859564743936,0.24964420835021883,8,false,0.01396064186457927,0.01396064186457927,false
255,true,0.972072938196832,-524278.5621967828,531349.3444588914,0.007943803211674094,0.0724183419952169,8,false,0.01396064186457927,0.01396064186457927,false
255,true,0.9139795153004917,-524261.1072072296,531318.1257394986,0.06186268455348909,0.2091433216119185,8,false,0.01396064186457927,0.01396064186457927,false
255,true,0.9949428252811967,-524158.1882444543,531192.26857911,-0.0610556990141049,-0.09116006130352616,8,false,0.01396064186457927,0.01396064186457927,false
255,true,0.8175011257141267,-524213.38426064997,531147.2453888773,0.2628677384927869,0.4500703818630427,8,false,0.01396064186457927,0.01396064186457927,false
255,true,0.9959298375510229,-524230.6343189688,531270.2837382917,-0.1886488301679492,-0.2789682379225269,8,false,0.01396064186457927,0.01396064186457927,false
255,true,0.9468318269598099,-524178.8657895339,531168.6880816313,-0.07192916958592832,0.17737779242452234,8,false,0.01396064186457927,0.01396064186457927,false
255,true,0.9405441885645912,-524128.9998263875,531160.7121800425,0.09253457828890532,0.15116607560776174,8,false,0.01396064186457927,0.01396064186457927,false
255,true,0.9996715436389589,-524271.6662612323,531163.2974502774,-0.07623131235595793,-0.11715491081122309,8,false,0.01396064186457927,0.01396064186457927,false
255,true,0.9857225031278998,-524236.9460886714,531176.5724731742,-0.0158242218894884,0.06693644798360765,8,false,0.01396064186457927,0.01396064186457927,false
255,true,0.8229135595926198,-524303.2373790428,531343.111943239,0.1154501176206395,0.4305823596660048,8,false,0.01396064186457927,0.01396064186457927,false
255,true,0.999989170200274,-524285.3730138623,531172.6394651034,-0.11973778728861362,-0.15635153115727007,8,false,0.01396064186457927,0.01396064186457927,false
255,true,0.9505837741053619,-524245.17265700153,531196.4792896557,-0.015156805631704628,0.1267017419449985,8,false,0.01396064186457927,0.01396064186457927,false
255,true,0.7603525806793113,-524164.0638910827,531246.6820431817,0.5210038763470948,0.5966785838827491,8,false,0.01396064186457927,0.01396064186457927,false
255,true,0.9571106138061715,-524363.3741559668,531299.096999085,-0.4796151587506756,-0.5279622147791088,8,false,0.01396064186457927,0.01396064186457927,false
255,true,0.9758247954045962,-524314.5949852102,531384.1446065145,0.048586692777462304,0.0909723334480077,8,false,0.01396064186457927,0.01396064186457927,false
255,true,0.9305785368564556,-524218.36950529495,531328.6262409786,0.05257632560096681,0.21761664061341435,8,false,0.01396064186457927,0.01396064186457927,false
255,true,0.9731283663240776,-524320.9768317662,531257.117509779,0.0422241126652807,-0.1484682473819703,8,false,0.01396064186457927,0.01396064186457927,false
255,true,0.9003436541905615,-524267.91317811527,531272.392348624,-0.16535116324666888,0.3231252442346886,8,false,0.01396064186457927,0.01396064186457927,false
255,true,0.9761633194154687,-524116.1915507542,531198.1882611032,0.02627854247111827,0.07718873885460198,8,false,0.01396064186457927,0.01396064186457927,false
255,true,0.9900723850536931,-524222.0228629062,531153.8764832474,-0.0010392405092716217,-0.06013416044879705,8,false,0.01396064186457927,0.01396064186457927,false
255,true,0.9791388307363114,-524330.2782869124,531292.0385415866,-0.032350732712075114,0.07233085960615426,8,false,0.01396064186457927,0.01396064186457927,false
255,true,0.9778113638627088,-524167.2899586113,531256.7450013497,-0.004606620175763965,0.07247039757203311,8,false,0.01396064186457927,0.01396064186457927,false
255,true,0.9811145415272335,-524163.2307504964,531019.2405374843,0.019091477268375456,0.059194161323830485,8,false,0.01396064186457927,0.01396064186457927,false
255,true,0.9839370746309709,-524323.3156760003,531232.8819033349,0.014415106154046953,0.0625450782245025,8,false,0.01396064186457927,0.01396064186457927,false
255,true,0.998790491022708,-524203.9363277741,531284.7568038328,-0.039397309767082334,-0.05744970357045531,8,false,0.01396064186457927,0.01396064186457927,false
255,true,0.9847008592049268,-524214.66033283225,531245.8733296193,0.020490847993642092,0.0455571252387017,8,false,0.01396064186457927,0.01396064186457927,false
255,true,0.98837929705761,-524251.6350775622,531231.3085728221,0.04068876744713634,0.05207474099006504,8,false,0.01396064186457927,0.01396064186457927,false
255,true,0.777603647533327,-524195.4217280292,531115.4569445219,0.0971431287471205,0.6038011948112398,8,false,0.01396064186457927,0.01396064186457927,false
255,true,0.9973611366889426,-524130.2336542803,531168.7560576105,0.01642731111496687,-0.15942738798912615,8,false,0.01396064186457927,0.01396064186457927,false
255,true,0.7675649541008245,-524200.3972500196,531156.0474849424,-0.05716671166010201,0.7106861264910549,8,false,0.01396064186457927,0.01396064186457927,false
255,true,0.9545940209713826,-524360.074878144,531290.4864013835,0.08095957373734564,0.15778871753718704,8,false,0.01396064186457927,0.01396064186457927,false
255,true,0.9977955402562971,-524307.3063465877,531365.0969438949,-0.18345632310956717,-0.22051637433469296,8,false,0.01396064186457927,0.01396064186457927,false
255,true,0.9441826296730433,-524195.49667114054,531316.2512768303,0.10768105369061232,0.14316819817759097,8,false,0.01396064186457927,0.01396064186457927,false
255,true,0.9830185791676854,-524107.14753733575,531050.4147823924,-0.05618656810838729,-0.14966936269775033,8,false,0.01396064186457927,0.01396064186457927,false
255,true,0.9981698963475977,-524360.0224454498,531252.3191812737,0.010583040188066661,-0.07941197603940964,8,false,0.01396064186457927,0.01396064186457927,false
255,true,0.9880209981791231,-524259.06930858776,531404.5793586102,-0.022039147559553385,0.0895109020639211,8,false,0.01396064186457927,0.01396064186457927,false
255,true,0.9120189644405444,-524188.92387159076,531117.1097379129,0.09368679497856647,0.24296511756256223,8,false,0.01396064186457927,0.01396064186457927,false
255,true,0.9995297175302198,-524168.94764341775,531161.9001171628,-0.04072993225418031,-0.15997311810497195,8,false,0.01396064186457927,0.01396064186457927,false
255,true,0.9407210132354519,-524153.1250159921,531119.9782525555,0.1655623527476564,0.19180572615005076,8,false,0.01396064186457927,0.01396064186457927,false
255,true,0.9870750508387669,-524242.46170379384,531201.2808799248,-0.1309833884006366,-0.29884805204346776,8,false,0.01396064186457927,0.01396064186457927,false
255,true,0.948587220084177,-524150.55538066407,531205.120042069,0.004799649701453745,0.1928717978298664,8,false,0.01396064186457927,0.01396064186457927,false
255,true,0.9409442279770033,-524126.3076441954,531142.861947272,0.10941751895006746,0.20855856616981328,8,false,0.01396064186457927,0.01396064186457927,false
255,true,0.8777340183946617,-524132.2442855769,531077.8593228264,0.2694388263626024,0.41972185333725065,8,false,0.01396064186457927,0.01396064186457927,false
255,true,0.9875412373116499,-524157.65295306244,531074.757112425,-0.5214623097563162,-0.5279386645415798,8,false,0.01396064186457927,0.01396064186457927,false
255,true,0.9901521342253634,-524269.51008143433,531178.7854550022,0.010268117650412023,0.03940199164208025,8,false,0.01396064186457927,0.01396064186457927,false
255,true,0.885630669503412,-524265.6635237372,531283.4127288292,0.05941734497901052,0.2618860265938565,8,false,0.01396064186457927,0.01396064186457927,false
255,true,0.9935430339588535,-524237.9597230438,531269.9927628206,-0.012912245001643896,-0.08247015136294067,8,false,0.01396064186457927,0.01396064186457927,false
255,true,0.6934727110935361,-524268.09276601096,531271.9371928439,-0.012960825464688241,0.8728373307967559,8,false,0.01396064186457927,0.01396064186457927,false
255,true,0.9523369289555641,-524293.6077465259,531371.0009072289,0.13092868751846254,0.14794603106565773,8,false,0.01396064186457927,0.01396064186457927,false
255,true,1.0,-524242.0911229782,531267.6593068496,-0.12026208022143692,-0.1937493800651282,8,false,0.01396064186457927,0.01396064186457927,false
255,true,0.9441137716255437,-524271.72537504905,531292.2997598075,0.029154517920687795,0.16404018562752753,8,false,0.01396064186457927,0.01396064186457927,false
255,true,0.9884888755004175,-524273.54378564615,531436.4549207968,0.028781321016140282,-0.10737350827548653,8,false,0.01396064186457927,0.01396064186457927,false
255,true,0.9830115382779651,-524272.59384497156,531305.1669656355,-0.03351997246500105,-0.13916154066100717,8,false,0.01396064186457927,0.01396064186457927,false
255,true,0.8995822340807146,-524267.1885571412,531284.4702611306,0.16246954014059156,0.2912007252452895,8,false,0.01396064186457927,0.01396064186457927,false
255,true,0.9640540901162499,-524257.689875176,531274.4870268316,-0.20052466460037977,-0.26311149122193456,8,false,0.01396064186457927,0.01396064186457927,false
255,true,0.9371402953329728,-524224.6832765974,531268.7610346025,0.16158987756352872,0.18503188132308424,8,false,0.01396064186457927,0.01396064186457927,false
255,true,0.9576281458422641,-524194.8916629546,531249.2894876809,-0.019548770505934954,-0.2097360921325162,8,false,0.01396064186457927,0.01396064186457927,false
255,true,0.9974275573772298,-524301.6304170941,531285.2812849366,-0.054040417075157166,-0.19478329527191818,8,false,0.01396064186457927,0.01396064186457927,false
255,true,0.987513532357619,-524262.2095318728,531360.6995731457,0.058061789837665856,-0.13805423653684556,8,false,0.01396064186457927,0.01396064186457927,false
255,true,0.9973700154322259,-524182.31031423033,531153.034147898,0.049340553814545274,-0.19894194812513888,8,false,0.01396064186457927,0.01396064186457927,false
255,true,0.9587037138775044,-524331.957875325,531262.7350981068,-0.05201653251424432,-0.26107588806189597,8,false,0.01396064186457927,0.01396064186457927,false
255,true,0.964769193834634,-524297.3511505031,531404.870705032,-0.14611062232870609,-0.20474990631919354,8,false,0.01396064186457927,0.01396064186457927,false
255,true,0.8903522981939737,-524377.8202496807,531445.9195551687,0.17948748380877078,0.2954420840833336,8,false,0.01396064186457927,0.01396064186457927,false
255,true,0.9990890530377223,-524267.41111942113,531401.4583281957,-0.04519134189467877,-0.23839236074127257,8,false,0.01396064186457927,0.01396064186457927,false
255,true,0.9624285810018366,-524366.0739011556,531399.5890830854,0.048394500045105815,-0.18190331850200891,8,false,0.01396064186457927,0.01396064186457927,false
255,true,0.9768883206486557,-524251.3459954465,531387.443329823,-0.17071186960674822,-0.23028212040662766,8,false,0.01396064186457927,0.01396064186457927,false
255,true,0.9484943080597704,-524371.3057273894,531352.5125535781,0.08810197853017598,0.15564151701983064,8,false,0.01396064186457927,0.01396064186457927,false
255,true,0.9857573443105433,-524212.30296804884,531367.7100773103,-0.04967024887446314,-0.15401106665376574,8,false,0.01396064186457927,0.01396064186457927,false
255,true,0.9823702070976458,-524270.0210622521,531320.6907505993,0.041532258968800306,0.10421840741764754,8,false,0.01396064186457927,0.01396064186457927,false
255,true,0.9756655900773181,-524196.54170121194,531177.8375728342,0.0576402903534472,-0.145210841903463,8,false,0.01396064186457927,0.01396064186457927,false
255,true,0.9922756235947435,-524225.2073663865,531341.3380170716,-0.08821107260882854,-0.18810952769126743,8,false,0.01396064186457927,0.01396064186457927,false
255,true,0.8229933287410003,-524342.0365127979,531347.3958324926,-0.028406067052856088,0.5031356334220618,8,false,0.01396064186457927,0.01396064186457927,false
255,true,0.9968043830880877,-524383.2269505296,531305.8274154163,-0.009779103915207088,-0.08518627553712577,8,false,0.01396064186457927,0.01396064186457927,false
255,true,0.9647922378077887,-524370.016281526,531316.5914046156,0.06039818481076509,0.12151856953278184,8,false,0.01396064186457927,0.01396064186457927,false
255,true,0.9359796308164519,-524176.9728278257,531305.3523182753,0.10171255667228252,0.2252410480286926,8,false,0.01396064186457927,0.01396064186457927,false
255,true,0.9970705643114729,-524100.01048285054,531188.367277856,-0.014235665672458708,-0.23934206983540207,8,false,0.01396064186457927,0.01396064186457927,false
255,true,0.982682048355159,-524133.82099735446,531130.2671726048,0.04318553174380213,-0.23970058397389948,8,false,0.01396064186457927,0.01396064186457927,false
255,true,0.9996581023359329,-524250.34759843245,531102.1582438921,-0.1105153450043872,-0.26381542708259076,8,false,0.01396064186457927,0.01396064186457927,false
255,true,0.8889303082092986,-524299.2492814877,531200.4055996186,0.17543105990625918,0.35184640949591994,8,false,0.01396064186457927,0.01396064186457927,false
255,true,0.9985588084578837,-524366.515244226,531484.1102533326,-0.25751669064629823,-0.3272170808631927,8,false,0.01396064186457927,0.01396064186457927,false
255,true,0.998265854500371,-524293.5307266092,531453.1789461939,-0.040444489335641265,-0.0883383770706132,8,false,0.01396064186457927,0.01396064186457927,false
255,true,0.9990395722774735,-524337.4857094717,531317.8430340547,-0.02216982061509043,-0.04920888657215983,8,false,0.01396064186457927,0.01396064186457927,false
255,true,0.9976682495703967,-524294.1783059997,531367.4178908402,0.011794415535405278,-0.021663140738382936,8,false,0.01396064186457927,0.01396064186457927,false
255,true,0.8365340096845544,-524279.4410012447,531188.0609016314,0.07742105319630355,0.4033060026122257,8,false,0.01396064186457927,0.01396064186457927,false
255,true,0.8679758161583747,-524236.1990044537,531234.6472546537,0.057741538039408624,0.38108623668085784,8,false,0.01396064186457927,0.01396064186457927,false
255,true,0.9974265149127003,-524287.37079093914,531249.1590843269,-0.03602687653619796,-0.16252555372193456,8,false,0.01396064186457927,0.01396064186457927,false
255,true,0.8325114399356112,-524128.5276718958,531116.1545192269,0.426426385412924,0.4809286773670465,8,false,0.01396064186457927,0.01396064186457927,false
255,true,0.9981064812149719,-524155.57536423765,531032.4771369799,-0.5289334619883448,-0.5524143803631887,8,false,0.01396064186457927,0.01396064186457927,false
255,true,0.9700206454735298,-524306.6052509407,531220.8233354422,0.032865294138900936,0.08951580291613936,8,false,0.01396064186457927,0.01396064186457927,false
255,true,0.9033206874460454,-524194.33225928835,531241.0329686526,0.053537527914159,0.26681236340664327,8,false,0.01396064186457927,0.01396064186457927,false
255,true,0.995065455122028,-524266.9405067758,531212.154121918,-0.010830821236595511,-0.1097893345868215,8,false,0.01396064186457927,0.01396064186457927,false
255,true,0.9972769953925992,-524352.1157666768,531391.9818921264,-0.047427560086362064,-0.10312987060751766,8,false,0.01396064186457927,0.01396064186457927,false
255,true,0.9825955934143082,-524369.291216678,531303.872254034,0.04002083034720272,0.06418707966804504,8,false,0.01396064186457927,0.01396064186457927,false
255,true,0.96980291631009,-524282.31416713505,531169.6743133866,0.056174298748373985,0.10566145461052656,8,false,0.01396064186457927,0.01396064186457927,false
255,true,0.9975383324432642,-524156.2453904307,531221.3199206694,-0.08818432362750173,-0.14221813424956053,8,false,0.01396064186457927,0.01396064186457927,false
255,true,0.9523738364194488,-524189.2063580996,531106.7971374663,-0.01349938742350787,0.14643751189578325,8,false,0.01396064186457927,0.01396064186457927,false
255,true,0.921816002463868,-524392.8287686689,531386.302060656,0.12386643909849226,0.20010717131663114,8,false,0.01396064186457927,0.01396064186457927,false
255,true,0.9829500794253095,-524337.036256445,531411.7560227194,-0.0898057360900566,-0.16087772359605879,8,false,0.01396064186457927,0.01396064186457927,false
255,true,0.9961755717522743,-524285.8212662144,531323.5641730952,-0.04064372868742794,-0.0755218502599746,8,false,0.01396064186457927,0.01396064186457927,false
255,true,0.9662717089130496,-524248.45238034055,531297.6747168626,0.035674309241585433,0.10760106227826327,8,false,0.01396064186457927,0.01396064186457927,false
255,true,0.8247334797939294,-524333.9857896327,531325.6496984697,0.44173497322481126,0.4758799757109955,8,false,0.01396064186457927,0.01396064186457927,false
255,true,0.995821400865454,-524359.0477551927,531477.1208599177,-0.0029340735636651516,-0.5014621519949287,8,false,0.01396064186457927,0.01396064186457927,false
255,true,0.9960462497546703,-524248.71054718795,531371.7760190575,-0.4438183583552018,-0.5066928799496964,8,false,0.01396064186457927,0.01396064186457927,false
255,true,0.9124482141918433,-524302.4598792939,531308.519871528,-0.04288581351283938,0.24086920719128102,8,false,0.01396064186457927,0.01396064186457927,false
255,true,0.9791976516837542,-524209.02285409404,531263.7288766319,0.010513494024053216,0.06592888198792934,8,false,0.01396064186457927,0.01396064186457927,false
255,true,0.9190392684103137,-524231.1393895893,531301.4295232553,0.018080594833008945,0.20470009872224182,8,false,0.01396064186457927,0.01396064186457927,false
255,true,0.9597845137558666,-524324.5876599362,531185.1499662297,0.08052619849331677,0.11997777782380581,8,false,0.01396064186457927,0.01396064186457927,false
255,true,0.966336493956327,-524144.9618951147,531302.830509233,0.07212000945582986,0.14145886793266982,8,false,0.01396064186457927,0.01396064186457927,false
255,true,0.997944077928605,-524114.4740879327,531124.8141913665,0.015118666458874941,-0.20460460020694882,8,false,0.01396064186457927,0.01396064186457927,false
255,true,0.8497299817564962,-524215.9333982807,531126.2128589865,0.35723993880674243,0.48275112721603364,8,false,0.01396064186457927,0.01396064186457927,false
255,true,0.9978828948138873,-524129.2109029058,531083.5212952967,-0.2028018266428262,-0.5696284651057795,8,false,0.01396064186457927,0.01396064186457927,false
255,true,0.9801173459925272,-524394.618166176,531338.3644179031,-0.2777424323139712,-0.3769418690353632,8,false,0.01396064186457927,0.01396064186457927,false
255,true,0.9987168239803995,-524221.99136639904,531389.2433632357,-0.009551436407491565,-0.09401917993091047,8,false,0.01396064186457927,0.01396064186457927,false
255,true,0.9996088294921208,-524392.572061319,531363.5858352102,0.001699515269137919,-0.09713712939992547,8,false,0.01396064186457927,0.01396064186457927,false
255,true,0.8058855002559588,-524293.7596253877,531338.3578455737,-0.02708823943976313,0.5315768303116783,8,false,0.01396064186457927,0.01396064186457927,false
255,true,0.9780478196564363,-524348.6581218026,531347.4284239665,-0.010924519621767104,0.08809431933332235,8,false,0.01396064186457927,0.01396064186457927,false
255,true,0.9453997794665642,-524338.5828740062,531319.3439236814,0.10235424304846674,0.16632948885671794,8,false,0.01396064186457927,0.01396064186457927,false
255,true,0.9998580508852516,-524298.8792488491,531356.0391914515,-0.1336680355016142,-0.15413563908077776,8,false,0.01396064186457927,0.01396064186457927,false
255,true,0.9949225431051847,-524130.18868044834,531174.3910891144,-0.00825438997708261,-0.03281268908176571,8,false,0.01396064186457927,0.01396064186457927,false
255,true,0.8245216815056918,-524282.0983595316,531195.252255656,0.10164299828466028,0.4079060140065849,8,false,0.01396064186457927,0.01396064186457927,false
255,true,0.8764285797599807,-524146.5112320827,531163.6721409381,-0.04044480808079243,0.3648758983472362,8,false,0.01396064186457927,0.01396064186457927,false
255,true,0.9078979477206542,-524112.4327971243,531207.9479604368,0.05199294490739703,0.2553610239410773,8,false,0.01396064186457927,0.01396064186457927,false
255,true,0.9018171253299585,-524117.81267293304,531076.4229598946,0.0008773623267188668,0.2988366655772552,8,false,0.01396064186457927,0.01396064186457927,false
255,true,0.8974000629656766,-524261.75624293013,531173.6717914076,-0.03110094042494893,0.30048305250238627,8,false,0.01396064186457927,0.01396064186457927,false
255,true,0.995739134960483,-524361.4438800439,531315.3863316382,-0.06998534826561809,-0.10348222800530493,8,false,0.01396064186457927,0.01396064186457927,false
255,true,0.9800682547871695,-524249.6419776135,531378.0941813897,0.005572455353103578,0.0583193083293736,8,false,0.01396064186457927,0.01396064186457927,false
255,true,0.6669767954651307,-524219.8601363198,531226.4948262617,0.7466234723106027,0.9370232509681955,8,false,0.01396064186457927,0.01396064186457927,false
255,true,0.9425666528885542,-524285.466988192,531233.6173696319,0.01718540326692164,-0.769039258826524,8,false,0.01396064186457927,0.01396064186457927,false
255,true,0.942418991719271,-524274.51187279756,531343.3244612609,-0.13498677662573755,-0.8014518856070936,8,false,0.01396064186457927,0.01396064186457927,false
255,true,0.9989604207667646,-524199.08116102486,531206.623473435,-0.12154166551772505,-0.6688694822369143,8,false,0.01396064186457927,0.01396064186457927,false
255,true,0.8618855721301942,-524218.1482020097,531220.3511038632,0.5164825639221817,-0.5375523039838299,8,false,0.01396064186457927,0.01396064186457927,false
255,true,0.987320338668377,-524279.8076475456,531217.5413366008,-0.43001686211209744,-1.0507953880587593,8,false,0.01396064186457927,0.01396064186457927,false
255,true,0.9991689854184502,-524301.3961988125,531425.3812470478,-0.07921601994894445,-0.6134826749330387,8,false,0.01396064186457927,0.01396064186457927,false
255,true,0.8652568891209265,-524175.0369065399,531186.9556600023,-0.1564721316099167,-0.5559078814694658,8,false,0.01396064186457927,0.01396064186457927,false
255,true,0.9683250252771494,-524257.9031009781,531244.0200467056,0.11605461733415723,-0.374031723709777,8,false,0.01396064186457927,0.01396064186457927,false
255,true,0.9785998148718136,-524278.3508478701,531303.2732989113,-0.4288400518707931,-0.49682638386730105,8,false,0.01396064186457927,0.01396064186457927,false
255,true,0.9525171464360687,-524247.0890309507,531405.2551828332,-0.07046316051855683,0.14962661021854728,8,false,0.01396064186457927,0.01396064186457927,false
255,true,0.835020268167733,-524194.05630426947,531142.7571979306,0.11416818585712463,0.3819589791819453,8,false,0.01396064186457927,0.01396064186457927,false
255,true,0.9709705021195291,-524209.2243992843,531111.588612638,0.065405597910285,0.1274311919696629,8,false,0.01396064186457927,0.01396064186457927,false
255,true,0.983768924465084,-524175.1623411954,531189.1961195399,-0.15519940585363656,-0.19075463176704943,8,false,0.01396064186457927,0.01396064186457927,false
255,true,0.9398648812430509,-524228.3396855359,531182.566377255,0.006385255022905767,0.15879182098433375,8,false,0.01396064186457927,0.01396064186457927,false
255,true,0.9565315520244535,-524226.5242304902,531229.3230289057,0.011618790565989912,0.12336638034321368,8,false,0.01396064186457927,0.01396064186457927,false
255,true,0.9708340504483851,-524217.1768091791,531209.9172673059,0.07635817409027368,0.09111920231953263,8,false,0.01396064186457927,0.01396064186457927,false
255,true,0.9978517109193429,-524365.9940111346,531279.3098928798,-0.08806484250817448,-0.12076417717617005,8,false,0.01396064186457927,0.01396064186457927,false
255,true,0.9673488299741523,-524312.8648460404,531452.6326061921,0.08282670378684998,0.08424513530917466,8,false,0.01396064186457927,0.01396064186457927,false
255,true,0.9781581344692003,-524220.8768103339,531247.2678142488,0.10072950413450599,0.12730035837739706,8,false,0.01396064186457927,0.01396064186457927,false
255,true,0.9608904959885058,-524210.40343660396,531203.0065894066,-0.06326413853093982,-0.212824895279482,8,false,0.01396064186457927,0.01396064186457927,false
255,true,0.9996607148865502,-524311.6794610886,531296.8936021876,0.02136183308903128,-0.14923966501373798,8,false,0.01396064186457927,0.01396064186457927,false
255,true,0.9958269038943718,-524261.94757581665,531340.6059747048,-0.12487429170869291,-0.1579494917532429,8,false,0.01396064186457927,0.01396064186457927,false
255,true,0.9753207005944777,-524214.32042258454,531327.5584792453,0.06386661226861179,0.08978941279929131,8,false,0.01396064186457927,0.01396064186457927,false
255,true,0.8322702831261608,-524252.2336289958,531180.7264182165,0.4208628636552021,0.477547335322015,8,false,0.01396064186457927,0.01396064186457927,false
255,true,0.989381944695203,-524174.22609615716,531185.9437369718,-0.2560772653669119,-0.5334325926378369,8,false,0.01396064186457927,0.01396064186457927,false
255,true,0.8565967045880859,-524131.82426049194,531244.4430734464,-0.24394446436781436,0.47780341014731675,8,false,0.01396064186457927,0.01396064186457927,false
255,true,0.9025878588228097,-524199.5001587368,531122.107063109,0.1663775786291808,0.2504564158152789,8,false,0.01396064186457927,0.01396064186457927,false
255,true,0.922595593126933,-524279.49991742824,531295.0620580859,0.01642799482215196,0.2871004188200459,8,false,0.01396064186457927,0.01396064186457927,false
255,true,0.968438261411554,-524199.4868005044,531283.981404873,0.08141278871335089,-0.21951819444075227,8,false,0.01396064186457927,0.01396064186457927,false
255,true,0.9916065379025764,-524263.368867722,531207.9875904544,-0.23804220464080572,-0.30540884961374104,8,false,0.01396064186457927,0.01396064186457927,false
255,true,0.98721538960893,-524257.58474502165,531289.867565395,-0.04043711896520108,0.06287381961010396,8,false,0.01396064186457927,0.01396064186457927,false
255,true,0.7509154840125577,-524239.3705354521,531239.7611188698,-0.007883858983404934,0.6488612458342686,8,false,0.01396064186457927,0.01396064186457927,false
255,true,0.9712674356208194,-524225.7651441236,531266.2363657893,0.010964079177938402,0.07688354654237628,8,false,0.01396064186457927,0.01396064186457927,false
255,true,0.9923177426828291,-524144.4542303362,531097.3517478283,-0.01860947976820171,0.04082311876118183,8,false,0.01396064186457927,0.01396064186457927,false
255,true,0.9816625706140949,-524224.44929141167,531165.272527808,0.03937767876777798,0.04936489695683122,8,false,0.01396064186457927,0.01396064186457927,false
255,true,0.9739671113579311,-524204.4216252528,531178.66538878,-0.004754751571454108,0.08517869759816676,8,false,0.01396064186457927,0.01396064186457927,false
255,true,0.984342336604199,-524274.38574682496,531224.6758584908,0.04243535513523966,0.06084250030107796,8,false,0.01396064186457927,0.01396064186457927,false
255,true,0.998236786299587,-524109.6226362668,531155.8434925211,-0.03131920227315277,-0.0824905599001795,8,false,0.01396064186457927,0.01396064186457927,false
255,true,0.9510585943390217,-524288.4260837313,531140.2237060999,0.10078684554900974,0.13842576858587563,8,false,0.01396064186457927,0.01396064186457927,false
255,true,0.9828299784706226,-524236.1330241915,531297.2213338305,-0.0021637165918946266,-0.14035416161641479,8,false,0.01396064186457927,0.01396064186457927,false
255,true,0.9936432718914805,-524283.4510268368,531252.2325742848,0.04157512017991394,-0.15279932541307062,8,false,0.01396064186457927,0.01396064186457927,false
255,true,0.9987775156461337,-524284.8257631548,531235.9902205142,-0.12478627974633127,-0.1966462804703042,8,false,0.01396064186457927,0.01396064186457927,false
255,true,0.9929237724712795,-524284.37683524337,531382.8801039165,0.01913594175130129,-0.07214912655763328,8,false,0.01396064186457927,0.01396064186457927,false
255,true,0.9996503010366349,-524251.1575572043,531425.4261882125,-0.06628535140771419,-0.09568849252536893,8,false,0.01396064186457927,0.01396064186457927,false
255,true,0.9229586166286357,-524334.4731445705,531387.7960377276,0.07396946602966636,0.19318596425000578,8,false,0.01396064186457927,0.01396064186457927,false
255,true,0.9668224791884924,-524256.2828958973,531401.8098075967,0.012560324161313474,0.11723774997517467,8,false,0.01396064186457927,0.01396064186457927,false
255,true,0.9967133992486551,-524346.6015274617,531379.2088468785,-0.0931119549786672,-0.11517851718235761,8,false,0.01396064186457927,0.01396064186457927,false
255,true,0.9282980773449836,-524239.59535615257,531363.4307559672,0.040591415483504534,0.16661947523243725,8,false,0.01396064186457927,0.01396064186457927,false
255,true,0.997645143606184,-524267.8620958614,531297.0576787622,0.008113352116197348,-0.057326803100295365,8,false,0.01396064186457927,0.01396064186457927,false
255,true,0.9799638680165574,-524256.69816444017,531316.7669834949,0.05910282791592181,0.09155248000752181,8,false,0.01396064186457927,0.01396064186457927,false
255,true,0.9501735911591452,-524230.0732654393,531289.2642673709,-0.0762972611701116,0.17228161497041583,8,false,0.01396064186457927,0.01396064186457927,false
255,true,0.9997562409095189,-524161.73203800555,531160.0868194753,0.00020169373601675034,-0.05934364418499172,8,false,0.01396064186457927,0.01396064186457927,false
255,true,0.8519634812325448,-524177.3089531849,531127.3571586536,0.30021344567649066,0.38736931432504207,8,false,0.01396064186457927,0.01396064186457927,false
255,true,0.9931896142428713,-524228.91149136395,531184.4048161573,-0.22742964618373662,-0.35821280570235103,8,false,0.01396064186457927,0.01396064186457927,false
255,true,0.9898435101381154,-524311.4372509298,531262.2969442819,0.016552333487197757,-0.11124199675396085,8,false,0.01396064186457927,0.01396064186457927,false
255,true,0.7644532403139213,-524112.50849639333,531210.9948809374,0.6737987081287429,0.7027503004064783,8,false,0.01396064186457927,0.01396064186457927,false
255,true,0.9930624691955439,-524323.8525516808,531216.3766878807,-0.6143417860148475,-0.8089129368308932,8,false,0.01396064186457927,0.01396064186457927,false
255,true,0.797797543179949,-524163.7396058947,531256.6135764429,-0.16742862702813,0.6236806594533846,8,false,0.01396064186457927,0.01396064186457927,false
255,true,0.98895289630098,-524205.6741451316,531148.3128264972,-0.035080390982329845,0.04972200538031757,8,false,0.01396064186457927,0.01396064186457927,false
255,true,0.9904202152116575,-524194.421462933,531104.1260661945,0.02671517909038812,0.033396358019672334,8,false,0.01396064186457927,0.01396064186457927,false
255,true,0.9768965128603618,-524235.17177442636,531179.8209641032,0.039138381369411945,0.07199892844073474,8,false,0.01396064186457927,0.01396064186457927,false
255,true,0.9977053628948923,-524344.4097488644,531322.5712051509,0.013649239321239293,-0.055235281004570425,8,false,0.01396064186457927,0.01396064186457927,false
255,true,0.9638503553917176,-524312.5675522701,531358.9032890551,0.016034279484301805,0.12204493780154735,8,false,0.01396064186457927,0.01396064186457927,false
255,true,0.9983277653927902,-524095.3796106778,531182.8423999873,-0.024517960846424103,-0.07765155984088778,8,false,0.01396064186457927,0.01396064186457927,false
255,true,0.99865588308905,-524232.77945433895,531065.9702742393,-0.04132886964362115,-0.07767259038519114,8,false,0.01396064186457927,0.01396064186457927,false
255,true,0.9745796001096066,-524341.1848101731,531332.3039565567,0.025729773566126823,0.07238549028988928,8,false,0.01396064186457927,0.01396064186457927,false
255,true,0.9700918679349968,-524332.459613735,531303.3439961871,-0.009000180521979928,0.0947580331703648,8,false,0.01396064186457927,0.01396064186457927,false
255,true,0.7472131797156634,-524384.4262362194,531436.0132868631,0.12734835036098957,0.6569512787973508,8,false,0.01396064186457927,0.01396064186457927,false
255,true,0.9965633255435604,-524369.9692435168,531538.1889367114,-0.07161086786072701,-0.16612201649695635,8,false,0.01396064186457927,0.01396064186457927,false
255,true,0.9645253700042653,-524315.9557606002,531393.6507878612,0.06640915141906589,0.145654400694184,8,false,0.01396064186457927,0.01396064186457927,false
255,true,0.9749993132986031,-524332.3500429464,531539.2317050702,0.07408006500918418,-0.15341525804251432,8,false,0.01396064186457927,0.01396064186457927,false
255,true,0.9155543102070117,-524212.052493421,531286.5766151267,-0.21568118140567094,0.2943800166249275,8,false,0.01396064186457927,0.01396064186457927,false
255,true,0.9637736029693745,-524183.0693691989,531008.6481396863,0.02072023448999971,0.10297563159838319,8,false,0.01396064186457927,0.01396064186457927,false
255,true,0.9912546306627835,-524282.5766048645,531360.8160025129,0.011187597061507404,0.048779064672999084,8,false,0.01396064186457927,0.01396064186457927,false
255,true,0.9961561940916024,-524238.0207296129,531243.8785172292,-0.04048431327100843,-0.05300795834045857,8,false,0.01396064186457927,0.01396064186457927,false
255,true,0.9082950034571831,-524239.22806816595,531237.4253792579,0.1142041600542143,0.2089595686411485,8,false,0.01396064186457927,0.01396064186457927,false
255,true,0.9996836165015361,-524218.0387632386,531270.2864757705,-0.11390957667026669,-0.1376119505148381,8,false,0.01396064186457927,0.01396064186457927,false
255,true,0.9337757659409301,-524257.68249890243,531269.3142836117,0.053707430488429964,0.15366935776546597,8,false,0.01396064186457927,0.01396064186457927,false
255,true,0.9632245672578705,-524311.612350123,531377.4902769356,0.07250465173274279,0.12037328851874918,8,false,0.01396064186457927,0.01396064186457927,false
255,true,0.9008233940871379,-524289.5831462132,531346.1028230345,0.0843354151584208,0.3029442996485159,8,false,0.01396064186457927,0.01396064186457927,false
255,true,0.9997864196800457,-524251.0711019421,531297.7174178592,-0.15695822378620505,-0.22140611906070262,8,false,0.01396064186457927,0.01396064186457927,false
255,true,0.9765468557735605,-524171.3314112253,531196.3964880494,0.042044257395900786,0.09198171482421458,8,false,0.01396064186457927,0.01396064186457927,false
255,true,0.7427383008568458,-524138.96178810793,531183.1732270075,0.4196331996936351,0.7427284457953647,8,false,0.01396064186457927,0.01396064186457927,false
255,true,0.9991490554908004,-524307.6804157962,531218.000742141,0.011951635940931737,-0.5252150616142899,8,false,0.01396064186457927,0.01396064186457927,false
255,true,0.9954378353704946,-524230.7263855484,531200.9350788947,-0.2381505728699267,-0.533429768984206,8,false,0.01396064186457927,0.01396064186457927,false
255,true,0.9924962987668883,-524121.1089888311,531244.354119589,0.03409128659404814,-0.29463306081015617,8,false,0.01396064186457927,0.01396064186457927,false
255,true,0.9964531575648681,-524207.02473262354,530994.3179237858,-0.17292083415668458,-0.3313238322734833,8,false,0.01396064186457927,0.01396064186457927,false
255,true,0.9998949244696872,-524230.689057484,531112.7418301245,-0.007396974950097501,-0.15917392552364618,8,false,0.01396064186457927,0.01396064186457927,false
255,true,0.8578223494693616,-524292.9448081644,531304.4954822283,-0.08571924758143723,0.4314899647142738,8,false,0.01396064186457927,0.01396064186457927,false
255,true,0.9668382159075848,-524312.9732384773,531382.5048224776,0.0024673944571986794,0.11155642196536064,8,false,0.01396064186457927,0.01396064186457927,false
255,true,0.9936340322718138,-524214.2015842664,531303.195418493,-0.014645544230006635,-0.06330389017239213,8,false,0.01396064186457927,0.01396064186457927,false
255,true,0.9589673145259429,-524156.07366221683,531254.6928848894,0.004760242416523397,0.13353562948759645,8,false,0.01396064186457927,0.01396064186457927,false
255,true,0.980196110633554,-524196.5207687341,531162.4752221687,0.03563868231140077,0.07838481036014855,8,false,0.01396064186457927,0.01396064186457927,false
255,true,0.9962391945160856,-524224.6685407128,531206.7319041272,-0.03632035851478577,-0.09812527312897146,8,false,0.01396064186457927,0.01396064186457927,false
255,true,0.9968870629235671,-524105.16130653373,531060.1968590671,0.001847128733061254,-0.06945620849728584,8,false,0.01396064186457927,0.01396064186457927,false
255,true,0.9809393786702099,-524123.5469461361,531148.4569235228,0.04295349377207458,0.07967700145673007,8,false,0.01396064186457927,0.01396064186457927,false
255,true,0.9570201018983585,-524221.2066571029,531145.1270435629,-0.02286991779692471,0.15011863340623677,8,false,0.01396064186457927,0.01396064186457927,false
255,true,0.9159667359255401,-524180.99199105,531273.2483970356,0.08716027496848255,0.24206168891396374,8,false,0.01396064186457927,0.01396064186457927,false
255,true,0.7835873134037461,-524216.5516212346,531173.8509497762,0.08170115726534277,0.6550653898157179,8,false,0.01396064186457927,0.01396064186457927,false
255,true,0.9898220123720513,-524222.7226442637,531089.9289243574,-0.24175568646751344,-0.2601594862062484,8,false,0.01396064186457927,0.01396064186457927,false
255,true,0.9125281488661908,-524403.4436905442,531322.7950291148,0.04503961862064898,0.19840439991094172,8,false,0.01396064186457927,0.01396064186457927,false
255,true,0.7414271383769697,-524297.3265533829,531473.647130365,0.15112660604063421,0.7027966334717348,8,false,0.01396064186457927,0.01396064186457927,false
255,true,0.9974777137431402,-524321.1057540149,531464.5754058897,0.013356445240788162,-0.2026484749512747,8,false,0.01396064186457927,0.01396064186457927,false
255,true,0.9993783919625384,-524228.4295995024,531328.8085219177,-0.10560651437845081,-0.21047212393023074,8,false,0.01396064186457927,0.01396064186457927,false
255,true,0.9203361303529186,-524212.82364490477,531210.285578989,-0.09700339008122683,0.24141219758894295,8,false,0.01396064186457927,0.01396064186457927,false
255,true,0.8766274191855495,-524283.9446270589,531269.5258586938,0.08086930506397039,0.299421529751271,8,false,0.01396064186457927,0.01396064186457927,false
255,true,0.9909527964377415,-524227.7785906998,531303.0900566112,-0.08631412195973098,-0.10884330584667623,8,false,0.01396064186457927,0.01396064186457927,false
255,true,0.9815685859313908,-524080.3324652232,531063.3705564196,0.009085223893634975,0.06177201308310032,8,false,0.01396064186457927,0.01396064186457927,false
255,true,0.9649077670664862,-524222.9075846485,531058.1047984285,0.0654877508059144,0.09702272154390812,8,false,0.01396064186457927,0.01396064186457927,false
255,true,0.9996075443929697,-524225.0431561057,531249.9765782981,-0.01414314890280366,-0.09176302468404174,8,false,0.01396064186457927,0.01396064186457927,false
255,true,0.9920642931049859,-524280.9172303823,531328.2836576626,-0.03745185874868184,-0.06825358862988651,8,false,0.01396064186457927,0.01396064186457927,false
255,true,0.998974837455448,-524216.277997154,531257.5519087571,0.004435073584318161,-0.04207119473721832,8,false,0.01396064186457927,0.01396064186457927,false
255,true,0.993530410647689,-524184.87008763675,531102.0096177483,0.0058109399396926165,-0.055129714077338576,8,false,0.01396064186457927,0.01396064186457927,false
255,true,0.9475756144091219,-524203.4720310327,531153.2918893932,-0.04042572865728289,0.1482120038708672,8,false,0.01396064186457927,0.01396064186457927,false
255,true,0.9680012977022971,-524208.68806182075,531168.9272510449,0.05576829018536955,0.07717165106441826,8,false,0.01396064186457927,0.01396064186457927,false
255,true,0.9988001853248432,-524256.36677028623,531200.5348722835,-0.051645875442773104,-0.06862193113192916,8,false,0.01396064186457927,0.01396064186457927,false
255,true,0.8864415711443587,-524243.72897329804,531237.3345703532,0.03763285337481648,0.24835187941789627,8,false,0.01396064186457927,0.01396064186457927,false
255,true,0.9240177255706079,-524164.0781513891,531151.4910661705,0.13893604441545904,0.2029376708669588,8,false,0.01396064186457927,0.01396064186457927,false
255,true,0.964373410330045,-524159.12460950215,531086.1658156188,-0.04907809849828482,-0.1989635454956442,8,false,0.01396064186457927,0.01396064186457927,false
255,true,0.9807341349564563,-524159.27438993444,531162.1717463447,-0.1269568734569475,-0.14552973175887018,8,false,0.01396064186457927,0.01396064186457927,false
255,true,0.7286751582575255,-524256.19426051073,531262.7722468238,0.08961944677866995,0.6863002391764894,8,false,0.01396064186457927,0.01396064186457927,false
255,true,0.8447645620156276,-524226.92408458865,531287.347547337,-0.07796032796613872,0.4341203866060823,8,false,0.01396064186457927,0.01396064186457927,false
255,true,0.9896695117478186,-524203.38454083086,531170.7880244403,0.01622056937776506,0.04094175645150244,8,false,0.01396064186457927,0.01396064186457927,false
255,true,0.9247765359426879,-524181.83011928305,531106.3414018753,0.07248281559441239,0.20065104064997286,8,false,0.01396064186457927,0.01396064186457927,false
255,true,0.9766137006950656,-524188.47834252426,531243.1794630868,0.03564226778689772,0.11472338670864701,8,false,0.01396064186457927,0.01396064186457927,false
255,true,0.9993717275336966,-524345.6962162778,531317.3691402307,-0.10033853421919048,-0.14663409546483308,8,false,0.01396064186457927,0.01396064186457927,false
255,true,0.7247102688500365,-524313.4698641226,531358.5775563179,0.5455243405885994,0.7506225898396224,8,false,0.01396064186457927,0.01396064186457927,false
255,true,0.9580200111846962,-524329.5247461052,531237.6509871078,-0.5115563821746036,-0.5930211722152308,8,false,0.01396064186457927,0.01396064186457927,false
255,true,0.9753263558672721,-524301.4373646734,531352.8190151396,0.036704557947814465,0.09302412159740925,8,false,0.01396064186457927,0.01396064186457927,false
255,true,0.9918533797293847,-524263.389852368,531299.9668542711,-0.04037530685309321,-0.11376389069482684,8,false,0.01396064186457927,0.01396064186457927,false
255,true,0.9825952508129157,-524258.34190150525,531382.1199543821,-0.0432806151220575,0.08008099778089672,8,false,0.01396064186457927,0.01396064186457927,false
255,true,0.9530623266764863,-524212.5339741522,531212.1231601926,0.03765331057365984,0.13253997510764748,8,false,0.01396064186457927,0.01396064186457927,false
255,true,0.9848976708017069,-524127.41891115357,531115.8550129021,0.004016329883597791,-0.07922719838097692,8,false,0.01396064186457927,0.01396064186457927,false
255,true,0.7299287454316579,-524186.5698484773,531082.4543186197,0.014519903459586203,0.7577190458541736,8,false,0.01396064186457927,0.01396064186457927,false
255,true,0.9905896379150458,-524137.5473359794,531314.2061858624,-0.0436887051910162,-0.09100142237730324,8,false,0.01396064186457927,0.01396064186457927,false
255,true,0.9902715415528086,-524215.1125678432,531147.8084545946,0.017241726629436016,-0.049586379900574684,8,false,0.01396064186457927,0.01396064186457927,false
255,true,0.9902778804478626,-524173.23992623005,531058.2256415758,-0.029188474058173597,0.0626989285228774,8,false,0.01396064186457927,0.01396064186457927,false
255,true,0.9926179210575473,-524269.8768146393,531246.9381272448,-0.0025713046779856086,0.04250685020815581,8,false,0.01396064186457927,0.01396064186457927,false
255,true,0.8559227380257013,-524170.65313649573,531231.8005030729,0.09031841589603573,0.33707537152804434,8,false,0.01396064186457927,0.01396064186457927,false
255,true,0.9598109279115546,-524277.2098228393,531281.8882416812,-0.10201407223939896,0.14403046248480678,8,false,0.01396064186457927,0.01396064186457927,false
255,true,0.9977759387965216,-524080.4034448976,531243.446869527,0.005003287689760327,-0.031048837467096746,8,false,0.01396064186457927,0.01396064186457927,false
255,true,0.8842307432520405,-524270.3066218862,531119.3794067207,0.011606224346905947,0.2619672759901732,8,false,0.01396064186457927,0.01396064186457927,false
255,true,0.9998307195862093,-524306.8924011346,531246.7897634504,-0.028710403479635715,-0.040544375544413924,8,false,0.01396064186457927,0.01396064186457927,false
255,true,0.8730468409050584,-524388.1803058411,531450.0192832943,0.24512568768113852,0.2883448591455817,8,false,0.01396064186457927,0.01396064186457927,false
255,true,0.9993728845354705,-524261.38069112774,531439.284656207,-0.21020072954706848,-0.24778207333292812,8,false,0.01396064186457927,0.01396064186457927,false
255,true,0.9998013890075713,-524176.43660093617,531127.0986269796,-0.0035524662816897035,-0.05790304741822183,8,false,0.01396064186457927,0.01396064186457927,false
255,true,0.8708329202118446,-524225.43162501074,531222.8378009009,0.12546045135241002,0.3211490096291527,8,false,0.01396064186457927,0.01396064186457927,false
255,true,0.9998127136733473,-524206.9909685445,531195.7580584064,-0.023337679100222886,-0.159869106952101,8,false,0.01396064186457927,0.01396064186457927,false
255,true,0.9949335454694271,-524216.4779344148,531075.5602797638,-0.10733432520646602,-0.13970890489872545,8,false,0.01396064186457927,0.01396064186457927,false
255,true,0.9809557988968244,-524202.6378748474,531182.6383802139,0.003456583246588707,0.0650055215228349,8,false,0.01396064186457927,0.01396064186457927,false
255,true,0.8763867838823821,-524256.42609544756,531090.8388807552,0.1331260196166113,0.3060576340649277,8,false,0.01396064186457927,0.01396064186457927,false
255,true,0.9981926434330253,-524188.0586251352,531195.968287206,-0.03815199562814087,-0.1658035748405382,8,false,0.01396064186457927,0.01396064186457927,false
255,true,0.9956619183558428,-524101.0390224219,531024.2805206784,-0.041580831981264055,-0.14517138071823865,8,false,0.01396064186457927,0.01396064186457927,false
255,true,0.8535003592946535,-524087.8788403543,531047.6450406486,0.05710727081168443,0.39573172212112695,8,false,0.01396064186457927,0.01396064186457927,false
255,true,0.990458862516314,-524256.0778026561,531111.9950224329,-0.00013454712461680174,-0.1489770383341238,8,false,0.01396064186457927,0.01396064186457927,false
255,true,0.9952593158982163,-524174.1427714341,531173.7209302142,0.039524757652543485,-0.13793491933029145,8,false,0.01396064186457927,0.01396064186457927,false
255,true,0.9929328948570022,-524265.1636765974,531126.9173052924,-0.0705480882897973,-0.17792580625973642,8,false,0.01396064186457927,0.01396064186457927,false
255,true,0.9978907546551092,-524310.6392222787,531304.330895978,-0.011223693960346282,-0.1153298756107688,8,false,0.01396064186457927,0.01396064186457927,false
255,true,0.9925324742330023,-524242.71113172354,531196.2925048175,0.012956616119481623,-0.10063333646394312,8,false,0.01396064186457927,0.01396064186457927,false
255,true,0.9677812380483055,-524270.5738917212,531331.3682725637,0.04382313077803701,0.1399469772586599,8,false,0.01396064186457927,0.01396064186457927,false
255,true,0.8788550916892947,-524279.6781882329,531329.1073771329,-0.0996513384161517,0.35921331320423633,8,false,0.01396064186457927,0.01396064186457927,false
255,true,0.9483339372356118,-524253.11647154315,531201.7232716104,-0.0210259179584682,0.15845453564543277,8,false,0.01396064186457927,0.01396064186457927,false
255,true,0.9943503588759307,-524423.7878786918,531424.7125633166,-0.009509563213214278,-0.033494772389531136,8,false,0.01396064186457927,0.01396064186457927,false
255,true,0.768835306647527,-524431.3343654934,531441.0880433038,0.023838203866034746,0.5714652484748513,8,false,0.01396064186457927,0.01396064186457927,false
255,true,0.9952568047744976,-524337.440945978,531341.3254070908,-0.009204355184920132,-0.04596048826351762,8,false,0.01396064186457927,0.01396064186457927,false
255,true,0.969913815660009,-524330.7206349324,531405.9719778907,0.007851805305108428,0.09109329804778099,8,false,0.01396064186457927,0.01396064186457927,false
255,true,0.9879494765825705,-524323.7142700611,531240.528981698,0.026848475565202534,0.05398481618613005,8,false,0.01396064186457927,0.01396064186457927,false
255,true,0.9387723900595513,-524185.8396611426,531273.57563052,0.07738944399170578,0.18189885467290878,8,false,0.01396064186457927,0.01396064186457927,false
255,true,0.993628611919369,-524374.5705403578,531339.353707186,-0.08329360897187144,-0.14911486359778792,8,false,0.01396064186457927,0.01396064186457927,false
255,true,0.6760623754459246,-524379.1247384142,531450.229426573,0.836359896697104,0.9294801698997617,8,false,0.01396064186457927,0.01396064186457927,false
255,true,0.9992983697082503,-524266.209207619,531369.0363207588,-0.7234274459769949,-0.8970286244293675,8,false,0.01396064186457927,0.01396064186457927,false
255,true,0.9917682346987322,-524245.9808215526,531244.7707091278,-0.1106640335638076,-0.17694457876496017,8,false,0.01396064186457927,0.01396064186457927,false
255,true,0.9844950484887781,-524238.93795999815,531309.5026569386,0.0149338417686522,0.07414374779909849,8,false,0.01396064186457927,0.01396064186457927,false
255,true,0.9994615692364852,-524157.9280072964,531197.8241314447,-0.022160590160638094,-0.08268855279311538,8,false,0.01396064186457927,0.01396064186457927,false
255,true,0.9078172786841443,-524198.97157478234,531233.4161864239,-0.01773633831180632,0.24356944032479078,8,false,0.01396064186457927,0.01396064186457927,false
255,true,0.9880526287282037,-524168.9153936385,531266.0528279791,-0.015899764373898506,0.0630740070482716,8,false,0.01396064186457927,0.01396064186457927,false
255,true,0.9834341713602487,-524133.15986114973,531214.7056857948,0.017157177440822124,0.05906327138654888,8,false,0.01396064186457927,0.01396064186457927,false
255,true,0.9284987961854253,-524249.5813953155,531117.3172412006,0.1679686144925654,0.19841372082009912,8,false,0.01396064186457927,0.01396064186457927,false
255,true,0.8003832410627718,-524320.0942351823,531341.5687144721,-0.18366754020098597,0.6433486673049629,8,false,0.01396064186457927,0.01396064186457927,false
255,true,0.9361061254079298,-524087.0032132917,531213.7153212499,-0.002786691882647574,0.1657592742703855,8,false,0.01396064186457927,0.01396064186457927,false
255,true,0.9296415016389596,-524151.2899964226,531064.7035298501,0.021300654974766076,0.17572786170057952,8,false,0.01396064186457927,0.01396064186457927,false
255,true,0.7476442828289177,-524159.89530232566,531094.5369368455,0.375585880712606,0.6883802227675915,8,false,0.01396064186457927,0.01396064186457927,false
255,true,0.9109047493366743,-524219.4183233645,531175.1809730036,-0.18550694012083113,-0.42813217686489224,8,false,0.01396064186457927,0.01396064186457927,false
255,true,0.946969415180835,-524295.7087897505,531240.8420342837,0.07986762979999185,-0.23837167548481375,8,false,0.01396064186457927,0.01396064186457927,false
255,true,0.9354004359948177,-524363.5825804041,531347.0550651147,-0.2920007130596787,-0.31967388838529587,8,false,0.01396064186457927,0.01396064186457927,false
255,true,0.9977066002625788,-524259.8144494431,531304.6627995071,-0.022869561216793954,-0.038081167032942176,8,false,0.01396064186457927,0.01396064186457927,false
255,true,0.9439045767068086,-524271.68365875346,531349.3817506152,0.11118238174822181,0.12187596748117357,8,false,0.01396064186457927,0.01396064186457927,false
255,true,0.9800878959013148,-524281.55310130416,531262.0978073283,0.031976813450455666,-0.10253006929997355,8,false,0.01396064186457927,0.01396064186457927,false
255,true,0.9074749177436254,-524194.2223399795,531296.8598346867,0.15125423192512244,0.2913834216305986,8,false,0.01396064186457927,0.01396064186457927,false
255,true,0.9465075861936116,-524279.1599811376,531209.226990146,-0.24662682902999222,-0.30968413536902517,8,false,0.01396064186457927,0.01396064186457927,false
255,true,0.9848625629315915,-524213.20155130606,531305.4161658045,-0.024937943555414677,0.06786799861583859,8,false,0.01396064186457927,0.01396064186457927,false
255,true,0.9398021855851985,-524205.8685116916,531240.071735399,0.08904478722251952,0.13987341767642647,8,false,0.01396064186457927,0.01396064186457927,false
255,true,0.9826725263035692,-524173.5791622419,531162.5849808302,-0.027376046520657837,-0.1239759047748521,8,false,0.01396064186457927,0.01396064186457927,false
255,true,0.9880377097530503,-524210.60448363,531178.1542587109,0.008751850575208664,-0.08841939631383866,8,false,0.01396064186457927,0.01396064186457927,false
255,true,0.9999745047092294,-524252.97021696554,531245.8740217254,-0.04779412806965411,-0.11246423004195094,8,false,0.01396064186457927,0.01396064186457927,false
255,true,0.8898616912036033,-524255.54296408343,531299.6600763745,-0.018076851963996887,0.2820873361779377,8,false,0.01396064186457927,0.01396064186457927,false
255,true,0.992694890885035,-524267.3434569083,531350.6971331522,0.0052419963758438826,0.04041999764740467,8,false,0.01396064186457927,0.01396064186457927,false
255,true,0.9896968677396822,-524234.69163676194,531199.5621789726,-0.002422148478217423,0.0630613574758172,8,false,0.01396064186457927,0.01396064186457927,false
255,true,0.9093654063528395,-524049.67146373633,531042.3795753376,0.07426704885438085,0.22854377527255565,8,false,0.01396064186457927,0.01396064186457927,false
255,true,0.9617921016404043,-524235.38261388347,531111.314812452,-0.09559838392306119,0.13907698693219572,8,false,0.01396064186457927,0.01396064186457927,false
255,true,0.8067894657525216,-524238.20025772264,531237.1002670858,0.2954748076153919,0.4680643486790359,8,false,0.01396064186457927,0.01396064186457927,false
255,true,0.9982822546865122,-524158.60076316487,531085.7268644321,-0.200203571585007,-0.3098701457493007,8,false,0.01396064186457927,0.01396064186457927,false
255,true,0.9207431620407169,-524105.17668239644,531072.8471137842,0.02373040176462382,0.24326159071642905,8,false,0.01396064186457927,0.01396064186457927,false
255,true,0.9938880684717772,-524153.5777524642,531145.8242343307,-0.1120602700393647,-0.14184480789117515,8,false,0.01396064186457927,0.01396064186457927,false
255,true,0.9677097730455771,-524152.89613074675,531055.9845447286,0.07497954030986875,0.0952275168383494,8,false,0.01396064186457927,0.01396064186457927,false
255,true,0.9399625219099681,-524264.46261141787,531174.5358534231,0.07686142204329371,0.18839453521650285,8,false,0.01396064186457927,0.01396064186457927,false
255,true,0.9369182762239443,-524233.046215471,531224.691099105,-0.09480972436722368,0.2273872564546764,8,false,0.01396064186457927,0.01396064186457927,false
255,true,0.9661820676484661,-524153.97663522686,531190.7401840448,-0.0705865427153185,0.1223119719652459,8,false,0.01396064186457927,0.01396064186457927,false
255,true,0.8079559769730181,-524189.9081221852,531196.630259311,0.07912668108474463,0.4496459753718227,8,false,0.01396064186457927,0.01396064186457927,false
255,true,0.9748029008352961,-524400.117675268,531380.627377118,0.019562137429602444,0.09390549757517874,8,false,0.01396064186457927,0.01396064186457927,false
255,true,0.8791882707670311,-524246.21486222354,531389.8052371723,0.12136512447614223,0.3397342077223584,8,false,0.01396064186457927,0.01396064186457927,false
255,true,0.9729244432349555,-524230.35166013223,531402.2629773145,-0.20459736185148358,-0.23314391868188977,8,false,0.01396064186457927,0.01396064186457927,false
255,true,0.9442611308257594,-524234.25965475687,531262.3465631856,0.08172951138112694,0.13283517642412335,8,false,0.01396064186457927,0.01396064186457927,false
255,true,0.9864299269077431,-524252.565281773,531196.2377929111,-0.0452105785952881,-0.10683757404331118,8,false,0.01396064186457927,0.01396064186457927,false
255,true,0.9991142228120928,-524345.21515099,531255.5157865915,-0.027648127055726945,-0.06680380820762366,8,false,0.01396064186457927,0.01396064186457927,false
255,true,0.7316540904084772,-524119.0230036463,531239.7688285712,0.019571228185668588,0.719477322185412,8,false,0.01396064186457927,0.01396064186457927,false
255,true,0.9236985983544784,-524286.42496455484,531089.2151701469,0.1410180750535801,0.20505488000344485,8,false,0.01396064186457927,0.01396064186457927,false
255,true,0.9999028113290424,-524295.5096046125,531320.448298482,-0.04507177893538028,-0.19086854660417885,8,false,0.01396064186457927,0.01396064186457927,false
255,true,0.9812654948889122,-524304.5764080997,531284.4891032963,0.06429184298031032,-0.141260469914414,8,false,0.01396064186457927,0.01396064186457927,false
255,true,0.9286465026035478,-524168.79264130385,531239.6442182619,-0.10455891233868897,0.2582017225213349,8,false,0.01396064186457927,0.01396064186457927,false
255,true,0.9665112178613194,-524342.5429150142,531268.2259606605,0.062483958317898214,0.12924319272860885,8,false,0.01396064186457927,0.01396064186457927,false
255,true,0.974113742210639,-524218.9583660995,531310.9696831799,0.05741777759976685,-0.1726547812577337,8,false,0.01396064186457927,0.01396064186457927,false
255,true,0.9102655543414003,-524302.6875744059,531271.0426926041,0.19440638355445117,0.32157480309251696,8,false,0.01396064186457927,0.01396064186457927,false
255,true,0.9982382706810351,-524096.8392152722,531211.7817585045,0.0009032237576320767,-0.4303403322119266,8,false,0.01396064186457927,0.01396064186457927,false
255,true,0.9982795294196245,-524231.8818473854,531180.4503296695,-0.36787487869150937,-0.4195448091486469,8,false,0.01396064186457927,0.01396064186457927,false
255,true,0.8691560605757628,-524200.22209516173,531216.6488034328,0.26955783693119884,0.3376389166805893,8,false,0.01396064186457927,0.01396064186457927,false
255,true,0.9847595186768638,-524238.77593843243,531099.9198379876,-0.24724477564450353,-0.31580182153265923,8,false,0.01396064186457927,0.01396064186457927,false
255,true,0.8862759699079448,-524227.52372950147,531266.1582690801,-0.0531336918938905,0.3106770507292822,8,false,0.01396064186457927,0.01396064186457927,false
255,true,0.9266657327228662,-524354.6710441279,531343.6164264459,0.08932909416034818,0.1751984383445233,8,false,0.01396064186457927,0.01396064186457927,false
255,true,0.9996489744364365,-524164.00793545163,531288.6352712074,-0.07639955962076783,-0.11024981329683214,8,false,0.01396064186457927,0.01396064186457927,false
255,true,0.9366350112452,-524323.2956457867,531256.4594281908,0.038048985530622303,0.16220300155691803,8,false,0.01396064186457927,0.01396064186457927,false
255,true,0.9890751681548301,-524310.6900706424,531202.020255413,0.028025877778418362,-0.06878479896113276,8,false,0.01396064186457927,0.01396064186457927,false
255,true,0.993978019708443,-524246.08771651465,531326.6900527958,-0.04143080080393702,-0.09607767534907907,8,false,0.01396064186457927,0.01396064186457927,false
255,true,0.9616769530187577,-524240.4142134223,531299.6228117625,0.07000294141471386,0.12033482396509498,8,false,0.01396064186457927,0.01396064186457927,false
255,true,0.9808984388150297,-524141.03445395123,531233.5514873886,-0.07370456855278462,-0.1308697423664853,8,false,0.01396064186457927,0.01396064186457927,false
255,true,0.906496155709176,-524153.0766401362,531105.8249202372,0.0019316175021231174,0.25763645861297846,8,false,0.01396064186457927,0.01396064186457927,false
255,true,0.8535758675270608,-524271.39355662355,531165.0986936506,0.2554261168697849,0.37941259949002415,8,false,0.01396064186457927,0.01396064186457927,false
255,true,0.9735240321340868,-524269.176231343,531250.9466995759,-0.2080995972501114,-0.3169425994856283,8,false,0.01396064186457927,0.01396064186457927,false
255,true,0.9850918699593542,-524308.4231019699,531161.1847178485,-0.09840930509380996,-0.10988050443120301,8,false,0.01396064186457927,0.01396064186457927,false
255,true,0.9422454836221718,-524255.2155778185,531323.7941484423,0.053873888798989356,0.12486307485960424,8,false,0.01396064186457927,0.01396064186457927,false
255,true,0.9985830223423713,-524220.74917598383,531275.6825491763,-0.03440971905365586,-0.06466587737668306,8,false,0.01396064186457927,0.01396064186457927,false
255,true,0.9703763916025182,-524358.28710579,531320.7741198598,-0.02401380380615592,0.08604927628766745,8,false,0.01396064186457927,0.01396064186457927,false
255,true,0.859124556323165,-524144.05663741357,531262.9650876721,0.19610097899567336,0.327818768681027,8,false,0.01396064186457927,0.01396064186457927,false
255,true,0.9763887559960985,-524168.58536805725,531256.050683406,-0.07653843390289694,-0.1937048427062109,8,false,0.01396064186457927,0.01396064186457927,false
255,true,0.9879738342092618,-524114.4210607484,531249.0536430138,-0.123848004383035,-0.12533023848664016,8,false,0.01396064186457927,0.01396064186457927,false
255,true,0.991076642339989,-524301.00338803,531183.0984370891,0.0047735527623444796,0.03258263587485999,8,false,0.01396064186457927,0.01396064186457927,false
255,true,0.9206486405126408,-524283.88123032945,531139.6121484865,0.023149997578002512,0.18443217664025724,8,false,0.01396064186457927,0.01396064186457927,false
255,true,0.8945804244702064,-524216.0580143642,531255.5850088132,-0.01892997941467911,0.26387282519135624,8,false,0.01396064186457927,0.01396064186457927,false
255,true,0.8565751478387154,-524279.3293377434,531259.9576297959,0.01326765341218561,0.32065218954812735,8,false,0.01396064186457927,0.01396064186457927,false
255,true,0.8866138309794624,-524212.8887994035,531213.8372139595,0.09929157153237611,0.2593288532225415,8,false,0.01396064186457927,0.01396064186457927,false
255,true,0.9909044266427667,-524320.7476671779,531266.2443377791,-0.015269694966264069,-0.1112655826145783,8,false,0.01396064186457927,0.01396064186457927,false
255,true,0.9677344431324723,-524357.5870965505,531340.2738422967,-0.014682719018310308,0.13342315354384482,8,false,0.01396064186457927,0.01396064186457927,false
255,true,0.9728161587517787,-524173.01047876466,531222.5392514411,0.019173861015588045,0.12433707737363875,8,false,0.01396064186457927,0.01396064186457927,false
255,true,0.9413915575716251,-524182.21656231023,531102.1064553778,-0.057046715752221644,0.1945263008819893,8,false,0.01396064186457927,0.01396064186457927,false
255,true,0.9551097377322908,-524189.24590002326,531163.7550581128,0.08112442132551223,0.12880995427258313,8,false,0.01396064186457927,0.01396064186457927,false
255,true,0.950020491440102,-524189.3446637103,531202.0344080565,0.09442703728564084,0.17813182470854372,8,false,0.01396064186457927,0.01396064186457927,false
255,true,0.9948805327550044,-524252.3837306758,531189.1205037896,-0.012908493401482701,-0.23961516504641622,8,false,0.01396064186457927,0.01396064186457927,false
255,true,0.9761832910041565,-524276.59748293913,531345.471710366,-0.05769115360453725,-0.20152389642316848,8,false,0.01396064186457927,0.01396064186457927,false
255,true,0.9934329966649958,-524283.787810711,531262.3461323183,-0.04057350312359631,-0.14885503589175642,8,false,0.01396064186457927,0.01396064186457927,false
255,true,0.9503782631370737,-524387.1380928007,531404.4764744911,0.07746214081998914,0.16181733249686658,8,false,0.01396064186457927,0.01396064186457927,false
255,true,0.820734076147411,-524366.667396447,531328.6770639964,-0.0618784436956048,0.5584448241861537,8,false,0.01396064186457927,0.01396064186457927,false
255,true,0.9583854989400188,-524243.15680191526,531351.865264158,0.08492346224375069,0.16856087173800915,8,false,0.01396064186457927,0.01396064186457927,false
255,true,0.7051021320671746,-524204.9670566571,531219.8083615728,-0.1826204574899748,0.9668217354919761,8,false,0.01396064186457927,0.01396064186457927,false
255,true,0.8941263397143808,-524094.60001069785,531108.1919641413,0.17458459979388863,0.26863761409185827,8,false,0.01396064186457927,0.01396064186457927,false
255,true,0.9394349477148781,-524043.27931047726,530950.9670058476,-0.19382357317954302,-0.22435279935598373,8,false,0.01396064186457927,0.01396064186457927,false
255,true,0.9557839959870494,-524126.25247297087,530969.8354754092,0.03531390940770507,0.11912806599866599,8,false,0.01396064186457927,0.01396064186457927,false
255,true,0.9966594150306927,-524113.1707177766,531063.0630667474,0.007251296075992286,-0.06402913737110794,8,false,0.01396064186457927,0.01396064186457927,false
255,true,0.9638302840120867,-524170.34239662555,531070.4508912882,0.07628437259700149,0.12285612989217043,8,false,0.01396064186457927,0.01396064186457927,false
255,true,0.9993039745398528,-524177.64894531865,531235.0158813818,-0.02117213245946914,-0.1400259502697736,8,false,0.01396064186457927,0.01396064186457927,false
255,true,0.9940546520864719,-524249.57121668395,531197.2635010853,-0.0036861866246908903,-0.1280969992512837,8,false,0.01396064186457927,0.01396064186457927,false
255,true,0.9920051571895727,-524178.1661359733,531220.5227000247,-0.10816371056716889,-0.11931232386268675,8,false,0.01396064186457927,0.01396064186457927,false
255,true,0.9285580397542452,-524218.5438932823,531263.3532577502,0.09198488108813763,0.15424155455548316,8,false,0.01396064186457927,0.01396064186457927,false
255,true,0.9923186359776718,-524226.3285151681,531210.4901493578,-0.06281771115027368,-0.0968627028632909,8,false,0.01396064186457927,0.01396064186457927,false
255,true,0.9816040110724357,-524304.6173559062,531306.5990107825,0.042022344656288624,0.061921776505187154,8,false,0.01396064186457927,0.01396064186457927,false
255,true,0.9213904153416731,-524222.9086214797,531277.6192893841,0.08163228596094996,0.21541489206720144,8,false,0.01396064186457927,0.01396064186457927,false
255,true,0.9975917320373258,-524237.3912226777,531390.6936115702,-0.10965515382122248,-0.15748433116823435,8,false,0.01396064186457927,0.01396064186457927,false
255,true,0.8648706578011773,-524234.84850516915,531250.3768893079,0.21513869729824364,0.3320493701612577,8,false,0.01396064186457927,0.01396064186457927,false
255,true,0.9942941716572979,-524229.50126368494,531254.3804483428,0.007648582104593515,-0.2634058811236173,8,false,0.01396064186457927,0.01396064186457927,false
255,true,0.9179730713330688,-524226.7312699031,531136.6223845105,-0.15499477600678802,0.33364971459377557,8,false,0.01396064186457927,0.01396064186457927,false
255,true,0.9863452714170262,-524208.03407776164,531213.5164313,-0.05619977507740259,-0.10807082254905254,8,false,0.01396064186457927,0.01396064186457927,false
255,true,0.9399437861933934,-524101.3193752332,531047.8183123021,0.1368869460420683,0.16605399607215077,8,false,0.01396064186457927,0.01396064186457927,false
255,true,0.8340965950363268,-524123.3036222599,531145.2628473319,-0.06150004977826029,0.5042217288864776,8,false,0.01396064186457927,0.01396064186457927,false
255,true,0.9930648325825082,-524239.805836548,531146.0193991953,0.02357215399388224,-0.14109866600483656,8,false,0.01396064186457927,0.01396064186457927,false
255,true,0.984062294799816,-524233.22445979563,531252.6260382966,-0.039203819120302796,-0.1544177271425724,8,false,0.01396064186457927,0.01396064186457927,false
255,true,0.974180627302449,-524200.1220704757,531174.9977327745,-0.033364762901328504,0.11352862603962421,8,false,0.01396064186457927,0.01396064186457927,false
255,true,0.9886085528727451,-524447.056349939,531412.3662865805,0.034993263077922165,-0.07882544188760221,8,false,0.01396064186457927,0.01396064186457927,false
255,true,0.9488154229255272,-524355.2821258919,531429.9334339951,0.11316134070511907,0.17576551192905754,8,false,0.01396064186457927,0.01396064186457927,false
255,true,0.9966273278350019,-524319.007141793,531371.9998577582,-0.04576699365861714,-0.22738766332622617,8,false,0.01396064186457927,0.01396064186457927,false
255,true,0.9198642130112779,-524155.4598317777,531125.7731365786,-0.0005297694588080049,0.2808029914740473,8,false,0.01396064186457927,0.01396064186457927,false
255,true,0.9073191942024804,-524212.1309930794,531229.5283650501,0.05244553065858781,0.3070860772859305,8,false,0.01396064186457927,0.01396064186457927,false
255,true,0.9732582901670274,-524121.5310581919,531085.4566641431,-0.17270051746163517,-0.23146626423113048,8,false,0.01396064186457927,0.01396064186457927,false
255,true,0.9134877273617346,-524172.315080755,531050.6490754936,0.03141243592835963,0.24556785670574754,8,false,0.01396064186457927,0.01396064186457927,false
255,true,0.9758549473951909,-524148.6056359486,531205.8854847255,-0.07845556607935578,0.10512684239074588,8,false,0.01396064186457927,0.01396064186457927,false
255,true,0.964321968827788,-524180.44308120117,531159.7937672633,0.005273440387099981,0.09326216136105359,8,false,0.01396064186457927,0.01396064186457927,false
255,true,0.9875802514142271,-524217.075391946,531431.0789198137,-0.012769651133567095,0.05764220922719687,8,false,0.01396064186457927,0.01396064186457927,false
255,true,0.9937804818843604,-524260.67135776364,531215.4268293193,0.014899584813974798,0.03206379909534007,8,false,0.01396064186457927,0.01396064186457927,false
255,true,0.8994132542165332,-524322.5855214429,531354.0127285159,0.15361441217828542,0.24248382449150085,8,false,0.01396064186457927,0.01396064186457927,false
255,true,0.9997742929015041,-524207.02963735466,531290.7528599738,-0.12588785483967513,-0.16311600094195455,8,false,0.01396064186457927,0.01396064186457927,false
255,true,0.9522916079798439,-524332.566470897,531313.8970463049,0.101814771653153,0.13728820253163576,8,false,0.01396064186457927,0.01396064186457927,false
255,true,0.9997146353020385,-524379.9600045854,531285.7176050274,-0.04703601135406643,-0.16734712233301252,8,false,0.01396064186457927,0.01396064186457927,false
255,true,0.9985079029922713,-524370.6421124631,531386.7413140616,0.01287856453564018,-0.10827015934046358,8,false,0.01396064186457927,0.01396064186457927,false
255,true,0.9765117472142261,-524397.9999179585,531565.6329770156,0.010040318011306226,-0.1173798170639202,8,false,0.01396064186457927,0.01396064186457927,false
255,true,0.988742271921157,-524436.2812038908,531614.0192650576,-0.11266104970127344,-0.13188880705274642,8,false,0.01396064186457927,0.01396064186457927,false
255,true,0.9813149450004146,-524435.8376650698,531507.3515711051,0.04452684533316642,0.05404887429904193,8,false,0.01396064186457927,0.01396064186457927,false
255,true,0.7997977085348383,-524228.9776979374,531383.5997409652,0.37163901526946574,0.5436716573312879,8,false,0.01396064186457927,0.01396064186457927,false
255,true,0.9991666863128152,-524335.4943969548,531281.7669985363,-0.39562185970135033,-0.43294851516839117,8,false,0.01396064186457927,0.01396064186457927,false
255,true,0.9027581377726935,-524321.8114787239,531414.7114439078,0.09072143980301917,0.2533043845323846,8,false,0.01396064186457927,0.01396064186457927,false
255,true,0.9969942696585432,-524403.6163161435,531462.1476863622,0.007892709341831505,-0.13837322336621583,8,false,0.01396064186457927,0.01396064186457927,false
255,true,0.8289099652269959,-524174.31032002636,531304.3547249874,-0.09795238124206662,0.500776045024395,8,false,0.01396064186457927,0.01396064186457927,false
255,true,0.9284707836344177,-524267.5718145435,531201.0252523143,0.008418225566856563,0.18903403857257217,8,false,0.01396064186457927,0.01396064186457927,false
255,true,0.9591917155005233,-524186.87795840314,531216.4689878484,0.055238590692169964,0.12802215770352632,8,false,0.01396064186457927,0.01396064186457927,false
255,true,0.851246148076561,-524166.39429287374,531121.4549433306,0.20196686638519168,0.42191763257142156,8,false,0.01396064186457927,0.01396064186457927,false
255,true,0.997726101262395,-524212.7279335968,531132.5394767502,-0.2727923719212413,-0.32125699310563505,8,false,0.01396064186457927,0.01396064186457927,false
255,true,0.9599662717193729,-524308.8562251322,531252.8429224724,0.026326606748625636,0.10786026855930686,8,false,0.01396064186457927,0.01396064186457927,false
255,true,0.999800165290033,-524327.1295400077,531416.4954037027,-0.04847411729861051,-0.0696024572243914,8,false,0.01396064186457927,0.01396064186457927,false
255,true,0.8988696677602591,-524215.7105122945,531317.0583124993,0.1030407955404371,0.22053452720865607,8,false,0.01396064186457927,0.01396064186457927,false
255,true,0.9814712454692759,-524201.0681617085,531196.3321966741,-0.0776247208705172,0.10446847009006888,8,false,0.01396064186457927,0.01396064186457927,false
255,true,0.5176347572546153,-524225.6083553674,531055.2967377526,0.1841367435408756,1.6761210621334612,8,false,0.01396064186457927,0.01396064186457927,false
255,true,0.9669402704157274,-524161.761764347,531172.0135065984,-0.09434949536807835,-0.21690035855863243,8,false,0.01396064186457927,0.01396064186457927,false
255,true,0.8896434164469237,-524151.6315047968,531158.6139221682,0.2461536591872573,0.3338395319879055,8,false,0.01396064186457927,0.01396064186457927,false
255,true,0.9508427397625454,-524254.1184864209,531271.0802597926,-0.338919106987305,-0.36893066647462547,8,false,0.01396064186457927,0.01396064186457927,false
255,true,0.9758852343514165,-524176.4717212721,531167.9726320674,-0.01902125554624945,0.08095067762769759,8,false,0.01396064186457927,0.01396064186457927,false
255,true,0.9848358272322101,-524278.03383515053,531255.7200545409,0.023275215178728104,0.05277821864001453,8,false,0.01396064186457927,0.01396064186457927,false
255,true,0.8891128140462685,-524371.3307718419,531436.3890975141,0.1699675259878859,0.2570333476178348,8,false,0.01396064186457927,0.01396064186457927,false
255,true,0.9663552809354495,-524237.27951723017,531392.9977927945,-0.0208940600277856,-0.19781628996133804,8,false,0.01396064186457927,0.01396064186457927,false
255,true,0.9981482792423709,-524308.8989157112,531325.2395843725,0.043570252251811326,-0.17572651687078178,8,false,0.01396064186457927,0.01396064186457927,false
255,true,0.9955809593757812,-524248.3582006709,531291.5611975709,-0.14822126389481127,-0.21355411037802696,8,false,0.01396064186457927,0.01396064186457927,false
255,true,0.9112425642900472,-524214.38611620624,531256.494265663,-0.0434993919916451,0.25866178271826357,8,false,0.01396064186457927,0.01396064186457927,false
255,true,0.944085781387589,-524138.1111901113,531163.8355843852,0.03981117531657219,0.15710870444308966,8,false,0.01396064186457927,0.01396064186457927,false
255,true,0.9970987600976676,-524145.7489655669,531083.1616113326,-0.026990178506821394,-0.07536895363591611,8,false,0.01396064186457927,0.01396064186457927,false
255,true,0.9971461307708969,-524153.7686147584,531053.93769677,-0.01564743253402412,-0.047170695033855736,8,false,0.01396064186457927,0.01396064186457927,false
255,true,0.9086599235505018,-524104.25311119464,531045.0879242304,0.19009119551628828,0.23620162694714963,8,false,0.01396064186457927,0.01396064186457927,false
255,true,0.7314714374091232,-524205.6893237588,531123.7649891224,-0.17077202338259667,0.8767383311642334,8,false,0.01396064186457927,0.01396064186457927,false
255,true,0.9880445578852676,-524167.4170132807,531174.2841293704,-0.032007387722842395,0.0617771209217608,8,false,0.01396064186457927,0.01396064186457927,false
255,true,0.7729399791730289,-524088.75918511336,531187.7882661097,0.04028104105964303,0.5600338908843696,8,false,0.01396064186457927,0.01396064186457927,false
255,true,0.9763820596997735,-524273.93312564294,531141.273261469,-0.03861548029817641,0.09196926699951291,8,false,0.01396064186457927,0.01396064186457927,false
255,true,0.9451299671327084,-524294.1743673863,531290.8754366698,-0.004995433264411986,0.14155379589647055,8,false,0.01396064186457927,0.01396064186457927,false
255,true,0.980345963318007,-524292.7560748252,531352.8962966539,-0.0029325319919735193,0.06226570683065802,8,false,0.01396064186457927,0.01396064186457927,false
255,true,0.784399935968822,-524219.63075904484,531332.1665407916,0.27610249316785485,0.5183144509792328,8,false,0.01396064186457927,0.01396064186457927,false
255,true,0.9985212589088849,-524241.35197570664,531145.2719792774,-0.27285646041855216,-0.2902108891867101,8,false,0.01396064186457927,0.01396064186457927,false
255,true,0.9650581724430133,-524248.2982218293,531232.7339532309,0.09105099411681294,0.09105099411681294,8,false,0.01396064186457927,0.01396064186457927,false
255,true,0.980117830352278,-524107.27055523463,531253.1247910227,-0.034589476766996086,-0.10686797660309821,8,false,0.01396064186457927,0.01396064186457927,false
255,true,0.9762252130708807,-524300.9767655645,531216.7040125706,0.07680911268107593,0.10263266845140606,8,false,0.01396064186457927,0.01396064186457927,false
255,true,0.9987193103969118,-524095.23952107027,531136.1397329211,-0.030055827577598393,-0.14363706205040216,8,false,0.01396064186457927,0.01396064186457927,false
255,true,0.9890723745881519,-524180.51140670234,531058.1500226682,0.036368164466694,-0.1173260883660987,8,false,0.01396064186457927,0.01396064186457927,false
255,true,0.9933164279382649,-524187.15146163915,531111.2426359501,-0.01689880108460784,-0.15849475364666432,8,false,0.01396064186457927,0.01396064186457927,false
255,true,0.870376917495271,-524199.21599813947,531171.2020225405,0.00924039597157389,0.39185801276471466,8,false,0.01396064186457927,0.01396064186457927,false
255,true,0.9995584496885324,-524266.7578092411,531316.9071687347,-0.0923654050566256,-0.14821900485549122,8,false,0.01396064186457927,0.01396064186457927,false
255,true,0.989726829563208,-524184.7089083118,531258.8937773565,0.017730431398376822,0.05286067724227905,8,false,0.01396064186457927,0.01396064186457927,false
255,true,0.952297443686752,-524225.07244451105,531175.0653157496,-0.04030710074584931,0.15842531365342438,8,false,0.01396064186457927,0.01396064186457927,false
255,true,0.8536584417157911,-524279.09046591626,531358.2946208094,0.2926260399399325,0.36243718524929136,8,false,0.01396064186457927,0.01396064186457927,false
255,true,0.9680347658676924,-524214.7402498396,531254.4690290481,0.01210586354136467,-0.3117135389475152,8,false,0.01396064186457927,0.01396064186457927,false
255,true,0.9305454318792762,-524270.67977654,531276.3672536117,-0.3055913884891197,-0.3373087008949369,8,false,0.01396064186457927,0.01396064186457927,false
255,true,0.9815491863128742,-524155.37172328663,531216.4835736819,0.016608785022981465,0.062363075208850205,8,false,0.01396064186457927,0.01396064186457927,false
255,true,0.9810664996824819,-524130.10625853395,531053.6237184317,-0.05323129997123033,0.07632059801835567,8,false,0.01396064186457927,0.01396064186457927,false
255,true,0.9553395545783891,-524070.47735935304,531018.251732397,0.07379336783196777,0.09795933798886836,8,false,0.01396064186457927,0.01396064186457927,false
255,true,0.7654592381013912,-524070.70101596264,530921.4434723986,0.061991562019102275,0.6297543613472953,8,false,0.01396064186457927,0.01396064186457927,false
255,true,0.9999426303277903,-523986.4548436589,531018.3459962015,-0.07599884073715657,-0.13418391882441938,8,false,0.01396064186457927,0.01396064186457927,false
255,true,0.9421200265712286,-524026.4041537545,530963.5276623076,0.0941520556807518,0.16316352516878396,8,false,0.01396064186457927,0.01396064186457927,false
255,true,0.7177796760919868,-524075.5954945891,530900.0070631254,0.19024861278012395,0.8659617487573996,8,false,0.01396064186457927,0.01396064186457927,false
255,true,0.9961425674259451,-524252.7160371991,531095.2891719464,-0.17739473073743284,-0.33001047815196216,8,false,0.01396064186457927,0.01396064186457927,false
255,true,0.9996130045530018,-524291.3727789355,531312.4289045163,-0.0634923157049343,-0.1622110796160996,8,false,0.01396064186457927,0.01396064186457927,false
255,true,0.9987485694592855,-524265.16746569803,531289.1980377546,-0.07146243727765977,-0.10181662009563297,8,false,0.01396064186457927,0.01396064186457927,false
255,true,0.8613473611272928,-524362.1497402063,531451.7033183725,0.03853410726878792,0.32996188674587756,8,false,0.01396064186457927,0.01396064186457927,false
255,true,0.944318358075508,-524212.240132718,531329.5972045112,0.09553512197453529,0.16308778547681868,8,false,0.01396064186457927,0.01396064186457927,false
255,true,0.9260870248056143,-524230.2238167849,531235.9404925327,0.18266517110168934,0.24184115591924638,8,false,0.01396064186457927,0.01396064186457927,false
255,true,0.9921829564897966,-524283.05666678457,531291.2302256697,0.007019791635684669,-0.33403336675837636,8,false,0.01396064186457927,0.01396064186457927,false
255,true,0.9997472249214687,-524237.73837047204,531249.7149673904,-0.31392982380930334,-0.3570137118222192,8,false,0.01396064186457927,0.01396064186457927,false
255,true,0.9753835770876234,-524409.234517253,531436.4616765155,0.050525414873845875,0.08074978145305067,8,false,0.01396064186457927,0.01396064186457927,false
255,true,0.8869948809299364,-524329.4881345755,531419.6779102853,-0.008881442132405937,0.30732680845540017,8,false,0.01396064186457927,0.01396064186457927,false
255,true,0.986976128257484,-524360.7296305267,531417.588965723,-0.01945740939117968,-0.07937313802540302,8,false,0.01396064186457927,0.01396064186457927,false
255,true,0.9953235245631414,-524330.5224840865,531260.069077236,-0.013238526065833867,-0.06981685513164848,8,false,0.01396064186457927,0.01396064186457927,false
255,true,0.8056016960439483,-524321.7639435801,531327.188233117,0.004374788026325405,0.5098612904548645,8,false,0.01396064186457927,0.01396064186457927,false
255,true,0.9858549934560537,-524300.7195848767,531421.8102665812,-0.02889959327876568,0.06538244802504778,8,false,0.01396064186457927,0.01396064186457927,false
255,true,0.7653809466383662,-524187.69732000487,531248.1615838192,0.47373266995418817,0.5822289006318897,8,false,0.01396064186457927,0.01396064186457927,false
255,true,0.9405045615015799,-524221.61194224627,531016.2220505695,-0.18625880242325366,-0.4947582702152431,8,false,0.01396064186457927,0.01396064186457927,false
255,true,0.9357988824347206,-524190.54342926666,531213.4961164618,0.04105935955885798,-0.2800731755560264,8,false,0.01396064186457927,0.01396064186457927,false
255,true,1.0,-524249.752227277,531228.9821922631,-0.16523712850175798,-0.35098844196181744,8,false,0.01396064186457927,0.01396064186457927,false
255,true,0.825149756587006,-524293.8786648023,531350.26749246,-0.1507816854864359,0.5312317097559571,8,false,0.01396064186457927,0.01396064186457927,false
255,true,0.9603719225661858,-524305.6460393885,531325.5860522685,0.07950491178780794,0.10304530942812562,8,false,0.01396064186457927,0.01396064186457927,false
255,true,0.9633003415829949,-524378.5286113289,531501.8926342208,0.07072433934081346,0.13250694517046213,8,false,0.01396064186457927,0.01396064186457927,false
255,true,0.9991176545676493,-524270.0621995668,531310.5101804691,-0.15519516926724464,-0.18917005776893348,8,false,0.01396064186457927,0.01396064186457927,false
255,true,0.9710737274856954,-524281.4934156844,531169.7563555195,0.04452944279182702,0.08669277292210609,8,false,0.01396064186457927,0.01396064186457927,false
255,true,0.9003783190235777,-524249.36502217484,531351.7609161795,0.11408832925371826,0.2658739211037755,8,false,0.01396064186457927,0.01396064186457927,false
255,true,0.9972680644651459,-524263.64990805427,531262.3535830292,-0.17692372028250247,-0.19102911406662315,8,false,0.01396064186457927,0.01396064186457927,false
255,true,0.9492184433608647,-524251.1466035098,531203.8114437015,0.004400288802571595,0.11711590283084661,8,false,0.01396064186457927,0.01396064186457927,false
255,true,0.9888208096697048,-524354.6447738922,531361.082020656,-0.0017724878853186965,0.03471416363026947,8,false,0.01396064186457927,0.01396064186457927,false
255,true,0.9964283957716201,-524217.11310511583,531321.0671328795,-0.006431349785998464,0.022571746725589037,8,false,0.01396064186457927,0.01396064186457927,false
255,true,0.9686103232889905,-524106.69481905305,531190.6577993484,0.011454988387413323,0.08223848766647279,8,false,0.01396064186457927,0.01396064186457927,false
255,true,0.9824271287447461,-524101.08577054075,531091.9067969177,0.01121699740178883,0.05490198964253068,8,false,0.01396064186457927,0.01396064186457927,false
255,true,0.9408862383901901,-524206.79197486315,531061.9570976234,0.05401075631380081,0.16172950016334653,8,false,0.01396064186457927,0.01396064186457927,false
255,true,0.9996705544310098,-524199.7205195067,531203.6633523006,-0.09288516105152667,-0.09345597971696407,8,false,0.01396064186457927,0.01396064186457927,false
255,true,0.9746354110264377,-524307.4800393551,531243.3690707213,0.03640228137373924,0.050329203717410564,8,false,0.01396064186457927,0.01396064186457927,false
255,true,0.8618754888461656,-524155.45906461927,531269.1218571742,0.306009728461504,0.3255858176853508,8,false,0.01396064186457927,0.01396064186457927,false
255,true,0.9899101464110618,-524266.3089135241,531171.85566102,-0.10682433820329607,-0.318036766606383,8,false,0.01396064186457927,0.01396064186457927,false
255,true,0.981249084793406,-524231.7105016352,531197.2684487879,0.023906653397716582,-0.22551165102049708,8,false,0.01396064186457927,0.01396064186457927,false
255,true,0.9865907702019018,-524291.9095529056,531380.376995466,-0.13001503876876086,-0.22953857283573598,8,false,0.01396064186457927,0.01396064186457927,false
255,true,0.994384828513969,-524315.919013274,531295.6084013248,-0.01689988886937499,-0.1111099817790091,8,false,0.01396064186457927,0.01396064186457927,false
255,true,0.9963765091049193,-524342.8461928546,531368.0875145235,0.0035639889538288116,-0.0942307902732864,8,false,0.01396064186457927,0.01396064186457927,false
255,true,0.9975750608745254,-524374.8277690099,531418.0825412845,-0.029591321013867855,-0.09267731162253767,8,false,0.01396064186457927,0.01396064186457927,false
255,true,0.9515531829230054,-524273.5125463251,531401.5898043324,0.10048350179567933,0.13998198241461068,8,false,0.01396064186457927,0.01396064186457927,false
255,true,0.8872376520395366,-524284.5966667466,531237.1339238631,-0.08192135335411876,0.34815131686627865,8,false,0.01396064186457927,0.01396064186457927,false
255,true,0.9998678289164424,-524202.53228613455,531299.1840766852,-0.04024697141721845,-0.10191469080746174,8,false,0.01396064186457927,0.01396064186457927,false
255,true,0.9919414281886537,-524245.2586290349,531172.4274049824,-0.043446823954582214,0.06343855371233076,8,false,0.01396064186457927,0.01396064186457927,false
255,true,0.9973430308971751,-524211.9868747559,531204.2191816996,-0.010634171077981591,-0.028127659461461008,8,false,0.01396064186457927,0.01396064186457927,false
255,true,0.9966063321016987,-524182.35427014256,531163.8064495798,0.0019121329532936215,0.017249283962883055,8,false,0.01396064186457927,0.01396064186457927,false
255,true,0.913358769144355,-524329.4844890138,531271.1161603159,0.08017354959156364,0.19124251953326166,8,false,0.01396064186457927,0.01396064186457927,false
255,true,0.900676814286846,-524243.10781248374,531246.6557305505,0.22727806016337126,0.27692719048354775,8,false,0.01396064186457927,0.01396064186457927,false
255,true,0.9942522210160392,-524245.5637775997,531220.6790947475,-0.21640472719445825,-0.31524879741482437,8,false,0.01396064186457927,0.01396064186457927,false
255,true,0.9989597303242366,-524239.4613177144,531211.8352440775,-0.06001874012872577,-0.09704627993050963,8,false,0.01396064186457927,0.01396064186457927,false
255,true,0.9046122875136136,-524189.2912832032,531124.2923624766,0.21712637355085462,0.24499217595439404,8,false,0.01396064186457927,0.01396064186457927,false
255,true,0.9961227655735051,-524299.9774083586,531244.3252190691,-0.14578460587654263,-0.2627285523340106,8,false,0.01396064186457927,0.01396064186457927,false
255,true,0.9995423152246621,-524343.6685486996,531303.3280506661,-0.08637408900540322,-0.12257092597428709,8,false,0.01396064186457927,0.01396064186457927,false
255,true,0.947789750814422,-524170.93738686165,531284.4164678231,0.1232940771151334,0.1419248254969716,8,false,0.01396064186457927,0.01396064186457927,false
255,true,0.9655966229009245,-524247.0796471185,531260.8558282269,-0.13385865674354136,-0.14534180390182883,8,false,0.01396064186457927,0.01396064186457927,false
255,true,0.9471737957876187,-524229.5969541946,531286.4234589946,0.013619027915410697,0.12410760810598731,8,false,0.01396064186457927,0.01396064186457927,false
255,true,0.890994642349646,-524303.9077433809,531273.013964115,-0.02154998353216797,0.26742998871486634,8,false,0.01396064186457927,0.01396064186457927,false
255,true,0.9525896407272162,-524095.7464258029,531161.9440817159,0.01796162244863808,0.1107343026669696,8,false,0.01396064186457927,0.01396064186457927,false
255,true,0.9841844755470108,-524076.87422949093,530926.876567449,0.03205993992742151,0.0570764389121905,8,false,0.01396064186457927,0.01396064186457927,false
255,true,0.8303811564717055,-524176.4766306975,531012.448517144,0.4223046372644603,0.4510505013167858,8,false,0.01396064186457927,0.01396064186457927,false
255,true,0.9946331656299625,-524199.60839480377,531154.6281240935,0.024827125598676503,-0.467304453602992,8,false,0.01396064186457927,0.01396064186457927,false
255,true,0.999618650723993,-524201.7135242888,531110.1500386094,-0.007294336101040244,-0.5140161109156907,8,false,0.01396064186457927,0.01396064186457927,false
255,true,0.9637155972899845,-524241.9606005459,531246.7799870941,-0.26684980117715895,-0.4964276372920722,8,false,0.01396064186457927,0.01396064186457927,false
255,true,0.9785114715286857,-524207.0330393978,531246.6879197325,-0.02451787458267063,-0.2354892388684675,8,false,0.01396064186457927,0.01396064186457927,false
255,true,0.9897113017527516,-524219.31137799536,531181.2381253007,-0.1633418455021456,-0.20128597680013627,8,false,0.01396064186457927,0.01396064186457927,false
255,true,0.9508162356744809,-524296.5241352319,531261.3438911511,0.10201306594535708,0.13681914808694273,8,false,0.01396064186457927,0.01396064186457927,false
255,true,0.9053429417840105,-524293.0257920427,531273.5161991221,0.23783369932789356,0.28595557273365557,8,false,0.01396064186457927,0.01396064186457927,false
255,true,0.8569034089180531,-524253.64110033325,531337.798149286,-0.2598153626313433,0.5148838886525482,8,false,0.01396064186457927,0.01396064186457927,false
255,true,0.9514233648300803,-524296.7266129283,531379.8672531946,0.12610440060961992,0.1869734585052356,8,false,0.01396064186457927,0.01396064186457927,false
255,true,0.9902286388106345,-524191.09235607594,531262.1538534362,-0.10477564833126962,-0.23827943694777787,8,false,0.01396064186457927,0.01396064186457927,false
255,true,0.9037971766433592,-524158.4170838917,531139.2517092949,-0.04700365359894931,0.29306528449524194,8,false,0.01396064186457927,0.01396064186457927,false
255,true,0.9739423573059706,-524320.8414152121,531246.0681291816,0.009792704950086772,-0.1074639962753281,8,false,0.01396064186457927,0.01396064186457927,false
255,true,0.9939613161532562,-524159.06669874984,531299.0695947931,-0.09866455500014126,-0.11317489529028535,8,false,0.01396064186457927,0.01396064186457927,false
255,true,0.9473051957071829,-524133.5218228871,531192.5763520312,0.071058040834032,0.09810757893137634,8,false,0.01396064186457927,0.01396064186457927,false
255,true,0.8588680450841498,-524165.26458386914,531063.431330914,0.024986860575154424,0.36959960614331067,8,false,0.01396064186457927,0.01396064186457927,false
255,true,0.982529427403683,-524294.5557268796,531307.2532113733,-0.055021145730279386,0.09044934797566384,8,false,0.01396064186457927,0.01396064186457927,false
255,true,0.9885362298648908,-524264.78709752846,531353.8317283207,-0.023050688323564827,0.06177622580435127,8,false,0.01396064186457927,0.01396064186457927,false
255,true,0.9652305902452436,-524338.1338916193,531339.4470662127,0.08114645932801068,0.09691438835579902,8,false,0.01396064186457927,0.01396064186457927,false
255,true,0.9979355893155484,-524204.5148955112,531264.8970807227,0.016964849550276995,-0.10472991690039635,8,false,0.01396064186457927,0.01396064186457927,false
255,true,0.9927813757922134,-524508.2106136462,531433.6838919527,-0.014052439597435296,-0.12042560940608382,8,false,0.01396064186457927,0.01396064186457927,false
255,true,0.9969862089839308,-524291.025214465,531569.0328808553,-0.034499027067795396,-0.10186007339507341,8,false,0.01396064186457927,0.01396064186457927,false
255,true,0.7885846184596832,-524220.1609175599,531347.4217657418,0.09010322322137654,0.5675653609214351,8,false,0.01396064186457927,0.01396064186457927,false
255,true,0.8810700064713743,-524056.1421914121,531016.2429763575,0.17299342737533152,0.38220276264473796,8,false,0.01396064186457927,0.01396064186457927,false
255,true,0.9864112539605203,-524150.7322957288,531031.0256648083,-0.1763533514458686,-0.33397036034148186,8,false,0.01396064186457927,0.01396064186457927,false
255,true,0.9647338485242861,-524222.96971633617,531185.105186226,-0.003910706378519535,-0.16180679481476545,8,false,0.01396064186457927,0.01396064186457927,false
255,true,0.9085403944252501,-524236.72733567853,531215.483284903,0.22012042347341776,0.3028023415245116,8,false,0.01396064186457927,0.01396064186457927,false
255,true,0.9994427071942077,-524132.50835966837,531135.8020591694,-0.11965283961035311,-0.3821787079796195,8,false,0.01396064186457927,0.01396064186457927,false
255,true,0.9792820991743727,-524275.90750432154,531194.7831091336,0.0070798867382109165,-0.259600987075828,8,false,0.01396064186457927,0.01396064186457927,false
255,true,0.9986558097596298,-524254.5325622923,531241.0066556693,-0.161019129678607,-0.2617096253670752,8,false,0.01396064186457927,0.01396064186457927,false
255,true,0.9606017756399218,-524162.91230198625,531238.2624296447,-0.040097397519275546,0.13574409775901586,8,false,0.01396064186457927,0.01396064186457927,false
255,true,0.9768330580230333,-524202.4883165294,531208.0279207809,0.0024427776224911213,0.08770400180947036,8,false,0.01396064186457927,0.01396064186457927,false
255,true,0.9699457148911499,-524276.1704121201,531150.3586783381,-0.02819195215124637,0.11202953453175724,8,false,0.01396064186457927,0.01396064186457927,false
255,true,0.96102697467167,-524256.4683636412,531276.5897111843,0.008810872794128954,0.09976451843976974,8,false,0.01396064186457927,0.01396064186457927,false
255,true,0.8474427960476176,-524143.205283893,531195.8568321313,0.2865973097505048,0.38297672767657787,8,false,0.01396064186457927,0.01396064186457927,false
255,true,0.8647023312594627,-524244.675805197,531210.3560720889,-0.2873791104648262,0.47109775769058615,8,false,0.01396064186457927,0.01396064186457927,false
255,true,0.968027233974276,-524206.0506788616,531206.2373290261,0.043307520216330886,0.10251031455118209,8,false,0.01396064186457927,0.01396064186457927,false
255,true,0.9983491237282902,-524253.79068681964,531265.9937003964,0.003139697015285492,-0.07596456026658416,8,false,0.01396064186457927,0.01396064186457927,false
255,true,0.7119929715925184,-524263.9229479472,531288.9662125462,0.18977609346620739,0.8217669195728377,8,false,0.01396064186457927,0.01396064186457927,false
255,true,0.990588003762786,-524098.96626519616,531271.6320618296,-0.0985469181323424,-0.27890380600001663,8,false,0.01396064186457927,0.01396064186457927,false
255,true,0.9938420950833105,-524194.48266804754,531103.5447825579,-0.06359837565105408,-0.17864900233689696,8,false,0.01396064186457927,0.01396064186457927,false
255,true,0.9995663937763872,-524183.12894735276,531138.0130817516,-0.037639930145815015,-0.13001789338886738,8,false,0.01396064186457927,0.01396064186457927,false
255,true,0.9988711410311573,-524186.80625336425,531169.1216446498,-0.02632398495916277,-0.08996654336806387,8,false,0.01396064186457927,0.01396064186457927,false
255,true,0.7695531872678469,-524133.9443285542,531095.5762848766,0.022834051866084337,0.6157319836784154,8,false,0.01396064186457927,0.01396064186457927,false
255,true,0.9416909175188323,-524166.1851797437,531202.0101616674,0.05579998402390629,0.1706944927573204,8,false,0.01396064186457927,0.01396064186457927,false
255,true,0.9804033029797332,-524195.0475599474,531083.7096786528,0.03474396513774991,0.12152838753536344,8,false,0.01396064186457927,0.01396064186457927,false
255,true,0.9321433360310795,-524253.9888229199,531142.5987341204,0.016375218518078327,0.23576703609433025,8,false,0.01396064186457927,0.01396064186457927,false
255,true,0.998776404776941,-524360.2215306491,531354.49759348,-0.13891025201883167,-0.17581016581971198,8,false,0.01396064186457927,0.01396064186457927,false
255,true,0.8269196972681628,-524337.1934116782,531536.0187336376,0.019314065342769027,0.4174151396146044,8,false,0.01396064186457927,0.01396064186457927,false
255,true,0.9982602039646437,-524246.968691985,531239.540800939,0.002981086145155132,-0.05506436503492296,8,false,0.01396064186457927,0.01396064186457927,false
255,true,0.9757296734412385,-524175.3437886802,531142.1245315577,0.026935777976177633,0.09882588987238705,8,false,0.01396064186457927,0.01396064186457927,false
255,true,0.8175680184120615,-524263.567045557,531254.5694582553,0.494898799341172,0.5045936760725453,8,false,0.01396064186457927,0.01396064186457927,false
255,true,0.9905159014332842,-524084.83444988285,531159.8872365678,-0.003989505232311785,-0.589785162708722,8,false,0.01396064186457927,0.01396064186457927,false
255,true,0.9528249121679401,-524338.668532453,531178.528777924,-0.4982226104475558,-0.5651957840891555,8,false,0.01396064186457927,0.01396064186457927,false
255,true,0.7899241862573478,-524342.3500543191,531449.9969374451,0.4743590713478625,0.5751163810491562,8,false,0.01396064186457927,0.01396064186457927,false
255,true,0.9984341728551159,-524305.0408103244,531372.5354514576,-0.37346452625934035,-0.5525503066601232,8,false,0.01396064186457927,0.01396064186457927,false
255,true,0.9398723889304704,-524263.4780841465,531164.0094778555,0.0041542621329426765,0.22845010459423065,8,false,0.01396064186457927,0.01396064186457927,false
255,true,0.9998355728129178,-524231.93032927596,531263.290980396,-0.12002903944812715,-0.18616595421917737,8,false,0.01396064186457927,0.01396064186457927,false
255,true,0.9129646288483828,-524270.2536340221,531190.9130141115,0.016221220488660038,0.25045993097592145,8,false,0.01396064186457927,0.01396064186457927,false
255,true,0.998633906918348,-524293.9981820821,531387.7510757678,-0.04227803647518158,-0.09306575811933726,8,false,0.01396064186457927,0.01396064186457927,false
255,true,0.8584040741444822,-524363.7872354281,531369.279521049,0.11145139578729868,0.35760122002102435,8,false,0.01396064186457927,0.01396064186457927,false
255,true,0.9249831900091201,-524325.6653670188,531440.9165614981,0.12622878409456462,0.23900411603972316,8,false,0.01396064186457927,0.01396064186457927,false
255,true,0.9814836007134428,-524378.9459311012,531449.5970792205,0.07545579667203128,-0.2820706946076825,8,false,0.01396064186457927,0.01396064186457927,false
255,true,0.9482805454685037,-524326.5115473046,531411.1709723236,0.19901566591579467,-0.35230893117841333,8,false,0.01396064186457927,0.01396064186457927,false
255,true,0.9943364459494578,-524247.9569622922,531375.3400587958,-0.35353825497440994,-0.5570844793692231,8,false,0.01396064186457927,0.01396064186457927,false
255,true,0.8875067032460284,-524151.221003586,531261.0296029978,-0.11210099013987929,0.3591773787047714,8,false,0.01396064186457927,0.01396064186457927,false
255,true,0.9372363926846446,-524116.24557109864,531156.8945553203,0.03092924482189119,0.1928822051268071,8,false,0.01396064186457927,0.01396064186457927,false
255,true,0.9389589276595696,-524163.2689764243,531134.985014994,-0.014646333060227334,0.19904744590166956,8,false,0.01396064186457927,0.01396064186457927,false
255,true,0.9906970494694739,-524262.45497498853,531300.9215051072,0.03592722595203668,-0.10356765438336879,8,false,0.01396064186457927,0.01396064186457927,false
255,true,0.7274014709270709,-524292.1246188178,531246.9350866918,0.5615222693886608,0.820778262685053,8,false,0.01396064186457927,0.01396064186457927,false
255,true,1.0,-524172.7683642032,531248.6427897578,-0.6434416689444333,-0.7000752869062126,8,false,0.01396064186457927,0.01396064186457927,false
255,true,0.9986710535137071,-524270.8961844224,531249.6740814649,-0.00899505929555744,-0.06419452663976699,8,false,0.01396064186457927,0.01396064186457927,false
255,true,0.990999292481505,-524191.3829344082,531253.3469350322,0.05394139024429023,0.05394139024429023,8,false,0.01396064186457927,0.01396064186457927,false
255,true,0.9877753979400749,-524351.0491890167,531259.6322882919,0.0025679259561002254,-0.1028563977451995,8,false,0.01396064186457927,0.01396064186457927,false
255,true,0.7765362765646248,-524364.780226716,531484.1436513069,0.13958773692138493,0.6337789950193837,8,false,0.01396064186457927,0.01396064186457927,false
255,true,0.937669019895802,-524340.9983588877,531329.2311739149,0.006096659228205681,-0.24650460330303758,8,false,0.01396064186457927,0.01396064186457927,false
255,true,0.9546106274579993,-524221.0690643199,531315.9842865202,0.06580415077041835,-0.2412472665309906,8,false,0.01396064186457927,0.01396064186457927,false
255,true,0.9716326762241804,-524382.2494861438,531392.4150520207,-0.07559909019619226,-0.32293801207561046,8,false,0.01396064186457927,0.01396064186457927,false
255,true,0.8465741278346903,-524140.4689168269,531316.6361462661,0.19029383780434728,0.5017455723136663,8,false,0.01396064186457927,0.01396064186457927,false
255,true,0.9968643531142956,-524157.48245575663,531163.4341530963,-0.36422917793970555,-0.4297682880423963,8,false,0.01396064186457927,0.01396064186457927,false
255,true,0.7314186989013463,-524301.7011159487,531308.8881616765,0.7177286735968664,0.7412940080976114,8,false,0.01396064186457927,0.01396064186457927,false
255,true,0.8676665423519296,-524278.3372046318,531353.6452973075,-0.7029272619402036,-0.785910994396545,8,false,0.01396064186457927,0.01396064186457927,false
255,true,0.8027449160000795,-524250.23297148745,531233.1736748292,0.19138878711964935,0.543706092867069,8,false,0.01396064186457927,0.01396064186457927,false
255,true,0.9787900112460253,-524201.25137527526,531306.8292183067,-0.07939383608754724,-0.26616546302102506,8,false,0.01396064186457927,0.01396064186457927,false
255,true,0.9675428507653876,-524088.58670376067,531174.1749504259,-0.0598840945167467,-0.1954072747612372,8,false,0.01396064186457927,0.01396064186457927,false
255,true,0.880407049284785,-524273.4072020289,531124.4711176814,0.3341237377608195,0.35466802411247045,8,false,0.01396064186457927,0.01396064186457927,false
255,true,0.9940697950003317,-524275.67506427807,531202.8212732453,-0.10252699384000152,-0.46987679274752736,8,false,0.01396064186457927,0.01396064186457927,false
255,true,0.9451162269568686,-524310.474975183,531338.4012171789,0.09441594826057553,-0.3640176833141595,8,false,0.01396064186457927,0.01396064186457927,false
255,true,0.9566234686233647,-524227.52031319006,531356.350373294,-0.43020682665519416,-0.4608890892704949,8,false,0.01396064186457927,0.01396064186457927,false
255,true,0.9130303928386275,-524344.1239456438,531301.8193400151,0.08396893041208386,0.20635014784056693,8,false,0.01396064186457927,0.01396064186457927,false
255,true,0.9950416754312634,-524240.4896962188,531266.9437393286,-0.03856327012181282,-0.11911674053408206,8,false,0.01396064186457927,0.01396064186457927,false
255,true,0.9968807800734875,-524157.98545592034,531273.3610563317,-0.029260057723149657,-0.0826718007447198,8,false,0.01396064186457927,0.01396064186457927,false
255,true,0.9867052415329028,-524219.81654289505,531247.0808132262,0.0022634941851720214,0.056299406685866416,8,false,0.01396064186457927,0.01396064186457927,false
255,true,0.9994560314037677,-524239.02934473316,531201.932847211,0.0030063168378546834,-0.0631526205688715,8,false,0.01396064186457927,0.01396064186457927,false
255,true,0.9796889284879609,-524256.762316243,531346.2274641079,0.044297004933469,0.06308158405590802,8,false,0.01396064186457927,0.01396064186457927,false
255,true,0.9138336337760696,-524135.7174266592,531314.8941943389,0.13195195945445448,0.25695297098718584,8,false,0.01396064186457927,0.01396064186457927,false
255,true,0.9928307129240914,-524203.2193917836,531179.0387907914,-0.06624278286471963,-0.2424895988078788,8,false,0.01396064186457927,0.01396064186457927,false
255,true,0.9821330098463219,-524238.8684067288,531168.2388376282,-0.07757047028280795,-0.16734012216329575,8,false,0.01396064186457927,0.01396064186457927,false
255,true,0.9995379681539289,-524177.5465980109,531186.5060377058,0.03229640331119299,-0.08485668047796935,8,false,0.01396064186457927,0.01396064186457927,false
255,true,0.9998803087520177,-524218.13318767195,531094.7118394781,-0.0275961400475353,-0.1173029321944341,8,false,0.01396064186457927,0.01396064186457927,false
255,true,0.9993250096828883,-524286.17689235805,531246.1374612955,-0.04593479749746621,-0.0954624239820987,8,false,0.01396064186457927,0.01396064186457927,false
255,true,0.9971055578139363,-524277.6712847032,531240.7856287603,-0.03127253067214042,-0.053862861124798656,8,false,0.01396064186457927,0.01396064186457927,false
255,true,0.9512333600280938,-524216.12909057474,531219.2176672602,0.0812919792952016,0.10965949995443225,8,false,0.01396064186457927,0.01396064186457927,false
255,true,0.9991587461150857,-524099.1092480565,531077.9108243353,-0.06918831041548401,-0.08333067502826452,8,false,0.01396064186457927,0.01396064186457927,false
255,true,0.8605329775428309,-524104.83116027503,530988.9363295389,0.20783130067866296,0.34435210016090423,8,false,0.01396064186457927,0.01396064186457927,false
255,true,0.9189687715539812,-524189.11020208907,531249.2772573907,0.03484942170325667,0.29551962797995657,8,false,0.01396064186457927,0.01396064186457927,false
255,true,0.9926194361041167,-524338.973402313,531322.6779192693,-0.14688023424241692,-0.26305104373022914,8,false,0.01396064186457927,0.01396064186457927,false
255,true,0.9397379986308345,-524267.8112968481,531359.8376792663,0.1833858179161325,0.2175962186884135,8,false,0.01396064186457927,0.01396064186457927,false
255,true,0.9927134523887298,-524364.1795503031,531217.0390362393,-0.2649287738604471,-0.2850892742862925,8,false,0.01396064186457927,0.01396064186457927,false
255,true,0.9918765770290922,-524235.8994099741,531333.8807950905,-0.029095169622451067,0.05218523810617626,8,false,0.01396064186457927,0.01396064186457927,false
255,true,0.9596494624646364,-524100.97114964743,531134.6591941925,0.044708480942063034,0.1035707644186914,8,false,0.01396064186457927,0.01396064186457927,false
255,true,0.9847941009856281,-524158.533562025,531066.7866510397,0.03447177086491138,-0.07101255527231842,8,false,0.01396064186457927,0.01396064186457927,false
255,true,0.9982878739995604,-524215.21937351435,531145.428078138,-0.04607730044517666,-0.09660906507633626,8,false,0.01396064186457927,0.01396064186457927,false
255,true,0.9993984467352931,-524252.8318306909,531194.1304421774,0.0005695379804819822,-0.05979661282617599,8,false,0.01396064186457927,0.01396064186457927,false
255,true,0.923304324636308,-524166.3806018511,531227.0578208083,0.18614488607272506,0.20646059524733573,8,false,0.01396064186457927,0.01396064186457927,false
255,true,0.9833543900817162,-524139.05590122874,531078.3372344137,-0.2119377750204876,-0.23861752136144787,8,false,0.01396064186457927,0.01396064186457927,false
255,true,0.8709698624711679,-524133.25731990446,531125.9248325988,0.07508000393863767,0.29269013996236026,8,false,0.01396064186457927,0.01396064186457927,false
255,true,0.9989092823974269,-524125.0511611071,531048.2093782763,-0.09430212853476405,-0.10464709345251322,8,false,0.01396064186457927,0.01396064186457927,false
255,true,0.9789270214533314,-524197.4303798614,531076.8047071093,0.010761149576865137,0.05677668680436909,8,false,0.01396064186457927,0.01396064186457927,false
255,true,0.9145194453728809,-524223.2121802478,531245.2720176914,0.12061601725872606,0.18553628074005246,8,false,0.01396064186457927,0.01396064186457927,false
255,true,0.944800418855969,-524247.8770788492,531237.6451151808,-0.06894352624658495,0.2000847349409014,8,false,0.01396064186457927,0.01396064186457927,false
255,true,0.8170905519286528,-524198.5235582228,531172.2012284237,0.0021365281427279115,0.49135004775598645,8,false,0.01396064186457927,0.01396064186457927,false
255,true,0.9954658939419413,-524266.400771685,531217.4261719284,-0.04141647869255394,-0.08167919085826725,8,false,0.01396064186457927,0.01396064186457927,false
255,true,0.9958609921311343,-524309.9647135504,531317.4620945851,-0.01733127422630787,-0.037714393343776464,8,false,0.01396064186457927,0.01396064186457927,false
255,true,0.9338002890931664,-524272.5779481648,531324.0461092268,0.1364810165250674,0.1521060842787847,8,false,0.01396064186457927,0.01396064186457927,false
255,true,0.9614844385557394,-524230.5102624236,531331.4590340063,0.06282757094595581,0.15811430639587343,8,false,0.01396064186457927,0.01396064186457927,false
255,true,0.9749546463728416,-524330.3071898828,531289.7370053517,-0.012451293296180665,-0.21295874542556703,8,false,0.01396064186457927,0.01396064186457927,false
255,true,0.9852638583171581,-524283.22888132173,531265.0358062611,-0.06159650348126888,-0.18562161282170564,8,false,0.01396064186457927,0.01396064186457927,false
255,true,0.9412366569697044,-524132.2015920376,531206.6405300417,0.006224733078852296,0.2058014164213091,8,false,0.01396064186457927,0.01396064186457927,false
255,true,0.7527719431671656,-524209.4536368399,531131.7161856726,0.6146202398231253,0.7484749135328457,8,false,0.01396064186457927,0.01396064186457927,false
255,true,0.999895312980782,-524236.1057810391,531195.0849681556,-0.6427955172257498,-0.745606656302698,8,false,0.01396064186457927,0.01396064186457927,false
255,true,0.9958234668567287,-524236.0896453714,531354.1328830157,-0.022012171102687716,-0.10201794421300292,8,false,0.01396064186457927,0.01396064186457927,false
255,true,0.905413310016576,-524283.6389489476,531276.1204006275,0.18000036862213165,0.26498959900345653,8,false,0.01396064186457927,0.01396064186457927,false
255,true,0.9758301513100025,-524369.8031600404,531248.3334082576,0.06330631906166673,-0.26310739119071513,8,false,0.01396064186457927,0.01396064186457927,false
255,true,0.9989320452555929,-524193.2983504844,531348.5200624248,-0.238165078102611,-0.32302749913651496,8,false,0.01396064186457927,0.01396064186457927,false
255,true,0.9907956880026331,-524140.6525126073,531230.5335152844,-0.07769883167929947,-0.0943634903524071,8,false,0.01396064186457927,0.01396064186457927,false
255,true,0.8538072808862852,-524226.6392657918,531129.7135829369,0.30745560151990503,0.35112853290047497,8,false,0.01396064186457927,0.01396064186457927,false
255,true,0.9646095107352949,-524136.90268581297,531167.9518874295,-0.3185317935422063,-0.3269460833398625,8,false,0.01396064186457927,0.01396064186457927,false
255,true,0.9801960167397887,-524355.6801007456,531359.6495368099,0.01933302718680352,0.05828748329076916,8,false,0.01396064186457927,0.01396064186457927,false
255,true,0.993941504767076,-524244.77200105746,531253.7439475993,0.0018234191229566932,-0.0374683648115024,8,false,0.01396064186457927,0.01396064186457927,false
255,true,0.9954542948471476,-524121.41538657545,531192.0204858236,-0.03121400810778141,-0.03807929076720029,8,false,0.01396064186457927,0.01396064186457927,false
255,true,0.9949878956899234,-524078.86338271934,531030.6598516708,0.007088418351486325,0.02491552638821304,8,false,0.01396064186457927,0.01396064186457927,false
255,true,0.8370424848826038,-524065.31409446785,531088.5138112867,0.3288808565121144,0.39073766535148025,8,false,0.01396064186457927,0.01396064186457927,false
255,true,0.952901378763392,-524151.5163864374,531116.0067681305,0.05540089949499816,-0.3418703762581572,8,false,0.01396064186457927,0.01396064186457927,false
